<?xml version="1.0" encoding="windows-1252" standalone="no"?>
<Xmd_toc REPOSITORY_FORMAT="1.0" PRXML_VER="2.2" PUBLICATION="OHI" PUBLICATION_DESCRIPTION="" ISSUE_DATE="27/05/1891" RELEASE_NO="060-OHI-1891-05-27-001-SINGLE-LANTERN_V11_1891_259" LANGUAGE="English">
	<Head_np>
		<Meta PAGES_NUMBER="10" SOURCE_TYPE="TIFF" SOURCE_RESOLUTION="72" IMAGES_RESOLUTION="90" PAGE_THUMBNAIL_RESOLUTION="90" PAGE_PREVIEW_RESOLUTION="15" DEFAULT_IMG_EXT="png" DEFAULT_PREVIEW_IMG_EXT="png" BASE_HREF="OHI/1891/05/27" PDF_DESTINATION_MAPPED="OLV0_Page_0001" TITLE_SNP_EXT="png" AD_SNP_EXT="png" IMAGE_SNP_EXT="jpg" MULTI_LAYER_PAGE_IMG="false" IS_SOLID="false" DOC_DATE="27/05/1891" DOC_UID="OHI_27/05/1891" DOC_VER="1" OCR_CONFIDENCE="1.000" TOTAL_CHARS_COUNT="27847" SUSPICIOUS_CHARS_COUNT="0">
			<Publisher XMD_VER="2.6.240.18" ACROBAT_VER="7.08" PUBLISHER="Olive" PROFILE_ID="W:\Batch\Profile\OHI-1891-05-27.ini">
				<PublishDate>Thu, 26 Mar 2009 08:00:40 UTC</PublishDate>
				<PublishSWFCompatible>false</PublishSWFCompatible>
			</Publisher>
			<Resolutions>
				<Resolution DEFAULT="true">90</Resolution>
			</Resolutions>
		</Meta>
		<Link SOURCE="060-OHI-1891-05-27-001-SINGLE-LANTERN_V11_1891_259.pdf"/>
		<DataFiles>
			<Files TYPE="DOC_PDF" PRESENT="1"/>
			<Files TYPE="PAGE_PDF" PRESENT="0"/>
			<Files TYPE="DOC_IMG" PRESENT="0"/>
			<Files TYPE="PAGE_IMG" PRESENT="0"/>
			<Files TYPE="PAGE_VIEW_IMG" PRESENT="1"/>
			<Files TYPE="PAGE_PREVIEW_IMG" PRESENT="1"/>
			<Files TYPE="PRIMITIVE_IMG" PRESENT="1"/>
			<Files TYPE="SNIPPET_IMG" PRESENT="1"/>
			<Files TYPE="SEGMENTATION" PRESENT="0"/>
		</DataFiles>
	</Head_np>
	<Body_np>
		<Section NAME="Front page">
			<Page PAGE_NO="1" NAME="" PAGE_LABEL="1" ID="Pg001" PAGE_TYPE="Single" PAGE_WIDTH="669" PAGE_HEIGHT="994" CROP_BOX="0 0 668 993" MEDIA_BOX="0 0 668 993" HREF="/1/Pg001" TOTAL_CHARS_COUNT="3070" SUSPICIOUS_CHARS_COUNT="0">
				<Entity ENTITY_TYPE="Article" FIRST_TOC_ENTRY_ID="1" DEPTH_LEVEL="1" INDEX_IN_DOC="1" PAGE_NO="1" NAME="Untitled Article" ID="Ar00100" HREF="/1/Ar00100" SIZE="XLarge" CONTINUATION_TO="Ar00101" IMAGES_RESOLUTION="90" WORDCNT="442"/>
				<Entity ENTITY_TYPE="Article" FIRST_TOC_ENTRY_ID="1" DEPTH_LEVEL="1" INDEX_IN_DOC="2" PAGE_NO="1" NAME="Untitled Article" ID="Ar00101" HREF="/1/Ar00101" SIZE="XLarge" CONTINUATION_TO="Ar00200" CONTINUATION_FROM="Ar00100" IMAGES_RESOLUTION="90" WORDCNT="337"/>
			</Page>
		</Section>
		<Section NAME="None">
			<Page PAGE_NO="2" NAME="" PAGE_LABEL="2" ID="Pg002" PAGE_TYPE="Single" PAGE_WIDTH="662" PAGE_HEIGHT="984" CROP_BOX="0 0 661 983" MEDIA_BOX="0 0 661 983" HREF="/2/Pg002" TOTAL_CHARS_COUNT="3502" SUSPICIOUS_CHARS_COUNT="0">
				<Entity ENTITY_TYPE="Article" FIRST_TOC_ENTRY_ID="1" DEPTH_LEVEL="1" INDEX_IN_DOC="3" PAGE_NO="2" NAME="Untitled Article" ID="Ar00200" HREF="/2/Ar00200" SIZE="Medium" CONTINUATION_FROM="Ar00101" IMAGES_RESOLUTION="90" WORDCNT="156"/>
				<Entity ENTITY_TYPE="Article" FIRST_TOC_ENTRY_ID="2" DEPTH_LEVEL="1" INDEX_IN_DOC="4" PAGE_NO="2" NAME="Untitled Article" ID="Ar00201" HREF="/2/Ar00201" SIZE="Large" CONTINUATION_TO="Ar00202" IMAGES_RESOLUTION="90" WORDCNT="236"/>
				<Entity ENTITY_TYPE="Article" FIRST_TOC_ENTRY_ID="2" DEPTH_LEVEL="1" INDEX_IN_DOC="5" PAGE_NO="2" NAME="Untitled Article" ID="Ar00202" HREF="/2/Ar00202" SIZE="XLarge" CONTINUATION_TO="Ar00300" CONTINUATION_FROM="Ar00201" IMAGES_RESOLUTION="90" WORDCNT="423"/>
			</Page>
			<Page PAGE_NO="3" NAME="" PAGE_LABEL="3" ID="Pg003" PAGE_TYPE="Single" PAGE_WIDTH="669" PAGE_HEIGHT="994" CROP_BOX="0 0 668 993" MEDIA_BOX="0 0 668 993" HREF="/3/Pg003" TOTAL_CHARS_COUNT="3726" SUSPICIOUS_CHARS_COUNT="0">
				<Entity ENTITY_TYPE="Article" FIRST_TOC_ENTRY_ID="2" DEPTH_LEVEL="1" INDEX_IN_DOC="6" PAGE_NO="3" NAME="Untitled Article" ID="Ar00300" HREF="/3/Ar00300" SIZE="XLarge" CONTINUATION_TO="Ar00301" CONTINUATION_FROM="Ar00202" IMAGES_RESOLUTION="90" WORDCNT="412"/>
				<Entity ENTITY_TYPE="Article" FIRST_TOC_ENTRY_ID="2" DEPTH_LEVEL="1" INDEX_IN_DOC="7" PAGE_NO="3" NAME="Untitled Article" ID="Ar00301" HREF="/3/Ar00301" SIZE="XLarge" CONTINUATION_TO="Ar00400" CONTINUATION_FROM="Ar00300" IMAGES_RESOLUTION="90" WORDCNT="434"/>
			</Page>
			<Page PAGE_NO="4" NAME="" PAGE_LABEL="4" ID="Pg004" PAGE_TYPE="Single" PAGE_WIDTH="669" PAGE_HEIGHT="994" CROP_BOX="0 0 668 993" MEDIA_BOX="0 0 668 993" HREF="/4/Pg004" TOTAL_CHARS_COUNT="2934" SUSPICIOUS_CHARS_COUNT="0">
				<Entity ENTITY_TYPE="Article" FIRST_TOC_ENTRY_ID="2" DEPTH_LEVEL="1" INDEX_IN_DOC="8" PAGE_NO="4" NAME="Untitled Article" ID="Ar00400" HREF="/4/Ar00400" SIZE="Large" CONTINUATION_FROM="Ar00301" IMAGES_RESOLUTION="90" WORDCNT="264"/>
				<Entity ENTITY_TYPE="Article" FIRST_TOC_ENTRY_ID="3" DEPTH_LEVEL="1" INDEX_IN_DOC="9" PAGE_NO="4" NAME="Untitled Article" ID="Ar00401" HREF="/4/Ar00401" SIZE="Medium" CONTINUATION_TO="Ar00402" IMAGES_RESOLUTION="90" WORDCNT="158"/>
				<Entity ENTITY_TYPE="Article" FIRST_TOC_ENTRY_ID="3" DEPTH_LEVEL="1" INDEX_IN_DOC="10" PAGE_NO="4" NAME="Untitled Article" ID="Ar00402" HREF="/4/Ar00402" SIZE="XLarge" CONTINUATION_TO="Ar00500" CONTINUATION_FROM="Ar00401" IMAGES_RESOLUTION="90" WORDCNT="465"/>
			</Page>
			<Page PAGE_NO="5" NAME="" PAGE_LABEL="5" ID="Pg005" PAGE_TYPE="Single" PAGE_WIDTH="650" PAGE_HEIGHT="975" CROP_BOX="0 0 649 974" MEDIA_BOX="0 0 649 974" HREF="/5/Pg005" TOTAL_CHARS_COUNT="2716" SUSPICIOUS_CHARS_COUNT="0">
				<Entity ENTITY_TYPE="Article" FIRST_TOC_ENTRY_ID="3" DEPTH_LEVEL="1" INDEX_IN_DOC="11" PAGE_NO="5" NAME="Untitled Article" ID="Ar00500" HREF="/5/Ar00500" SIZE="XLarge" CONTINUATION_FROM="Ar00402" IMAGES_RESOLUTION="90" WORDCNT="676"/>
				<Entity ENTITY_TYPE="Article" FIRST_TOC_ENTRY_ID="4" DEPTH_LEVEL="1" INDEX_IN_DOC="12" PAGE_NO="5" NAME="Untitled Article" ID="Ar00501" HREF="/5/Ar00501" SIZE="Large" CONTINUATION_TO="Ar00600" IMAGES_RESOLUTION="90" WORDCNT="222"/>
			</Page>
			<Page PAGE_NO="6" NAME="" PAGE_LABEL="6" ID="Pg006" PAGE_TYPE="Single" PAGE_WIDTH="664" PAGE_HEIGHT="994" CROP_BOX="0 0 663 993" MEDIA_BOX="0 0 663 993" HREF="/6/Pg006" TOTAL_CHARS_COUNT="3399" SUSPICIOUS_CHARS_COUNT="0">
				<Entity ENTITY_TYPE="Article" FIRST_TOC_ENTRY_ID="4" DEPTH_LEVEL="1" INDEX_IN_DOC="13" PAGE_NO="6" NAME="Untitled Article" ID="Ar00600" HREF="/6/Ar00600" SIZE="XLarge" CONTINUATION_TO="Ar00601" CONTINUATION_FROM="Ar00501" IMAGES_RESOLUTION="90" WORDCNT="439"/>
				<Entity ENTITY_TYPE="Article" FIRST_TOC_ENTRY_ID="4" DEPTH_LEVEL="1" INDEX_IN_DOC="14" PAGE_NO="6" NAME="Untitled Article" ID="Ar00601" HREF="/6/Ar00601" SIZE="Medium" CONTINUATION_FROM="Ar00600" IMAGES_RESOLUTION="90" WORDCNT="129"/>
				<Entity ENTITY_TYPE="Article" FIRST_TOC_ENTRY_ID="5" DEPTH_LEVEL="1" INDEX_IN_DOC="15" PAGE_NO="6" NAME="Untitled Article" ID="Ar00602" HREF="/6/Ar00602" SIZE="Large" IMAGES_RESOLUTION="90" WORDCNT="180"/>
				<Entity ENTITY_TYPE="Article" FIRST_TOC_ENTRY_ID="6" DEPTH_LEVEL="1" INDEX_IN_DOC="16" PAGE_NO="6" NAME="Untitled Article" ID="Ar00603" HREF="/6/Ar00603" SIZE="Medium" CONTINUATION_TO="Ar00700" IMAGES_RESOLUTION="90" WORDCNT="68"/>
			</Page>
			<Page PAGE_NO="7" NAME="" PAGE_LABEL="7" ID="Pg007" PAGE_TYPE="Single" PAGE_WIDTH="661" PAGE_HEIGHT="995" CROP_BOX="0 0 660 994" MEDIA_BOX="0 0 660 994" HREF="/7/Pg007" TOTAL_CHARS_COUNT="3229" SUSPICIOUS_CHARS_COUNT="0">
				<Entity ENTITY_TYPE="Article" FIRST_TOC_ENTRY_ID="6" DEPTH_LEVEL="1" INDEX_IN_DOC="17" PAGE_NO="7" NAME="Untitled Article" ID="Ar00700" HREF="/7/Ar00700" SIZE="Large" CONTINUATION_FROM="Ar00603" IMAGES_RESOLUTION="90" WORDCNT="339"/>
				<Entity ENTITY_TYPE="Article" FIRST_TOC_ENTRY_ID="7" DEPTH_LEVEL="1" INDEX_IN_DOC="18" PAGE_NO="7" NAME="Untitled Article" ID="Ar00701" HREF="/7/Ar00701" SIZE="Medium" CONTINUATION_TO="Ar00702" IMAGES_RESOLUTION="90" WORDCNT="93"/>
				<Entity ENTITY_TYPE="Article" FIRST_TOC_ENTRY_ID="7" DEPTH_LEVEL="1" INDEX_IN_DOC="19" PAGE_NO="7" NAME="Untitled Article" ID="Ar00702" HREF="/7/Ar00702" SIZE="XLarge" CONTINUATION_TO="Ar00800" CONTINUATION_FROM="Ar00701" IMAGES_RESOLUTION="90" WORDCNT="385"/>
			</Page>
			<Page PAGE_NO="8" NAME="" PAGE_LABEL="8" ID="Pg008" PAGE_TYPE="Single" PAGE_WIDTH="671" PAGE_HEIGHT="995" CROP_BOX="0 0 670 994" MEDIA_BOX="0 0 670 994" HREF="/8/Pg008" TOTAL_CHARS_COUNT="3198" SUSPICIOUS_CHARS_COUNT="0">
				<Entity ENTITY_TYPE="Article" FIRST_TOC_ENTRY_ID="7" DEPTH_LEVEL="1" INDEX_IN_DOC="20" PAGE_NO="8" NAME="Untitled Article" ID="Ar00800" HREF="/8/Ar00800" SIZE="Large" CONTINUATION_FROM="Ar00702" IMAGES_RESOLUTION="90" WORDCNT="209"/>
				<Entity ENTITY_TYPE="Article" FIRST_TOC_ENTRY_ID="8" DEPTH_LEVEL="1" INDEX_IN_DOC="21" PAGE_NO="8" NAME="Untitled Article" ID="Ar00801" HREF="/8/Ar00801" SIZE="Large" CONTINUATION_TO="Ar00802" IMAGES_RESOLUTION="90" WORDCNT="170"/>
				<Entity ENTITY_TYPE="Article" FIRST_TOC_ENTRY_ID="8" DEPTH_LEVEL="1" INDEX_IN_DOC="22" PAGE_NO="8" NAME="Untitled Article" ID="Ar00802" HREF="/8/Ar00802" SIZE="XLarge" CONTINUATION_TO="Ar00900" CONTINUATION_FROM="Ar00801" IMAGES_RESOLUTION="90" WORDCNT="383"/>
			</Page>
			<Page PAGE_NO="9" NAME="" PAGE_LABEL="9" ID="Pg009" PAGE_TYPE="Single" PAGE_WIDTH="663" PAGE_HEIGHT="987" CROP_BOX="0 0 662 986" MEDIA_BOX="0 0 662 986" HREF="/9/Pg009" TOTAL_CHARS_COUNT="1690" SUSPICIOUS_CHARS_COUNT="0">
				<Entity ENTITY_TYPE="Article" FIRST_TOC_ENTRY_ID="8" DEPTH_LEVEL="1" INDEX_IN_DOC="23" PAGE_NO="9" NAME="Untitled Article" ID="Ar00900" HREF="/9/Ar00900" SIZE="Large" CONTINUATION_FROM="Ar00802" IMAGES_RESOLUTION="90" WORDCNT="241"/>
				<Entity ENTITY_TYPE="Article" FIRST_TOC_ENTRY_ID="9" DEPTH_LEVEL="1" INDEX_IN_DOC="24" PAGE_NO="9" NAME="Untitled Article" ID="Ar00901" HREF="/9/Ar00901" SIZE="Small" IMAGES_RESOLUTION="90" WORDCNT="116"/>
				<Entity ENTITY_TYPE="Ad" FIRST_TOC_ENTRY_ID="10" DEPTH_LEVEL="1" INDEX_IN_DOC="25" PAGE_NO="9" NAME="Untitled Ad" ID="Ad00902" HREF="/9/Ad00902" SIZE="Medium" IMAGES_RESOLUTION="90" WORDCNT="42"/>
				<Entity ENTITY_TYPE="Ad" FIRST_TOC_ENTRY_ID="11" DEPTH_LEVEL="1" INDEX_IN_DOC="26" PAGE_NO="9" NAME="Untitled Ad" ID="Ad00903" HREF="/9/Ad00903" SIZE="Medium" IMAGES_RESOLUTION="90" WORDCNT="29"/>
				<Entity ENTITY_TYPE="Ad" FIRST_TOC_ENTRY_ID="12" DEPTH_LEVEL="1" INDEX_IN_DOC="27" PAGE_NO="9" NAME="Untitled Ad" ID="Ad00904" HREF="/9/Ad00904" SIZE="Large" IMAGES_RESOLUTION="90" WORDCNT="150"/>
				<Entity ENTITY_TYPE="Ad" FIRST_TOC_ENTRY_ID="13" DEPTH_LEVEL="1" INDEX_IN_DOC="28" PAGE_NO="9" NAME="Untitled Ad" ID="Ad00905" HREF="/9/Ad00905" SIZE="Medium" IMAGES_RESOLUTION="90" WORDCNT="66"/>
				<Entity ENTITY_TYPE="Article" FIRST_TOC_ENTRY_ID="14" DEPTH_LEVEL="1" INDEX_IN_DOC="29" PAGE_NO="9" NAME="Untitled Article" ID="Ar00906" HREF="/9/Ar00906" SIZE="Small" IMAGES_RESOLUTION="90" WORDCNT="25"/>
			</Page>
			<Page PAGE_NO="10" NAME="" PAGE_LABEL="10" ID="Pg010" PAGE_TYPE="Single" PAGE_WIDTH="666" PAGE_HEIGHT="994" CROP_BOX="0 0 665 993" MEDIA_BOX="0 0 665 993" HREF="/10/Pg010" TOTAL_CHARS_COUNT="383" SUSPICIOUS_CHARS_COUNT="0">
				<Entity ENTITY_TYPE="Article" FIRST_TOC_ENTRY_ID="15" DEPTH_LEVEL="1" INDEX_IN_DOC="30" PAGE_NO="10" NAME="Untitled Article" ID="Ar01000" HREF="/10/Ar01000" SIZE="Medium" IMAGES_RESOLUTION="90" WORDCNT="102"/>
				<Entity ENTITY_TYPE="Ad" FIRST_TOC_ENTRY_ID="16" DEPTH_LEVEL="1" INDEX_IN_DOC="31" PAGE_NO="10" NAME="Untitled Ad" ID="Ad01001" HREF="/10/Ad01001" SIZE="Medium" IMAGES_RESOLUTION="90" WORDCNT="39"/>
				<Entity ENTITY_TYPE="Ad" FIRST_TOC_ENTRY_ID="17" DEPTH_LEVEL="1" INDEX_IN_DOC="32" PAGE_NO="10" NAME="Untitled Ad" ID="Ad01002" HREF="/10/Ad01002" SIZE="Medium" IMAGES_RESOLUTION="90" WORDCNT="113"/>
				<Entity ENTITY_TYPE="Ad" FIRST_TOC_ENTRY_ID="18" DEPTH_LEVEL="1" INDEX_IN_DOC="33" PAGE_NO="10" NAME="Untitled Ad" ID="Ad01003" HREF="/10/Ad01003" SIZE="Medium" IMAGES_RESOLUTION="90" WORDCNT="21"/>
				<Entity ENTITY_TYPE="Ad" FIRST_TOC_ENTRY_ID="19" DEPTH_LEVEL="1" INDEX_IN_DOC="34" PAGE_NO="10" NAME="Untitled Ad" ID="Ad01004" HREF="/10/Ad01004" SIZE="Medium" IMAGES_RESOLUTION="90" WORDCNT="82"/>
				<Entity ENTITY_TYPE="Ad" FIRST_TOC_ENTRY_ID="20" DEPTH_LEVEL="1" INDEX_IN_DOC="35" PAGE_NO="10" NAME="Untitled Ad" ID="Ad01005" HREF="/10/Ad01005" SIZE="Small" IMAGES_RESOLUTION="90" WORDCNT="28"/>
				<Entity ENTITY_TYPE="Ad" FIRST_TOC_ENTRY_ID="21" DEPTH_LEVEL="1" INDEX_IN_DOC="36" PAGE_NO="10" NAME="Untitled Ad" ID="Ad01006" HREF="/10/Ad01006" SIZE="Medium" IMAGES_RESOLUTION="90" WORDCNT="67"/>
				<Entity ENTITY_TYPE="Ad" FIRST_TOC_ENTRY_ID="22" DEPTH_LEVEL="1" INDEX_IN_DOC="37" PAGE_NO="10" NAME="Untitled Ad" ID="Ad01007" HREF="/10/Ad01007" SIZE="Small" IMAGES_RESOLUTION="90" WORDCNT="31"/>
				<Entity ENTITY_TYPE="Ad" FIRST_TOC_ENTRY_ID="23" DEPTH_LEVEL="1" INDEX_IN_DOC="38" PAGE_NO="10" NAME="Untitled Ad" ID="Ad01008" HREF="/10/Ad01008" SIZE="Small" IMAGES_RESOLUTION="90" WORDCNT="29"/>
			</Page>
		</Section>
	</Body_np>
	<Logic_np><TOC_Entries><TOC_Entry TOC_ENTRY_ID="1" TITLE="%\it %ix\x\tx\x" ENTITY_ID_REF="Ar00100" PAGE_NO="1" PAGE_LABEL="1" PRIM_ID_REF="Ar0010000" IS_IC="true"/><TOC_Entry TOC_ENTRY_ID="2" TITLE="(ieperal literature." ENTITY_ID_REF="Ar00201" PAGE_NO="2" PAGE_LABEL="2" PRIM_ID_REF="Ar0020100" IS_IC="true"/><TOC_Entry TOC_ENTRY_ID="3" TITLE="Ipeal." ENTITY_ID_REF="Ar00401" PAGE_NO="4" PAGE_LABEL="4" PRIM_ID_REF="Ar0040100" IS_IC="true"/><TOC_Entry TOC_ENTRY_ID="4" TITLE="THE SUGAR GROVE EXCURSION." ENTITY_ID_REF="Ar00501" PAGE_NO="5" PAGE_LABEL="5" PRIM_ID_REF="Ar0050100" IS_IC="true"/><TOC_Entry TOC_ENTRY_ID="5" TITLE="ALCYONE." ENTITY_ID_REF="Ar00602" PAGE_NO="6" PAGE_LABEL="6" PRIM_ID_REF="Ar0060200" IS_IC="true"/><TOC_Entry TOC_ENTRY_ID="6" TITLE="� m i NE W BOOKS FOR COLLEGE LIB EAR Y." ENTITY_ID_REF="Ar00603" PAGE_NO="6" PAGE_LABEL="6" PRIM_ID_REF="Ar0060300" IS_IC="true"/><TOC_Entry TOC_ENTRY_ID="7" TITLE="l ^ oeal apd P^o" ENTITY_ID_REF="Ar00701" PAGE_NO="7" PAGE_LABEL="7" PRIM_ID_REF="Ar0070100" IS_IC="true"/><TOC_Entry TOC_ENTRY_ID="8" TITLE="JI71? &lt;?oII^ U/orld." ENTITY_ID_REF="Ar00801" PAGE_NO="8" PAGE_LABEL="8" PRIM_ID_REF="Ar0080100" IS_IC="true"/><TOC_Entry TOC_ENTRY_ID="9" TITLE="Photographing picturesque scenery and on..." ENTITY_ID_REF="Ar00901" PAGE_NO="9" PAGE_LABEL="9" PRIM_ID_REF="Ar0090100" IS_IC="true"/><TOC_Entry TOC_ENTRY_ID="10" TITLE="" ENTITY_ID_REF="Ad00902" PAGE_NO="9" PAGE_LABEL="9" PRIM_ID_REF="Ad0090201" IS_IC="true"/><TOC_Entry TOC_ENTRY_ID="11" TITLE="" ENTITY_ID_REF="Ad00903" PAGE_NO="9" PAGE_LABEL="9" PRIM_ID_REF="Ad0090301" IS_IC="true"/><TOC_Entry TOC_ENTRY_ID="12" TITLE="" ENTITY_ID_REF="Ad00904" PAGE_NO="9" PAGE_LABEL="9" PRIM_ID_REF="Ad0090401" IS_IC="true"/><TOC_Entry TOC_ENTRY_ID="13" TITLE="" ENTITY_ID_REF="Ad00905" PAGE_NO="9" PAGE_LABEL="9" PRIM_ID_REF="Ad0090501" IS_IC="true"/><TOC_Entry TOC_ENTRY_ID="14" TITLE="tkiT Finest Stereoscopic Views in the Wo..." ENTITY_ID_REF="Ar00906" PAGE_NO="9" PAGE_LABEL="9" PRIM_ID_REF="Ar0090600" IS_IC="true"/><TOC_Entry TOC_ENTRY_ID="15" TITLE="THE PRINTER came f lore ! ast � ek with ..." ENTITY_ID_REF="Ar01000" PAGE_NO="10" PAGE_LABEL="10" PRIM_ID_REF="Ar0100000" IS_IC="true"/><TOC_Entry TOC_ENTRY_ID="16" TITLE="" ENTITY_ID_REF="Ad01001" PAGE_NO="10" PAGE_LABEL="10" PRIM_ID_REF="Ad0100101" IS_IC="true"/><TOC_Entry TOC_ENTRY_ID="17" TITLE="" ENTITY_ID_REF="Ad01002" PAGE_NO="10" PAGE_LABEL="10" PRIM_ID_REF="Ad0100201" IS_IC="true"/><TOC_Entry TOC_ENTRY_ID="18" TITLE="" ENTITY_ID_REF="Ad01003" PAGE_NO="10" PAGE_LABEL="10" PRIM_ID_REF="Ad0100301" IS_IC="true"/><TOC_Entry TOC_ENTRY_ID="19" TITLE="" ENTITY_ID_REF="Ad01004" PAGE_NO="10" PAGE_LABEL="10" PRIM_ID_REF="Ad0100401" IS_IC="true"/><TOC_Entry TOC_ENTRY_ID="20" TITLE="" ENTITY_ID_REF="Ad01005" PAGE_NO="10" PAGE_LABEL="10" PRIM_ID_REF="Ad0100501" IS_IC="true"/><TOC_Entry TOC_ENTRY_ID="21" TITLE="" ENTITY_ID_REF="Ad01006" PAGE_NO="10" PAGE_LABEL="10" PRIM_ID_REF="Ad0100601" IS_IC="true"/><TOC_Entry TOC_ENTRY_ID="22" TITLE="" ENTITY_ID_REF="Ad01007" PAGE_NO="10" PAGE_LABEL="10" PRIM_ID_REF="Ad0100701" IS_IC="true"/><TOC_Entry TOC_ENTRY_ID="23" TITLE="" ENTITY_ID_REF="Ad01008" PAGE_NO="10" PAGE_LABEL="10" PRIM_ID_REF="Ad0100801" IS_IC="true"/></TOC_Entries></Logic_np></Xmd_toc>
