<?xml version="1.0" encoding="windows-1252" standalone="no"?>
<Xmd_toc REPOSITORY_FORMAT="1.0" PRXML_VER="2.2" PUBLICATION="OHI" PUBLICATION_DESCRIPTION="" ISSUE_DATE="17/06/1891" RELEASE_NO="060-OHI-1891-06-17-001-SINGLE-LANTERN_V11_1891_307" LANGUAGE="English">
	<Head_np>
		<Meta PAGES_NUMBER="10" SOURCE_TYPE="TIFF" SOURCE_RESOLUTION="72" IMAGES_RESOLUTION="90" PAGE_THUMBNAIL_RESOLUTION="90" PAGE_PREVIEW_RESOLUTION="15" DEFAULT_IMG_EXT="png" DEFAULT_PREVIEW_IMG_EXT="png" BASE_HREF="OHI/1891/06/17" PDF_DESTINATION_MAPPED="OLV0_Page_0001" TITLE_SNP_EXT="png" AD_SNP_EXT="png" IMAGE_SNP_EXT="jpg" MULTI_LAYER_PAGE_IMG="false" IS_SOLID="false" DOC_DATE="17/06/1891" DOC_UID="OHI_17/06/1891" DOC_VER="1" OCR_CONFIDENCE="1.000" TOTAL_CHARS_COUNT="28470" SUSPICIOUS_CHARS_COUNT="0">
			<Publisher XMD_VER="2.6.240.18" ACROBAT_VER="7.08" PUBLISHER="Olive" PROFILE_ID="W:\Batch\Profile\OHI-1891-06-17.ini">
				<PublishDate>Thu, 26 Mar 2009 08:00:11 UTC</PublishDate>
				<PublishSWFCompatible>false</PublishSWFCompatible>
			</Publisher>
			<Resolutions>
				<Resolution DEFAULT="true">90</Resolution>
			</Resolutions>
		</Meta>
		<Link SOURCE="060-OHI-1891-06-17-001-SINGLE-LANTERN_V11_1891_307.pdf"/>
		<DataFiles>
			<Files TYPE="DOC_PDF" PRESENT="1"/>
			<Files TYPE="PAGE_PDF" PRESENT="0"/>
			<Files TYPE="DOC_IMG" PRESENT="0"/>
			<Files TYPE="PAGE_IMG" PRESENT="0"/>
			<Files TYPE="PAGE_VIEW_IMG" PRESENT="1"/>
			<Files TYPE="PAGE_PREVIEW_IMG" PRESENT="1"/>
			<Files TYPE="PRIMITIVE_IMG" PRESENT="1"/>
			<Files TYPE="SNIPPET_IMG" PRESENT="1"/>
			<Files TYPE="SEGMENTATION" PRESENT="0"/>
		</DataFiles>
	</Head_np>
	<Body_np>
		<Section NAME="Front page">
			<Page PAGE_NO="1" NAME="" PAGE_LABEL="1" ID="Pg001" PAGE_TYPE="Single" PAGE_WIDTH="669" PAGE_HEIGHT="994" CROP_BOX="0 0 668 993" MEDIA_BOX="0 0 668 993" HREF="/1/Pg001" TOTAL_CHARS_COUNT="3510" SUSPICIOUS_CHARS_COUNT="0">
				<Entity ENTITY_TYPE="Article" FIRST_TOC_ENTRY_ID="1" DEPTH_LEVEL="1" INDEX_IN_DOC="1" PAGE_NO="1" NAME="Untitled Article" ID="Ar00100" HREF="/1/Ar00100" SIZE="Large" IMAGES_RESOLUTION="90" WORDCNT="317"/>
				<Entity ENTITY_TYPE="Article" FIRST_TOC_ENTRY_ID="2" DEPTH_LEVEL="1" INDEX_IN_DOC="2" PAGE_NO="1" NAME="Untitled Article" ID="Ar00101" HREF="/1/Ar00101" SIZE="Large" CONTINUATION_TO="Ar00102" IMAGES_RESOLUTION="90" WORDCNT="146"/>
				<Entity ENTITY_TYPE="Article" FIRST_TOC_ENTRY_ID="2" DEPTH_LEVEL="1" INDEX_IN_DOC="3" PAGE_NO="1" NAME="Untitled Article" ID="Ar00102" HREF="/1/Ar00102" SIZE="XLarge" CONTINUATION_TO="Ar00200" CONTINUATION_FROM="Ar00101" IMAGES_RESOLUTION="90" WORDCNT="389"/>
			</Page>
		</Section>
		<Section NAME="None">
			<Page PAGE_NO="2" NAME="" PAGE_LABEL="2" ID="Pg002" PAGE_TYPE="Single" PAGE_WIDTH="669" PAGE_HEIGHT="994" CROP_BOX="0 0 668 993" MEDIA_BOX="0 0 668 993" HREF="/2/Pg002" TOTAL_CHARS_COUNT="3840" SUSPICIOUS_CHARS_COUNT="0">
				<Entity ENTITY_TYPE="Article" FIRST_TOC_ENTRY_ID="2" DEPTH_LEVEL="1" INDEX_IN_DOC="4" PAGE_NO="2" NAME="Untitled Article" ID="Ar00200" HREF="/2/Ar00200" SIZE="XLarge" CONTINUATION_TO="Ar00201" CONTINUATION_FROM="Ar00102" IMAGES_RESOLUTION="90" WORDCNT="451"/>
				<Entity ENTITY_TYPE="Article" FIRST_TOC_ENTRY_ID="2" DEPTH_LEVEL="1" INDEX_IN_DOC="5" PAGE_NO="2" NAME="Untitled Article" ID="Ar00201" HREF="/2/Ar00201" SIZE="XLarge" CONTINUATION_TO="Ar00300" CONTINUATION_FROM="Ar00200" IMAGES_RESOLUTION="90" WORDCNT="436"/>
			</Page>
			<Page PAGE_NO="3" NAME="" PAGE_LABEL="3" ID="Pg003" PAGE_TYPE="Single" PAGE_WIDTH="671" PAGE_HEIGHT="995" CROP_BOX="0 0 670 994" MEDIA_BOX="0 0 670 994" HREF="/3/Pg003" TOTAL_CHARS_COUNT="3892" SUSPICIOUS_CHARS_COUNT="0">
				<Entity ENTITY_TYPE="Article" FIRST_TOC_ENTRY_ID="2" DEPTH_LEVEL="1" INDEX_IN_DOC="6" PAGE_NO="3" NAME="Untitled Article" ID="Ar00300" HREF="/3/Ar00300" SIZE="XLarge" CONTINUATION_TO="Ar00301" CONTINUATION_FROM="Ar00201" IMAGES_RESOLUTION="90" WORDCNT="501"/>
				<Entity ENTITY_TYPE="Article" FIRST_TOC_ENTRY_ID="2" DEPTH_LEVEL="1" INDEX_IN_DOC="7" PAGE_NO="3" NAME="Untitled Article" ID="Ar00301" HREF="/3/Ar00301" SIZE="XLarge" CONTINUATION_TO="Ar00400" CONTINUATION_FROM="Ar00300" IMAGES_RESOLUTION="90" WORDCNT="483"/>
			</Page>
			<Page PAGE_NO="4" NAME="" PAGE_LABEL="4" ID="Pg004" PAGE_TYPE="Single" PAGE_WIDTH="674" PAGE_HEIGHT="998" CROP_BOX="0 0 673 997" MEDIA_BOX="0 0 673 997" HREF="/4/Pg004" TOTAL_CHARS_COUNT="3685" SUSPICIOUS_CHARS_COUNT="0">
				<Entity ENTITY_TYPE="Article" FIRST_TOC_ENTRY_ID="2" DEPTH_LEVEL="1" INDEX_IN_DOC="8" PAGE_NO="4" NAME="Untitled Article" ID="Ar00400" HREF="/4/Ar00400" SIZE="Large" CONTINUATION_FROM="Ar00301" IMAGES_RESOLUTION="90" WORDCNT="203"/>
				<Entity ENTITY_TYPE="Article" FIRST_TOC_ENTRY_ID="3" DEPTH_LEVEL="1" INDEX_IN_DOC="9" PAGE_NO="4" NAME="Untitled Article" ID="Ar00401" HREF="/4/Ar00401" SIZE="Large" CONTINUATION_TO="Ar00402" IMAGES_RESOLUTION="90" WORDCNT="242"/>
				<Entity ENTITY_TYPE="Article" FIRST_TOC_ENTRY_ID="3" DEPTH_LEVEL="1" INDEX_IN_DOC="10" PAGE_NO="4" NAME="Untitled Article" ID="Ar00402" HREF="/4/Ar00402" SIZE="XLarge" CONTINUATION_TO="Ar00500" CONTINUATION_FROM="Ar00401" IMAGES_RESOLUTION="90" WORDCNT="463"/>
			</Page>
			<Page PAGE_NO="5" NAME="" PAGE_LABEL="5" ID="Pg005" PAGE_TYPE="Single" PAGE_WIDTH="649" PAGE_HEIGHT="988" CROP_BOX="0 0 648 987" MEDIA_BOX="0 0 648 987" HREF="/5/Pg005" TOTAL_CHARS_COUNT="3133" SUSPICIOUS_CHARS_COUNT="0">
				<Entity ENTITY_TYPE="Article" FIRST_TOC_ENTRY_ID="3" DEPTH_LEVEL="1" INDEX_IN_DOC="11" PAGE_NO="5" NAME="Untitled Article" ID="Ar00500" HREF="/5/Ar00500" SIZE="Small" CONTINUATION_FROM="Ar00402" IMAGES_RESOLUTION="90" WORDCNT="58"/>
				<Entity ENTITY_TYPE="Article" FIRST_TOC_ENTRY_ID="4" DEPTH_LEVEL="1" INDEX_IN_DOC="12" PAGE_NO="5" NAME="Untitled Article" ID="Ar00501" HREF="/5/Ar00501" SIZE="XLarge" CONTINUATION_TO="Ar00502" IMAGES_RESOLUTION="90" WORDCNT="368"/>
				<Entity ENTITY_TYPE="Article" FIRST_TOC_ENTRY_ID="4" DEPTH_LEVEL="1" INDEX_IN_DOC="13" PAGE_NO="5" NAME="Untitled Article" ID="Ar00502" HREF="/5/Ar00502" SIZE="Medium" CONTINUATION_FROM="Ar00501" IMAGES_RESOLUTION="90" WORDCNT="107"/>
				<Entity ENTITY_TYPE="Article" FIRST_TOC_ENTRY_ID="5" DEPTH_LEVEL="1" INDEX_IN_DOC="14" PAGE_NO="5" NAME="Untitled Article" ID="Ar00503" HREF="/5/Ar00503" SIZE="Large" CONTINUATION_TO="Ar00600" IMAGES_RESOLUTION="90" WORDCNT="278"/>
			</Page>
			<Page PAGE_NO="6" NAME="" PAGE_LABEL="6" ID="Pg006" PAGE_TYPE="Single" PAGE_WIDTH="669" PAGE_HEIGHT="994" CROP_BOX="0 0 668 993" MEDIA_BOX="0 0 668 993" HREF="/6/Pg006" TOTAL_CHARS_COUNT="3006" SUSPICIOUS_CHARS_COUNT="0">
				<Entity ENTITY_TYPE="Article" FIRST_TOC_ENTRY_ID="5" DEPTH_LEVEL="1" INDEX_IN_DOC="15" PAGE_NO="6" NAME="Untitled Article" ID="Ar00600" HREF="/6/Ar00600" SIZE="XLarge" CONTINUATION_FROM="Ar00503" IMAGES_RESOLUTION="90" WORDCNT="407"/>
				<Entity ENTITY_TYPE="Article" FIRST_TOC_ENTRY_ID="6" DEPTH_LEVEL="1" INDEX_IN_DOC="16" PAGE_NO="6" NAME="Untitled Article" ID="Ar00601" HREF="/6/Ar00601" SIZE="Small" CONTINUATION_TO="Ar00602" IMAGES_RESOLUTION="90" WORDCNT="75"/>
				<Entity ENTITY_TYPE="Article" FIRST_TOC_ENTRY_ID="6" DEPTH_LEVEL="1" INDEX_IN_DOC="17" PAGE_NO="6" NAME="Untitled Article" ID="Ar00602" HREF="/6/Ar00602" SIZE="XLarge" CONTINUATION_TO="Ar00700" CONTINUATION_FROM="Ar00601" IMAGES_RESOLUTION="90" WORDCNT="507"/>
			</Page>
			<Page PAGE_NO="7" NAME="" PAGE_LABEL="7" ID="Pg007" PAGE_TYPE="Single" PAGE_WIDTH="669" PAGE_HEIGHT="994" CROP_BOX="0 0 668 993" MEDIA_BOX="0 0 668 993" HREF="/7/Pg007" TOTAL_CHARS_COUNT="3179" SUSPICIOUS_CHARS_COUNT="0">
				<Entity ENTITY_TYPE="Article" FIRST_TOC_ENTRY_ID="6" DEPTH_LEVEL="1" INDEX_IN_DOC="18" PAGE_NO="7" NAME="Untitled Article" ID="Ar00700" HREF="/7/Ar00700" SIZE="Medium" CONTINUATION_FROM="Ar00602" IMAGES_RESOLUTION="90" WORDCNT="251"/>
				<Entity ENTITY_TYPE="Article" FIRST_TOC_ENTRY_ID="7" DEPTH_LEVEL="1" INDEX_IN_DOC="19" PAGE_NO="7" NAME="Untitled Article" ID="Ar00701" HREF="/7/Ar00701" SIZE="Large" IMAGES_RESOLUTION="90" WORDCNT="239"/>
				<Entity ENTITY_TYPE="Article" FIRST_TOC_ENTRY_ID="8" DEPTH_LEVEL="1" INDEX_IN_DOC="20" PAGE_NO="7" NAME="Untitled Article" ID="Ar00702" HREF="/7/Ar00702" SIZE="Medium" IMAGES_RESOLUTION="90" WORDCNT="154"/>
				<Entity ENTITY_TYPE="Article" FIRST_TOC_ENTRY_ID="9" DEPTH_LEVEL="1" INDEX_IN_DOC="21" PAGE_NO="7" NAME="Untitled Article" ID="Ar00703" HREF="/7/Ar00703" SIZE="Large" CONTINUATION_TO="Ar00800" IMAGES_RESOLUTION="90" WORDCNT="241"/>
			</Page>
			<Page PAGE_NO="8" NAME="" PAGE_LABEL="8" ID="Pg008" PAGE_TYPE="Single" PAGE_WIDTH="657" PAGE_HEIGHT="994" CROP_BOX="0 0 656 993" MEDIA_BOX="0 0 656 993" HREF="/8/Pg008" TOTAL_CHARS_COUNT="3131" SUSPICIOUS_CHARS_COUNT="0">
				<Entity ENTITY_TYPE="Article" FIRST_TOC_ENTRY_ID="9" DEPTH_LEVEL="1" INDEX_IN_DOC="22" PAGE_NO="8" NAME="Untitled Article" ID="Ar00800" HREF="/8/Ar00800" SIZE="Large" CONTINUATION_FROM="Ar00703" IMAGES_RESOLUTION="90" WORDCNT="169"/>
				<Entity ENTITY_TYPE="Article" FIRST_TOC_ENTRY_ID="10" DEPTH_LEVEL="1" INDEX_IN_DOC="23" PAGE_NO="8" NAME="Untitled Article" ID="Ar00801" HREF="/8/Ar00801" SIZE="Large" CONTINUATION_TO="Ar00802" IMAGES_RESOLUTION="90" WORDCNT="197"/>
				<Entity ENTITY_TYPE="Article" FIRST_TOC_ENTRY_ID="10" DEPTH_LEVEL="1" INDEX_IN_DOC="24" PAGE_NO="8" NAME="Untitled Article" ID="Ar00802" HREF="/8/Ar00802" SIZE="XLarge" CONTINUATION_TO="Ar00900" CONTINUATION_FROM="Ar00801" IMAGES_RESOLUTION="90" WORDCNT="445"/>
			</Page>
			<Page PAGE_NO="9" NAME="" PAGE_LABEL="9" ID="Pg009" PAGE_TYPE="Single" PAGE_WIDTH="672" PAGE_HEIGHT="996" CROP_BOX="0 0 671 995" MEDIA_BOX="0 0 671 995" HREF="/9/Pg009" TOTAL_CHARS_COUNT="716" SUSPICIOUS_CHARS_COUNT="0">
				<Entity ENTITY_TYPE="Article" FIRST_TOC_ENTRY_ID="10" DEPTH_LEVEL="1" INDEX_IN_DOC="25" PAGE_NO="9" NAME="Untitled Article" ID="Ar00900" HREF="/9/Ar00900" SIZE="Small" CONTINUATION_FROM="Ar00802" IMAGES_RESOLUTION="90" WORDCNT="59"/>
				<Entity ENTITY_TYPE="Article" FIRST_TOC_ENTRY_ID="11" DEPTH_LEVEL="1" INDEX_IN_DOC="26" PAGE_NO="9" NAME="Untitled Article" ID="Ar00901" HREF="/9/Ar00901" SIZE="Medium" IMAGES_RESOLUTION="90" WORDCNT="89"/>
				<Entity ENTITY_TYPE="Article" FIRST_TOC_ENTRY_ID="12" DEPTH_LEVEL="1" INDEX_IN_DOC="27" PAGE_NO="9" NAME="Untitled Article" ID="Ar00902" HREF="/9/Ar00902" SIZE="Small" IMAGES_RESOLUTION="90" WORDCNT="27"/>
				<Entity ENTITY_TYPE="Ad" FIRST_TOC_ENTRY_ID="13" DEPTH_LEVEL="1" INDEX_IN_DOC="28" PAGE_NO="9" NAME="Untitled Ad" ID="Ad00903" HREF="/9/Ad00903" SIZE="Medium" IMAGES_RESOLUTION="90" WORDCNT="31"/>
				<Entity ENTITY_TYPE="Ad" FIRST_TOC_ENTRY_ID="14" DEPTH_LEVEL="1" INDEX_IN_DOC="29" PAGE_NO="9" NAME="Untitled Ad" ID="Ad00904" HREF="/9/Ad00904" SIZE="Medium" IMAGES_RESOLUTION="90" WORDCNT="42"/>
				<Entity ENTITY_TYPE="Ad" FIRST_TOC_ENTRY_ID="15" DEPTH_LEVEL="1" INDEX_IN_DOC="30" PAGE_NO="9" NAME="Untitled Ad" ID="Ad00905" HREF="/9/Ad00905" SIZE="Large" IMAGES_RESOLUTION="90" WORDCNT="152"/>
				<Entity ENTITY_TYPE="Ad" FIRST_TOC_ENTRY_ID="16" DEPTH_LEVEL="1" INDEX_IN_DOC="31" PAGE_NO="9" NAME="Untitled Ad" ID="Ad00906" HREF="/9/Ad00906" SIZE="Medium" IMAGES_RESOLUTION="90" WORDCNT="66"/>
				<Entity ENTITY_TYPE="Ad" FIRST_TOC_ENTRY_ID="17" DEPTH_LEVEL="1" INDEX_IN_DOC="32" PAGE_NO="9" NAME="Untitled Ad" ID="Ad00907" HREF="/9/Ad00907" SIZE="Medium" IMAGES_RESOLUTION="90" WORDCNT="85"/>
			</Page>
			<Page PAGE_NO="10" NAME="" PAGE_LABEL="10" ID="Pg010" PAGE_TYPE="Single" PAGE_WIDTH="672" PAGE_HEIGHT="996" CROP_BOX="0 0 671 995" MEDIA_BOX="0 0 671 995" HREF="/10/Pg010" TOTAL_CHARS_COUNT="378" SUSPICIOUS_CHARS_COUNT="0">
				<Entity ENTITY_TYPE="Article" FIRST_TOC_ENTRY_ID="18" DEPTH_LEVEL="1" INDEX_IN_DOC="33" PAGE_NO="10" NAME="Untitled Article" ID="Ar01000" HREF="/10/Ar01000" SIZE="Medium" IMAGES_RESOLUTION="90" WORDCNT="103"/>
				<Entity ENTITY_TYPE="Ad" FIRST_TOC_ENTRY_ID="19" DEPTH_LEVEL="1" INDEX_IN_DOC="34" PAGE_NO="10" NAME="Untitled Ad" ID="Ad01001" HREF="/10/Ad01001" SIZE="Medium" IMAGES_RESOLUTION="90" WORDCNT="83"/>
				<Entity ENTITY_TYPE="Ad" FIRST_TOC_ENTRY_ID="20" DEPTH_LEVEL="1" INDEX_IN_DOC="35" PAGE_NO="10" NAME="Untitled Ad" ID="Ad01002" HREF="/10/Ad01002" SIZE="Medium" IMAGES_RESOLUTION="90" WORDCNT="39"/>
				<Entity ENTITY_TYPE="Ad" FIRST_TOC_ENTRY_ID="21" DEPTH_LEVEL="1" INDEX_IN_DOC="36" PAGE_NO="10" NAME="Untitled Ad" ID="Ad01003" HREF="/10/Ad01003" SIZE="Medium" IMAGES_RESOLUTION="90" WORDCNT="145"/>
				<Entity ENTITY_TYPE="Ad" FIRST_TOC_ENTRY_ID="22" DEPTH_LEVEL="1" INDEX_IN_DOC="37" PAGE_NO="10" NAME="Untitled Ad" ID="Ad01004" HREF="/10/Ad01004" SIZE="Medium" IMAGES_RESOLUTION="90" WORDCNT="22"/>
				<Entity ENTITY_TYPE="Ad" FIRST_TOC_ENTRY_ID="23" DEPTH_LEVEL="1" INDEX_IN_DOC="38" PAGE_NO="10" NAME="Untitled Ad" ID="Ad01005" HREF="/10/Ad01005" SIZE="Small" IMAGES_RESOLUTION="90" WORDCNT="29"/>
				<Entity ENTITY_TYPE="Ad" FIRST_TOC_ENTRY_ID="24" DEPTH_LEVEL="1" INDEX_IN_DOC="39" PAGE_NO="10" NAME="Untitled Ad" ID="Ad01006" HREF="/10/Ad01006" SIZE="Medium" IMAGES_RESOLUTION="90" WORDCNT="53"/>
				<Entity ENTITY_TYPE="Ad" FIRST_TOC_ENTRY_ID="25" DEPTH_LEVEL="1" INDEX_IN_DOC="40" PAGE_NO="10" NAME="Untitled Ad" ID="Ad01007" HREF="/10/Ad01007" SIZE="Small" IMAGES_RESOLUTION="90" WORDCNT="29"/>
				<Entity ENTITY_TYPE="Ad" FIRST_TOC_ENTRY_ID="26" DEPTH_LEVEL="1" INDEX_IN_DOC="41" PAGE_NO="10" NAME="Untitled Ad" ID="Ad01008" HREF="/10/Ad01008" SIZE="Small" IMAGES_RESOLUTION="90" WORDCNT="30"/>
			</Page>
		</Section>
	</Body_np>
	<Logic_np><TOC_Entries><TOC_Entry TOC_ENTRY_ID="1" TITLE="%\xt %mUxn." ENTITY_ID_REF="Ar00100" PAGE_NO="1" PAGE_LABEL="1" PRIM_ID_REF="Ar0010000" IS_IC="true"/><TOC_Entry TOC_ENTRY_ID="2" TITLE="CONSIDERATIONS CONCERNING A LA W DEPARTM..." ENTITY_ID_REF="Ar00101" PAGE_NO="1" PAGE_LABEL="1" PRIM_ID_REF="Ar0010100" IS_IC="true"/><TOC_Entry TOC_ENTRY_ID="3" TITLE="THE BALL CLUB." ENTITY_ID_REF="Ar00401" PAGE_NO="4" PAGE_LABEL="4" PRIM_ID_REF="Ar0040100" IS_IC="true"/><TOC_Entry TOC_ENTRY_ID="4" TITLE="OBITUARY." ENTITY_ID_REF="Ar00501" PAGE_NO="5" PAGE_LABEL="5" PRIM_ID_REF="Ar0050100" IS_IC="true"/><TOC_Entry TOC_ENTRY_ID="5" TITLE="FIRST PLACE!" ENTITY_ID_REF="Ar00503" PAGE_NO="5" PAGE_LABEL="5" PRIM_ID_REF="Ar0050300" IS_IC="true"/><TOC_Entry TOC_ENTRY_ID="6" TITLE="BASE BALL." ENTITY_ID_REF="Ar00601" PAGE_NO="6" PAGE_LABEL="6" PRIM_ID_REF="Ar0060100" IS_IC="true"/><TOC_Entry TOC_ENTRY_ID="7" TITLE="ORCHESTRA CONCERT." ENTITY_ID_REF="Ar00701" PAGE_NO="7" PAGE_LABEL="7" PRIM_ID_REF="Ar0070100" IS_IC="true"/><TOC_Entry TOC_ENTRY_ID="8" TITLE="GLEE CLUB CONCERT." ENTITY_ID_REF="Ar00702" PAGE_NO="7" PAGE_LABEL="7" PRIM_ID_REF="Ar0070200" IS_IC="true"/><TOC_Entry TOC_ENTRY_ID="9" TITLE="THROUGH THE MINES ." ENTITY_ID_REF="Ar00703" PAGE_NO="7" PAGE_LABEL="7" PRIM_ID_REF="Ar0070300" IS_IC="true"/><TOC_Entry TOC_ENTRY_ID="10" TITLE="ipeal apd p^opal." ENTITY_ID_REF="Ar00801" PAGE_NO="8" PAGE_LABEL="8" PRIM_ID_REF="Ar0080100" IS_IC="true"/><TOC_Entry TOC_ENTRY_ID="11" TITLE="f\\un\i) \ fiote$," ENTITY_ID_REF="Ar00901" PAGE_NO="9" PAGE_LABEL="9" PRIM_ID_REF="Ar0090100" IS_IC="true"/><TOC_Entry TOC_ENTRY_ID="12" TITLE="8�&quot; Finest Stereoscopic Views in the Wor..." ENTITY_ID_REF="Ar00902" PAGE_NO="9" PAGE_LABEL="9" PRIM_ID_REF="Ar0090200" IS_IC="true"/><TOC_Entry TOC_ENTRY_ID="13" TITLE="" ENTITY_ID_REF="Ad00903" PAGE_NO="9" PAGE_LABEL="9" PRIM_ID_REF="Ad0090301" IS_IC="true"/><TOC_Entry TOC_ENTRY_ID="14" TITLE="" ENTITY_ID_REF="Ad00904" PAGE_NO="9" PAGE_LABEL="9" PRIM_ID_REF="Ad0090401" IS_IC="true"/><TOC_Entry TOC_ENTRY_ID="15" TITLE="" ENTITY_ID_REF="Ad00905" PAGE_NO="9" PAGE_LABEL="9" PRIM_ID_REF="Ad0090501" IS_IC="true"/><TOC_Entry TOC_ENTRY_ID="16" TITLE="" ENTITY_ID_REF="Ad00906" PAGE_NO="9" PAGE_LABEL="9" PRIM_ID_REF="Ad0090601" IS_IC="true"/><TOC_Entry TOC_ENTRY_ID="17" TITLE="" ENTITY_ID_REF="Ad00907" PAGE_NO="9" PAGE_LABEL="9" PRIM_ID_REF="Ad0090701" IS_IC="true"/><TOC_Entry TOC_ENTRY_ID="18" TITLE="T HE P RINTER cam u e f^rfly with glee a..." ENTITY_ID_REF="Ar01000" PAGE_NO="10" PAGE_LABEL="10" PRIM_ID_REF="Ar0100000" IS_IC="true"/><TOC_Entry TOC_ENTRY_ID="19" TITLE="" ENTITY_ID_REF="Ad01001" PAGE_NO="10" PAGE_LABEL="10" PRIM_ID_REF="Ad0100101" IS_IC="true"/><TOC_Entry TOC_ENTRY_ID="20" TITLE="" ENTITY_ID_REF="Ad01002" PAGE_NO="10" PAGE_LABEL="10" PRIM_ID_REF="Ad0100201" IS_IC="true"/><TOC_Entry TOC_ENTRY_ID="21" TITLE="" ENTITY_ID_REF="Ad01003" PAGE_NO="10" PAGE_LABEL="10" PRIM_ID_REF="Ad0100301" IS_IC="true"/><TOC_Entry TOC_ENTRY_ID="22" TITLE="" ENTITY_ID_REF="Ad01004" PAGE_NO="10" PAGE_LABEL="10" PRIM_ID_REF="Ad0100401" IS_IC="true"/><TOC_Entry TOC_ENTRY_ID="23" TITLE="" ENTITY_ID_REF="Ad01005" PAGE_NO="10" PAGE_LABEL="10" PRIM_ID_REF="Ad0100501" IS_IC="true"/><TOC_Entry TOC_ENTRY_ID="24" TITLE="" ENTITY_ID_REF="Ad01006" PAGE_NO="10" PAGE_LABEL="10" PRIM_ID_REF="Ad0100601" IS_IC="true"/><TOC_Entry TOC_ENTRY_ID="25" TITLE="" ENTITY_ID_REF="Ad01007" PAGE_NO="10" PAGE_LABEL="10" PRIM_ID_REF="Ad0100701" IS_IC="true"/><TOC_Entry TOC_ENTRY_ID="26" TITLE="" ENTITY_ID_REF="Ad01008" PAGE_NO="10" PAGE_LABEL="10" PRIM_ID_REF="Ad0100801" IS_IC="true"/></TOC_Entries></Logic_np></Xmd_toc>
