<?xml version="1.0" encoding="windows-1252" standalone="no"?>
<Xmd_toc REPOSITORY_FORMAT="1.0" PRXML_VER="2.2" PUBLICATION="OHI" PUBLICATION_DESCRIPTION="" ISSUE_DATE="20/03/1891" RELEASE_NO="060-OHI-1891-03-20-001-SINGLE-LANTERN_V11_1891_153" LANGUAGE="English">
	<Head_np>
		<Meta PAGES_NUMBER="16" SOURCE_TYPE="TIFF" SOURCE_RESOLUTION="72" IMAGES_RESOLUTION="90" PAGE_THUMBNAIL_RESOLUTION="90" PAGE_PREVIEW_RESOLUTION="15" DEFAULT_IMG_EXT="png" DEFAULT_PREVIEW_IMG_EXT="png" BASE_HREF="OHI/1891/03/20" PDF_DESTINATION_MAPPED="OLV0_Page_0001" TITLE_SNP_EXT="png" AD_SNP_EXT="png" IMAGE_SNP_EXT="jpg" MULTI_LAYER_PAGE_IMG="false" IS_SOLID="false" DOC_DATE="20/03/1891" DOC_UID="OHI_20/03/1891" DOC_VER="1" TOTAL_CHARS_COUNT="54052" SUSPICIOUS_CHARS_COUNT="0">
			<Publisher XMD_VER="2.6.240.18" ACROBAT_VER="7.08" PUBLISHER="Olive" PROFILE_ID="W:\Batch\Profile\OHI-1891-03-20.ini">
				<PublishDate>Thu, 26 Mar 2009 08:09:24 UTC</PublishDate>
				<PublishSWFCompatible>false</PublishSWFCompatible>
			</Publisher>
			<Resolutions>
				<Resolution DEFAULT="true">90</Resolution>
			</Resolutions>
		</Meta>
		<Link SOURCE="060-OHI-1891-03-20-001-SINGLE-LANTERN_V11_1891_153.pdf"/>
		<DataFiles>
			<Files TYPE="DOC_PDF" PRESENT="1"/>
			<Files TYPE="PAGE_PDF" PRESENT="0"/>
			<Files TYPE="DOC_IMG" PRESENT="0"/>
			<Files TYPE="PAGE_IMG" PRESENT="0"/>
			<Files TYPE="PAGE_VIEW_IMG" PRESENT="1"/>
			<Files TYPE="PAGE_PREVIEW_IMG" PRESENT="1"/>
			<Files TYPE="PRIMITIVE_IMG" PRESENT="1"/>
			<Files TYPE="SNIPPET_IMG" PRESENT="1"/>
			<Files TYPE="SEGMENTATION" PRESENT="0"/>
		</DataFiles>
	</Head_np>
	<Body_np>
		<Section NAME="Front page">
			<Page PAGE_NO="1" NAME="" PAGE_LABEL="1" ID="Pg001" PAGE_TYPE="Single" PAGE_WIDTH="669" PAGE_HEIGHT="994" CROP_BOX="0 0 668 993" MEDIA_BOX="0 0 668 993" HREF="/1/Pg001" TOTAL_CHARS_COUNT="3271" SUSPICIOUS_CHARS_COUNT="0">
				<Entity ENTITY_TYPE="Article" FIRST_TOC_ENTRY_ID="1" DEPTH_LEVEL="1" INDEX_IN_DOC="1" PAGE_NO="1" NAME="Untitled Article" ID="Ar00100" HREF="/1/Ar00100" SIZE="XLarge" CONTINUATION_TO="Ar00200" IMAGES_RESOLUTION="90" WORDCNT="772"/>
			</Page>
		</Section>
		<Section NAME="None">
			<Page PAGE_NO="2" NAME="" PAGE_LABEL="2" ID="Pg002" PAGE_TYPE="Single" PAGE_WIDTH="666" PAGE_HEIGHT="994" CROP_BOX="0 0 665 993" MEDIA_BOX="0 0 665 993" HREF="/2/Pg002" TOTAL_CHARS_COUNT="3464" SUSPICIOUS_CHARS_COUNT="0">
				<Entity ENTITY_TYPE="Article" FIRST_TOC_ENTRY_ID="1" DEPTH_LEVEL="1" INDEX_IN_DOC="2" PAGE_NO="2" NAME="Untitled Article" ID="Ar00200" HREF="/2/Ar00200" SIZE="Medium" CONTINUATION_FROM="Ar00100" IMAGES_RESOLUTION="90" WORDCNT="87"/>
				<Entity ENTITY_TYPE="Article" FIRST_TOC_ENTRY_ID="2" DEPTH_LEVEL="1" INDEX_IN_DOC="3" PAGE_NO="2" NAME="Untitled Article" ID="Ar00201" HREF="/2/Ar00201" SIZE="XLarge" CONTINUATION_TO="Ar00300" IMAGES_RESOLUTION="90" WORDCNT="729"/>
			</Page>
			<Page PAGE_NO="3" NAME="" PAGE_LABEL="3" ID="Pg003" PAGE_TYPE="Single" PAGE_WIDTH="669" PAGE_HEIGHT="994" CROP_BOX="0 0 668 993" MEDIA_BOX="0 0 668 993" HREF="/3/Pg003" TOTAL_CHARS_COUNT="3579" SUSPICIOUS_CHARS_COUNT="0">
				<Entity ENTITY_TYPE="Article" FIRST_TOC_ENTRY_ID="2" DEPTH_LEVEL="1" INDEX_IN_DOC="4" PAGE_NO="3" NAME="Untitled Article" ID="Ar00300" HREF="/3/Ar00300" SIZE="XLarge" CONTINUATION_FROM="Ar00201" IMAGES_RESOLUTION="90" WORDCNT="762"/>
				<Entity ENTITY_TYPE="Article" FIRST_TOC_ENTRY_ID="3" DEPTH_LEVEL="1" INDEX_IN_DOC="5" PAGE_NO="3" NAME="Untitled Article" ID="Ar00301" HREF="/3/Ar00301" SIZE="Medium" CONTINUATION_TO="Ar00400" IMAGES_RESOLUTION="90" WORDCNT="78"/>
			</Page>
			<Page PAGE_NO="4" NAME="" PAGE_LABEL="4" ID="Pg004" PAGE_TYPE="Single" PAGE_WIDTH="669" PAGE_HEIGHT="994" CROP_BOX="0 0 668 993" MEDIA_BOX="0 0 668 993" HREF="/4/Pg004" TOTAL_CHARS_COUNT="3673" SUSPICIOUS_CHARS_COUNT="0">
				<Entity ENTITY_TYPE="Article" FIRST_TOC_ENTRY_ID="3" DEPTH_LEVEL="1" INDEX_IN_DOC="6" PAGE_NO="4" NAME="Untitled Article" ID="Ar00400" HREF="/4/Ar00400" SIZE="XLarge" CONTINUATION_TO="Ar00500" CONTINUATION_FROM="Ar00301" IMAGES_RESOLUTION="90" WORDCNT="891"/>
			</Page>
			<Page PAGE_NO="5" NAME="" PAGE_LABEL="5" ID="Pg005" PAGE_TYPE="Single" PAGE_WIDTH="676" PAGE_HEIGHT="999" CROP_BOX="0 0 675 998" MEDIA_BOX="0 0 675 998" HREF="/5/Pg005" TOTAL_CHARS_COUNT="4818" SUSPICIOUS_CHARS_COUNT="0">
				<Entity ENTITY_TYPE="Article" FIRST_TOC_ENTRY_ID="3" DEPTH_LEVEL="1" INDEX_IN_DOC="7" PAGE_NO="5" NAME="Untitled Article" ID="Ar00500" HREF="/5/Ar00500" SIZE="Large" CONTINUATION_FROM="Ar00400" IMAGES_RESOLUTION="90" WORDCNT="182"/>
				<Entity ENTITY_TYPE="Article" FIRST_TOC_ENTRY_ID="4" DEPTH_LEVEL="1" INDEX_IN_DOC="8" PAGE_NO="5" NAME="Untitled Article" ID="Ar00501" HREF="/5/Ar00501" SIZE="XLarge" CONTINUATION_TO="Ar00601" IMAGES_RESOLUTION="90" WORDCNT="863"/>
			</Page>
			<Page PAGE_NO="6" NAME="" PAGE_LABEL="6" ID="Pg006" PAGE_TYPE="Single" PAGE_WIDTH="676" PAGE_HEIGHT="999" CROP_BOX="0 0 675 998" MEDIA_BOX="0 0 675 998" HREF="/6/Pg006" TOTAL_CHARS_COUNT="5103" SUSPICIOUS_CHARS_COUNT="0">
				<Entity ENTITY_TYPE="Article" FIRST_TOC_ENTRY_ID="5" DEPTH_LEVEL="1" INDEX_IN_DOC="10" PAGE_NO="6" NAME="Untitled Article" ID="Ar00600" HREF="/6/Ar00600" SIZE="XLarge" CONTINUATION_TO="Ar00700" IMAGES_RESOLUTION="90" WORDCNT="626"/>
				<Entity ENTITY_TYPE="Article" FIRST_TOC_ENTRY_ID="4" DEPTH_LEVEL="1" INDEX_IN_DOC="9" PAGE_NO="6" NAME="Untitled Article" ID="Ar00601" HREF="/6/Ar00601" SIZE="XLarge" CONTINUATION_FROM="Ar00501" IMAGES_RESOLUTION="90" WORDCNT="531"/>
			</Page>
			<Page PAGE_NO="7" NAME="" PAGE_LABEL="7" ID="Pg007" PAGE_TYPE="Single" PAGE_WIDTH="669" PAGE_HEIGHT="994" CROP_BOX="0 0 668 993" MEDIA_BOX="0 0 668 993" HREF="/7/Pg007" TOTAL_CHARS_COUNT="5291" SUSPICIOUS_CHARS_COUNT="0">
				<Entity ENTITY_TYPE="Article" FIRST_TOC_ENTRY_ID="5" DEPTH_LEVEL="1" INDEX_IN_DOC="11" PAGE_NO="7" NAME="Untitled Article" ID="Ar00700" HREF="/7/Ar00700" SIZE="XLarge" CONTINUATION_FROM="Ar00600" IMAGES_RESOLUTION="90" WORDCNT="1265"/>
			</Page>
			<Page PAGE_NO="8" NAME="" PAGE_LABEL="8" ID="Pg008" PAGE_TYPE="Single" PAGE_WIDTH="669" PAGE_HEIGHT="994" CROP_BOX="0 0 668 993" MEDIA_BOX="0 0 668 993" HREF="/8/Pg008" TOTAL_CHARS_COUNT="4577" SUSPICIOUS_CHARS_COUNT="0">
				<Entity ENTITY_TYPE="Article" FIRST_TOC_ENTRY_ID="6" DEPTH_LEVEL="1" INDEX_IN_DOC="12" PAGE_NO="8" NAME="Untitled Article" ID="Ar00800" HREF="/8/Ar00800" SIZE="Large" IMAGES_RESOLUTION="90" WORDCNT="215"/>
				<Entity ENTITY_TYPE="Article" FIRST_TOC_ENTRY_ID="7" DEPTH_LEVEL="1" INDEX_IN_DOC="13" PAGE_NO="8" NAME="Untitled Article" ID="Ar00801" HREF="/8/Ar00801" SIZE="XLarge" IMAGES_RESOLUTION="90" WORDCNT="499"/>
				<Entity ENTITY_TYPE="Article" FIRST_TOC_ENTRY_ID="8" DEPTH_LEVEL="1" INDEX_IN_DOC="14" PAGE_NO="8" NAME="Untitled Article" ID="Ar00802" HREF="/8/Ar00802" SIZE="Large" IMAGES_RESOLUTION="90" WORDCNT="290"/>
				<Entity ENTITY_TYPE="Article" FIRST_TOC_ENTRY_ID="9" DEPTH_LEVEL="1" INDEX_IN_DOC="15" PAGE_NO="8" NAME="Untitled Article" ID="Ar00803" HREF="/8/Ar00803" SIZE="Small" CONTINUATION_TO="Ar00900" IMAGES_RESOLUTION="90" WORDCNT="72"/>
			</Page>
			<Page PAGE_NO="9" NAME="" PAGE_LABEL="9" ID="Pg009" PAGE_TYPE="Single" PAGE_WIDTH="669" PAGE_HEIGHT="994" CROP_BOX="0 0 668 993" MEDIA_BOX="0 0 668 993" HREF="/9/Pg009" TOTAL_CHARS_COUNT="4696" SUSPICIOUS_CHARS_COUNT="0">
				<Entity ENTITY_TYPE="Article" FIRST_TOC_ENTRY_ID="9" DEPTH_LEVEL="1" INDEX_IN_DOC="16" PAGE_NO="9" NAME="Untitled Article" ID="Ar00900" HREF="/9/Ar00900" SIZE="Large" CONTINUATION_FROM="Ar00803" IMAGES_RESOLUTION="90" WORDCNT="267"/>
				<Entity ENTITY_TYPE="Article" FIRST_TOC_ENTRY_ID="10" DEPTH_LEVEL="1" INDEX_IN_DOC="17" PAGE_NO="9" NAME="Untitled Article" ID="Ar00901" HREF="/9/Ar00901" SIZE="XLarge" CONTINUATION_TO="Ar01000" IMAGES_RESOLUTION="90" WORDCNT="810"/>
			</Page>
			<Page PAGE_NO="10" NAME="" PAGE_LABEL="10" ID="Pg010" PAGE_TYPE="Single" PAGE_WIDTH="671" PAGE_HEIGHT="995" CROP_BOX="0 0 670 994" MEDIA_BOX="0 0 670 994" HREF="/10/Pg010" TOTAL_CHARS_COUNT="4343" SUSPICIOUS_CHARS_COUNT="0">
				<Entity ENTITY_TYPE="Article" FIRST_TOC_ENTRY_ID="10" DEPTH_LEVEL="1" INDEX_IN_DOC="18" PAGE_NO="10" NAME="Untitled Article" ID="Ar01000" HREF="/10/Ar01000" SIZE="Small" CONTINUATION_FROM="Ar00901" IMAGES_RESOLUTION="90" WORDCNT="110"/>
				<Entity ENTITY_TYPE="Article" FIRST_TOC_ENTRY_ID="11" DEPTH_LEVEL="1" INDEX_IN_DOC="19" PAGE_NO="10" NAME="Untitled Article" ID="Ar01001" HREF="/10/Ar01001" SIZE="Large" IMAGES_RESOLUTION="90" WORDCNT="347"/>
				<Entity ENTITY_TYPE="Article" FIRST_TOC_ENTRY_ID="12" DEPTH_LEVEL="1" INDEX_IN_DOC="20" PAGE_NO="10" NAME="Untitled Article" ID="Ar01002" HREF="/10/Ar01002" SIZE="XLarge" CONTINUATION_TO="Ar01100" IMAGES_RESOLUTION="90" WORDCNT="649"/>
			</Page>
			<Page PAGE_NO="11" NAME="" PAGE_LABEL="11" ID="Pg011" PAGE_TYPE="Single" PAGE_WIDTH="671" PAGE_HEIGHT="995" CROP_BOX="0 0 670 994" MEDIA_BOX="0 0 670 994" HREF="/11/Pg011" TOTAL_CHARS_COUNT="4311" SUSPICIOUS_CHARS_COUNT="0">
				<Entity ENTITY_TYPE="Article" FIRST_TOC_ENTRY_ID="12" DEPTH_LEVEL="1" INDEX_IN_DOC="21" PAGE_NO="11" NAME="Untitled Article" ID="Ar01100" HREF="/11/Ar01100" SIZE="XLarge" CONTINUATION_FROM="Ar01002" IMAGES_RESOLUTION="90" WORDCNT="556"/>
				<Entity ENTITY_TYPE="Article" FIRST_TOC_ENTRY_ID="13" DEPTH_LEVEL="1" INDEX_IN_DOC="22" PAGE_NO="11" NAME="Untitled Article" ID="Ar01101" HREF="/11/Ar01101" SIZE="Large" IMAGES_RESOLUTION="90" WORDCNT="415"/>
				<Entity ENTITY_TYPE="Article" FIRST_TOC_ENTRY_ID="14" DEPTH_LEVEL="1" INDEX_IN_DOC="23" PAGE_NO="11" NAME="Untitled Article" ID="Ar01102" HREF="/11/Ar01102" SIZE="Medium" CONTINUATION_TO="Ar01200" IMAGES_RESOLUTION="90" WORDCNT="78"/>
			</Page>
			<Page PAGE_NO="12" NAME="" PAGE_LABEL="12" ID="Pg012" PAGE_TYPE="Single" PAGE_WIDTH="657" PAGE_HEIGHT="979" CROP_BOX="0 0 656 978" MEDIA_BOX="0 0 656 978" HREF="/12/Pg012" TOTAL_CHARS_COUNT="4260" SUSPICIOUS_CHARS_COUNT="0">
				<Entity ENTITY_TYPE="Article" FIRST_TOC_ENTRY_ID="14" DEPTH_LEVEL="1" INDEX_IN_DOC="24" PAGE_NO="12" NAME="Untitled Article" ID="Ar01200" HREF="/12/Ar01200" SIZE="Large" CONTINUATION_FROM="Ar01102" IMAGES_RESOLUTION="90" WORDCNT="231"/>
				<Entity ENTITY_TYPE="Article" FIRST_TOC_ENTRY_ID="15" DEPTH_LEVEL="1" INDEX_IN_DOC="25" PAGE_NO="12" NAME="Untitled Article" ID="Ar01201" HREF="/12/Ar01201" SIZE="Small" IMAGES_RESOLUTION="90" WORDCNT="40"/>
				<Entity ENTITY_TYPE="Article" FIRST_TOC_ENTRY_ID="16" DEPTH_LEVEL="1" INDEX_IN_DOC="26" PAGE_NO="12" NAME="Untitled Article" ID="Ar01202" HREF="/12/Ar01202" SIZE="XLarge" IMAGES_RESOLUTION="90" WORDCNT="505"/>
				<Entity ENTITY_TYPE="Article" FIRST_TOC_ENTRY_ID="17" DEPTH_LEVEL="1" INDEX_IN_DOC="27" PAGE_NO="12" NAME="Untitled Article" ID="Ar01203" HREF="/12/Ar01203" SIZE="Large" CONTINUATION_TO="Ar01300" IMAGES_RESOLUTION="90" WORDCNT="271"/>
			</Page>
			<Page PAGE_NO="13" NAME="" PAGE_LABEL="13" ID="Pg013" PAGE_TYPE="Single" PAGE_WIDTH="669" PAGE_HEIGHT="994" CROP_BOX="0 0 668 993" MEDIA_BOX="0 0 668 993" HREF="/13/Pg013" TOTAL_CHARS_COUNT="2186" SUSPICIOUS_CHARS_COUNT="0">
				<Entity ENTITY_TYPE="Article" FIRST_TOC_ENTRY_ID="17" DEPTH_LEVEL="1" INDEX_IN_DOC="28" PAGE_NO="13" NAME="Untitled Article" ID="Ar01300" HREF="/13/Ar01300" SIZE="Large" CONTINUATION_FROM="Ar01203" IMAGES_RESOLUTION="90" WORDCNT="237"/>
				<Entity ENTITY_TYPE="Article" FIRST_TOC_ENTRY_ID="18" DEPTH_LEVEL="1" INDEX_IN_DOC="29" PAGE_NO="13" NAME="Untitled Article" ID="Ar01301" HREF="/13/Ar01301" SIZE="Large" IMAGES_RESOLUTION="90" WORDCNT="287"/>
				<Entity ENTITY_TYPE="Ad" FIRST_TOC_ENTRY_ID="19" DEPTH_LEVEL="1" INDEX_IN_DOC="30" PAGE_NO="13" NAME="Untitled Ad" ID="Ad01302" HREF="/13/Ad01302" SIZE="Small" IMAGES_RESOLUTION="90" WORDCNT="31"/>
				<Entity ENTITY_TYPE="Ad" FIRST_TOC_ENTRY_ID="20" DEPTH_LEVEL="1" INDEX_IN_DOC="31" PAGE_NO="13" NAME="Untitled Ad" ID="Ad01303" HREF="/13/Ad01303" SIZE="Medium" IMAGES_RESOLUTION="90" WORDCNT="133"/>
				<Entity ENTITY_TYPE="Ad" FIRST_TOC_ENTRY_ID="21" DEPTH_LEVEL="1" INDEX_IN_DOC="32" PAGE_NO="13" NAME="Untitled Ad" ID="Ad01304" HREF="/13/Ad01304" SIZE="Medium" IMAGES_RESOLUTION="90" WORDCNT="181"/>
				<Entity ENTITY_TYPE="Ad" FIRST_TOC_ENTRY_ID="22" DEPTH_LEVEL="1" INDEX_IN_DOC="33" PAGE_NO="13" NAME="Untitled Ad" ID="Ad01305" HREF="/13/Ad01305" SIZE="Medium" IMAGES_RESOLUTION="90" WORDCNT="66"/>
			</Page>
			<Page PAGE_NO="14" NAME="" PAGE_LABEL="14" ID="Pg014" PAGE_TYPE="Single" PAGE_WIDTH="672" PAGE_HEIGHT="996" CROP_BOX="0 0 671 995" MEDIA_BOX="0 0 671 995" HREF="/14/Pg014" TOTAL_CHARS_COUNT="382" SUSPICIOUS_CHARS_COUNT="0">
				<Entity ENTITY_TYPE="Article" FIRST_TOC_ENTRY_ID="23" DEPTH_LEVEL="1" INDEX_IN_DOC="34" PAGE_NO="14" NAME="Untitled Article" ID="Ar01400" HREF="/14/Ar01400" SIZE="Medium" IMAGES_RESOLUTION="90" WORDCNT="103"/>
				<Entity ENTITY_TYPE="Ad" FIRST_TOC_ENTRY_ID="24" DEPTH_LEVEL="1" INDEX_IN_DOC="35" PAGE_NO="14" NAME="Untitled Ad" ID="Ad01401" HREF="/14/Ad01401" SIZE="Medium" IMAGES_RESOLUTION="90" WORDCNT="40"/>
				<Entity ENTITY_TYPE="Ad" FIRST_TOC_ENTRY_ID="25" DEPTH_LEVEL="1" INDEX_IN_DOC="36" PAGE_NO="14" NAME="Untitled Ad" ID="Ad01402" HREF="/14/Ad01402" SIZE="Medium" IMAGES_RESOLUTION="90" WORDCNT="157"/>
				<Entity ENTITY_TYPE="Ad" FIRST_TOC_ENTRY_ID="26" DEPTH_LEVEL="1" INDEX_IN_DOC="37" PAGE_NO="14" NAME="Untitled Ad" ID="Ad01403" HREF="/14/Ad01403" SIZE="Medium" IMAGES_RESOLUTION="90" WORDCNT="21"/>
				<Entity ENTITY_TYPE="Ad" FIRST_TOC_ENTRY_ID="27" DEPTH_LEVEL="1" INDEX_IN_DOC="38" PAGE_NO="14" NAME="Untitled Ad" ID="Ad01404" HREF="/14/Ad01404" SIZE="Medium" IMAGES_RESOLUTION="90" WORDCNT="90"/>
				<Entity ENTITY_TYPE="Ad" FIRST_TOC_ENTRY_ID="28" DEPTH_LEVEL="1" INDEX_IN_DOC="39" PAGE_NO="14" NAME="Untitled Ad" ID="Ad01405" HREF="/14/Ad01405" SIZE="Small" IMAGES_RESOLUTION="90" WORDCNT="32"/>
				<Entity ENTITY_TYPE="Ad" FIRST_TOC_ENTRY_ID="29" DEPTH_LEVEL="1" INDEX_IN_DOC="40" PAGE_NO="14" NAME="Untitled Ad" ID="Ad01406" HREF="/14/Ad01406" SIZE="Medium" IMAGES_RESOLUTION="90" WORDCNT="14"/>
				<Entity ENTITY_TYPE="Ad" FIRST_TOC_ENTRY_ID="30" DEPTH_LEVEL="1" INDEX_IN_DOC="41" PAGE_NO="14" NAME="Untitled Ad" ID="Ad01407" HREF="/14/Ad01407" SIZE="Small" IMAGES_RESOLUTION="90" WORDCNT="76"/>
				<Entity ENTITY_TYPE="Ad" FIRST_TOC_ENTRY_ID="31" DEPTH_LEVEL="1" INDEX_IN_DOC="42" PAGE_NO="14" NAME="Untitled Ad" ID="Ad01408" HREF="/14/Ad01408" SIZE="Small" IMAGES_RESOLUTION="90" WORDCNT="20"/>
			</Page>
			<Page PAGE_NO="15" NAME="" PAGE_LABEL="15" ID="Pg015" PAGE_TYPE="Single" PAGE_WIDTH="669" PAGE_HEIGHT="994" CROP_BOX="0 0 668 993" MEDIA_BOX="0 0 668 993" HREF="/15/Pg015" TOTAL_CHARS_COUNT="31" SUSPICIOUS_CHARS_COUNT="0">
				<Entity ENTITY_TYPE="Article" FIRST_TOC_ENTRY_ID="32" DEPTH_LEVEL="1" INDEX_IN_DOC="43" PAGE_NO="15" NAME="Untitled Article" ID="Ar01500" HREF="/15/Ar01500" SIZE="Small" IMAGES_RESOLUTION="90" WORDCNT="8"/>
				<Entity ENTITY_TYPE="Picture" FIRST_TOC_ENTRY_ID="33" DEPTH_LEVEL="2" INDEX_IN_DOC="44" PAGE_NO="15" NAME="Untitled Picture" ID="Pc01501" HREF="/15/Pc01501" SIZE="XLarge" EMBEDDED_INTO="Ar01500" EMBEDDED_AFTER="Ar0150000" IMAGES_RESOLUTION="90" WORDCNT="0"/>
			</Page>
			<Page PAGE_NO="16" NAME="" PAGE_LABEL="16" ID="Pg016" PAGE_TYPE="Single" PAGE_WIDTH="669" PAGE_HEIGHT="994" CROP_BOX="0 0 668 993" MEDIA_BOX="0 0 668 993" HREF="/16/Pg016" TOTAL_CHARS_COUNT="67" SUSPICIOUS_CHARS_COUNT="0">
				<Entity ENTITY_TYPE="Article" FIRST_TOC_ENTRY_ID="34" DEPTH_LEVEL="1" INDEX_IN_DOC="45" PAGE_NO="16" NAME="Untitled Article" ID="Ar01600" HREF="/16/Ar01600" SIZE="Small" IMAGES_RESOLUTION="90" WORDCNT="17"/>
				<Entity ENTITY_TYPE="Picture" FIRST_TOC_ENTRY_ID="35" DEPTH_LEVEL="2" INDEX_IN_DOC="46" PAGE_NO="16" NAME="Untitled Picture" ID="Pc01601" HREF="/16/Pc01601" SIZE="XLarge" EMBEDDED_INTO="Ar01600" EMBEDDED_AFTER="Ar0160000" IMAGES_RESOLUTION="90" WORDCNT="0"/>
			</Page>
		</Section>
	</Body_np>
	<Logic_np><TOC_Entries><TOC_Entry TOC_ENTRY_ID="1" TITLE="%h*&gt; %im\txn" ENTITY_ID_REF="Ar00100" PAGE_NO="1" PAGE_LABEL="1" PRIM_ID_REF="Ar0010000" IS_IC="true"/><TOC_Entry TOC_ENTRY_ID="2" TITLE="THE TYPICAL AMERICAN." ENTITY_ID_REF="Ar00201" PAGE_NO="2" PAGE_LABEL="2" PRIM_ID_REF="Ar0020100" IS_IC="true"/><TOC_Entry TOC_ENTRY_ID="3" TITLE="BORES, AND THEIR COMPENSATIONS." ENTITY_ID_REF="Ar00301" PAGE_NO="3" PAGE_LABEL="3" PRIM_ID_REF="Ar0030100" IS_IC="true"/><TOC_Entry TOC_ENTRY_ID="4" TITLE="DEPARTMENT OF HISTORY AND POLITICAL SCIE..." ENTITY_ID_REF="Ar00501" PAGE_NO="5" PAGE_LABEL="5" PRIM_ID_REF="Ar0050100" IS_IC="true"/><TOC_Entry TOC_ENTRY_ID="5" TITLE="AN AL UMNUS IN BERLIN." ENTITY_ID_REF="Ar00600" PAGE_NO="6" PAGE_LABEL="6" PRIM_ID_REF="Ar0060000" IS_IC="true"/><TOC_Entry TOC_ENTRY_ID="6" TITLE="THE BIOLOGICAL CLUB." ENTITY_ID_REF="Ar00800" PAGE_NO="8" PAGE_LABEL="8" PRIM_ID_REF="Ar0080000" IS_IC="true"/><TOC_Entry TOC_ENTRY_ID="7" TITLE="HORTON OPENING." ENTITY_ID_REF="Ar00801" PAGE_NO="8" PAGE_LABEL="8" PRIM_ID_REF="Ar0080100" IS_IC="true"/><TOC_Entry TOC_ENTRY_ID="8" TITLE="ALCYONE." ENTITY_ID_REF="Ar00802" PAGE_NO="8" PAGE_LABEL="8" PRIM_ID_REF="Ar0080200" IS_IC="true"/><TOC_Entry TOC_ENTRY_ID="9" TITLE="Y. M. C. A." ENTITY_ID_REF="Ar00803" PAGE_NO="8" PAGE_LABEL="8" PRIM_ID_REF="Ar0080300" IS_IC="true"/><TOC_Entry TOC_ENTRY_ID="10" TITLE="PHOTOGRAPHY AND ITS APPLICA TION IN O. S..." ENTITY_ID_REF="Ar00901" PAGE_NO="9" PAGE_LABEL="9" PRIM_ID_REF="Ar0090100" IS_IC="true"/><TOC_Entry TOC_ENTRY_ID="11" TITLE="NEIV B O OKS FOR THE LIBRA R Y." ENTITY_ID_REF="Ar01001" PAGE_NO="10" PAGE_LABEL="10" PRIM_ID_REF="Ar0100100" IS_IC="true"/><TOC_Entry TOC_ENTRY_ID="12" TITLE="l ^ oeal ai)d p^or^al." ENTITY_ID_REF="Ar01002" PAGE_NO="10" PAGE_LABEL="10" PRIM_ID_REF="Ar0100200" IS_IC="true"/><TOC_Entry TOC_ENTRY_ID="13" TITLE="piumpi flotes." ENTITY_ID_REF="Ar01101" PAGE_NO="11" PAGE_LABEL="11" PRIM_ID_REF="Ar0110100" IS_IC="true"/><TOC_Entry TOC_ENTRY_ID="14" TITLE="Dorm flotes." ENTITY_ID_REF="Ar01102" PAGE_NO="11" PAGE_LABEL="11" PRIM_ID_REF="Ar0110200" IS_IC="true"/><TOC_Entry TOC_ENTRY_ID="15" TITLE="prat^rpity flotes." ENTITY_ID_REF="Ar01201" PAGE_NO="12" PAGE_LABEL="12" PRIM_ID_REF="Ar0120100" IS_IC="true"/><TOC_Entry TOC_ENTRY_ID="16" TITLE="pre$5 &lt;�ommer)t." ENTITY_ID_REF="Ar01202" PAGE_NO="12" PAGE_LABEL="12" PRIM_ID_REF="Ar0120200" IS_IC="true"/><TOC_Entry TOC_ENTRY_ID="17" TITLE="Exetyai^es." ENTITY_ID_REF="Ar01203" PAGE_NO="12" PAGE_LABEL="12" PRIM_ID_REF="Ar0120300" IS_IC="true"/><TOC_Entry TOC_ENTRY_ID="18" TITLE="J^ &lt;$oll&lt;^ U/orld" ENTITY_ID_REF="Ar01301" PAGE_NO="13" PAGE_LABEL="13" PRIM_ID_REF="Ar0130100" IS_IC="true"/><TOC_Entry TOC_ENTRY_ID="19" TITLE="" ENTITY_ID_REF="Ad01302" PAGE_NO="13" PAGE_LABEL="13" PRIM_ID_REF="Ad0130201" IS_IC="true"/><TOC_Entry TOC_ENTRY_ID="20" TITLE="" ENTITY_ID_REF="Ad01303" PAGE_NO="13" PAGE_LABEL="13" PRIM_ID_REF="Ad0130301" IS_IC="true"/><TOC_Entry TOC_ENTRY_ID="21" TITLE="" ENTITY_ID_REF="Ad01304" PAGE_NO="13" PAGE_LABEL="13" PRIM_ID_REF="Ad0130401" IS_IC="true"/><TOC_Entry TOC_ENTRY_ID="22" TITLE="" ENTITY_ID_REF="Ad01305" PAGE_NO="13" PAGE_LABEL="13" PRIM_ID_REF="Ad0130501" IS_IC="true"/><TOC_Entry TOC_ENTRY_ID="23" TITLE="THE PRINTER C � f ^re last week with gle..." ENTITY_ID_REF="Ar01400" PAGE_NO="14" PAGE_LABEL="14" PRIM_ID_REF="Ar0140000" IS_IC="true"/><TOC_Entry TOC_ENTRY_ID="24" TITLE="" ENTITY_ID_REF="Ad01401" PAGE_NO="14" PAGE_LABEL="14" PRIM_ID_REF="Ad0140101" IS_IC="true"/><TOC_Entry TOC_ENTRY_ID="25" TITLE="" ENTITY_ID_REF="Ad01402" PAGE_NO="14" PAGE_LABEL="14" PRIM_ID_REF="Ad0140201" IS_IC="true"/><TOC_Entry TOC_ENTRY_ID="26" TITLE="" ENTITY_ID_REF="Ad01403" PAGE_NO="14" PAGE_LABEL="14" PRIM_ID_REF="Ad0140301" IS_IC="true"/><TOC_Entry TOC_ENTRY_ID="27" TITLE="" ENTITY_ID_REF="Ad01404" PAGE_NO="14" PAGE_LABEL="14" PRIM_ID_REF="Ad0140401" IS_IC="true"/><TOC_Entry TOC_ENTRY_ID="28" TITLE="" ENTITY_ID_REF="Ad01405" PAGE_NO="14" PAGE_LABEL="14" PRIM_ID_REF="Ad0140501" IS_IC="true"/><TOC_Entry TOC_ENTRY_ID="29" TITLE="" ENTITY_ID_REF="Ad01406" PAGE_NO="14" PAGE_LABEL="14" PRIM_ID_REF="Ad0140601" IS_IC="true"/><TOC_Entry TOC_ENTRY_ID="30" TITLE="" ENTITY_ID_REF="Ad01407" PAGE_NO="14" PAGE_LABEL="14" PRIM_ID_REF="Ad0140701" IS_IC="true"/><TOC_Entry TOC_ENTRY_ID="31" TITLE="" ENTITY_ID_REF="Ad01408" PAGE_NO="14" PAGE_LABEL="14" PRIM_ID_REF="Ad0140801" IS_IC="true"/><TOC_Entry TOC_ENTRY_ID="32" TITLE="JAMES E. CAMPBELL, Governor of Ohio." ENTITY_ID_REF="Ar01500" PAGE_NO="15" PAGE_LABEL="15" PRIM_ID_REF="Ar0150000" IS_IC="true"><TOC_Entry TOC_ENTRY_ID="33" TITLE="" ENTITY_ID_REF="Pc01501" PAGE_NO="15" PAGE_LABEL="15" PRIM_ID_REF="Pc0150100" IS_IC="true"/></TOC_Entry><TOC_Entry TOC_ENTRY_ID="34" TITLE="N. R. HYSELL, Speaker House of Represent..." ENTITY_ID_REF="Ar01600" PAGE_NO="16" PAGE_LABEL="16" PRIM_ID_REF="Ar0160000" IS_IC="true"><TOC_Entry TOC_ENTRY_ID="35" TITLE="" ENTITY_ID_REF="Pc01601" PAGE_NO="16" PAGE_LABEL="16" PRIM_ID_REF="Pc0160100" IS_IC="true"/></TOC_Entry></TOC_Entries></Logic_np></Xmd_toc>
