<?xml version="1.0" encoding="windows-1252" standalone="no"?>
<Xmd_toc REPOSITORY_FORMAT="1.0" PRXML_VER="2.2" PUBLICATION="OHI" PUBLICATION_DESCRIPTION="" ISSUE_DATE="21/01/1891" RELEASE_NO="060-OHI-1891-01-21-001-SINGLE-LANTERN_V11_1891_085" LANGUAGE="English">
	<Head_np>
		<Meta PAGES_NUMBER="14" SOURCE_TYPE="TIFF" SOURCE_RESOLUTION="72" IMAGES_RESOLUTION="90" PAGE_THUMBNAIL_RESOLUTION="90" PAGE_PREVIEW_RESOLUTION="15" DEFAULT_IMG_EXT="png" DEFAULT_PREVIEW_IMG_EXT="png" BASE_HREF="OHI/1891/01/21" PDF_DESTINATION_MAPPED="OLV0_Page_0001" TITLE_SNP_EXT="png" AD_SNP_EXT="png" IMAGE_SNP_EXT="jpg" MULTI_LAYER_PAGE_IMG="false" IS_SOLID="false" DOC_DATE="21/01/1891" DOC_UID="OHI_21/01/1891" DOC_VER="1" OCR_CONFIDENCE="1.000" TOTAL_CHARS_COUNT="51727" SUSPICIOUS_CHARS_COUNT="0">
			<Publisher XMD_VER="2.6.240.18" ACROBAT_VER="7.08" PUBLISHER="Olive" PROFILE_ID="W:\Batch\Profile\OHI-1891-01-21.ini">
				<PublishDate>Thu, 26 Mar 2009 08:07:16 UTC</PublishDate>
				<PublishSWFCompatible>false</PublishSWFCompatible>
			</Publisher>
			<Resolutions>
				<Resolution DEFAULT="true">90</Resolution>
			</Resolutions>
		</Meta>
		<Link SOURCE="060-OHI-1891-01-21-001-SINGLE-LANTERN_V11_1891_085.pdf"/>
		<DataFiles>
			<Files TYPE="DOC_PDF" PRESENT="1"/>
			<Files TYPE="PAGE_PDF" PRESENT="0"/>
			<Files TYPE="DOC_IMG" PRESENT="0"/>
			<Files TYPE="PAGE_IMG" PRESENT="0"/>
			<Files TYPE="PAGE_VIEW_IMG" PRESENT="1"/>
			<Files TYPE="PAGE_PREVIEW_IMG" PRESENT="1"/>
			<Files TYPE="PRIMITIVE_IMG" PRESENT="1"/>
			<Files TYPE="SNIPPET_IMG" PRESENT="1"/>
			<Files TYPE="SEGMENTATION" PRESENT="0"/>
		</DataFiles>
	</Head_np>
	<Body_np>
		<Section NAME="Front page">
			<Page PAGE_NO="1" NAME="" PAGE_LABEL="1" ID="Pg001" PAGE_TYPE="Single" PAGE_WIDTH="671" PAGE_HEIGHT="995" CROP_BOX="0 0 670 994" MEDIA_BOX="0 0 670 994" HREF="/1/Pg001" TOTAL_CHARS_COUNT="3129" SUSPICIOUS_CHARS_COUNT="0">
				<Entity ENTITY_TYPE="Article" FIRST_TOC_ENTRY_ID="1" DEPTH_LEVEL="1" INDEX_IN_DOC="1" PAGE_NO="1" NAME="Untitled Article" ID="Ar00100" HREF="/1/Ar00100" SIZE="XLarge" CONTINUATION_TO="Ar00200" IMAGES_RESOLUTION="90" WORDCNT="787"/>
			</Page>
		</Section>
		<Section NAME="None">
			<Page PAGE_NO="2" NAME="" PAGE_LABEL="2" ID="Pg002" PAGE_TYPE="Single" PAGE_WIDTH="672" PAGE_HEIGHT="996" CROP_BOX="0 0 671 995" MEDIA_BOX="0 0 671 995" HREF="/2/Pg002" TOTAL_CHARS_COUNT="3334" SUSPICIOUS_CHARS_COUNT="0">
				<Entity ENTITY_TYPE="Article" FIRST_TOC_ENTRY_ID="1" DEPTH_LEVEL="1" INDEX_IN_DOC="2" PAGE_NO="2" NAME="Untitled Article" ID="Ar00200" HREF="/2/Ar00200" SIZE="XLarge" CONTINUATION_FROM="Ar00100" IMAGES_RESOLUTION="90" WORDCNT="404"/>
				<Entity ENTITY_TYPE="Article" FIRST_TOC_ENTRY_ID="2" DEPTH_LEVEL="1" INDEX_IN_DOC="3" PAGE_NO="2" NAME="Untitled Article" ID="Ar00201" HREF="/2/Ar00201" SIZE="XLarge" CONTINUATION_TO="Ar00300" IMAGES_RESOLUTION="90" WORDCNT="400"/>
			</Page>
			<Page PAGE_NO="3" NAME="" PAGE_LABEL="3" ID="Pg003" PAGE_TYPE="Single" PAGE_WIDTH="659" PAGE_HEIGHT="994" CROP_BOX="0 0 658 993" MEDIA_BOX="0 0 658 993" HREF="/3/Pg003" TOTAL_CHARS_COUNT="3869" SUSPICIOUS_CHARS_COUNT="0">
				<Entity ENTITY_TYPE="Article" FIRST_TOC_ENTRY_ID="2" DEPTH_LEVEL="1" INDEX_IN_DOC="4" PAGE_NO="3" NAME="Untitled Article" ID="Ar00300" HREF="/3/Ar00300" SIZE="XLarge" CONTINUATION_TO="Ar00400" CONTINUATION_FROM="Ar00201" IMAGES_RESOLUTION="90" WORDCNT="872"/>
			</Page>
			<Page PAGE_NO="4" NAME="" PAGE_LABEL="4" ID="Pg004" PAGE_TYPE="Single" PAGE_WIDTH="669" PAGE_HEIGHT="994" CROP_BOX="0 0 668 993" MEDIA_BOX="0 0 668 993" HREF="/4/Pg004" TOTAL_CHARS_COUNT="3851" SUSPICIOUS_CHARS_COUNT="0">
				<Entity ENTITY_TYPE="Article" FIRST_TOC_ENTRY_ID="2" DEPTH_LEVEL="1" INDEX_IN_DOC="5" PAGE_NO="4" NAME="Untitled Article" ID="Ar00400" HREF="/4/Ar00400" SIZE="XLarge" CONTINUATION_FROM="Ar00300" IMAGES_RESOLUTION="90" WORDCNT="878"/>
			</Page>
			<Page PAGE_NO="5" NAME="" PAGE_LABEL="5" ID="Pg005" PAGE_TYPE="Single" PAGE_WIDTH="664" PAGE_HEIGHT="984" CROP_BOX="0 0 663 983" MEDIA_BOX="0 0 663 983" HREF="/5/Pg005" TOTAL_CHARS_COUNT="4748" SUSPICIOUS_CHARS_COUNT="0">
				<Entity ENTITY_TYPE="Article" FIRST_TOC_ENTRY_ID="3" DEPTH_LEVEL="1" INDEX_IN_DOC="6" PAGE_NO="5" NAME="Untitled Article" ID="Ar00500" HREF="/5/Ar00500" SIZE="XLarge" IMAGES_RESOLUTION="90" WORDCNT="831"/>
				<Entity ENTITY_TYPE="Article" FIRST_TOC_ENTRY_ID="4" DEPTH_LEVEL="1" INDEX_IN_DOC="7" PAGE_NO="5" NAME="Untitled Article" ID="Ar00501" HREF="/5/Ar00501" SIZE="Medium" CONTINUATION_TO="Ar00600" IMAGES_RESOLUTION="90" WORDCNT="150"/>
			</Page>
			<Page PAGE_NO="6" NAME="" PAGE_LABEL="6" ID="Pg006" PAGE_TYPE="Single" PAGE_WIDTH="674" PAGE_HEIGHT="998" CROP_BOX="0 0 673 997" MEDIA_BOX="0 0 673 997" HREF="/6/Pg006" TOTAL_CHARS_COUNT="4918" SUSPICIOUS_CHARS_COUNT="0">
				<Entity ENTITY_TYPE="Article" FIRST_TOC_ENTRY_ID="4" DEPTH_LEVEL="1" INDEX_IN_DOC="8" PAGE_NO="6" NAME="Untitled Article" ID="Ar00600" HREF="/6/Ar00600" SIZE="XLarge" CONTINUATION_FROM="Ar00501" IMAGES_RESOLUTION="90" WORDCNT="496"/>
				<Entity ENTITY_TYPE="Article" FIRST_TOC_ENTRY_ID="5" DEPTH_LEVEL="1" INDEX_IN_DOC="9" PAGE_NO="6" NAME="Untitled Article" ID="Ar00601" HREF="/6/Ar00601" SIZE="XLarge" IMAGES_RESOLUTION="90" WORDCNT="694"/>
			</Page>
			<Page PAGE_NO="7" NAME="" PAGE_LABEL="7" ID="Pg007" PAGE_TYPE="Single" PAGE_WIDTH="669" PAGE_HEIGHT="994" CROP_BOX="0 0 668 993" MEDIA_BOX="0 0 668 993" HREF="/7/Pg007" TOTAL_CHARS_COUNT="4761" SUSPICIOUS_CHARS_COUNT="0">
				<Entity ENTITY_TYPE="Article" FIRST_TOC_ENTRY_ID="6" DEPTH_LEVEL="1" INDEX_IN_DOC="10" PAGE_NO="7" NAME="Untitled Article" ID="Ar00700" HREF="/7/Ar00700" SIZE="XLarge" IMAGES_RESOLUTION="90" WORDCNT="480"/>
				<Entity ENTITY_TYPE="Article" FIRST_TOC_ENTRY_ID="8" DEPTH_LEVEL="1" INDEX_IN_DOC="12" PAGE_NO="7" NAME="Untitled Article" ID="Ar00701" HREF="/7/Ar00701" SIZE="Large" CONTINUATION_TO="Ar00800" IMAGES_RESOLUTION="90" WORDCNT="346"/>
				<Entity ENTITY_TYPE="Article" FIRST_TOC_ENTRY_ID="7" DEPTH_LEVEL="1" INDEX_IN_DOC="11" PAGE_NO="7" NAME="Untitled Article" ID="Ar00702" HREF="/7/Ar00702" SIZE="Large" IMAGES_RESOLUTION="90" WORDCNT="352"/>
			</Page>
			<Page PAGE_NO="8" NAME="" PAGE_LABEL="8" ID="Pg008" PAGE_TYPE="Single" PAGE_WIDTH="669" PAGE_HEIGHT="994" CROP_BOX="0 0 668 993" MEDIA_BOX="0 0 668 993" HREF="/8/Pg008" TOTAL_CHARS_COUNT="3467" SUSPICIOUS_CHARS_COUNT="0">
				<Entity ENTITY_TYPE="Article" FIRST_TOC_ENTRY_ID="8" DEPTH_LEVEL="1" INDEX_IN_DOC="13" PAGE_NO="8" NAME="Untitled Article" ID="Ar00800" HREF="/8/Ar00800" SIZE="XLarge" CONTINUATION_FROM="Ar00701" IMAGES_RESOLUTION="90" WORDCNT="932"/>
				<Entity ENTITY_TYPE="Article" FIRST_TOC_ENTRY_ID="9" DEPTH_LEVEL="1" INDEX_IN_DOC="14" PAGE_NO="8" NAME="Untitled Article" ID="Ar00801" HREF="/8/Ar00801" SIZE="Medium" IMAGES_RESOLUTION="90" WORDCNT="127"/>
			</Page>
			<Page PAGE_NO="9" NAME="" PAGE_LABEL="9" ID="Pg009" PAGE_TYPE="Single" PAGE_WIDTH="671" PAGE_HEIGHT="995" CROP_BOX="0 0 670 994" MEDIA_BOX="0 0 670 994" HREF="/9/Pg009" TOTAL_CHARS_COUNT="3839" SUSPICIOUS_CHARS_COUNT="0">
				<Entity ENTITY_TYPE="Article" FIRST_TOC_ENTRY_ID="10" DEPTH_LEVEL="1" INDEX_IN_DOC="15" PAGE_NO="9" NAME="Untitled Article" ID="Ar00900" HREF="/9/Ar00900" SIZE="XLarge" CONTINUATION_TO="Ar01000" IMAGES_RESOLUTION="90" WORDCNT="985"/>
			</Page>
			<Page PAGE_NO="10" NAME="" PAGE_LABEL="10" ID="Pg010" PAGE_TYPE="Single" PAGE_WIDTH="671" PAGE_HEIGHT="995" CROP_BOX="0 0 670 994" MEDIA_BOX="0 0 670 994" HREF="/10/Pg010" TOTAL_CHARS_COUNT="4318" SUSPICIOUS_CHARS_COUNT="0">
				<Entity ENTITY_TYPE="Article" FIRST_TOC_ENTRY_ID="10" DEPTH_LEVEL="1" INDEX_IN_DOC="16" PAGE_NO="10" NAME="Untitled Article" ID="Ar01000" HREF="/10/Ar01000" SIZE="Large" CONTINUATION_FROM="Ar00900" IMAGES_RESOLUTION="90" WORDCNT="464"/>
				<Entity ENTITY_TYPE="Article" FIRST_TOC_ENTRY_ID="11" DEPTH_LEVEL="1" INDEX_IN_DOC="17" PAGE_NO="10" NAME="Untitled Article" ID="Ar01001" HREF="/10/Ar01001" SIZE="Large" IMAGES_RESOLUTION="90" WORDCNT="226"/>
				<Entity ENTITY_TYPE="Article" FIRST_TOC_ENTRY_ID="12" DEPTH_LEVEL="1" INDEX_IN_DOC="18" PAGE_NO="10" NAME="Untitled Article" ID="Ar01002" HREF="/10/Ar01002" SIZE="Large" CONTINUATION_TO="Ar01100" IMAGES_RESOLUTION="90" WORDCNT="414"/>
			</Page>
			<Page PAGE_NO="11" NAME="" PAGE_LABEL="11" ID="Pg011" PAGE_TYPE="Single" PAGE_WIDTH="671" PAGE_HEIGHT="995" CROP_BOX="0 0 670 994" MEDIA_BOX="0 0 670 994" HREF="/11/Pg011" TOTAL_CHARS_COUNT="4499" SUSPICIOUS_CHARS_COUNT="0">
				<Entity ENTITY_TYPE="Article" FIRST_TOC_ENTRY_ID="12" DEPTH_LEVEL="1" INDEX_IN_DOC="19" PAGE_NO="11" NAME="Untitled Article" ID="Ar01100" HREF="/11/Ar01100" SIZE="XLarge" CONTINUATION_FROM="Ar01002" IMAGES_RESOLUTION="90" WORDCNT="1112"/>
				<Entity ENTITY_TYPE="Article" FIRST_TOC_ENTRY_ID="13" DEPTH_LEVEL="1" INDEX_IN_DOC="20" PAGE_NO="11" NAME="Untitled Article" ID="Ar01101" HREF="/11/Ar01101" SIZE="Medium" CONTINUATION_TO="Ar01200" IMAGES_RESOLUTION="90" WORDCNT="97"/>
			</Page>
			<Page PAGE_NO="12" NAME="" PAGE_LABEL="12" ID="Pg012" PAGE_TYPE="Single" PAGE_WIDTH="669" PAGE_HEIGHT="994" CROP_BOX="0 0 668 993" MEDIA_BOX="0 0 668 993" HREF="/12/Pg012" TOTAL_CHARS_COUNT="4301" SUSPICIOUS_CHARS_COUNT="0">
				<Entity ENTITY_TYPE="Article" FIRST_TOC_ENTRY_ID="13" DEPTH_LEVEL="1" INDEX_IN_DOC="21" PAGE_NO="12" NAME="Untitled Article" ID="Ar01200" HREF="/12/Ar01200" SIZE="XLarge" CONTINUATION_FROM="Ar01101" IMAGES_RESOLUTION="90" WORDCNT="742"/>
				<Entity ENTITY_TYPE="Article" FIRST_TOC_ENTRY_ID="14" DEPTH_LEVEL="1" INDEX_IN_DOC="22" PAGE_NO="12" NAME="Untitled Article" ID="Ar01201" HREF="/12/Ar01201" SIZE="Large" CONTINUATION_TO="Ar01300" IMAGES_RESOLUTION="90" WORDCNT="280"/>
			</Page>
			<Page PAGE_NO="13" NAME="" PAGE_LABEL="13" ID="Pg013" PAGE_TYPE="Single" PAGE_WIDTH="669" PAGE_HEIGHT="994" CROP_BOX="0 0 668 993" MEDIA_BOX="0 0 668 993" HREF="/13/Pg013" TOTAL_CHARS_COUNT="2312" SUSPICIOUS_CHARS_COUNT="0">
				<Entity ENTITY_TYPE="Article" FIRST_TOC_ENTRY_ID="14" DEPTH_LEVEL="1" INDEX_IN_DOC="23" PAGE_NO="13" NAME="Untitled Article" ID="Ar01300" HREF="/13/Ar01300" SIZE="Medium" CONTINUATION_FROM="Ar01201" IMAGES_RESOLUTION="90" WORDCNT="205"/>
				<Entity ENTITY_TYPE="Article" FIRST_TOC_ENTRY_ID="15" DEPTH_LEVEL="1" INDEX_IN_DOC="24" PAGE_NO="13" NAME="Untitled Article" ID="Ar01301" HREF="/13/Ar01301" SIZE="Large" IMAGES_RESOLUTION="90" WORDCNT="319"/>
				<Entity ENTITY_TYPE="Article" FIRST_TOC_ENTRY_ID="16" DEPTH_LEVEL="1" INDEX_IN_DOC="25" PAGE_NO="13" NAME="Untitled Article" ID="Ar01302" HREF="/13/Ar01302" SIZE="Small" IMAGES_RESOLUTION="90" WORDCNT="43"/>
				<Entity ENTITY_TYPE="Picture" FIRST_TOC_ENTRY_ID="17" DEPTH_LEVEL="2" INDEX_IN_DOC="26" PAGE_NO="13" NAME="Untitled Picture" ID="Pc01303" HREF="/13/Pc01303" SIZE="Medium" EMBEDDED_INTO="Ar01302" EMBEDDED_AFTER="Ar0130200" IMAGES_RESOLUTION="90" WORDCNT="0"/>
				<Entity ENTITY_TYPE="Ad" FIRST_TOC_ENTRY_ID="18" DEPTH_LEVEL="1" INDEX_IN_DOC="27" PAGE_NO="13" NAME="Untitled Ad" ID="Ad01304" HREF="/13/Ad01304" SIZE="Medium" IMAGES_RESOLUTION="90" WORDCNT="30"/>
				<Entity ENTITY_TYPE="Ad" FIRST_TOC_ENTRY_ID="19" DEPTH_LEVEL="1" INDEX_IN_DOC="28" PAGE_NO="13" NAME="Untitled Ad" ID="Ad01305" HREF="/13/Ad01305" SIZE="Medium" IMAGES_RESOLUTION="90" WORDCNT="64"/>
			</Page>
			<Page PAGE_NO="14" NAME="" PAGE_LABEL="14" ID="Pg014" PAGE_TYPE="Single" PAGE_WIDTH="671" PAGE_HEIGHT="995" CROP_BOX="0 0 670 994" MEDIA_BOX="0 0 670 994" HREF="/14/Pg014" TOTAL_CHARS_COUNT="381" SUSPICIOUS_CHARS_COUNT="0">
				<Entity ENTITY_TYPE="Article" FIRST_TOC_ENTRY_ID="20" DEPTH_LEVEL="1" INDEX_IN_DOC="29" PAGE_NO="14" NAME="Untitled Article" ID="Ar01400" HREF="/14/Ar01400" SIZE="Medium" IMAGES_RESOLUTION="90" WORDCNT="103"/>
				<Entity ENTITY_TYPE="Ad" FIRST_TOC_ENTRY_ID="21" DEPTH_LEVEL="1" INDEX_IN_DOC="30" PAGE_NO="14" NAME="Untitled Ad" ID="Ad01401" HREF="/14/Ad01401" SIZE="Medium" IMAGES_RESOLUTION="90" WORDCNT="39"/>
				<Entity ENTITY_TYPE="Ad" FIRST_TOC_ENTRY_ID="25" DEPTH_LEVEL="1" INDEX_IN_DOC="34" PAGE_NO="14" NAME="Untitled Ad" ID="Ad01402" HREF="/14/Ad01402" SIZE="Small" IMAGES_RESOLUTION="90" WORDCNT="35"/>
				<Entity ENTITY_TYPE="Ad" FIRST_TOC_ENTRY_ID="24" DEPTH_LEVEL="1" INDEX_IN_DOC="33" PAGE_NO="14" NAME="Untitled Ad" ID="Ad01403" HREF="/14/Ad01403" SIZE="Medium" IMAGES_RESOLUTION="90" WORDCNT="85"/>
				<Entity ENTITY_TYPE="Ad" FIRST_TOC_ENTRY_ID="22" DEPTH_LEVEL="1" INDEX_IN_DOC="31" PAGE_NO="14" NAME="Untitled Ad" ID="Ad01404" HREF="/14/Ad01404" SIZE="Medium" IMAGES_RESOLUTION="90" WORDCNT="143"/>
				<Entity ENTITY_TYPE="Ad" FIRST_TOC_ENTRY_ID="23" DEPTH_LEVEL="1" INDEX_IN_DOC="32" PAGE_NO="14" NAME="Untitled Ad" ID="Ad01405" HREF="/14/Ad01405" SIZE="Medium" IMAGES_RESOLUTION="90" WORDCNT="21"/>
				<Entity ENTITY_TYPE="Ad" FIRST_TOC_ENTRY_ID="26" DEPTH_LEVEL="1" INDEX_IN_DOC="35" PAGE_NO="14" NAME="Untitled Ad" ID="Ad01406" HREF="/14/Ad01406" SIZE="Large" IMAGES_RESOLUTION="90" WORDCNT="79"/>
				<Entity ENTITY_TYPE="Ad" FIRST_TOC_ENTRY_ID="27" DEPTH_LEVEL="1" INDEX_IN_DOC="36" PAGE_NO="14" NAME="Untitled Ad" ID="Ad01407" HREF="/14/Ad01407" SIZE="Small" IMAGES_RESOLUTION="90" WORDCNT="24"/>
			</Page>
		</Section>
	</Body_np>
	<Logic_np><TOC_Entries><TOC_Entry TOC_ENTRY_ID="1" TITLE="%\xt % KU\ZXU." ENTITY_ID_REF="Ar00100" PAGE_NO="1" PAGE_LABEL="1" PRIM_ID_REF="Ar0010000" IS_IC="true"/><TOC_Entry TOC_ENTRY_ID="2" TITLE="(Jeperal literature." ENTITY_ID_REF="Ar00201" PAGE_NO="2" PAGE_LABEL="2" PRIM_ID_REF="Ar0020100" IS_IC="true"/><TOC_Entry TOC_ENTRY_ID="3" TITLE="D&lt;^part/T\ei)ts tfye i7iu&lt;^ r$ity." ENTITY_ID_REF="Ar00500" PAGE_NO="5" PAGE_LABEL="5" PRIM_ID_REF="Ar0050000" IS_IC="true"/><TOC_Entry TOC_ENTRY_ID="4" TITLE="ipeal." ENTITY_ID_REF="Ar00501" PAGE_NO="5" PAGE_LABEL="5" PRIM_ID_REF="Ar0050100" IS_IC="true"/><TOC_Entry TOC_ENTRY_ID="5" TITLE="THE FRESH MA N BA NO UE T." ENTITY_ID_REF="Ar00601" PAGE_NO="6" PAGE_LABEL="6" PRIM_ID_REF="Ar0060100" IS_IC="true"/><TOC_Entry TOC_ENTRY_ID="6" TITLE="THE UNIVERSITY TRUSTEES." ENTITY_ID_REF="Ar00700" PAGE_NO="7" PAGE_LABEL="7" PRIM_ID_REF="Ar0070000" IS_IC="true"/><TOC_Entry TOC_ENTRY_ID="7" TITLE="THE CHILLICOTHE O. S. U. CLUB." ENTITY_ID_REF="Ar00702" PAGE_NO="7" PAGE_LABEL="7" PRIM_ID_REF="Ar0070200" IS_IC="true"/><TOC_Entry TOC_ENTRY_ID="8" TITLE="MISS M ORB ART WINS!" ENTITY_ID_REF="Ar00701" PAGE_NO="7" PAGE_LABEL="7" PRIM_ID_REF="Ar0070100" IS_IC="true"/><TOC_Entry TOC_ENTRY_ID="9" TITLE="The series of lectures at First Congrega..." ENTITY_ID_REF="Ar00801" PAGE_NO="8" PAGE_LABEL="8" PRIM_ID_REF="Ar0080100" IS_IC="true"/><TOC_Entry TOC_ENTRY_ID="10" TITLE="loeal ai?d P^opal." ENTITY_ID_REF="Ar00900" PAGE_NO="9" PAGE_LABEL="9" PRIM_ID_REF="Ar0090000" IS_IC="true"/><TOC_Entry TOC_ENTRY_ID="11" TITLE="prat^ity Motes." ENTITY_ID_REF="Ar01001" PAGE_NO="10" PAGE_LABEL="10" PRIM_ID_REF="Ar0100100" IS_IC="true"/><TOC_Entry TOC_ENTRY_ID="12" TITLE="f\\u(T\T)\ flotes" ENTITY_ID_REF="Ar01002" PAGE_NO="10" PAGE_LABEL="10" PRIM_ID_REF="Ar0100200" IS_IC="true"/><TOC_Entry TOC_ENTRY_ID="13" TITLE="STUDENTS IN KOLHAPUR." ENTITY_ID_REF="Ar01101" PAGE_NO="11" PAGE_LABEL="11" PRIM_ID_REF="Ar0110100" IS_IC="true"/><TOC_Entry TOC_ENTRY_ID="14" TITLE="Exetyar^es." ENTITY_ID_REF="Ar01201" PAGE_NO="12" PAGE_LABEL="12" PRIM_ID_REF="Ar0120100" IS_IC="true"/><TOC_Entry TOC_ENTRY_ID="15" TITLE="J^ &lt;?o!l&lt;^ U/orld." ENTITY_ID_REF="Ar01301" PAGE_NO="13" PAGE_LABEL="13" PRIM_ID_REF="Ar0130100" IS_IC="true"/><TOC_Entry TOC_ENTRY_ID="16" TITLE="Mr. D. Lited Buyer�Did you say these shi..." ENTITY_ID_REF="Ar01302" PAGE_NO="13" PAGE_LABEL="13" PRIM_ID_REF="Ar0130200" IS_IC="true"><TOC_Entry TOC_ENTRY_ID="17" TITLE="" ENTITY_ID_REF="Pc01303" PAGE_NO="13" PAGE_LABEL="13" PRIM_ID_REF="Pc0130300" IS_IC="true"/></TOC_Entry><TOC_Entry TOC_ENTRY_ID="18" TITLE="" ENTITY_ID_REF="Ad01304" PAGE_NO="13" PAGE_LABEL="13" PRIM_ID_REF="Ad0130401" IS_IC="true"/><TOC_Entry TOC_ENTRY_ID="19" TITLE="" ENTITY_ID_REF="Ad01305" PAGE_NO="13" PAGE_LABEL="13" PRIM_ID_REF="Ad0130501" IS_IC="true"/><TOC_Entry TOC_ENTRY_ID="20" TITLE="THE PRINTER ca � e f lore ^ * eek with g..." ENTITY_ID_REF="Ar01400" PAGE_NO="14" PAGE_LABEL="14" PRIM_ID_REF="Ar0140000" IS_IC="true"/><TOC_Entry TOC_ENTRY_ID="21" TITLE="" ENTITY_ID_REF="Ad01401" PAGE_NO="14" PAGE_LABEL="14" PRIM_ID_REF="Ad0140101" IS_IC="true"/><TOC_Entry TOC_ENTRY_ID="22" TITLE="" ENTITY_ID_REF="Ad01404" PAGE_NO="14" PAGE_LABEL="14" PRIM_ID_REF="Ad0140401" IS_IC="true"/><TOC_Entry TOC_ENTRY_ID="23" TITLE="" ENTITY_ID_REF="Ad01405" PAGE_NO="14" PAGE_LABEL="14" PRIM_ID_REF="Ad0140501" IS_IC="true"/><TOC_Entry TOC_ENTRY_ID="24" TITLE="" ENTITY_ID_REF="Ad01403" PAGE_NO="14" PAGE_LABEL="14" PRIM_ID_REF="Ad0140301" IS_IC="true"/><TOC_Entry TOC_ENTRY_ID="25" TITLE="" ENTITY_ID_REF="Ad01402" PAGE_NO="14" PAGE_LABEL="14" PRIM_ID_REF="Ad0140201" IS_IC="true"/><TOC_Entry TOC_ENTRY_ID="26" TITLE="" ENTITY_ID_REF="Ad01406" PAGE_NO="14" PAGE_LABEL="14" PRIM_ID_REF="Ad0140601" IS_IC="true"/><TOC_Entry TOC_ENTRY_ID="27" TITLE="" ENTITY_ID_REF="Ad01407" PAGE_NO="14" PAGE_LABEL="14" PRIM_ID_REF="Ad0140701" IS_IC="true"/></TOC_Entries></Logic_np></Xmd_toc>
