<?xml version="1.0" encoding="windows-1252" standalone="no"?>
<Xmd_toc REPOSITORY_FORMAT="1.0" PRXML_VER="2.2" PUBLICATION="OHI" PUBLICATION_DESCRIPTION="" ISSUE_DATE="30/09/1891" RELEASE_NO="060-OHI-1891-09-30-001-SINGLE-LANTERN_V12_1891_001" LANGUAGE="English">
	<Head_np>
		<Meta PAGES_NUMBER="16" SOURCE_TYPE="TIFF" SOURCE_RESOLUTION="72" IMAGES_RESOLUTION="72" PAGE_THUMBNAIL_RESOLUTION="72" PAGE_PREVIEW_RESOLUTION="15" DEFAULT_IMG_EXT="png" DEFAULT_PREVIEW_IMG_EXT="png" BASE_HREF="OHI/1891/09/30" PDF_DESTINATION_MAPPED="OLV0_Page_0001" TITLE_SNP_EXT="png" AD_SNP_EXT="png" IMAGE_SNP_EXT="jpg" MULTI_LAYER_PAGE_IMG="false" IS_SOLID="false" DOC_DATE="30/09/1891" DOC_UID="OHI_30/09/1891" DOC_VER="1" TOTAL_CHARS_COUNT="36529" SUSPICIOUS_CHARS_COUNT="0">
			<Publisher XMD_VER="2.6.240.18" ACROBAT_VER="7.08" PUBLISHER="Olive" PROFILE_ID="W:\Batch\Profile\OHI-1891-09-30.ini">
				<PublishDate>Thu, 26 Mar 2009 08:16:59 UTC</PublishDate>
				<PublishSWFCompatible>false</PublishSWFCompatible>
			</Publisher>
			<Resolutions>
				<Resolution DEFAULT="true">72</Resolution>
			</Resolutions>
		</Meta>
		<Link SOURCE="060-OHI-1891-09-30-001-SINGLE-LANTERN_V12_1891_001.pdf"/>
		<DataFiles>
			<Files TYPE="DOC_PDF" PRESENT="1"/>
			<Files TYPE="PAGE_PDF" PRESENT="0"/>
			<Files TYPE="DOC_IMG" PRESENT="0"/>
			<Files TYPE="PAGE_IMG" PRESENT="0"/>
			<Files TYPE="PAGE_VIEW_IMG" PRESENT="1"/>
			<Files TYPE="PAGE_PREVIEW_IMG" PRESENT="1"/>
			<Files TYPE="PRIMITIVE_IMG" PRESENT="1"/>
			<Files TYPE="SNIPPET_IMG" PRESENT="1"/>
			<Files TYPE="SEGMENTATION" PRESENT="0"/>
		</DataFiles>
	</Head_np>
	<Body_np>
		<Section NAME="Front page">
			<Page PAGE_NO="1" NAME="" PAGE_LABEL="1" ID="Pg001" PAGE_TYPE="Single" PAGE_WIDTH="679" PAGE_HEIGHT="1036" CROP_BOX="0 0 678 1035" MEDIA_BOX="0 0 678 1035" HREF="/1/Pg001" TOTAL_CHARS_COUNT="911" SUSPICIOUS_CHARS_COUNT="0">
				<Entity ENTITY_TYPE="Article" FIRST_TOC_ENTRY_ID="1" DEPTH_LEVEL="1" INDEX_IN_DOC="1" PAGE_NO="1" NAME="Untitled Article" ID="Ar00100" HREF="/1/Ar00100" SIZE="XLarge" IMAGES_RESOLUTION="72" WORDCNT="240"/>
			</Page>
		</Section>
		<Section NAME="None">
			<Page PAGE_NO="2" NAME="" PAGE_LABEL="2" ID="Pg002" PAGE_TYPE="Single" PAGE_WIDTH="646" PAGE_HEIGHT="1013" CROP_BOX="0 0 645 1012" MEDIA_BOX="0 0 645 1012" HREF="/2/Pg002" TOTAL_CHARS_COUNT="0" SUSPICIOUS_CHARS_COUNT="0">
				<Entity ENTITY_TYPE="Ad" FIRST_TOC_ENTRY_ID="2" DEPTH_LEVEL="1" INDEX_IN_DOC="2" PAGE_NO="2" NAME="Untitled Ad" ID="Ad00200" HREF="/2/Ad00200" SIZE="XLarge" IMAGES_RESOLUTION="72" WORDCNT="161"/>
				<Entity ENTITY_TYPE="Ad" FIRST_TOC_ENTRY_ID="3" DEPTH_LEVEL="1" INDEX_IN_DOC="3" PAGE_NO="2" NAME="Untitled Ad" ID="Ad00201" HREF="/2/Ad00201" SIZE="Large" IMAGES_RESOLUTION="72" WORDCNT="87"/>
				<Entity ENTITY_TYPE="Ad" FIRST_TOC_ENTRY_ID="4" DEPTH_LEVEL="1" INDEX_IN_DOC="4" PAGE_NO="2" NAME="Untitled Ad" ID="Ad00202" HREF="/2/Ad00202" SIZE="Large" IMAGES_RESOLUTION="72" WORDCNT="56"/>
			</Page>
			<Page PAGE_NO="3" NAME="" PAGE_LABEL="3" ID="Pg003" PAGE_TYPE="Single" PAGE_WIDTH="694" PAGE_HEIGHT="1035" CROP_BOX="0 0 693 1034" MEDIA_BOX="0 0 693 1034" HREF="/3/Pg003" TOTAL_CHARS_COUNT="3425" SUSPICIOUS_CHARS_COUNT="0">
				<Entity ENTITY_TYPE="Article" FIRST_TOC_ENTRY_ID="5" DEPTH_LEVEL="1" INDEX_IN_DOC="5" PAGE_NO="3" NAME="Untitled Article" ID="Ar00300" HREF="/3/Ar00300" SIZE="XLarge" CONTINUATION_TO="Ar00301" IMAGES_RESOLUTION="72" WORDCNT="465"/>
				<Entity ENTITY_TYPE="Article" FIRST_TOC_ENTRY_ID="5" DEPTH_LEVEL="1" INDEX_IN_DOC="6" PAGE_NO="3" NAME="Untitled Article" ID="Ar00301" HREF="/3/Ar00301" SIZE="XLarge" CONTINUATION_TO="Ar00402" CONTINUATION_FROM="Ar00300" IMAGES_RESOLUTION="72" WORDCNT="455"/>
			</Page>
			<Page PAGE_NO="4" NAME="" PAGE_LABEL="4" ID="Pg004" PAGE_TYPE="Single" PAGE_WIDTH="642" PAGE_HEIGHT="992" CROP_BOX="0 0 641 991" MEDIA_BOX="0 0 641 991" HREF="/4/Pg004" TOTAL_CHARS_COUNT="3633" SUSPICIOUS_CHARS_COUNT="0">
				<Entity ENTITY_TYPE="Article" FIRST_TOC_ENTRY_ID="5" DEPTH_LEVEL="1" INDEX_IN_DOC="8" PAGE_NO="4" NAME="Untitled Article" ID="Ar00400" HREF="/4/Ar00400" SIZE="Small" CONTINUATION_FROM="Ar00402" IMAGES_RESOLUTION="72" WORDCNT="12"/>
				<Entity ENTITY_TYPE="Article" FIRST_TOC_ENTRY_ID="6" DEPTH_LEVEL="1" INDEX_IN_DOC="9" PAGE_NO="4" NAME="Untitled Article" ID="Ar00401" HREF="/4/Ar00401" SIZE="XLarge" CONTINUATION_TO="Ar00500" IMAGES_RESOLUTION="72" WORDCNT="414"/>
				<Entity ENTITY_TYPE="Article" FIRST_TOC_ENTRY_ID="5" DEPTH_LEVEL="1" INDEX_IN_DOC="7" PAGE_NO="4" NAME="Untitled Article" ID="Ar00402" HREF="/4/Ar00402" SIZE="XLarge" CONTINUATION_TO="Ar00400" CONTINUATION_FROM="Ar00301" IMAGES_RESOLUTION="72" WORDCNT="472"/>
			</Page>
			<Page PAGE_NO="5" NAME="" PAGE_LABEL="5" ID="Pg005" PAGE_TYPE="Single" PAGE_WIDTH="642" PAGE_HEIGHT="992" CROP_BOX="0 0 641 991" MEDIA_BOX="0 0 641 991" HREF="/5/Pg005" TOTAL_CHARS_COUNT="3530" SUSPICIOUS_CHARS_COUNT="0">
				<Entity ENTITY_TYPE="Article" FIRST_TOC_ENTRY_ID="6" DEPTH_LEVEL="1" INDEX_IN_DOC="10" PAGE_NO="5" NAME="Untitled Article" ID="Ar00500" HREF="/5/Ar00500" SIZE="XLarge" CONTINUATION_FROM="Ar00401" IMAGES_RESOLUTION="72" WORDCNT="402"/>
				<Entity ENTITY_TYPE="Article" FIRST_TOC_ENTRY_ID="7" DEPTH_LEVEL="1" INDEX_IN_DOC="11" PAGE_NO="5" NAME="Untitled Article" ID="Ar00501" HREF="/5/Ar00501" SIZE="XLarge" CONTINUATION_TO="Ar00600" IMAGES_RESOLUTION="72" WORDCNT="388"/>
			</Page>
			<Page PAGE_NO="6" NAME="" PAGE_LABEL="6" ID="Pg006" PAGE_TYPE="Single" PAGE_WIDTH="642" PAGE_HEIGHT="992" CROP_BOX="0 0 641 991" MEDIA_BOX="0 0 641 991" HREF="/6/Pg006" TOTAL_CHARS_COUNT="3909" SUSPICIOUS_CHARS_COUNT="0">
				<Entity ENTITY_TYPE="Article" FIRST_TOC_ENTRY_ID="7" DEPTH_LEVEL="1" INDEX_IN_DOC="12" PAGE_NO="6" NAME="Untitled Article" ID="Ar00600" HREF="/6/Ar00600" SIZE="XLarge" CONTINUATION_TO="Ar00601" CONTINUATION_FROM="Ar00501" IMAGES_RESOLUTION="72" WORDCNT="453"/>
				<Entity ENTITY_TYPE="Article" FIRST_TOC_ENTRY_ID="7" DEPTH_LEVEL="1" INDEX_IN_DOC="13" PAGE_NO="6" NAME="Untitled Article" ID="Ar00601" HREF="/6/Ar00601" SIZE="XLarge" CONTINUATION_TO="Ar00700" CONTINUATION_FROM="Ar00600" IMAGES_RESOLUTION="72" WORDCNT="425"/>
			</Page>
			<Page PAGE_NO="7" NAME="" PAGE_LABEL="7" ID="Pg007" PAGE_TYPE="Single" PAGE_WIDTH="642" PAGE_HEIGHT="992" CROP_BOX="0 0 641 991" MEDIA_BOX="0 0 641 991" HREF="/7/Pg007" TOTAL_CHARS_COUNT="3867" SUSPICIOUS_CHARS_COUNT="0">
				<Entity ENTITY_TYPE="Article" FIRST_TOC_ENTRY_ID="7" DEPTH_LEVEL="1" INDEX_IN_DOC="14" PAGE_NO="7" NAME="Untitled Article" ID="Ar00700" HREF="/7/Ar00700" SIZE="XLarge" CONTINUATION_TO="Ar00701" CONTINUATION_FROM="Ar00601" IMAGES_RESOLUTION="72" WORDCNT="422"/>
				<Entity ENTITY_TYPE="Article" FIRST_TOC_ENTRY_ID="7" DEPTH_LEVEL="1" INDEX_IN_DOC="15" PAGE_NO="7" NAME="Untitled Article" ID="Ar00701" HREF="/7/Ar00701" SIZE="XLarge" CONTINUATION_TO="Ar00800" CONTINUATION_FROM="Ar00700" IMAGES_RESOLUTION="72" WORDCNT="415"/>
			</Page>
			<Page PAGE_NO="8" NAME="" PAGE_LABEL="8" ID="Pg008" PAGE_TYPE="Single" PAGE_WIDTH="642" PAGE_HEIGHT="992" CROP_BOX="0 0 641 991" MEDIA_BOX="0 0 641 991" HREF="/8/Pg008" TOTAL_CHARS_COUNT="3843" SUSPICIOUS_CHARS_COUNT="0">
				<Entity ENTITY_TYPE="Article" FIRST_TOC_ENTRY_ID="7" DEPTH_LEVEL="1" INDEX_IN_DOC="16" PAGE_NO="8" NAME="Untitled Article" ID="Ar00800" HREF="/8/Ar00800" SIZE="XLarge" CONTINUATION_TO="Ar00801" CONTINUATION_FROM="Ar00701" IMAGES_RESOLUTION="72" WORDCNT="414"/>
				<Entity ENTITY_TYPE="Article" FIRST_TOC_ENTRY_ID="7" DEPTH_LEVEL="1" INDEX_IN_DOC="17" PAGE_NO="8" NAME="Untitled Article" ID="Ar00801" HREF="/8/Ar00801" SIZE="XLarge" CONTINUATION_TO="Ar00900" CONTINUATION_FROM="Ar00800" IMAGES_RESOLUTION="72" WORDCNT="446"/>
			</Page>
			<Page PAGE_NO="9" NAME="" PAGE_LABEL="9" ID="Pg009" PAGE_TYPE="Single" PAGE_WIDTH="642" PAGE_HEIGHT="992" CROP_BOX="0 0 641 991" MEDIA_BOX="0 0 641 991" HREF="/9/Pg009" TOTAL_CHARS_COUNT="3980" SUSPICIOUS_CHARS_COUNT="0">
				<Entity ENTITY_TYPE="Article" FIRST_TOC_ENTRY_ID="7" DEPTH_LEVEL="1" INDEX_IN_DOC="18" PAGE_NO="9" NAME="Untitled Article" ID="Ar00900" HREF="/9/Ar00900" SIZE="XLarge" CONTINUATION_TO="Ar00901" CONTINUATION_FROM="Ar00801" IMAGES_RESOLUTION="72" WORDCNT="470"/>
				<Entity ENTITY_TYPE="Article" FIRST_TOC_ENTRY_ID="7" DEPTH_LEVEL="1" INDEX_IN_DOC="19" PAGE_NO="9" NAME="Untitled Article" ID="Ar00901" HREF="/9/Ar00901" SIZE="XLarge" CONTINUATION_TO="Ar01000" CONTINUATION_FROM="Ar00900" IMAGES_RESOLUTION="72" WORDCNT="452"/>
			</Page>
			<Page PAGE_NO="10" NAME="" PAGE_LABEL="10" ID="Pg010" PAGE_TYPE="Single" PAGE_WIDTH="642" PAGE_HEIGHT="992" CROP_BOX="0 0 641 991" MEDIA_BOX="0 0 641 991" HREF="/10/Pg010" TOTAL_CHARS_COUNT="3852" SUSPICIOUS_CHARS_COUNT="0">
				<Entity ENTITY_TYPE="Article" FIRST_TOC_ENTRY_ID="7" DEPTH_LEVEL="1" INDEX_IN_DOC="20" PAGE_NO="10" NAME="Untitled Article" ID="Ar01000" HREF="/10/Ar01000" SIZE="XLarge" CONTINUATION_TO="Ar01001" CONTINUATION_FROM="Ar00901" IMAGES_RESOLUTION="72" WORDCNT="435"/>
				<Entity ENTITY_TYPE="Article" FIRST_TOC_ENTRY_ID="7" DEPTH_LEVEL="1" INDEX_IN_DOC="21" PAGE_NO="10" NAME="Untitled Article" ID="Ar01001" HREF="/10/Ar01001" SIZE="XLarge" CONTINUATION_TO="Ar01100" CONTINUATION_FROM="Ar01000" IMAGES_RESOLUTION="72" WORDCNT="452"/>
			</Page>
			<Page PAGE_NO="11" NAME="" PAGE_LABEL="11" ID="Pg011" PAGE_TYPE="Single" PAGE_WIDTH="642" PAGE_HEIGHT="992" CROP_BOX="0 0 641 991" MEDIA_BOX="0 0 641 991" HREF="/11/Pg011" TOTAL_CHARS_COUNT="3221" SUSPICIOUS_CHARS_COUNT="0">
				<Entity ENTITY_TYPE="Article" FIRST_TOC_ENTRY_ID="7" DEPTH_LEVEL="1" INDEX_IN_DOC="22" PAGE_NO="11" NAME="Untitled Article" ID="Ar01100" HREF="/11/Ar01100" SIZE="Small" CONTINUATION_FROM="Ar01001" IMAGES_RESOLUTION="72" WORDCNT="26"/>
				<Entity ENTITY_TYPE="Article" FIRST_TOC_ENTRY_ID="8" DEPTH_LEVEL="1" INDEX_IN_DOC="23" PAGE_NO="11" NAME="Untitled Article" ID="Ar01101" HREF="/11/Ar01101" SIZE="XLarge" CONTINUATION_TO="Ar01102" IMAGES_RESOLUTION="72" WORDCNT="355"/>
				<Entity ENTITY_TYPE="Article" FIRST_TOC_ENTRY_ID="8" DEPTH_LEVEL="1" INDEX_IN_DOC="24" PAGE_NO="11" NAME="Untitled Article" ID="Ar01102" HREF="/11/Ar01102" SIZE="Medium" CONTINUATION_FROM="Ar01101" IMAGES_RESOLUTION="72" WORDCNT="130"/>
				<Entity ENTITY_TYPE="Article" FIRST_TOC_ENTRY_ID="9" DEPTH_LEVEL="1" INDEX_IN_DOC="25" PAGE_NO="11" NAME="Untitled Article" ID="Ar01103" HREF="/11/Ar01103" SIZE="Large" IMAGES_RESOLUTION="72" WORDCNT="163"/>
				<Entity ENTITY_TYPE="Article" FIRST_TOC_ENTRY_ID="10" DEPTH_LEVEL="1" INDEX_IN_DOC="26" PAGE_NO="11" NAME="Untitled Article" ID="Ar01104" HREF="/11/Ar01104" SIZE="Small" IMAGES_RESOLUTION="72" WORDCNT="46"/>
				<Entity ENTITY_TYPE="Article" FIRST_TOC_ENTRY_ID="11" DEPTH_LEVEL="1" INDEX_IN_DOC="27" PAGE_NO="11" NAME="Untitled Article" ID="Ar01105" HREF="/11/Ar01105" SIZE="Medium" CONTINUATION_TO="Ar01200" IMAGES_RESOLUTION="72" WORDCNT="67"/>
			</Page>
			<Page PAGE_NO="12" NAME="" PAGE_LABEL="12" ID="Pg012" PAGE_TYPE="Single" PAGE_WIDTH="644" PAGE_HEIGHT="993" CROP_BOX="0 0 643 992" MEDIA_BOX="0 0 643 992" HREF="/12/Pg012" TOTAL_CHARS_COUNT="2358" SUSPICIOUS_CHARS_COUNT="0">
				<Entity ENTITY_TYPE="Article" FIRST_TOC_ENTRY_ID="11" DEPTH_LEVEL="1" INDEX_IN_DOC="28" PAGE_NO="12" NAME="Untitled Article" ID="Ar01200" HREF="/12/Ar01200" SIZE="Medium" CONTINUATION_FROM="Ar01105" IMAGES_RESOLUTION="72" WORDCNT="113"/>
				<Entity ENTITY_TYPE="Article" FIRST_TOC_ENTRY_ID="12" DEPTH_LEVEL="1" INDEX_IN_DOC="30" PAGE_NO="12" NAME="Untitled Article" ID="Ar01201" HREF="/12/Ar01201" SIZE="Large" CONTINUATION_FROM="Ar01202" IMAGES_RESOLUTION="72" WORDCNT="253"/>
				<Entity ENTITY_TYPE="Article" FIRST_TOC_ENTRY_ID="12" DEPTH_LEVEL="1" INDEX_IN_DOC="29" PAGE_NO="12" NAME="Untitled Article" ID="Ar01202" HREF="/12/Ar01202" SIZE="Large" CONTINUATION_TO="Ar01201" IMAGES_RESOLUTION="72" WORDCNT="241"/>
				<Entity ENTITY_TYPE="Ad" FIRST_TOC_ENTRY_ID="13" DEPTH_LEVEL="1" INDEX_IN_DOC="31" PAGE_NO="12" NAME="Untitled Ad" ID="Ad01203" HREF="/12/Ad01203" SIZE="Medium" IMAGES_RESOLUTION="72" WORDCNT="145"/>
			</Page>
			<Page PAGE_NO="13" NAME="" PAGE_LABEL="13" ID="Pg013" PAGE_TYPE="Single" PAGE_WIDTH="642" PAGE_HEIGHT="992" CROP_BOX="0 0 641 991" MEDIA_BOX="0 0 641 991" HREF="/13/Pg013" TOTAL_CHARS_COUNT="0" SUSPICIOUS_CHARS_COUNT="0">
				<Entity ENTITY_TYPE="Ad" FIRST_TOC_ENTRY_ID="14" DEPTH_LEVEL="1" INDEX_IN_DOC="32" PAGE_NO="13" NAME="Untitled Ad" ID="Ad01300" HREF="/13/Ad01300" SIZE="Medium" IMAGES_RESOLUTION="72" WORDCNT="145"/>
				<Entity ENTITY_TYPE="Ad" FIRST_TOC_ENTRY_ID="15" DEPTH_LEVEL="1" INDEX_IN_DOC="33" PAGE_NO="13" NAME="Untitled Ad" ID="Ad01301" HREF="/13/Ad01301" SIZE="Large" IMAGES_RESOLUTION="72" WORDCNT="232"/>
				<Entity ENTITY_TYPE="Ad" FIRST_TOC_ENTRY_ID="16" DEPTH_LEVEL="1" INDEX_IN_DOC="34" PAGE_NO="13" NAME="Untitled Ad" ID="Ad01302" HREF="/13/Ad01302" SIZE="Medium" IMAGES_RESOLUTION="72" WORDCNT="119"/>
				<Entity ENTITY_TYPE="Ad" FIRST_TOC_ENTRY_ID="17" DEPTH_LEVEL="1" INDEX_IN_DOC="35" PAGE_NO="13" NAME="Untitled Ad" ID="Ad01303" HREF="/13/Ad01303" SIZE="Small" IMAGES_RESOLUTION="72" WORDCNT="47"/>
				<Entity ENTITY_TYPE="Ad" FIRST_TOC_ENTRY_ID="18" DEPTH_LEVEL="1" INDEX_IN_DOC="36" PAGE_NO="13" NAME="Untitled Ad" ID="Ad01304" HREF="/13/Ad01304" SIZE="Medium" IMAGES_RESOLUTION="72" WORDCNT="54"/>
				<Entity ENTITY_TYPE="Ad" FIRST_TOC_ENTRY_ID="19" DEPTH_LEVEL="1" INDEX_IN_DOC="37" PAGE_NO="13" NAME="Untitled Ad" ID="Ad01305" HREF="/13/Ad01305" SIZE="Small" IMAGES_RESOLUTION="72" WORDCNT="23"/>
				<Entity ENTITY_TYPE="Ad" FIRST_TOC_ENTRY_ID="20" DEPTH_LEVEL="1" INDEX_IN_DOC="38" PAGE_NO="13" NAME="Untitled Ad" ID="Ad01306" HREF="/13/Ad01306" SIZE="Small" IMAGES_RESOLUTION="72" WORDCNT="23"/>
				<Entity ENTITY_TYPE="Ad" FIRST_TOC_ENTRY_ID="21" DEPTH_LEVEL="1" INDEX_IN_DOC="39" PAGE_NO="13" NAME="Untitled Ad" ID="Ad01307" HREF="/13/Ad01307" SIZE="Medium" IMAGES_RESOLUTION="72" WORDCNT="61"/>
			</Page>
			<Page PAGE_NO="14" NAME="" PAGE_LABEL="14" ID="Pg014" PAGE_TYPE="Single" PAGE_WIDTH="642" PAGE_HEIGHT="992" CROP_BOX="0 0 641 991" MEDIA_BOX="0 0 641 991" HREF="/14/Pg014" TOTAL_CHARS_COUNT="0" SUSPICIOUS_CHARS_COUNT="0">
				<Entity ENTITY_TYPE="Ad" FIRST_TOC_ENTRY_ID="22" DEPTH_LEVEL="1" INDEX_IN_DOC="40" PAGE_NO="14" NAME="Untitled Ad" ID="Ad01400" HREF="/14/Ad01400" SIZE="Medium" IMAGES_RESOLUTION="72" WORDCNT="43"/>
				<Entity ENTITY_TYPE="Ad" FIRST_TOC_ENTRY_ID="23" DEPTH_LEVEL="1" INDEX_IN_DOC="41" PAGE_NO="14" NAME="Untitled Ad" ID="Ad01401" HREF="/14/Ad01401" SIZE="Large" IMAGES_RESOLUTION="72" WORDCNT="167"/>
				<Entity ENTITY_TYPE="Ad" FIRST_TOC_ENTRY_ID="24" DEPTH_LEVEL="1" INDEX_IN_DOC="42" PAGE_NO="14" NAME="Untitled Ad" ID="Ad01402" HREF="/14/Ad01402" SIZE="Medium" IMAGES_RESOLUTION="72" WORDCNT="36"/>
				<Entity ENTITY_TYPE="Ad" FIRST_TOC_ENTRY_ID="25" DEPTH_LEVEL="1" INDEX_IN_DOC="43" PAGE_NO="14" NAME="Untitled Ad" ID="Ad01403" HREF="/14/Ad01403" SIZE="Medium" IMAGES_RESOLUTION="72" WORDCNT="50"/>
				<Entity ENTITY_TYPE="Ad" FIRST_TOC_ENTRY_ID="26" DEPTH_LEVEL="1" INDEX_IN_DOC="44" PAGE_NO="14" NAME="Untitled Ad" ID="Ad01404" HREF="/14/Ad01404" SIZE="Medium" IMAGES_RESOLUTION="72" WORDCNT="10"/>
				<Entity ENTITY_TYPE="Ad" FIRST_TOC_ENTRY_ID="27" DEPTH_LEVEL="1" INDEX_IN_DOC="45" PAGE_NO="14" NAME="Untitled Ad" ID="Ad01405" HREF="/14/Ad01405" SIZE="Medium" IMAGES_RESOLUTION="72" WORDCNT="27"/>
				<Entity ENTITY_TYPE="Ad" FIRST_TOC_ENTRY_ID="28" DEPTH_LEVEL="1" INDEX_IN_DOC="46" PAGE_NO="14" NAME="Untitled Ad" ID="Ad01406" HREF="/14/Ad01406" SIZE="Medium" IMAGES_RESOLUTION="72" WORDCNT="21"/>
			</Page>
			<Page PAGE_NO="15" NAME="" PAGE_LABEL="15" ID="Pg015" PAGE_TYPE="Single" PAGE_WIDTH="644" PAGE_HEIGHT="993" CROP_BOX="0 0 643 992" MEDIA_BOX="0 0 643 992" HREF="/15/Pg015" TOTAL_CHARS_COUNT="0" SUSPICIOUS_CHARS_COUNT="0">
				<Entity ENTITY_TYPE="Ad" FIRST_TOC_ENTRY_ID="29" DEPTH_LEVEL="1" INDEX_IN_DOC="47" PAGE_NO="15" NAME="Untitled Ad" ID="Ad01500" HREF="/15/Ad01500" SIZE="Large" IMAGES_RESOLUTION="72" WORDCNT="264"/>
				<Entity ENTITY_TYPE="Ad" FIRST_TOC_ENTRY_ID="30" DEPTH_LEVEL="1" INDEX_IN_DOC="48" PAGE_NO="15" NAME="Untitled Ad" ID="Ad01501" HREF="/15/Ad01501" SIZE="Small" IMAGES_RESOLUTION="72" WORDCNT="26"/>
				<Entity ENTITY_TYPE="Ad" FIRST_TOC_ENTRY_ID="31" DEPTH_LEVEL="1" INDEX_IN_DOC="49" PAGE_NO="15" NAME="Untitled Ad" ID="Ad01502" HREF="/15/Ad01502" SIZE="XLarge" IMAGES_RESOLUTION="72" WORDCNT="61"/>
				<Entity ENTITY_TYPE="Ad" FIRST_TOC_ENTRY_ID="32" DEPTH_LEVEL="1" INDEX_IN_DOC="50" PAGE_NO="15" NAME="Untitled Ad" ID="Ad01503" HREF="/15/Ad01503" SIZE="Large" IMAGES_RESOLUTION="72" WORDCNT="197"/>
				<Entity ENTITY_TYPE="Ad" FIRST_TOC_ENTRY_ID="33" DEPTH_LEVEL="1" INDEX_IN_DOC="51" PAGE_NO="15" NAME="Untitled Ad" ID="Ad01504" HREF="/15/Ad01504" SIZE="Small" IMAGES_RESOLUTION="72" WORDCNT="26"/>
			</Page>
			<Page PAGE_NO="16" NAME="" PAGE_LABEL="16" ID="Pg016" PAGE_TYPE="Single" PAGE_WIDTH="642" PAGE_HEIGHT="992" CROP_BOX="0 0 641 991" MEDIA_BOX="0 0 641 991" HREF="/16/Pg016" TOTAL_CHARS_COUNT="0" SUSPICIOUS_CHARS_COUNT="0">
				<Entity ENTITY_TYPE="Ad" FIRST_TOC_ENTRY_ID="34" DEPTH_LEVEL="1" INDEX_IN_DOC="52" PAGE_NO="16" NAME="Untitled Ad" ID="Ad01600" HREF="/16/Ad01600" SIZE="Medium" IMAGES_RESOLUTION="72" WORDCNT="55"/>
				<Entity ENTITY_TYPE="Ad" FIRST_TOC_ENTRY_ID="35" DEPTH_LEVEL="1" INDEX_IN_DOC="53" PAGE_NO="16" NAME="Untitled Ad" ID="Ad01601" HREF="/16/Ad01601" SIZE="Large" IMAGES_RESOLUTION="72" WORDCNT="55"/>
				<Entity ENTITY_TYPE="Ad" FIRST_TOC_ENTRY_ID="36" DEPTH_LEVEL="1" INDEX_IN_DOC="54" PAGE_NO="16" NAME="Untitled Ad" ID="Ad01602" HREF="/16/Ad01602" SIZE="Medium" IMAGES_RESOLUTION="72" WORDCNT="7"/>
				<Entity ENTITY_TYPE="Ad" FIRST_TOC_ENTRY_ID="37" DEPTH_LEVEL="1" INDEX_IN_DOC="55" PAGE_NO="16" NAME="Untitled Ad" ID="Ad01603" HREF="/16/Ad01603" SIZE="Medium" IMAGES_RESOLUTION="72" WORDCNT="23"/>
				<Entity ENTITY_TYPE="Ad" FIRST_TOC_ENTRY_ID="38" DEPTH_LEVEL="1" INDEX_IN_DOC="56" PAGE_NO="16" NAME="Untitled Ad" ID="Ad01604" HREF="/16/Ad01604" SIZE="Small" IMAGES_RESOLUTION="72" WORDCNT="30"/>
				<Entity ENTITY_TYPE="Ad" FIRST_TOC_ENTRY_ID="39" DEPTH_LEVEL="1" INDEX_IN_DOC="57" PAGE_NO="16" NAME="Untitled Ad" ID="Ad01605" HREF="/16/Ad01605" SIZE="Medium" IMAGES_RESOLUTION="72" WORDCNT="34"/>
				<Entity ENTITY_TYPE="Ad" FIRST_TOC_ENTRY_ID="40" DEPTH_LEVEL="1" INDEX_IN_DOC="58" PAGE_NO="16" NAME="Untitled Ad" ID="Ad01606" HREF="/16/Ad01606" SIZE="Small" IMAGES_RESOLUTION="72" WORDCNT="29"/>
				<Entity ENTITY_TYPE="Ad" FIRST_TOC_ENTRY_ID="41" DEPTH_LEVEL="1" INDEX_IN_DOC="59" PAGE_NO="16" NAME="Untitled Ad" ID="Ad01607" HREF="/16/Ad01607" SIZE="Medium" IMAGES_RESOLUTION="72" WORDCNT="42"/>
			</Page>
		</Section>
	</Body_np>
	<Logic_np><TOC_Entries><TOC_Entry TOC_ENTRY_ID="1" TITLE="OHIO STATE; UNIVERSITY, COLUMBUS." ENTITY_ID_REF="Ar00100" PAGE_NO="1" PAGE_LABEL="1" PRIM_ID_REF="Ar0010000" IS_IC="true"/><TOC_Entry TOC_ENTRY_ID="2" TITLE="" ENTITY_ID_REF="Ad00200" PAGE_NO="2" PAGE_LABEL="2" PRIM_ID_REF="Ad0020001" IS_IC="true"/><TOC_Entry TOC_ENTRY_ID="3" TITLE="" ENTITY_ID_REF="Ad00201" PAGE_NO="2" PAGE_LABEL="2" PRIM_ID_REF="Ad0020101" IS_IC="true"/><TOC_Entry TOC_ENTRY_ID="4" TITLE="" ENTITY_ID_REF="Ad00202" PAGE_NO="2" PAGE_LABEL="2" PRIM_ID_REF="Ad0020201" IS_IC="true"/><TOC_Entry TOC_ENTRY_ID="5" TITLE="% )xt %ixxx\txxx." ENTITY_ID_REF="Ar00300" PAGE_NO="3" PAGE_LABEL="3" PRIM_ID_REF="Ar0030000" IS_IC="true"/><TOC_Entry TOC_ENTRY_ID="6" TITLE="*�^ ^ = THE RECENT PROGRESS OF THE UNIVE..." ENTITY_ID_REF="Ar00401" PAGE_NO="4" PAGE_LABEL="4" PRIM_ID_REF="Ar0040100" IS_IC="true"/><TOC_Entry TOC_ENTRY_ID="7" TITLE="MEDICAL COLLEGES AND A MEDICAL DEPARTMEN..." ENTITY_ID_REF="Ar00501" PAGE_NO="5" PAGE_LABEL="5" PRIM_ID_REF="Ar0050100" IS_IC="true"/><TOC_Entry TOC_ENTRY_ID="8" TITLE="Y. M. C. A. ANNUAL RECEPTLON." ENTITY_ID_REF="Ar01101" PAGE_NO="11" PAGE_LABEL="11" PRIM_ID_REF="Ar0110100" IS_IC="true"/><TOC_Entry TOC_ENTRY_ID="9" TITLE="NOTLCE TO ALUMNI." ENTITY_ID_REF="Ar01103" PAGE_NO="11" PAGE_LABEL="11" PRIM_ID_REF="Ar0110300" IS_IC="true"/><TOC_Entry TOC_ENTRY_ID="10" TITLE="OR A TORS , A T TENT ION !" ENTITY_ID_REF="Ar01104" PAGE_NO="11" PAGE_LABEL="11" PRIM_ID_REF="Ar0110400" IS_IC="true"/><TOC_Entry TOC_ENTRY_ID="11" TITLE="LIEUTENANT OGLE." ENTITY_ID_REF="Ar01105" PAGE_NO="11" PAGE_LABEL="11" PRIM_ID_REF="Ar0110500" IS_IC="true"/><TOC_Entry TOC_ENTRY_ID="12" TITLE="^ I oeal ar?d p^o^al" ENTITY_ID_REF="Ar01202" PAGE_NO="12" PAGE_LABEL="12" PRIM_ID_REF="Ar0120200" IS_IC="true"/><TOC_Entry TOC_ENTRY_ID="13" TITLE="" ENTITY_ID_REF="Ad01203" PAGE_NO="12" PAGE_LABEL="12" PRIM_ID_REF="Ad0120301" IS_IC="true"/><TOC_Entry TOC_ENTRY_ID="14" TITLE="" ENTITY_ID_REF="Ad01300" PAGE_NO="13" PAGE_LABEL="13" PRIM_ID_REF="Ad0130001" IS_IC="true"/><TOC_Entry TOC_ENTRY_ID="15" TITLE="" ENTITY_ID_REF="Ad01301" PAGE_NO="13" PAGE_LABEL="13" PRIM_ID_REF="Ad0130101" IS_IC="true"/><TOC_Entry TOC_ENTRY_ID="16" TITLE="" ENTITY_ID_REF="Ad01302" PAGE_NO="13" PAGE_LABEL="13" PRIM_ID_REF="Ad0130201" IS_IC="true"/><TOC_Entry TOC_ENTRY_ID="17" TITLE="" ENTITY_ID_REF="Ad01303" PAGE_NO="13" PAGE_LABEL="13" PRIM_ID_REF="Ad0130301" IS_IC="true"/><TOC_Entry TOC_ENTRY_ID="18" TITLE="" ENTITY_ID_REF="Ad01304" PAGE_NO="13" PAGE_LABEL="13" PRIM_ID_REF="Ad0130401" IS_IC="true"/><TOC_Entry TOC_ENTRY_ID="19" TITLE="" ENTITY_ID_REF="Ad01305" PAGE_NO="13" PAGE_LABEL="13" PRIM_ID_REF="Ad0130501" IS_IC="true"/><TOC_Entry TOC_ENTRY_ID="20" TITLE="" ENTITY_ID_REF="Ad01306" PAGE_NO="13" PAGE_LABEL="13" PRIM_ID_REF="Ad0130601" IS_IC="true"/><TOC_Entry TOC_ENTRY_ID="21" TITLE="" ENTITY_ID_REF="Ad01307" PAGE_NO="13" PAGE_LABEL="13" PRIM_ID_REF="Ad0130701" IS_IC="true"/><TOC_Entry TOC_ENTRY_ID="22" TITLE="" ENTITY_ID_REF="Ad01400" PAGE_NO="14" PAGE_LABEL="14" PRIM_ID_REF="Ad0140001" IS_IC="true"/><TOC_Entry TOC_ENTRY_ID="23" TITLE="" ENTITY_ID_REF="Ad01401" PAGE_NO="14" PAGE_LABEL="14" PRIM_ID_REF="Ad0140101" IS_IC="true"/><TOC_Entry TOC_ENTRY_ID="24" TITLE="" ENTITY_ID_REF="Ad01402" PAGE_NO="14" PAGE_LABEL="14" PRIM_ID_REF="Ad0140201" IS_IC="true"/><TOC_Entry TOC_ENTRY_ID="25" TITLE="" ENTITY_ID_REF="Ad01403" PAGE_NO="14" PAGE_LABEL="14" PRIM_ID_REF="Ad0140301" IS_IC="true"/><TOC_Entry TOC_ENTRY_ID="26" TITLE="" ENTITY_ID_REF="Ad01404" PAGE_NO="14" PAGE_LABEL="14" PRIM_ID_REF="Ad0140401" IS_IC="true"/><TOC_Entry TOC_ENTRY_ID="27" TITLE="" ENTITY_ID_REF="Ad01405" PAGE_NO="14" PAGE_LABEL="14" PRIM_ID_REF="Ad0140501" IS_IC="true"/><TOC_Entry TOC_ENTRY_ID="28" TITLE="" ENTITY_ID_REF="Ad01406" PAGE_NO="14" PAGE_LABEL="14" PRIM_ID_REF="Ad0140601" IS_IC="true"/><TOC_Entry TOC_ENTRY_ID="29" TITLE="" ENTITY_ID_REF="Ad01500" PAGE_NO="15" PAGE_LABEL="15" PRIM_ID_REF="Ad0150001" IS_IC="true"/><TOC_Entry TOC_ENTRY_ID="30" TITLE="" ENTITY_ID_REF="Ad01501" PAGE_NO="15" PAGE_LABEL="15" PRIM_ID_REF="Ad0150101" IS_IC="true"/><TOC_Entry TOC_ENTRY_ID="31" TITLE="" ENTITY_ID_REF="Ad01502" PAGE_NO="15" PAGE_LABEL="15" PRIM_ID_REF="Ad0150201" IS_IC="true"/><TOC_Entry TOC_ENTRY_ID="32" TITLE="" ENTITY_ID_REF="Ad01503" PAGE_NO="15" PAGE_LABEL="15" PRIM_ID_REF="Ad0150301" IS_IC="true"/><TOC_Entry TOC_ENTRY_ID="33" TITLE="" ENTITY_ID_REF="Ad01504" PAGE_NO="15" PAGE_LABEL="15" PRIM_ID_REF="Ad0150401" IS_IC="true"/><TOC_Entry TOC_ENTRY_ID="34" TITLE="" ENTITY_ID_REF="Ad01600" PAGE_NO="16" PAGE_LABEL="16" PRIM_ID_REF="Ad0160001" IS_IC="true"/><TOC_Entry TOC_ENTRY_ID="35" TITLE="" ENTITY_ID_REF="Ad01601" PAGE_NO="16" PAGE_LABEL="16" PRIM_ID_REF="Ad0160101" IS_IC="true"/><TOC_Entry TOC_ENTRY_ID="36" TITLE="" ENTITY_ID_REF="Ad01602" PAGE_NO="16" PAGE_LABEL="16" PRIM_ID_REF="Ad0160201" IS_IC="true"/><TOC_Entry TOC_ENTRY_ID="37" TITLE="" ENTITY_ID_REF="Ad01603" PAGE_NO="16" PAGE_LABEL="16" PRIM_ID_REF="Ad0160301" IS_IC="true"/><TOC_Entry TOC_ENTRY_ID="38" TITLE="" ENTITY_ID_REF="Ad01604" PAGE_NO="16" PAGE_LABEL="16" PRIM_ID_REF="Ad0160401" IS_IC="true"/><TOC_Entry TOC_ENTRY_ID="39" TITLE="" ENTITY_ID_REF="Ad01605" PAGE_NO="16" PAGE_LABEL="16" PRIM_ID_REF="Ad0160501" IS_IC="true"/><TOC_Entry TOC_ENTRY_ID="40" TITLE="" ENTITY_ID_REF="Ad01606" PAGE_NO="16" PAGE_LABEL="16" PRIM_ID_REF="Ad0160601" IS_IC="true"/><TOC_Entry TOC_ENTRY_ID="41" TITLE="" ENTITY_ID_REF="Ad01607" PAGE_NO="16" PAGE_LABEL="16" PRIM_ID_REF="Ad0160701" IS_IC="true"/></TOC_Entries></Logic_np></Xmd_toc>
