<?xml version="1.0" encoding="windows-1252" standalone="no"?>
<Xmd_toc REPOSITORY_FORMAT="1.0" PRXML_VER="2.2" PUBLICATION="OHI" PUBLICATION_DESCRIPTION="" ISSUE_DATE="29/04/1891" RELEASE_NO="060-OHI-1891-04-29-001-SINGLE-LANTERN_V11_1891_191" LANGUAGE="English">
	<Head_np>
		<Meta PAGES_NUMBER="10" SOURCE_TYPE="TIFF" SOURCE_RESOLUTION="72" IMAGES_RESOLUTION="90" PAGE_THUMBNAIL_RESOLUTION="90" PAGE_PREVIEW_RESOLUTION="15" DEFAULT_IMG_EXT="png" DEFAULT_PREVIEW_IMG_EXT="png" BASE_HREF="OHI/1891/04/29" PDF_DESTINATION_MAPPED="OLV0_Page_0001" TITLE_SNP_EXT="png" AD_SNP_EXT="png" IMAGE_SNP_EXT="jpg" MULTI_LAYER_PAGE_IMG="false" IS_SOLID="false" DOC_DATE="29/04/1891" DOC_UID="OHI_29/04/1891" DOC_VER="1" OCR_CONFIDENCE="1.000" TOTAL_CHARS_COUNT="28430" SUSPICIOUS_CHARS_COUNT="0">
			<Publisher XMD_VER="2.6.240.18" ACROBAT_VER="7.08" PUBLISHER="Olive" PROFILE_ID="W:\Batch\Profile\OHI-1891-04-29.ini">
				<PublishDate>Thu, 26 Mar 2009 08:00:31 UTC</PublishDate>
				<PublishSWFCompatible>false</PublishSWFCompatible>
			</Publisher>
			<Resolutions>
				<Resolution DEFAULT="true">90</Resolution>
			</Resolutions>
		</Meta>
		<Link SOURCE="060-OHI-1891-04-29-001-SINGLE-LANTERN_V11_1891_191.pdf"/>
		<DataFiles>
			<Files TYPE="DOC_PDF" PRESENT="1"/>
			<Files TYPE="PAGE_PDF" PRESENT="0"/>
			<Files TYPE="DOC_IMG" PRESENT="0"/>
			<Files TYPE="PAGE_IMG" PRESENT="0"/>
			<Files TYPE="PAGE_VIEW_IMG" PRESENT="1"/>
			<Files TYPE="PAGE_PREVIEW_IMG" PRESENT="1"/>
			<Files TYPE="PRIMITIVE_IMG" PRESENT="1"/>
			<Files TYPE="SNIPPET_IMG" PRESENT="1"/>
			<Files TYPE="SEGMENTATION" PRESENT="0"/>
		</DataFiles>
	</Head_np>
	<Body_np>
		<Section NAME="Front page">
			<Page PAGE_NO="1" NAME="" PAGE_LABEL="1" ID="Pg001" PAGE_TYPE="Single" PAGE_WIDTH="669" PAGE_HEIGHT="994" CROP_BOX="0 0 668 993" MEDIA_BOX="0 0 668 993" HREF="/1/Pg001" TOTAL_CHARS_COUNT="3400" SUSPICIOUS_CHARS_COUNT="0">
				<Entity ENTITY_TYPE="Article" FIRST_TOC_ENTRY_ID="1" DEPTH_LEVEL="1" INDEX_IN_DOC="1" PAGE_NO="1" NAME="Untitled Article" ID="Ar00100" HREF="/1/Ar00100" SIZE="XLarge" CONTINUATION_TO="Ar00200" IMAGES_RESOLUTION="90" WORDCNT="861"/>
			</Page>
		</Section>
		<Section NAME="None">
			<Page PAGE_NO="2" NAME="" PAGE_LABEL="2" ID="Pg002" PAGE_TYPE="Single" PAGE_WIDTH="669" PAGE_HEIGHT="994" CROP_BOX="0 0 668 993" MEDIA_BOX="0 0 668 993" HREF="/2/Pg002" TOTAL_CHARS_COUNT="3541" SUSPICIOUS_CHARS_COUNT="0">
				<Entity ENTITY_TYPE="Article" FIRST_TOC_ENTRY_ID="1" DEPTH_LEVEL="1" INDEX_IN_DOC="2" PAGE_NO="2" NAME="Untitled Article" ID="Ar00200" HREF="/2/Ar00200" SIZE="Large" CONTINUATION_FROM="Ar00100" IMAGES_RESOLUTION="90" WORDCNT="144"/>
				<Entity ENTITY_TYPE="Article" FIRST_TOC_ENTRY_ID="2" DEPTH_LEVEL="1" INDEX_IN_DOC="3" PAGE_NO="2" NAME="Untitled Article" ID="Ar00201" HREF="/2/Ar00201" SIZE="XLarge" CONTINUATION_TO="Ar00300" IMAGES_RESOLUTION="90" WORDCNT="666"/>
			</Page>
			<Page PAGE_NO="3" NAME="" PAGE_LABEL="3" ID="Pg003" PAGE_TYPE="Single" PAGE_WIDTH="674" PAGE_HEIGHT="998" CROP_BOX="0 0 673 997" MEDIA_BOX="0 0 673 997" HREF="/3/Pg003" TOTAL_CHARS_COUNT="3812" SUSPICIOUS_CHARS_COUNT="0">
				<Entity ENTITY_TYPE="Article" FIRST_TOC_ENTRY_ID="2" DEPTH_LEVEL="1" INDEX_IN_DOC="4" PAGE_NO="3" NAME="Untitled Article" ID="Ar00300" HREF="/3/Ar00300" SIZE="XLarge" CONTINUATION_TO="Ar00400" CONTINUATION_FROM="Ar00201" IMAGES_RESOLUTION="90" WORDCNT="846"/>
			</Page>
			<Page PAGE_NO="4" NAME="" PAGE_LABEL="4" ID="Pg004" PAGE_TYPE="Single" PAGE_WIDTH="669" PAGE_HEIGHT="982" CROP_BOX="0 0 668 981" MEDIA_BOX="0 0 668 981" HREF="/4/Pg004" TOTAL_CHARS_COUNT="3254" SUSPICIOUS_CHARS_COUNT="0">
				<Entity ENTITY_TYPE="Article" FIRST_TOC_ENTRY_ID="2" DEPTH_LEVEL="1" INDEX_IN_DOC="5" PAGE_NO="4" NAME="Untitled Article" ID="Ar00400" HREF="/4/Ar00400" SIZE="XLarge" CONTINUATION_FROM="Ar00300" IMAGES_RESOLUTION="90" WORDCNT="427"/>
				<Entity ENTITY_TYPE="Article" FIRST_TOC_ENTRY_ID="3" DEPTH_LEVEL="1" INDEX_IN_DOC="6" PAGE_NO="4" NAME="Untitled Article" ID="Ar00401" HREF="/4/Ar00401" SIZE="XLarge" IMAGES_RESOLUTION="90" WORDCNT="429"/>
			</Page>
			<Page PAGE_NO="5" NAME="" PAGE_LABEL="5" ID="Pg005" PAGE_TYPE="Single" PAGE_WIDTH="674" PAGE_HEIGHT="998" CROP_BOX="0 0 673 997" MEDIA_BOX="0 0 673 997" HREF="/5/Pg005" TOTAL_CHARS_COUNT="2681" SUSPICIOUS_CHARS_COUNT="0">
				<Entity ENTITY_TYPE="Article" FIRST_TOC_ENTRY_ID="7" DEPTH_LEVEL="1" INDEX_IN_DOC="10" PAGE_NO="5" NAME="Untitled Article" ID="Ar00500" HREF="/5/Ar00500" SIZE="Medium" CONTINUATION_TO="Ar00600" IMAGES_RESOLUTION="90" WORDCNT="57"/>
				<Entity ENTITY_TYPE="Article" FIRST_TOC_ENTRY_ID="4" DEPTH_LEVEL="1" INDEX_IN_DOC="7" PAGE_NO="5" NAME="Untitled Article" ID="Ar00501" HREF="/5/Ar00501" SIZE="XLarge" IMAGES_RESOLUTION="90" WORDCNT="420"/>
				<Entity ENTITY_TYPE="Article" FIRST_TOC_ENTRY_ID="5" DEPTH_LEVEL="1" INDEX_IN_DOC="8" PAGE_NO="5" NAME="Untitled Article" ID="Ar00502" HREF="/5/Ar00502" SIZE="Medium" IMAGES_RESOLUTION="90" WORDCNT="135"/>
				<Entity ENTITY_TYPE="Article" FIRST_TOC_ENTRY_ID="6" DEPTH_LEVEL="1" INDEX_IN_DOC="9" PAGE_NO="5" NAME="Untitled Article" ID="Ar00503" HREF="/5/Ar00503" SIZE="Medium" IMAGES_RESOLUTION="90" WORDCNT="86"/>
			</Page>
			<Page PAGE_NO="6" NAME="" PAGE_LABEL="6" ID="Pg006" PAGE_TYPE="Single" PAGE_WIDTH="671" PAGE_HEIGHT="995" CROP_BOX="0 0 670 994" MEDIA_BOX="0 0 670 994" HREF="/6/Pg006" TOTAL_CHARS_COUNT="3061" SUSPICIOUS_CHARS_COUNT="0">
				<Entity ENTITY_TYPE="Article" FIRST_TOC_ENTRY_ID="7" DEPTH_LEVEL="1" INDEX_IN_DOC="11" PAGE_NO="6" NAME="Untitled Article" ID="Ar00600" HREF="/6/Ar00600" SIZE="XLarge" CONTINUATION_TO="Ar00700" CONTINUATION_FROM="Ar00500" IMAGES_RESOLUTION="90" WORDCNT="770"/>
			</Page>
			<Page PAGE_NO="7" NAME="" PAGE_LABEL="7" ID="Pg007" PAGE_TYPE="Single" PAGE_WIDTH="674" PAGE_HEIGHT="998" CROP_BOX="0 0 673 997" MEDIA_BOX="0 0 673 997" HREF="/7/Pg007" TOTAL_CHARS_COUNT="3349" SUSPICIOUS_CHARS_COUNT="0">
				<Entity ENTITY_TYPE="Article" FIRST_TOC_ENTRY_ID="7" DEPTH_LEVEL="1" INDEX_IN_DOC="12" PAGE_NO="7" NAME="Untitled Article" ID="Ar00700" HREF="/7/Ar00700" SIZE="XLarge" CONTINUATION_FROM="Ar00600" IMAGES_RESOLUTION="90" WORDCNT="728"/>
				<Entity ENTITY_TYPE="Article" FIRST_TOC_ENTRY_ID="8" DEPTH_LEVEL="1" INDEX_IN_DOC="13" PAGE_NO="7" NAME="Untitled Article" ID="Ar00701" HREF="/7/Ar00701" SIZE="Medium" CONTINUATION_TO="Ar00800" IMAGES_RESOLUTION="90" WORDCNT="140"/>
			</Page>
			<Page PAGE_NO="8" NAME="" PAGE_LABEL="8" ID="Pg008" PAGE_TYPE="Single" PAGE_WIDTH="669" PAGE_HEIGHT="994" CROP_BOX="0 0 668 993" MEDIA_BOX="0 0 668 993" HREF="/8/Pg008" TOTAL_CHARS_COUNT="3111" SUSPICIOUS_CHARS_COUNT="0">
				<Entity ENTITY_TYPE="Article" FIRST_TOC_ENTRY_ID="8" DEPTH_LEVEL="1" INDEX_IN_DOC="14" PAGE_NO="8" NAME="Untitled Article" ID="Ar00800" HREF="/8/Ar00800" SIZE="Small" CONTINUATION_FROM="Ar00701" IMAGES_RESOLUTION="90" WORDCNT="62"/>
				<Entity ENTITY_TYPE="Article" FIRST_TOC_ENTRY_ID="10" DEPTH_LEVEL="1" INDEX_IN_DOC="16" PAGE_NO="8" NAME="Untitled Article" ID="Ar00801" HREF="/8/Ar00801" SIZE="XLarge" CONTINUATION_TO="Ar00900" IMAGES_RESOLUTION="90" WORDCNT="502"/>
				<Entity ENTITY_TYPE="Article" FIRST_TOC_ENTRY_ID="9" DEPTH_LEVEL="1" INDEX_IN_DOC="15" PAGE_NO="8" NAME="Untitled Article" ID="Ar00802" HREF="/8/Ar00802" SIZE="XLarge" IMAGES_RESOLUTION="90" WORDCNT="497"/>
			</Page>
			<Page PAGE_NO="9" NAME="" PAGE_LABEL="9" ID="Pg009" PAGE_TYPE="Single" PAGE_WIDTH="669" PAGE_HEIGHT="984" CROP_BOX="0 0 668 983" MEDIA_BOX="0 0 668 983" HREF="/9/Pg009" TOTAL_CHARS_COUNT="1817" SUSPICIOUS_CHARS_COUNT="0">
				<Entity ENTITY_TYPE="Article" FIRST_TOC_ENTRY_ID="10" DEPTH_LEVEL="1" INDEX_IN_DOC="17" PAGE_NO="9" NAME="Untitled Article" ID="Ar00900" HREF="/9/Ar00900" SIZE="Large" CONTINUATION_FROM="Ar00801" IMAGES_RESOLUTION="90" WORDCNT="308"/>
				<Entity ENTITY_TYPE="Article" FIRST_TOC_ENTRY_ID="11" DEPTH_LEVEL="1" INDEX_IN_DOC="18" PAGE_NO="9" NAME="Untitled Article" ID="Ar00901" HREF="/9/Ar00901" SIZE="Medium" IMAGES_RESOLUTION="90" WORDCNT="117"/>
				<Entity ENTITY_TYPE="Ad" FIRST_TOC_ENTRY_ID="12" DEPTH_LEVEL="1" INDEX_IN_DOC="19" PAGE_NO="9" NAME="Untitled Ad" ID="Ad00902" HREF="/9/Ad00902" SIZE="Medium" IMAGES_RESOLUTION="90" WORDCNT="45"/>
				<Entity ENTITY_TYPE="Ad" FIRST_TOC_ENTRY_ID="13" DEPTH_LEVEL="1" INDEX_IN_DOC="20" PAGE_NO="9" NAME="Untitled Ad" ID="Ad00903" HREF="/9/Ad00903" SIZE="Small" IMAGES_RESOLUTION="90" WORDCNT="30"/>
				<Entity ENTITY_TYPE="Ad" FIRST_TOC_ENTRY_ID="14" DEPTH_LEVEL="1" INDEX_IN_DOC="21" PAGE_NO="9" NAME="Untitled Ad" ID="Ad00904" HREF="/9/Ad00904" SIZE="Large" IMAGES_RESOLUTION="90" WORDCNT="154"/>
				<Entity ENTITY_TYPE="Ad" FIRST_TOC_ENTRY_ID="15" DEPTH_LEVEL="1" INDEX_IN_DOC="22" PAGE_NO="9" NAME="Untitled Ad" ID="Ad00905" HREF="/9/Ad00905" SIZE="Medium" IMAGES_RESOLUTION="90" WORDCNT="98"/>
			</Page>
			<Page PAGE_NO="10" NAME="" PAGE_LABEL="10" ID="Pg010" PAGE_TYPE="Single" PAGE_WIDTH="671" PAGE_HEIGHT="995" CROP_BOX="0 0 670 994" MEDIA_BOX="0 0 670 994" HREF="/10/Pg010" TOTAL_CHARS_COUNT="404" SUSPICIOUS_CHARS_COUNT="0">
				<Entity ENTITY_TYPE="Article" FIRST_TOC_ENTRY_ID="16" DEPTH_LEVEL="1" INDEX_IN_DOC="23" PAGE_NO="10" NAME="Untitled Article" ID="Ar01000" HREF="/10/Ar01000" SIZE="Medium" IMAGES_RESOLUTION="90" WORDCNT="110"/>
				<Entity ENTITY_TYPE="Ad" FIRST_TOC_ENTRY_ID="20" DEPTH_LEVEL="1" INDEX_IN_DOC="27" PAGE_NO="10" NAME="Untitled Ad" ID="Ad01001" HREF="/10/Ad01001" SIZE="Medium" IMAGES_RESOLUTION="90" WORDCNT="96"/>
				<Entity ENTITY_TYPE="Ad" FIRST_TOC_ENTRY_ID="17" DEPTH_LEVEL="1" INDEX_IN_DOC="24" PAGE_NO="10" NAME="Untitled Ad" ID="Ad01002" HREF="/10/Ad01002" SIZE="Medium" IMAGES_RESOLUTION="90" WORDCNT="39"/>
				<Entity ENTITY_TYPE="Ad" FIRST_TOC_ENTRY_ID="18" DEPTH_LEVEL="1" INDEX_IN_DOC="25" PAGE_NO="10" NAME="Untitled Ad" ID="Ad01003" HREF="/10/Ad01003" SIZE="Medium" IMAGES_RESOLUTION="90" WORDCNT="151"/>
				<Entity ENTITY_TYPE="Ad" FIRST_TOC_ENTRY_ID="19" DEPTH_LEVEL="1" INDEX_IN_DOC="26" PAGE_NO="10" NAME="Untitled Ad" ID="Ad01004" HREF="/10/Ad01004" SIZE="Medium" IMAGES_RESOLUTION="90" WORDCNT="21"/>
				<Entity ENTITY_TYPE="Ad" FIRST_TOC_ENTRY_ID="24" DEPTH_LEVEL="1" INDEX_IN_DOC="31" PAGE_NO="10" NAME="Untitled Ad" ID="Ad01005" HREF="/10/Ad01005" SIZE="Small" IMAGES_RESOLUTION="90" WORDCNT="30"/>
				<Entity ENTITY_TYPE="Ad" FIRST_TOC_ENTRY_ID="23" DEPTH_LEVEL="1" INDEX_IN_DOC="30" PAGE_NO="10" NAME="Untitled Ad" ID="Ad01006" HREF="/10/Ad01006" SIZE="Small" IMAGES_RESOLUTION="90" WORDCNT="30"/>
				<Entity ENTITY_TYPE="Ad" FIRST_TOC_ENTRY_ID="22" DEPTH_LEVEL="1" INDEX_IN_DOC="29" PAGE_NO="10" NAME="Untitled Ad" ID="Ad01007" HREF="/10/Ad01007" SIZE="Medium" IMAGES_RESOLUTION="90" WORDCNT="61"/>
				<Entity ENTITY_TYPE="Ad" FIRST_TOC_ENTRY_ID="21" DEPTH_LEVEL="1" INDEX_IN_DOC="28" PAGE_NO="10" NAME="Untitled Ad" ID="Ad01008" HREF="/10/Ad01008" SIZE="Small" IMAGES_RESOLUTION="90" WORDCNT="30"/>
			</Page>
		</Section>
	</Body_np>
	<Logic_np><TOC_Entries><TOC_Entry TOC_ENTRY_ID="1" TITLE="Jglxe % MXUX\L" ENTITY_ID_REF="Ar00100" PAGE_NO="1" PAGE_LABEL="1" PRIM_ID_REF="Ar0010000" IS_IC="true"/><TOC_Entry TOC_ENTRY_ID="2" TITLE="PROGRESS IN ARCHEOLOGY." ENTITY_ID_REF="Ar00201" PAGE_NO="2" PAGE_LABEL="2" PRIM_ID_REF="Ar0020100" IS_IC="true"/><TOC_Entry TOC_ENTRY_ID="3" TITLE="A TALE OF WOE FROM THREE COLLEGES." ENTITY_ID_REF="Ar00401" PAGE_NO="4" PAGE_LABEL="4" PRIM_ID_REF="Ar0040100" IS_IC="true"/><TOC_Entry TOC_ENTRY_ID="4" TITLE="BROWNING ANNIVERSARY." ENTITY_ID_REF="Ar00501" PAGE_NO="5" PAGE_LABEL="5" PRIM_ID_REF="Ar0050100" IS_IC="true"/><TOC_Entry TOC_ENTRY_ID="5" TITLE="LITERARY SOCIETY ELECTLONS." ENTITY_ID_REF="Ar00502" PAGE_NO="5" PAGE_LABEL="5" PRIM_ID_REF="Ar0050200" IS_IC="true"/><TOC_Entry TOC_ENTRY_ID="6" TITLE="7ENNIS TOURNAMENTS." ENTITY_ID_REF="Ar00503" PAGE_NO="5" PAGE_LABEL="5" PRIM_ID_REF="Ar0050300" IS_IC="true"/><TOC_Entry TOC_ENTRY_ID="7" TITLE="[peal ar?d pqp &gt; opal." ENTITY_ID_REF="Ar00500" PAGE_NO="5" PAGE_LABEL="5" PRIM_ID_REF="Ar0050000" IS_IC="true"/><TOC_Entry TOC_ENTRY_ID="8" TITLE="Battalioi? Jlotes." ENTITY_ID_REF="Ar00701" PAGE_NO="7" PAGE_LABEL="7" PRIM_ID_REF="Ar0070100" IS_IC="true"/><TOC_Entry TOC_ENTRY_ID="9" TITLE="prat^rr)ity (to tes." ENTITY_ID_REF="Ar00802" PAGE_NO="8" PAGE_LABEL="8" PRIM_ID_REF="Ar0080200" IS_IC="true"/><TOC_Entry TOC_ENTRY_ID="10" TITLE="yf?&lt;? &lt;5oI!&lt;^ U/orld." ENTITY_ID_REF="Ar00801" PAGE_NO="8" PAGE_LABEL="8" PRIM_ID_REF="Ar0080100" IS_IC="true"/><TOC_Entry TOC_ENTRY_ID="11" TITLE="Photographing picturesque scenery and on..." ENTITY_ID_REF="Ar00901" PAGE_NO="9" PAGE_LABEL="9" PRIM_ID_REF="Ar0090100" IS_IC="true"/><TOC_Entry TOC_ENTRY_ID="12" TITLE="" ENTITY_ID_REF="Ad00902" PAGE_NO="9" PAGE_LABEL="9" PRIM_ID_REF="Ad0090201" IS_IC="true"/><TOC_Entry TOC_ENTRY_ID="13" TITLE="" ENTITY_ID_REF="Ad00903" PAGE_NO="9" PAGE_LABEL="9" PRIM_ID_REF="Ad0090301" IS_IC="true"/><TOC_Entry TOC_ENTRY_ID="14" TITLE="" ENTITY_ID_REF="Ad00904" PAGE_NO="9" PAGE_LABEL="9" PRIM_ID_REF="Ad0090401" IS_IC="true"/><TOC_Entry TOC_ENTRY_ID="15" TITLE="" ENTITY_ID_REF="Ad00905" PAGE_NO="9" PAGE_LABEL="9" PRIM_ID_REF="Ad0090501" IS_IC="true"/><TOC_Entry TOC_ENTRY_ID="16" TITLE="T TTT - PnrnTrrD came galore last week H..." ENTITY_ID_REF="Ar01000" PAGE_NO="10" PAGE_LABEL="10" PRIM_ID_REF="Ar0100000" IS_IC="true"/><TOC_Entry TOC_ENTRY_ID="17" TITLE="" ENTITY_ID_REF="Ad01002" PAGE_NO="10" PAGE_LABEL="10" PRIM_ID_REF="Ad0100201" IS_IC="true"/><TOC_Entry TOC_ENTRY_ID="18" TITLE="" ENTITY_ID_REF="Ad01003" PAGE_NO="10" PAGE_LABEL="10" PRIM_ID_REF="Ad0100301" IS_IC="true"/><TOC_Entry TOC_ENTRY_ID="19" TITLE="" ENTITY_ID_REF="Ad01004" PAGE_NO="10" PAGE_LABEL="10" PRIM_ID_REF="Ad0100401" IS_IC="true"/><TOC_Entry TOC_ENTRY_ID="20" TITLE="" ENTITY_ID_REF="Ad01001" PAGE_NO="10" PAGE_LABEL="10" PRIM_ID_REF="Ad0100101" IS_IC="true"/><TOC_Entry TOC_ENTRY_ID="21" TITLE="" ENTITY_ID_REF="Ad01008" PAGE_NO="10" PAGE_LABEL="10" PRIM_ID_REF="Ad0100801" IS_IC="true"/><TOC_Entry TOC_ENTRY_ID="22" TITLE="" ENTITY_ID_REF="Ad01007" PAGE_NO="10" PAGE_LABEL="10" PRIM_ID_REF="Ad0100701" IS_IC="true"/><TOC_Entry TOC_ENTRY_ID="23" TITLE="" ENTITY_ID_REF="Ad01006" PAGE_NO="10" PAGE_LABEL="10" PRIM_ID_REF="Ad0100601" IS_IC="true"/><TOC_Entry TOC_ENTRY_ID="24" TITLE="" ENTITY_ID_REF="Ad01005" PAGE_NO="10" PAGE_LABEL="10" PRIM_ID_REF="Ad0100501" IS_IC="true"/></TOC_Entries></Logic_np></Xmd_toc>
