<?xml version="1.0" encoding="windows-1252" standalone="no"?>
<Xmd_toc REPOSITORY_FORMAT="1.0" PRXML_VER="2.2" PUBLICATION="OHI" PUBLICATION_DESCRIPTION="" ISSUE_DATE="12/11/1891" RELEASE_NO="060-OHI-1891-11-12-001-SINGLE-LANTERN_V12_1891_099" LANGUAGE="English">
	<Head_np>
		<Meta PAGES_NUMBER="12" SOURCE_TYPE="TIFF" SOURCE_RESOLUTION="72" IMAGES_RESOLUTION="72" PAGE_THUMBNAIL_RESOLUTION="72" PAGE_PREVIEW_RESOLUTION="15" DEFAULT_IMG_EXT="png" DEFAULT_PREVIEW_IMG_EXT="png" BASE_HREF="OHI/1891/11/12" PDF_DESTINATION_MAPPED="OLV0_Page_0001" TITLE_SNP_EXT="png" AD_SNP_EXT="png" IMAGE_SNP_EXT="jpg" MULTI_LAYER_PAGE_IMG="false" IS_SOLID="false" DOC_DATE="12/11/1891" DOC_UID="OHI_12/11/1891" DOC_VER="1" OCR_CONFIDENCE="1.000" TOTAL_CHARS_COUNT="33611" SUSPICIOUS_CHARS_COUNT="0">
			<Publisher XMD_VER="2.6.240.18" ACROBAT_VER="7.08" PUBLISHER="Olive" PROFILE_ID="W:\Batch\Profile\OHI-1891-11-12.ini">
				<PublishDate>Thu, 26 Mar 2009 08:10:41 UTC</PublishDate>
				<PublishSWFCompatible>false</PublishSWFCompatible>
			</Publisher>
			<Resolutions>
				<Resolution DEFAULT="true">72</Resolution>
			</Resolutions>
		</Meta>
		<Link SOURCE="060-OHI-1891-11-12-001-SINGLE-LANTERN_V12_1891_099.pdf"/>
		<DataFiles>
			<Files TYPE="DOC_PDF" PRESENT="1"/>
			<Files TYPE="PAGE_PDF" PRESENT="0"/>
			<Files TYPE="DOC_IMG" PRESENT="0"/>
			<Files TYPE="PAGE_IMG" PRESENT="0"/>
			<Files TYPE="PAGE_VIEW_IMG" PRESENT="1"/>
			<Files TYPE="PAGE_PREVIEW_IMG" PRESENT="1"/>
			<Files TYPE="PRIMITIVE_IMG" PRESENT="1"/>
			<Files TYPE="SNIPPET_IMG" PRESENT="1"/>
			<Files TYPE="SEGMENTATION" PRESENT="0"/>
		</DataFiles>
	</Head_np>
	<Body_np>
		<Section NAME="Front page">
			<Page PAGE_NO="1" NAME="" PAGE_LABEL="1" ID="Pg001" PAGE_TYPE="Single" PAGE_WIDTH="642" PAGE_HEIGHT="992" CROP_BOX="0 0 641 991" MEDIA_BOX="0 0 641 991" HREF="/1/Pg001" TOTAL_CHARS_COUNT="3789" SUSPICIOUS_CHARS_COUNT="0">
				<Entity ENTITY_TYPE="Article" FIRST_TOC_ENTRY_ID="2" DEPTH_LEVEL="1" INDEX_IN_DOC="2" PAGE_NO="1" NAME="Untitled Article" ID="Ar00100" HREF="/1/Ar00100" SIZE="Large" CONTINUATION_TO="Ar00101" IMAGES_RESOLUTION="72" WORDCNT="196"/>
				<Entity ENTITY_TYPE="Article" FIRST_TOC_ENTRY_ID="2" DEPTH_LEVEL="1" INDEX_IN_DOC="3" PAGE_NO="1" NAME="Untitled Article" ID="Ar00101" HREF="/1/Ar00101" SIZE="XLarge" CONTINUATION_TO="Ar00200" CONTINUATION_FROM="Ar00100" IMAGES_RESOLUTION="72" WORDCNT="434"/>
				<Entity ENTITY_TYPE="Article" FIRST_TOC_ENTRY_ID="1" DEPTH_LEVEL="1" INDEX_IN_DOC="1" PAGE_NO="1" NAME="Untitled Article" ID="Ar00102" HREF="/1/Ar00102" SIZE="Large" IMAGES_RESOLUTION="72" WORDCNT="313"/>
			</Page>
		</Section>
		<Section NAME="None">
			<Page PAGE_NO="2" NAME="" PAGE_LABEL="2" ID="Pg002" PAGE_TYPE="Single" PAGE_WIDTH="642" PAGE_HEIGHT="992" CROP_BOX="0 0 641 991" MEDIA_BOX="0 0 641 991" HREF="/2/Pg002" TOTAL_CHARS_COUNT="3570" SUSPICIOUS_CHARS_COUNT="0">
				<Entity ENTITY_TYPE="Article" FIRST_TOC_ENTRY_ID="2" DEPTH_LEVEL="1" INDEX_IN_DOC="4" PAGE_NO="2" NAME="Untitled Article" ID="Ar00200" HREF="/2/Ar00200" SIZE="XLarge" CONTINUATION_TO="Ar00201" CONTINUATION_FROM="Ar00101" IMAGES_RESOLUTION="72" WORDCNT="429"/>
				<Entity ENTITY_TYPE="Article" FIRST_TOC_ENTRY_ID="2" DEPTH_LEVEL="1" INDEX_IN_DOC="5" PAGE_NO="2" NAME="Untitled Article" ID="Ar00201" HREF="/2/Ar00201" SIZE="Large" CONTINUATION_FROM="Ar00200" IMAGES_RESOLUTION="72" WORDCNT="361"/>
				<Entity ENTITY_TYPE="Article" FIRST_TOC_ENTRY_ID="3" DEPTH_LEVEL="1" INDEX_IN_DOC="6" PAGE_NO="2" NAME="Untitled Article" ID="Ar00202" HREF="/2/Ar00202" SIZE="Medium" CONTINUATION_TO="Ar00300" IMAGES_RESOLUTION="72" WORDCNT="61"/>
			</Page>
			<Page PAGE_NO="3" NAME="" PAGE_LABEL="3" ID="Pg003" PAGE_TYPE="Single" PAGE_WIDTH="642" PAGE_HEIGHT="992" CROP_BOX="0 0 641 991" MEDIA_BOX="0 0 641 991" HREF="/3/Pg003" TOTAL_CHARS_COUNT="3849" SUSPICIOUS_CHARS_COUNT="0">
				<Entity ENTITY_TYPE="Article" FIRST_TOC_ENTRY_ID="3" DEPTH_LEVEL="1" INDEX_IN_DOC="7" PAGE_NO="3" NAME="Untitled Article" ID="Ar00300" HREF="/3/Ar00300" SIZE="XLarge" CONTINUATION_TO="Ar00301" CONTINUATION_FROM="Ar00202" IMAGES_RESOLUTION="72" WORDCNT="431"/>
				<Entity ENTITY_TYPE="Article" FIRST_TOC_ENTRY_ID="3" DEPTH_LEVEL="1" INDEX_IN_DOC="8" PAGE_NO="3" NAME="Untitled Article" ID="Ar00301" HREF="/3/Ar00301" SIZE="XLarge" CONTINUATION_TO="Ar00400" CONTINUATION_FROM="Ar00300" IMAGES_RESOLUTION="72" WORDCNT="411"/>
			</Page>
			<Page PAGE_NO="4" NAME="" PAGE_LABEL="4" ID="Pg004" PAGE_TYPE="Single" PAGE_WIDTH="642" PAGE_HEIGHT="992" CROP_BOX="0 0 641 991" MEDIA_BOX="0 0 641 991" HREF="/4/Pg004" TOTAL_CHARS_COUNT="3870" SUSPICIOUS_CHARS_COUNT="0">
				<Entity ENTITY_TYPE="Article" FIRST_TOC_ENTRY_ID="3" DEPTH_LEVEL="1" INDEX_IN_DOC="9" PAGE_NO="4" NAME="Untitled Article" ID="Ar00400" HREF="/4/Ar00400" SIZE="XLarge" CONTINUATION_TO="Ar00401" CONTINUATION_FROM="Ar00301" IMAGES_RESOLUTION="72" WORDCNT="417"/>
				<Entity ENTITY_TYPE="Article" FIRST_TOC_ENTRY_ID="3" DEPTH_LEVEL="1" INDEX_IN_DOC="10" PAGE_NO="4" NAME="Untitled Article" ID="Ar00401" HREF="/4/Ar00401" SIZE="XLarge" CONTINUATION_TO="Ar00500" CONTINUATION_FROM="Ar00400" IMAGES_RESOLUTION="72" WORDCNT="421"/>
			</Page>
			<Page PAGE_NO="5" NAME="" PAGE_LABEL="5" ID="Pg005" PAGE_TYPE="Single" PAGE_WIDTH="642" PAGE_HEIGHT="992" CROP_BOX="0 0 641 991" MEDIA_BOX="0 0 641 991" HREF="/5/Pg005" TOTAL_CHARS_COUNT="3782" SUSPICIOUS_CHARS_COUNT="0">
				<Entity ENTITY_TYPE="Article" FIRST_TOC_ENTRY_ID="3" DEPTH_LEVEL="1" INDEX_IN_DOC="11" PAGE_NO="5" NAME="Untitled Article" ID="Ar00500" HREF="/5/Ar00500" SIZE="XLarge" CONTINUATION_TO="Ar00501" CONTINUATION_FROM="Ar00401" IMAGES_RESOLUTION="72" WORDCNT="425"/>
				<Entity ENTITY_TYPE="Article" FIRST_TOC_ENTRY_ID="3" DEPTH_LEVEL="1" INDEX_IN_DOC="12" PAGE_NO="5" NAME="Untitled Article" ID="Ar00501" HREF="/5/Ar00501" SIZE="XLarge" CONTINUATION_TO="Ar00600" CONTINUATION_FROM="Ar00500" IMAGES_RESOLUTION="72" WORDCNT="430"/>
			</Page>
			<Page PAGE_NO="6" NAME="" PAGE_LABEL="6" ID="Pg006" PAGE_TYPE="Single" PAGE_WIDTH="642" PAGE_HEIGHT="992" CROP_BOX="0 0 641 991" MEDIA_BOX="0 0 641 991" HREF="/6/Pg006" TOTAL_CHARS_COUNT="3252" SUSPICIOUS_CHARS_COUNT="0">
				<Entity ENTITY_TYPE="Article" FIRST_TOC_ENTRY_ID="3" DEPTH_LEVEL="1" INDEX_IN_DOC="13" PAGE_NO="6" NAME="Untitled Article" ID="Ar00600" HREF="/6/Ar00600" SIZE="Small" CONTINUATION_FROM="Ar00501" IMAGES_RESOLUTION="72" WORDCNT="21"/>
				<Entity ENTITY_TYPE="Article" FIRST_TOC_ENTRY_ID="4" DEPTH_LEVEL="1" INDEX_IN_DOC="14" PAGE_NO="6" NAME="Untitled Article" ID="Ar00601" HREF="/6/Ar00601" SIZE="Large" IMAGES_RESOLUTION="72" WORDCNT="204"/>
				<Entity ENTITY_TYPE="Article" FIRST_TOC_ENTRY_ID="5" DEPTH_LEVEL="1" INDEX_IN_DOC="15" PAGE_NO="6" NAME="Untitled Article" ID="Ar00602" HREF="/6/Ar00602" SIZE="Medium" CONTINUATION_TO="Ar00603" IMAGES_RESOLUTION="72" WORDCNT="144"/>
				<Entity ENTITY_TYPE="Article" FIRST_TOC_ENTRY_ID="5" DEPTH_LEVEL="1" INDEX_IN_DOC="16" PAGE_NO="6" NAME="Untitled Article" ID="Ar00603" HREF="/6/Ar00603" SIZE="Large" CONTINUATION_FROM="Ar00602" IMAGES_RESOLUTION="72" WORDCNT="174"/>
				<Entity ENTITY_TYPE="Article" FIRST_TOC_ENTRY_ID="6" DEPTH_LEVEL="1" INDEX_IN_DOC="17" PAGE_NO="6" NAME="Untitled Article" ID="Ar00604" HREF="/6/Ar00604" SIZE="Large" CONTINUATION_TO="Ar00700" IMAGES_RESOLUTION="72" WORDCNT="221"/>
			</Page>
			<Page PAGE_NO="7" NAME="" PAGE_LABEL="7" ID="Pg007" PAGE_TYPE="Single" PAGE_WIDTH="642" PAGE_HEIGHT="992" CROP_BOX="0 0 641 991" MEDIA_BOX="0 0 641 991" HREF="/7/Pg007" TOTAL_CHARS_COUNT="2742" SUSPICIOUS_CHARS_COUNT="0">
				<Entity ENTITY_TYPE="Article" FIRST_TOC_ENTRY_ID="6" DEPTH_LEVEL="1" INDEX_IN_DOC="18" PAGE_NO="7" NAME="Untitled Article" ID="Ar00700" HREF="/7/Ar00700" SIZE="Small" CONTINUATION_FROM="Ar00604" IMAGES_RESOLUTION="72" WORDCNT="41"/>
				<Entity ENTITY_TYPE="Article" FIRST_TOC_ENTRY_ID="7" DEPTH_LEVEL="1" INDEX_IN_DOC="19" PAGE_NO="7" NAME="Untitled Article" ID="Ar00701" HREF="/7/Ar00701" SIZE="Large" IMAGES_RESOLUTION="72" WORDCNT="205"/>
				<Entity ENTITY_TYPE="Article" FIRST_TOC_ENTRY_ID="8" DEPTH_LEVEL="1" INDEX_IN_DOC="20" PAGE_NO="7" NAME="Untitled Article" ID="Ar00702" HREF="/7/Ar00702" SIZE="Medium" CONTINUATION_TO="Ar00703" IMAGES_RESOLUTION="72" WORDCNT="96"/>
				<Entity ENTITY_TYPE="Article" FIRST_TOC_ENTRY_ID="8" DEPTH_LEVEL="1" INDEX_IN_DOC="21" PAGE_NO="7" NAME="Untitled Article" ID="Ar00703" HREF="/7/Ar00703" SIZE="Medium" CONTINUATION_FROM="Ar00702" IMAGES_RESOLUTION="72" WORDCNT="96"/>
				<Entity ENTITY_TYPE="Article" FIRST_TOC_ENTRY_ID="9" DEPTH_LEVEL="1" INDEX_IN_DOC="22" PAGE_NO="7" NAME="Untitled Article" ID="Ar00704" HREF="/7/Ar00704" SIZE="Large" CONTINUATION_TO="Ar00800" IMAGES_RESOLUTION="72" WORDCNT="264"/>
			</Page>
			<Page PAGE_NO="8" NAME="" PAGE_LABEL="8" ID="Pg008" PAGE_TYPE="Single" PAGE_WIDTH="642" PAGE_HEIGHT="992" CROP_BOX="0 0 641 991" MEDIA_BOX="0 0 641 991" HREF="/8/Pg008" TOTAL_CHARS_COUNT="3227" SUSPICIOUS_CHARS_COUNT="0">
				<Entity ENTITY_TYPE="Article" FIRST_TOC_ENTRY_ID="9" DEPTH_LEVEL="1" INDEX_IN_DOC="23" PAGE_NO="8" NAME="Untitled Article" ID="Ar00800" HREF="/8/Ar00800" SIZE="XLarge" CONTINUATION_TO="Ar00801" CONTINUATION_FROM="Ar00704" IMAGES_RESOLUTION="72" WORDCNT="365"/>
				<Entity ENTITY_TYPE="Article" FIRST_TOC_ENTRY_ID="9" DEPTH_LEVEL="1" INDEX_IN_DOC="24" PAGE_NO="8" NAME="Untitled Article" ID="Ar00801" HREF="/8/Ar00801" SIZE="XLarge" CONTINUATION_TO="Ar00900" CONTINUATION_FROM="Ar00800" IMAGES_RESOLUTION="72" WORDCNT="392"/>
			</Page>
			<Page PAGE_NO="9" NAME="" PAGE_LABEL="9" ID="Pg009" PAGE_TYPE="Single" PAGE_WIDTH="642" PAGE_HEIGHT="992" CROP_BOX="0 0 641 991" MEDIA_BOX="0 0 641 991" HREF="/9/Pg009" TOTAL_CHARS_COUNT="3370" SUSPICIOUS_CHARS_COUNT="0">
				<Entity ENTITY_TYPE="Article" FIRST_TOC_ENTRY_ID="9" DEPTH_LEVEL="1" INDEX_IN_DOC="25" PAGE_NO="9" NAME="Untitled Article" ID="Ar00900" HREF="/9/Ar00900" SIZE="XLarge" CONTINUATION_TO="Ar00901" CONTINUATION_FROM="Ar00801" IMAGES_RESOLUTION="72" WORDCNT="411"/>
				<Entity ENTITY_TYPE="Article" FIRST_TOC_ENTRY_ID="9" DEPTH_LEVEL="1" INDEX_IN_DOC="26" PAGE_NO="9" NAME="Untitled Article" ID="Ar00901" HREF="/9/Ar00901" SIZE="Large" CONTINUATION_FROM="Ar00900" IMAGES_RESOLUTION="72" WORDCNT="302"/>
				<Entity ENTITY_TYPE="Article" FIRST_TOC_ENTRY_ID="10" DEPTH_LEVEL="1" INDEX_IN_DOC="27" PAGE_NO="9" NAME="Untitled Article" ID="Ar00902" HREF="/9/Ar00902" SIZE="Medium" CONTINUATION_TO="Ar01000" IMAGES_RESOLUTION="72" WORDCNT="108"/>
			</Page>
			<Page PAGE_NO="10" NAME="" PAGE_LABEL="10" ID="Pg010" PAGE_TYPE="Single" PAGE_WIDTH="642" PAGE_HEIGHT="992" CROP_BOX="0 0 641 991" MEDIA_BOX="0 0 641 991" HREF="/10/Pg010" TOTAL_CHARS_COUNT="2160" SUSPICIOUS_CHARS_COUNT="0">
				<Entity ENTITY_TYPE="Article" FIRST_TOC_ENTRY_ID="10" DEPTH_LEVEL="1" INDEX_IN_DOC="28" PAGE_NO="10" NAME="Untitled Article" ID="Ar01000" HREF="/10/Ar01000" SIZE="XLarge" CONTINUATION_FROM="Ar00902" IMAGES_RESOLUTION="72" WORDCNT="519"/>
				<Entity ENTITY_TYPE="Ad" FIRST_TOC_ENTRY_ID="12" DEPTH_LEVEL="1" INDEX_IN_DOC="30" PAGE_NO="10" NAME="Untitled Ad" ID="Ad01001" HREF="/10/Ad01001" SIZE="Medium" IMAGES_RESOLUTION="72" WORDCNT="43"/>
				<Entity ENTITY_TYPE="Ad" FIRST_TOC_ENTRY_ID="13" DEPTH_LEVEL="1" INDEX_IN_DOC="31" PAGE_NO="10" NAME="Untitled Ad" ID="Ad01002" HREF="/10/Ad01002" SIZE="Medium" IMAGES_RESOLUTION="72" WORDCNT="49"/>
				<Entity ENTITY_TYPE="Ad" FIRST_TOC_ENTRY_ID="11" DEPTH_LEVEL="1" INDEX_IN_DOC="29" PAGE_NO="10" NAME="Untitled Ad" ID="Ad01003" HREF="/10/Ad01003" SIZE="Medium" IMAGES_RESOLUTION="72" WORDCNT="61"/>
			</Page>
			<Page PAGE_NO="11" NAME="" PAGE_LABEL="11" ID="Pg011" PAGE_TYPE="Single" PAGE_WIDTH="642" PAGE_HEIGHT="992" CROP_BOX="0 0 641 991" MEDIA_BOX="0 0 641 991" HREF="/11/Pg011" TOTAL_CHARS_COUNT="0" SUSPICIOUS_CHARS_COUNT="0">
				<Entity ENTITY_TYPE="Ad" FIRST_TOC_ENTRY_ID="14" DEPTH_LEVEL="1" INDEX_IN_DOC="32" PAGE_NO="11" NAME="Untitled Ad" ID="Ad01100" HREF="/11/Ad01100" SIZE="Large" IMAGES_RESOLUTION="72" WORDCNT="205"/>
				<Entity ENTITY_TYPE="Ad" FIRST_TOC_ENTRY_ID="16" DEPTH_LEVEL="1" INDEX_IN_DOC="34" PAGE_NO="11" NAME="Untitled Ad" ID="Ad01101" HREF="/11/Ad01101" SIZE="Medium" IMAGES_RESOLUTION="72" WORDCNT="141"/>
				<Entity ENTITY_TYPE="Ad" FIRST_TOC_ENTRY_ID="15" DEPTH_LEVEL="1" INDEX_IN_DOC="33" PAGE_NO="11" NAME="Untitled Ad" ID="Ad01102" HREF="/11/Ad01102" SIZE="Large" IMAGES_RESOLUTION="72" WORDCNT="149"/>
				<Entity ENTITY_TYPE="Ad" FIRST_TOC_ENTRY_ID="17" DEPTH_LEVEL="1" INDEX_IN_DOC="35" PAGE_NO="11" NAME="Untitled Ad" ID="Ad01103" HREF="/11/Ad01103" SIZE="Medium" IMAGES_RESOLUTION="72" WORDCNT="36"/>
				<Entity ENTITY_TYPE="Ad" FIRST_TOC_ENTRY_ID="18" DEPTH_LEVEL="1" INDEX_IN_DOC="36" PAGE_NO="11" NAME="Untitled Ad" ID="Ad01104" HREF="/11/Ad01104" SIZE="Medium" IMAGES_RESOLUTION="72" WORDCNT="35"/>
				<Entity ENTITY_TYPE="Ad" FIRST_TOC_ENTRY_ID="19" DEPTH_LEVEL="1" INDEX_IN_DOC="37" PAGE_NO="11" NAME="Untitled Ad" ID="Ad01105" HREF="/11/Ad01105" SIZE="Medium" IMAGES_RESOLUTION="72" WORDCNT="21"/>
			</Page>
			<Page PAGE_NO="12" NAME="" PAGE_LABEL="12" ID="Pg012" PAGE_TYPE="Single" PAGE_WIDTH="642" PAGE_HEIGHT="992" CROP_BOX="0 0 641 991" MEDIA_BOX="0 0 641 991" HREF="/12/Pg012" TOTAL_CHARS_COUNT="0" SUSPICIOUS_CHARS_COUNT="0">
				<Entity ENTITY_TYPE="Ad" FIRST_TOC_ENTRY_ID="22" DEPTH_LEVEL="1" INDEX_IN_DOC="40" PAGE_NO="12" NAME="Untitled Ad" ID="Ad01200" HREF="/12/Ad01200" SIZE="Small" IMAGES_RESOLUTION="72" WORDCNT="26"/>
				<Entity ENTITY_TYPE="Ad" FIRST_TOC_ENTRY_ID="21" DEPTH_LEVEL="1" INDEX_IN_DOC="39" PAGE_NO="12" NAME="Untitled Ad" ID="Ad01201" HREF="/12/Ad01201" SIZE="XLarge" IMAGES_RESOLUTION="72" WORDCNT="120"/>
				<Entity ENTITY_TYPE="Ad" FIRST_TOC_ENTRY_ID="23" DEPTH_LEVEL="1" INDEX_IN_DOC="41" PAGE_NO="12" NAME="Untitled Ad" ID="Ad01202" HREF="/12/Ad01202" SIZE="Small" IMAGES_RESOLUTION="72" WORDCNT="26"/>
				<Entity ENTITY_TYPE="Ad" FIRST_TOC_ENTRY_ID="24" DEPTH_LEVEL="1" INDEX_IN_DOC="42" PAGE_NO="12" NAME="Untitled Ad" ID="Ad01203" HREF="/12/Ad01203" SIZE="Small" IMAGES_RESOLUTION="72" WORDCNT="14"/>
				<Entity ENTITY_TYPE="Ad" FIRST_TOC_ENTRY_ID="25" DEPTH_LEVEL="1" INDEX_IN_DOC="43" PAGE_NO="12" NAME="Untitled Ad" ID="Ad01204" HREF="/12/Ad01204" SIZE="Medium" IMAGES_RESOLUTION="72" WORDCNT="0"/>
				<Entity ENTITY_TYPE="Ad" FIRST_TOC_ENTRY_ID="26" DEPTH_LEVEL="1" INDEX_IN_DOC="44" PAGE_NO="12" NAME="Untitled Ad" ID="Ad01205" HREF="/12/Ad01205" SIZE="Medium" IMAGES_RESOLUTION="72" WORDCNT="20"/>
				<Entity ENTITY_TYPE="Ad" FIRST_TOC_ENTRY_ID="20" DEPTH_LEVEL="1" INDEX_IN_DOC="38" PAGE_NO="12" NAME="Untitled Ad" ID="Ad01206" HREF="/12/Ad01206" SIZE="Large" IMAGES_RESOLUTION="72" WORDCNT="270"/>
			</Page>
		</Section>
	</Body_np>
	<Logic_np><TOC_Entries><TOC_Entry TOC_ENTRY_ID="1" TITLE="&lt; l?fxje ^atxtertL" ENTITY_ID_REF="Ar00102" PAGE_NO="1" PAGE_LABEL="1" PRIM_ID_REF="Ar0010200" IS_IC="true"/><TOC_Entry TOC_ENTRY_ID="2" TITLE="FT ought not to be necessary for the LAN..." ENTITY_ID_REF="Ar00100" PAGE_NO="1" PAGE_LABEL="1" PRIM_ID_REF="Ar0010000" IS_IC="true"/><TOC_Entry TOC_ENTRY_ID="3" TITLE="CJeijeral li terature." ENTITY_ID_REF="Ar00202" PAGE_NO="2" PAGE_LABEL="2" PRIM_ID_REF="Ar0020200" IS_IC="true"/><TOC_Entry TOC_ENTRY_ID="4" TITLE="ALCYONE." ENTITY_ID_REF="Ar00601" PAGE_NO="6" PAGE_LABEL="6" PRIM_ID_REF="Ar0060100" IS_IC="true"/><TOC_Entry TOC_ENTRY_ID="5" TITLE="* ? m HOR TON." ENTITY_ID_REF="Ar00602" PAGE_NO="6" PAGE_LABEL="6" PRIM_ID_REF="Ar0060200" IS_IC="true"/><TOC_Entry TOC_ENTRY_ID="6" TITLE="BROWN LNG." ENTITY_ID_REF="Ar00604" PAGE_NO="6" PAGE_LABEL="6" PRIM_ID_REF="Ar0060400" IS_IC="true"/><TOC_Entry TOC_ENTRY_ID="7" TITLE="SUBJECTS FOR ESS A VS." ENTITY_ID_REF="Ar00701" PAGE_NO="7" PAGE_LABEL="7" PRIM_ID_REF="Ar0070100" IS_IC="true"/><TOC_Entry TOC_ENTRY_ID="8" TITLE="A BEQUEST." ENTITY_ID_REF="Ar00702" PAGE_NO="7" PAGE_LABEL="7" PRIM_ID_REF="Ar0070200" IS_IC="true"/><TOC_Entry TOC_ENTRY_ID="9" TITLE="^ I oeal apd p^rjopal." ENTITY_ID_REF="Ar00704" PAGE_NO="7" PAGE_LABEL="7" PRIM_ID_REF="Ar0070400" IS_IC="true"/><TOC_Entry TOC_ENTRY_ID="10" TITLE="^Iumpi Jnotes." ENTITY_ID_REF="Ar00902" PAGE_NO="9" PAGE_LABEL="9" PRIM_ID_REF="Ar0090200" IS_IC="true"/><TOC_Entry TOC_ENTRY_ID="11" TITLE="" ENTITY_ID_REF="Ad01003" PAGE_NO="10" PAGE_LABEL="10" PRIM_ID_REF="Ad0100301" IS_IC="true"/><TOC_Entry TOC_ENTRY_ID="12" TITLE="" ENTITY_ID_REF="Ad01001" PAGE_NO="10" PAGE_LABEL="10" PRIM_ID_REF="Ad0100101" IS_IC="true"/><TOC_Entry TOC_ENTRY_ID="13" TITLE="" ENTITY_ID_REF="Ad01002" PAGE_NO="10" PAGE_LABEL="10" PRIM_ID_REF="Ad0100201" IS_IC="true"/><TOC_Entry TOC_ENTRY_ID="14" TITLE="" ENTITY_ID_REF="Ad01100" PAGE_NO="11" PAGE_LABEL="11" PRIM_ID_REF="Ad0110001" IS_IC="true"/><TOC_Entry TOC_ENTRY_ID="15" TITLE="" ENTITY_ID_REF="Ad01102" PAGE_NO="11" PAGE_LABEL="11" PRIM_ID_REF="Ad0110201" IS_IC="true"/><TOC_Entry TOC_ENTRY_ID="16" TITLE="" ENTITY_ID_REF="Ad01101" PAGE_NO="11" PAGE_LABEL="11" PRIM_ID_REF="Ad0110101" IS_IC="true"/><TOC_Entry TOC_ENTRY_ID="17" TITLE="" ENTITY_ID_REF="Ad01103" PAGE_NO="11" PAGE_LABEL="11" PRIM_ID_REF="Ad0110301" IS_IC="true"/><TOC_Entry TOC_ENTRY_ID="18" TITLE="" ENTITY_ID_REF="Ad01104" PAGE_NO="11" PAGE_LABEL="11" PRIM_ID_REF="Ad0110401" IS_IC="true"/><TOC_Entry TOC_ENTRY_ID="19" TITLE="" ENTITY_ID_REF="Ad01105" PAGE_NO="11" PAGE_LABEL="11" PRIM_ID_REF="Ad0110501" IS_IC="true"/><TOC_Entry TOC_ENTRY_ID="20" TITLE="" ENTITY_ID_REF="Ad01206" PAGE_NO="12" PAGE_LABEL="12" PRIM_ID_REF="Ad0120601" IS_IC="true"/><TOC_Entry TOC_ENTRY_ID="21" TITLE="" ENTITY_ID_REF="Ad01201" PAGE_NO="12" PAGE_LABEL="12" PRIM_ID_REF="Ad0120101" IS_IC="true"/><TOC_Entry TOC_ENTRY_ID="22" TITLE="" ENTITY_ID_REF="Ad01200" PAGE_NO="12" PAGE_LABEL="12" PRIM_ID_REF="Ad0120001" IS_IC="true"/><TOC_Entry TOC_ENTRY_ID="23" TITLE="" ENTITY_ID_REF="Ad01202" PAGE_NO="12" PAGE_LABEL="12" PRIM_ID_REF="Ad0120201" IS_IC="true"/><TOC_Entry TOC_ENTRY_ID="24" TITLE="" ENTITY_ID_REF="Ad01203" PAGE_NO="12" PAGE_LABEL="12" PRIM_ID_REF="Ad0120301" IS_IC="true"/><TOC_Entry TOC_ENTRY_ID="25" TITLE="" ENTITY_ID_REF="Ad01204" PAGE_NO="12" PAGE_LABEL="12" PRIM_ID_REF="Ad0120401" IS_IC="true"/><TOC_Entry TOC_ENTRY_ID="26" TITLE="" ENTITY_ID_REF="Ad01205" PAGE_NO="12" PAGE_LABEL="12" PRIM_ID_REF="Ad0120501" IS_IC="true"/></TOC_Entries></Logic_np></Xmd_toc>
