<?xml version="1.0" encoding="windows-1252" standalone="no"?>
<Xmd_toc REPOSITORY_FORMAT="1.0" PRXML_VER="2.2" PUBLICATION="OHI" PUBLICATION_DESCRIPTION="" ISSUE_DATE="06/03/1891" RELEASE_NO="060-OHI-1891-03-06-001-SINGLE-LANTERN_V11_1891_135" LANGUAGE="English">
	<Head_np>
		<Meta PAGES_NUMBER="16" SOURCE_TYPE="TIFF" SOURCE_RESOLUTION="72" IMAGES_RESOLUTION="90" PAGE_THUMBNAIL_RESOLUTION="90" PAGE_PREVIEW_RESOLUTION="15" DEFAULT_IMG_EXT="png" DEFAULT_PREVIEW_IMG_EXT="png" BASE_HREF="OHI/1891/03/06" PDF_DESTINATION_MAPPED="OLV0_Page_0001" TITLE_SNP_EXT="png" AD_SNP_EXT="png" IMAGE_SNP_EXT="jpg" MULTI_LAYER_PAGE_IMG="false" IS_SOLID="false" DOC_DATE="06/03/1891" DOC_UID="OHI_06/03/1891" DOC_VER="1" TOTAL_CHARS_COUNT="56121" SUSPICIOUS_CHARS_COUNT="0">
			<Publisher XMD_VER="2.6.240.18" ACROBAT_VER="7.08" PUBLISHER="Olive" PROFILE_ID="W:\Batch\Profile\OHI-1891-03-06.ini">
				<PublishDate>Thu, 26 Mar 2009 08:04:57 UTC</PublishDate>
				<PublishSWFCompatible>false</PublishSWFCompatible>
			</Publisher>
			<Resolutions>
				<Resolution DEFAULT="true">90</Resolution>
			</Resolutions>
		</Meta>
		<Link SOURCE="060-OHI-1891-03-06-001-SINGLE-LANTERN_V11_1891_135.pdf"/>
		<DataFiles>
			<Files TYPE="DOC_PDF" PRESENT="1"/>
			<Files TYPE="PAGE_PDF" PRESENT="0"/>
			<Files TYPE="DOC_IMG" PRESENT="0"/>
			<Files TYPE="PAGE_IMG" PRESENT="0"/>
			<Files TYPE="PAGE_VIEW_IMG" PRESENT="1"/>
			<Files TYPE="PAGE_PREVIEW_IMG" PRESENT="1"/>
			<Files TYPE="PRIMITIVE_IMG" PRESENT="1"/>
			<Files TYPE="SNIPPET_IMG" PRESENT="1"/>
			<Files TYPE="SEGMENTATION" PRESENT="0"/>
		</DataFiles>
	</Head_np>
	<Body_np>
		<Section NAME="Front page">
			<Page PAGE_NO="1" NAME="" PAGE_LABEL="1" ID="Pg001" PAGE_TYPE="Single" PAGE_WIDTH="669" PAGE_HEIGHT="994" CROP_BOX="0 0 668 993" MEDIA_BOX="0 0 668 993" HREF="/1/Pg001" TOTAL_CHARS_COUNT="3368" SUSPICIOUS_CHARS_COUNT="0">
				<Entity ENTITY_TYPE="Article" FIRST_TOC_ENTRY_ID="1" DEPTH_LEVEL="1" INDEX_IN_DOC="1" PAGE_NO="1" NAME="Untitled Article" ID="Ar00100" HREF="/1/Ar00100" SIZE="XLarge" CONTINUATION_TO="Ar00200" IMAGES_RESOLUTION="90" WORDCNT="824"/>
			</Page>
		</Section>
		<Section NAME="None">
			<Page PAGE_NO="2" NAME="" PAGE_LABEL="2" ID="Pg002" PAGE_TYPE="Single" PAGE_WIDTH="669" PAGE_HEIGHT="994" CROP_BOX="0 0 668 993" MEDIA_BOX="0 0 668 993" HREF="/2/Pg002" TOTAL_CHARS_COUNT="3645" SUSPICIOUS_CHARS_COUNT="0">
				<Entity ENTITY_TYPE="Article" FIRST_TOC_ENTRY_ID="1" DEPTH_LEVEL="1" INDEX_IN_DOC="2" PAGE_NO="2" NAME="Untitled Article" ID="Ar00200" HREF="/2/Ar00200" SIZE="XLarge" CONTINUATION_FROM="Ar00100" IMAGES_RESOLUTION="90" WORDCNT="766"/>
				<Entity ENTITY_TYPE="Article" FIRST_TOC_ENTRY_ID="2" DEPTH_LEVEL="1" INDEX_IN_DOC="3" PAGE_NO="2" NAME="Untitled Article" ID="Ar00201" HREF="/2/Ar00201" SIZE="Medium" CONTINUATION_TO="Ar00300" IMAGES_RESOLUTION="90" WORDCNT="71"/>
			</Page>
			<Page PAGE_NO="3" NAME="" PAGE_LABEL="3" ID="Pg003" PAGE_TYPE="Single" PAGE_WIDTH="669" PAGE_HEIGHT="994" CROP_BOX="0 0 668 993" MEDIA_BOX="0 0 668 993" HREF="/3/Pg003" TOTAL_CHARS_COUNT="4533" SUSPICIOUS_CHARS_COUNT="0">
				<Entity ENTITY_TYPE="Article" FIRST_TOC_ENTRY_ID="2" DEPTH_LEVEL="1" INDEX_IN_DOC="4" PAGE_NO="3" NAME="Untitled Article" ID="Ar00300" HREF="/3/Ar00300" SIZE="XLarge" CONTINUATION_TO="Ar00400" CONTINUATION_FROM="Ar00201" IMAGES_RESOLUTION="90" WORDCNT="1051"/>
			</Page>
			<Page PAGE_NO="4" NAME="" PAGE_LABEL="4" ID="Pg004" PAGE_TYPE="Single" PAGE_WIDTH="672" PAGE_HEIGHT="996" CROP_BOX="0 0 671 995" MEDIA_BOX="0 0 671 995" HREF="/4/Pg004" TOTAL_CHARS_COUNT="4552" SUSPICIOUS_CHARS_COUNT="0">
				<Entity ENTITY_TYPE="Article" FIRST_TOC_ENTRY_ID="2" DEPTH_LEVEL="1" INDEX_IN_DOC="5" PAGE_NO="4" NAME="Untitled Article" ID="Ar00400" HREF="/4/Ar00400" SIZE="XLarge" CONTINUATION_TO="Ar00500" CONTINUATION_FROM="Ar00300" IMAGES_RESOLUTION="90" WORDCNT="1037"/>
			</Page>
			<Page PAGE_NO="5" NAME="" PAGE_LABEL="5" ID="Pg005" PAGE_TYPE="Single" PAGE_WIDTH="666" PAGE_HEIGHT="994" CROP_BOX="0 0 665 993" MEDIA_BOX="0 0 665 993" HREF="/5/Pg005" TOTAL_CHARS_COUNT="4010" SUSPICIOUS_CHARS_COUNT="0">
				<Entity ENTITY_TYPE="Article" FIRST_TOC_ENTRY_ID="2" DEPTH_LEVEL="1" INDEX_IN_DOC="6" PAGE_NO="5" NAME="Untitled Article" ID="Ar00500" HREF="/5/Ar00500" SIZE="XLarge" CONTINUATION_FROM="Ar00400" IMAGES_RESOLUTION="90" WORDCNT="735"/>
				<Entity ENTITY_TYPE="Article" FIRST_TOC_ENTRY_ID="3" DEPTH_LEVEL="1" INDEX_IN_DOC="7" PAGE_NO="5" NAME="Untitled Article" ID="Ar00501" HREF="/5/Ar00501" SIZE="Large" IMAGES_RESOLUTION="90" WORDCNT="174"/>
				<Entity ENTITY_TYPE="Article" FIRST_TOC_ENTRY_ID="4" DEPTH_LEVEL="1" INDEX_IN_DOC="8" PAGE_NO="5" NAME="Untitled Article" ID="Ar00502" HREF="/5/Ar00502" SIZE="Small" CONTINUATION_TO="Ar00600" IMAGES_RESOLUTION="90" WORDCNT="27"/>
			</Page>
			<Page PAGE_NO="6" NAME="" PAGE_LABEL="6" ID="Pg006" PAGE_TYPE="Single" PAGE_WIDTH="669" PAGE_HEIGHT="994" CROP_BOX="0 0 668 993" MEDIA_BOX="0 0 668 993" HREF="/6/Pg006" TOTAL_CHARS_COUNT="4096" SUSPICIOUS_CHARS_COUNT="0">
				<Entity ENTITY_TYPE="Article" FIRST_TOC_ENTRY_ID="4" DEPTH_LEVEL="1" INDEX_IN_DOC="9" PAGE_NO="6" NAME="Untitled Article" ID="Ar00600" HREF="/6/Ar00600" SIZE="Medium" CONTINUATION_FROM="Ar00502" IMAGES_RESOLUTION="90" WORDCNT="138"/>
				<Entity ENTITY_TYPE="Article" FIRST_TOC_ENTRY_ID="5" DEPTH_LEVEL="1" INDEX_IN_DOC="10" PAGE_NO="6" NAME="Untitled Article" ID="Ar00601" HREF="/6/Ar00601" SIZE="XLarge" CONTINUATION_TO="Ar00700" IMAGES_RESOLUTION="90" WORDCNT="791"/>
			</Page>
			<Page PAGE_NO="7" NAME="" PAGE_LABEL="7" ID="Pg007" PAGE_TYPE="Single" PAGE_WIDTH="669" PAGE_HEIGHT="994" CROP_BOX="0 0 668 993" MEDIA_BOX="0 0 668 993" HREF="/7/Pg007" TOTAL_CHARS_COUNT="3496" SUSPICIOUS_CHARS_COUNT="0">
				<Entity ENTITY_TYPE="Article" FIRST_TOC_ENTRY_ID="5" DEPTH_LEVEL="1" INDEX_IN_DOC="11" PAGE_NO="7" NAME="Untitled Article" ID="Ar00700" HREF="/7/Ar00700" SIZE="Large" CONTINUATION_FROM="Ar00601" IMAGES_RESOLUTION="90" WORDCNT="199"/>
				<Entity ENTITY_TYPE="Article" FIRST_TOC_ENTRY_ID="6" DEPTH_LEVEL="1" INDEX_IN_DOC="12" PAGE_NO="7" NAME="Untitled Article" ID="Ar00701" HREF="/7/Ar00701" SIZE="XLarge" CONTINUATION_TO="Ar00800" IMAGES_RESOLUTION="90" WORDCNT="634"/>
			</Page>
			<Page PAGE_NO="8" NAME="" PAGE_LABEL="8" ID="Pg008" PAGE_TYPE="Single" PAGE_WIDTH="669" PAGE_HEIGHT="994" CROP_BOX="0 0 668 993" MEDIA_BOX="0 0 668 993" HREF="/8/Pg008" TOTAL_CHARS_COUNT="3838" SUSPICIOUS_CHARS_COUNT="0">
				<Entity ENTITY_TYPE="Article" FIRST_TOC_ENTRY_ID="6" DEPTH_LEVEL="1" INDEX_IN_DOC="13" PAGE_NO="8" NAME="Untitled Article" ID="Ar00800" HREF="/8/Ar00800" SIZE="XLarge" CONTINUATION_TO="Ar00900" CONTINUATION_FROM="Ar00701" IMAGES_RESOLUTION="90" WORDCNT="1256"/>
			</Page>
			<Page PAGE_NO="9" NAME="" PAGE_LABEL="9" ID="Pg009" PAGE_TYPE="Single" PAGE_WIDTH="669" PAGE_HEIGHT="994" CROP_BOX="0 0 668 993" MEDIA_BOX="0 0 668 993" HREF="/9/Pg009" TOTAL_CHARS_COUNT="4032" SUSPICIOUS_CHARS_COUNT="0">
				<Entity ENTITY_TYPE="Article" FIRST_TOC_ENTRY_ID="6" DEPTH_LEVEL="1" INDEX_IN_DOC="14" PAGE_NO="9" NAME="Untitled Article" ID="Ar00900" HREF="/9/Ar00900" SIZE="Large" CONTINUATION_FROM="Ar00800" IMAGES_RESOLUTION="90" WORDCNT="280"/>
				<Entity ENTITY_TYPE="Article" FIRST_TOC_ENTRY_ID="7" DEPTH_LEVEL="1" INDEX_IN_DOC="15" PAGE_NO="9" NAME="Untitled Article" ID="Ar00901" HREF="/9/Ar00901" SIZE="XLarge" IMAGES_RESOLUTION="90" WORDCNT="457"/>
				<Entity ENTITY_TYPE="Article" FIRST_TOC_ENTRY_ID="8" DEPTH_LEVEL="1" INDEX_IN_DOC="16" PAGE_NO="9" NAME="Untitled Article" ID="Ar00902" HREF="/9/Ar00902" SIZE="Large" CONTINUATION_TO="Ar01000" IMAGES_RESOLUTION="90" WORDCNT="214"/>
			</Page>
			<Page PAGE_NO="10" NAME="" PAGE_LABEL="10" ID="Pg010" PAGE_TYPE="Single" PAGE_WIDTH="672" PAGE_HEIGHT="996" CROP_BOX="0 0 671 995" MEDIA_BOX="0 0 671 995" HREF="/10/Pg010" TOTAL_CHARS_COUNT="3945" SUSPICIOUS_CHARS_COUNT="0">
				<Entity ENTITY_TYPE="Article" FIRST_TOC_ENTRY_ID="8" DEPTH_LEVEL="1" INDEX_IN_DOC="17" PAGE_NO="10" NAME="Untitled Article" ID="Ar01000" HREF="/10/Ar01000" SIZE="XLarge" CONTINUATION_FROM="Ar00902" IMAGES_RESOLUTION="90" WORDCNT="426"/>
				<Entity ENTITY_TYPE="Article" FIRST_TOC_ENTRY_ID="9" DEPTH_LEVEL="1" INDEX_IN_DOC="18" PAGE_NO="10" NAME="Untitled Article" ID="Ar01001" HREF="/10/Ar01001" SIZE="Large" IMAGES_RESOLUTION="90" WORDCNT="310"/>
				<Entity ENTITY_TYPE="Article" FIRST_TOC_ENTRY_ID="10" DEPTH_LEVEL="1" INDEX_IN_DOC="19" PAGE_NO="10" NAME="Untitled Article" ID="Ar01002" HREF="/10/Ar01002" SIZE="Large" CONTINUATION_TO="Ar01100" IMAGES_RESOLUTION="90" WORDCNT="255"/>
			</Page>
			<Page PAGE_NO="11" NAME="" PAGE_LABEL="11" ID="Pg011" PAGE_TYPE="Single" PAGE_WIDTH="669" PAGE_HEIGHT="994" CROP_BOX="0 0 668 993" MEDIA_BOX="0 0 668 993" HREF="/11/Pg011" TOTAL_CHARS_COUNT="2796" SUSPICIOUS_CHARS_COUNT="0">
				<Entity ENTITY_TYPE="Article" FIRST_TOC_ENTRY_ID="10" DEPTH_LEVEL="1" INDEX_IN_DOC="20" PAGE_NO="11" NAME="Untitled Article" ID="Ar01100" HREF="/11/Ar01100" SIZE="XLarge" CONTINUATION_FROM="Ar01002" IMAGES_RESOLUTION="90" WORDCNT="333"/>
				<Entity ENTITY_TYPE="Article" FIRST_TOC_ENTRY_ID="11" DEPTH_LEVEL="1" INDEX_IN_DOC="21" PAGE_NO="11" NAME="Untitled Article" ID="Ar01101" HREF="/11/Ar01101" SIZE="Large" IMAGES_RESOLUTION="90" WORDCNT="215"/>
				<Entity ENTITY_TYPE="Article" FIRST_TOC_ENTRY_ID="12" DEPTH_LEVEL="1" INDEX_IN_DOC="22" PAGE_NO="11" NAME="Untitled Article" ID="Ar01102" HREF="/11/Ar01102" SIZE="Large" IMAGES_RESOLUTION="90" WORDCNT="251"/>
			</Page>
			<Page PAGE_NO="12" NAME="" PAGE_LABEL="12" ID="Pg012" PAGE_TYPE="Single" PAGE_WIDTH="669" PAGE_HEIGHT="994" CROP_BOX="0 0 668 993" MEDIA_BOX="0 0 668 993" HREF="/12/Pg012" TOTAL_CHARS_COUNT="3495" SUSPICIOUS_CHARS_COUNT="0">
				<Entity ENTITY_TYPE="Article" FIRST_TOC_ENTRY_ID="13" DEPTH_LEVEL="1" INDEX_IN_DOC="23" PAGE_NO="12" NAME="Untitled Article" ID="Ar01200" HREF="/12/Ar01200" SIZE="Medium" IMAGES_RESOLUTION="90" WORDCNT="111"/>
				<Entity ENTITY_TYPE="Article" FIRST_TOC_ENTRY_ID="14" DEPTH_LEVEL="1" INDEX_IN_DOC="24" PAGE_NO="12" NAME="Untitled Article" ID="Ar01201" HREF="/12/Ar01201" SIZE="XLarge" CONTINUATION_TO="Ar01300" IMAGES_RESOLUTION="90" WORDCNT="759"/>
			</Page>
			<Page PAGE_NO="13" NAME="" PAGE_LABEL="13" ID="Pg013" PAGE_TYPE="Single" PAGE_WIDTH="669" PAGE_HEIGHT="994" CROP_BOX="0 0 668 993" MEDIA_BOX="0 0 668 993" HREF="/13/Pg013" TOTAL_CHARS_COUNT="3786" SUSPICIOUS_CHARS_COUNT="0">
				<Entity ENTITY_TYPE="Article" FIRST_TOC_ENTRY_ID="14" DEPTH_LEVEL="1" INDEX_IN_DOC="25" PAGE_NO="13" NAME="Untitled Article" ID="Ar01300" HREF="/13/Ar01300" SIZE="XLarge" CONTINUATION_FROM="Ar01201" IMAGES_RESOLUTION="90" WORDCNT="700"/>
				<Entity ENTITY_TYPE="Article" FIRST_TOC_ENTRY_ID="15" DEPTH_LEVEL="1" INDEX_IN_DOC="26" PAGE_NO="13" NAME="Untitled Article" ID="Ar01301" HREF="/13/Ar01301" SIZE="Medium" IMAGES_RESOLUTION="90" WORDCNT="135"/>
				<Entity ENTITY_TYPE="Article" FIRST_TOC_ENTRY_ID="16" DEPTH_LEVEL="1" INDEX_IN_DOC="27" PAGE_NO="13" NAME="Untitled Article" ID="Ar01302" HREF="/13/Ar01302" SIZE="Small" CONTINUATION_TO="Ar01400" IMAGES_RESOLUTION="90" WORDCNT="66"/>
			</Page>
			<Page PAGE_NO="14" NAME="" PAGE_LABEL="14" ID="Pg014" PAGE_TYPE="Single" PAGE_WIDTH="674" PAGE_HEIGHT="998" CROP_BOX="0 0 673 997" MEDIA_BOX="0 0 673 997" HREF="/14/Pg014" TOTAL_CHARS_COUNT="3997" SUSPICIOUS_CHARS_COUNT="0">
				<Entity ENTITY_TYPE="Article" FIRST_TOC_ENTRY_ID="16" DEPTH_LEVEL="1" INDEX_IN_DOC="28" PAGE_NO="14" NAME="Untitled Article" ID="Ar01400" HREF="/14/Ar01400" SIZE="Small" CONTINUATION_FROM="Ar01302" IMAGES_RESOLUTION="90" WORDCNT="32"/>
				<Entity ENTITY_TYPE="Article" FIRST_TOC_ENTRY_ID="17" DEPTH_LEVEL="1" INDEX_IN_DOC="29" PAGE_NO="14" NAME="Untitled Article" ID="Ar01401" HREF="/14/Ar01401" SIZE="XLarge" CONTINUATION_TO="Ar01500" IMAGES_RESOLUTION="90" WORDCNT="943"/>
			</Page>
			<Page PAGE_NO="15" NAME="" PAGE_LABEL="15" ID="Pg015" PAGE_TYPE="Single" PAGE_WIDTH="669" PAGE_HEIGHT="994" CROP_BOX="0 0 668 993" MEDIA_BOX="0 0 668 993" HREF="/15/Pg015" TOTAL_CHARS_COUNT="2154" SUSPICIOUS_CHARS_COUNT="0">
				<Entity ENTITY_TYPE="Article" FIRST_TOC_ENTRY_ID="17" DEPTH_LEVEL="1" INDEX_IN_DOC="30" PAGE_NO="15" NAME="Untitled Article" ID="Ar01500" HREF="/15/Ar01500" SIZE="Medium" CONTINUATION_FROM="Ar01401" IMAGES_RESOLUTION="90" WORDCNT="118"/>
				<Entity ENTITY_TYPE="Article" FIRST_TOC_ENTRY_ID="18" DEPTH_LEVEL="1" INDEX_IN_DOC="31" PAGE_NO="15" NAME="Untitled Article" ID="Ar01501" HREF="/15/Ar01501" SIZE="XLarge" IMAGES_RESOLUTION="90" WORDCNT="407"/>
				<Entity ENTITY_TYPE="Picture" FIRST_TOC_ENTRY_ID="19" DEPTH_LEVEL="2" INDEX_IN_DOC="32" PAGE_NO="15" NAME="Untitled Picture" ID="Pc01502" HREF="/15/Pc01502" SIZE="Medium" EMBEDDED_INTO="Ar01501" EMBEDDED_AFTER="Ar0150104" IMAGES_RESOLUTION="90" WORDCNT="0"/>
				<Entity ENTITY_TYPE="Ad" FIRST_TOC_ENTRY_ID="20" DEPTH_LEVEL="1" INDEX_IN_DOC="33" PAGE_NO="15" NAME="Untitled Ad" ID="Ad01503" HREF="/15/Ad01503" SIZE="Medium" IMAGES_RESOLUTION="90" WORDCNT="29"/>
				<Entity ENTITY_TYPE="Ad" FIRST_TOC_ENTRY_ID="21" DEPTH_LEVEL="1" INDEX_IN_DOC="34" PAGE_NO="15" NAME="Untitled Ad" ID="Ad01504" HREF="/15/Ad01504" SIZE="Medium" IMAGES_RESOLUTION="90" WORDCNT="64"/>
			</Page>
			<Page PAGE_NO="16" NAME="" PAGE_LABEL="16" ID="Pg016" PAGE_TYPE="Single" PAGE_WIDTH="674" PAGE_HEIGHT="998" CROP_BOX="0 0 673 997" MEDIA_BOX="0 0 673 997" HREF="/16/Pg016" TOTAL_CHARS_COUNT="378" SUSPICIOUS_CHARS_COUNT="0">
				<Entity ENTITY_TYPE="Article" FIRST_TOC_ENTRY_ID="22" DEPTH_LEVEL="1" INDEX_IN_DOC="35" PAGE_NO="16" NAME="Untitled Article" ID="Ar01600" HREF="/16/Ar01600" SIZE="Medium" IMAGES_RESOLUTION="90" WORDCNT="101"/>
				<Entity ENTITY_TYPE="Ad" FIRST_TOC_ENTRY_ID="23" DEPTH_LEVEL="1" INDEX_IN_DOC="36" PAGE_NO="16" NAME="Untitled Ad" ID="Ad01601" HREF="/16/Ad01601" SIZE="Medium" IMAGES_RESOLUTION="90" WORDCNT="39"/>
				<Entity ENTITY_TYPE="Ad" FIRST_TOC_ENTRY_ID="26" DEPTH_LEVEL="1" INDEX_IN_DOC="39" PAGE_NO="16" NAME="Untitled Ad" ID="Ad01602" HREF="/16/Ad01602" SIZE="Medium" IMAGES_RESOLUTION="90" WORDCNT="75"/>
				<Entity ENTITY_TYPE="Ad" FIRST_TOC_ENTRY_ID="24" DEPTH_LEVEL="1" INDEX_IN_DOC="37" PAGE_NO="16" NAME="Untitled Ad" ID="Ad01603" HREF="/16/Ad01603" SIZE="Medium" IMAGES_RESOLUTION="90" WORDCNT="158"/>
				<Entity ENTITY_TYPE="Ad" FIRST_TOC_ENTRY_ID="25" DEPTH_LEVEL="1" INDEX_IN_DOC="38" PAGE_NO="16" NAME="Untitled Ad" ID="Ad01604" HREF="/16/Ad01604" SIZE="Medium" IMAGES_RESOLUTION="90" WORDCNT="21"/>
				<Entity ENTITY_TYPE="Ad" FIRST_TOC_ENTRY_ID="30" DEPTH_LEVEL="1" INDEX_IN_DOC="43" PAGE_NO="16" NAME="Untitled Ad" ID="Ad01605" HREF="/16/Ad01605" SIZE="Small" IMAGES_RESOLUTION="90" WORDCNT="22"/>
				<Entity ENTITY_TYPE="Ad" FIRST_TOC_ENTRY_ID="29" DEPTH_LEVEL="1" INDEX_IN_DOC="42" PAGE_NO="16" NAME="Untitled Ad" ID="Ad01606" HREF="/16/Ad01606" SIZE="Small" IMAGES_RESOLUTION="90" WORDCNT="78"/>
				<Entity ENTITY_TYPE="Ad" FIRST_TOC_ENTRY_ID="28" DEPTH_LEVEL="1" INDEX_IN_DOC="41" PAGE_NO="16" NAME="Untitled Ad" ID="Ad01607" HREF="/16/Ad01607" SIZE="Medium" IMAGES_RESOLUTION="90" WORDCNT="14"/>
				<Entity ENTITY_TYPE="Ad" FIRST_TOC_ENTRY_ID="27" DEPTH_LEVEL="1" INDEX_IN_DOC="40" PAGE_NO="16" NAME="Untitled Ad" ID="Ad01608" HREF="/16/Ad01608" SIZE="Small" IMAGES_RESOLUTION="90" WORDCNT="25"/>
			</Page>
		</Section>
	</Body_np>
	<Logic_np><TOC_Entries><TOC_Entry TOC_ENTRY_ID="1" TITLE="%he %&amp;uUm." ENTITY_ID_REF="Ar00100" PAGE_NO="1" PAGE_LABEL="1" PRIM_ID_REF="Ar0010000" IS_IC="true"/><TOC_Entry TOC_ENTRY_ID="2" TITLE="THE LAST DA YS OF POMPEII." ENTITY_ID_REF="Ar00201" PAGE_NO="2" PAGE_LABEL="2" PRIM_ID_REF="Ar0020100" IS_IC="true"/><TOC_Entry TOC_ENTRY_ID="3" TITLE="THE LOCUSTS." ENTITY_ID_REF="Ar00501" PAGE_NO="5" PAGE_LABEL="5" PRIM_ID_REF="Ar0050100" IS_IC="true"/><TOC_Entry TOC_ENTRY_ID="4" TITLE="* BAGDAD." ENTITY_ID_REF="Ar00502" PAGE_NO="5" PAGE_LABEL="5" PRIM_ID_REF="Ar0050200" IS_IC="true"/><TOC_Entry TOC_ENTRY_ID="5" TITLE="DEPARTMENT OF GERMAN LANGUAGE AND LITERA..." ENTITY_ID_REF="Ar00601" PAGE_NO="6" PAGE_LABEL="6" PRIM_ID_REF="Ar0060100" IS_IC="true"/><TOC_Entry TOC_ENTRY_ID="6" TITLE="STATE CONTEST." ENTITY_ID_REF="Ar00701" PAGE_NO="7" PAGE_LABEL="7" PRIM_ID_REF="Ar0070100" IS_IC="true"/><TOC_Entry TOC_ENTRY_ID="7" TITLE="THE RECEPTION." ENTITY_ID_REF="Ar00901" PAGE_NO="9" PAGE_LABEL="9" PRIM_ID_REF="Ar0090100" IS_IC="true"/><TOC_Entry TOC_ENTRY_ID="8" TITLE="ORCHESTRA CONCERT." ENTITY_ID_REF="Ar00902" PAGE_NO="9" PAGE_LABEL="9" PRIM_ID_REF="Ar0090200" IS_IC="true"/><TOC_Entry TOC_ENTRY_ID="9" TITLE="OHIO INTER-COLLEGIATE PRESS ASSOCIATION." ENTITY_ID_REF="Ar01001" PAGE_NO="10" PAGE_LABEL="10" PRIM_ID_REF="Ar0100100" IS_IC="true"/><TOC_Entry TOC_ENTRY_ID="10" TITLE="UNIVERSITY DAY." ENTITY_ID_REF="Ar01002" PAGE_NO="10" PAGE_LABEL="10" PRIM_ID_REF="Ar0100200" IS_IC="true"/><TOC_Entry TOC_ENTRY_ID="11" TITLE="AN IDYLL." ENTITY_ID_REF="Ar01101" PAGE_NO="11" PAGE_LABEL="11" PRIM_ID_REF="Ar0110100" IS_IC="true"/><TOC_Entry TOC_ENTRY_ID="12" TITLE="NEW BOOKS FOR THE COLLEGE LIBRARY." ENTITY_ID_REF="Ar01102" PAGE_NO="11" PAGE_LABEL="11" PRIM_ID_REF="Ar0110200" IS_IC="true"/><TOC_Entry TOC_ENTRY_ID="13" TITLE="SECRETARY OF STATE ORATORICAL ASSOCIATIO..." ENTITY_ID_REF="Ar01200" PAGE_NO="12" PAGE_LABEL="12" PRIM_ID_REF="Ar0120000" IS_IC="true"/><TOC_Entry TOC_ENTRY_ID="14" TITLE="[peal ar?d p^r$or}al." ENTITY_ID_REF="Ar01201" PAGE_NO="12" PAGE_LABEL="12" PRIM_ID_REF="Ar0120100" IS_IC="true"/><TOC_Entry TOC_ENTRY_ID="15" TITLE="prat^rrpity flotes." ENTITY_ID_REF="Ar01301" PAGE_NO="13" PAGE_LABEL="13" PRIM_ID_REF="Ar0130100" IS_IC="true"/><TOC_Entry TOC_ENTRY_ID="16" TITLE="EIGHTH ANNUAL REUNION OF BETA THETA PL" ENTITY_ID_REF="Ar01302" PAGE_NO="13" PAGE_LABEL="13" PRIM_ID_REF="Ar0130200" IS_IC="true"/><TOC_Entry TOC_ENTRY_ID="17" TITLE="Exetyar^es." ENTITY_ID_REF="Ar01401" PAGE_NO="14" PAGE_LABEL="14" PRIM_ID_REF="Ar0140100" IS_IC="true"/><TOC_Entry TOC_ENTRY_ID="18" TITLE="]r^ &lt;?oll&lt;^ U/orld" ENTITY_ID_REF="Ar01501" PAGE_NO="15" PAGE_LABEL="15" PRIM_ID_REF="Ar0150100" IS_IC="true"><TOC_Entry TOC_ENTRY_ID="19" TITLE="" ENTITY_ID_REF="Pc01502" PAGE_NO="15" PAGE_LABEL="15" PRIM_ID_REF="Pc0150200" IS_IC="true"/></TOC_Entry><TOC_Entry TOC_ENTRY_ID="20" TITLE="" ENTITY_ID_REF="Ad01503" PAGE_NO="15" PAGE_LABEL="15" PRIM_ID_REF="Ad0150301" IS_IC="true"/><TOC_Entry TOC_ENTRY_ID="21" TITLE="" ENTITY_ID_REF="Ad01504" PAGE_NO="15" PAGE_LABEL="15" PRIM_ID_REF="Ad0150401" IS_IC="true"/><TOC_Entry TOC_ENTRY_ID="22" TITLE="THE PRINTER car f f OTe f?� with glee an..." ENTITY_ID_REF="Ar01600" PAGE_NO="16" PAGE_LABEL="16" PRIM_ID_REF="Ar0160000" IS_IC="true"/><TOC_Entry TOC_ENTRY_ID="23" TITLE="" ENTITY_ID_REF="Ad01601" PAGE_NO="16" PAGE_LABEL="16" PRIM_ID_REF="Ad0160101" IS_IC="true"/><TOC_Entry TOC_ENTRY_ID="24" TITLE="" ENTITY_ID_REF="Ad01603" PAGE_NO="16" PAGE_LABEL="16" PRIM_ID_REF="Ad0160301" IS_IC="true"/><TOC_Entry TOC_ENTRY_ID="25" TITLE="" ENTITY_ID_REF="Ad01604" PAGE_NO="16" PAGE_LABEL="16" PRIM_ID_REF="Ad0160401" IS_IC="true"/><TOC_Entry TOC_ENTRY_ID="26" TITLE="" ENTITY_ID_REF="Ad01602" PAGE_NO="16" PAGE_LABEL="16" PRIM_ID_REF="Ad0160201" IS_IC="true"/><TOC_Entry TOC_ENTRY_ID="27" TITLE="" ENTITY_ID_REF="Ad01608" PAGE_NO="16" PAGE_LABEL="16" PRIM_ID_REF="Ad0160801" IS_IC="true"/><TOC_Entry TOC_ENTRY_ID="28" TITLE="" ENTITY_ID_REF="Ad01607" PAGE_NO="16" PAGE_LABEL="16" PRIM_ID_REF="Ad0160701" IS_IC="true"/><TOC_Entry TOC_ENTRY_ID="29" TITLE="" ENTITY_ID_REF="Ad01606" PAGE_NO="16" PAGE_LABEL="16" PRIM_ID_REF="Ad0160601" IS_IC="true"/><TOC_Entry TOC_ENTRY_ID="30" TITLE="" ENTITY_ID_REF="Ad01605" PAGE_NO="16" PAGE_LABEL="16" PRIM_ID_REF="Ad0160501" IS_IC="true"/></TOC_Entries></Logic_np></Xmd_toc>
