{
   "status":"OK",
   "copyright":"Copyright (c) 2020 Pro Publica Inc. All Rights Reserved.",
   "results":[
      {
         "id": "K000372",
         "member_uri": "https://api.propublica.org/congress/v1/members/K000372.json",
         "name": "Mary Jo Kilroy",
         "num_results": 338,
         "offset": 280,
         "bills": [
              {
                "congress": "111",
                "bill_id": "hr2109-111",
                "bill_type": "hr",
                "number": "H.R.2109",
                "bill_uri": "https://api.propublica.org/congress/v1/111/bills/hr2109.json",
                "title": "To improve and enhance research and programs on childhood cancer survivorship, and for other purposes.",
                "short_title": "Childhood Cancer Survivorship Research and Quality of Life Act of 2009",
                "sponsor_title": "Rep.",
                "sponsor_id": "S001175",
                "sponsor_name": "Jackie Speier",
                "sponsor_state": "CA",
                "sponsor_party": "D",
                "sponsor_uri": "https://api.propublica.org/congress/v1/members/S001175.json",
                "gpo_pdf_uri": null,
                "congressdotgov_url": "https://www.congress.gov/bill/111th-congress/house-bill/2109",
                "govtrack_url": "https://www.govtrack.us/congress/bills/111/hr2109",
                "introduced_date": "2009-04-27",
                "active": null,
                "last_vote": null,
                "house_passage": null,
                "senate_passage": null,
                "enacted": null,
                "vetoed": null,
                "cosponsors": 55,
                "cosponsors_by_party": {"R":8,"D":47},
                "committees": "House Energy and Commerce",
                "primary_subject": "Health",
                "summary": "Childhood Cancer Survivorship Research and Quality of Life Act of 2009 - Amends the Public Health Service Act to direct the Secretary of Health and Human Services, acting through the Director of the Centers for Disease Control and Prevention (CDC), to expand and intensify the CDC's cancer control programs, including programs for conducting surveillance activities or supporting state comprehensive cancer control programs. Requires the Director of the National Cancer Institute to coordinate the activities of the National Institutes of Health (NIH) with respect to cancer survivorship, including child cancer survivorship. Requires the Director of NIH, acting through the Director of the Institute, to make grants for research relating to: (1) childhood cancer survivors within minority populations; and (2) health disparities in cancer survivorship outcomes within minority or other medically underserved populations. Requires the Director of NIH to conduct or support research to evaluate systems of follow-up care for childhood cancer survivors. Directs the Secretary to make grants to establish or improve training programs for health care professionals to: (1) improve the quality of immediate and long-term follow-up care for survivors of childhood cancers and their families; and (2) ensure that such care is linguistically and culturally competent. Requires the Director of NIH to make grants to establish pilot programs to develop, study, or evaluate model systems for monitoring and caring for childhood cancer survivors. Requires the Secretary to make grants to: (1) establish and operate a clinic for comprehensive long-term follow-up services for childhood cancer survivors; and (2) improve physical and psychosocial care for childhood cancer survivors.",
                "summary_short": "Childhood Cancer Survivorship Research and Quality of Life Act of 2009 - Amends the Public Health Service Act to direct the Secretary of Health and Human Services, acting through the Director of the Centers for Disease Control and Prevention (CDC), to expand and intensify the CDC&#39;s cancer control programs, including programs for conducting surveillance activities or supporting state comprehensive cancer control programs. Requires the Director of the National Cancer Institute to coordinate the...",
                "latest_major_action_date": "2009-04-28",
                "latest_major_action": "Referred to the Subcommittee on Health."
              },
                           {
                "congress": "111",
                "bill_id": "hres341-111",
                "bill_type": "hres",
                "number": "H.RES.341",
                "bill_uri": "https://api.propublica.org/congress/v1/111/bills/hres341.json",
                "title": "Expressing heartfelt sympathy for the victims and families of the shootings in Geneva and Coffee Counties in Alabama, on March 10, 2009.",
                "short_title": null,
                "sponsor_title": "Rep.",
                "sponsor_id": "B001264",
                "sponsor_name": "Bobby Bright",
                "sponsor_state": "AL",
                "sponsor_party": "D",
                "sponsor_uri": "https://api.propublica.org/congress/v1/members/B001264.json",
                "gpo_pdf_uri": null,
                "congressdotgov_url": "https://www.congress.gov/bill/111th-congress/house-resolution/341",
                "govtrack_url": "https://www.govtrack.us/congress/bills/111/hres341",
                "introduced_date": "2009-04-21",
                "active": null,
                "last_vote": null,
                "house_passage": null,
                "senate_passage": null,
                "enacted": null,
                "vetoed": null,
                "cosponsors": 58,
                "cosponsors_by_party": {"D":54,"R":5},
                "committees": "House Oversight and Government Reform",
                "primary_subject": "Crime and law enforcement",
                "summary": "Expresses the heartfelt sympathy of the House of Representatives for the victims and families of the shootings in Geneva and Coffee Counties in Alabama on March 10, 2009. Conveys the gratitude of the House to the city and county officials, and all the police, fire, sheriff, and emergency medical teams who responded swiftly to the scene and helped prevent further violence.",
                "summary_short": "Expresses the heartfelt sympathy of the House of Representatives for the victims and families of the shootings in Geneva and Coffee Counties in Alabama on March 10, 2009. Conveys the gratitude of the House to the city and county officials, and all the police, fire, sheriff, and emergency medical teams who responded swiftly to the scene and helped prevent further violence.",
                "latest_major_action_date": "2009-04-28",
                "latest_major_action": "Motion to reconsider laid on the table Agreed to without objection."
              },
                           {
                "congress": "111",
                "bill_id": "hr2074-111",
                "bill_type": "hr",
                "number": "H.R.2074",
                "bill_uri": "https://api.propublica.org/congress/v1/111/bills/hr2074.json",
                "title": "To provide effective employment, training, and career and technical education programs and to address barriers that result from family responsibilities, and to encourage and support individuals to enter nontraditional occupational fields.",
                "short_title": "Pathways Advancing Career Training Act",
                "sponsor_title": "Rep.",
                "sponsor_id": "D000216",
                "sponsor_name": "Rosa DeLauro",
                "sponsor_state": "CT",
                "sponsor_party": "D",
                "sponsor_uri": "https://api.propublica.org/congress/v1/members/D000216.json",
                "gpo_pdf_uri": null,
                "congressdotgov_url": "https://www.congress.gov/bill/111th-congress/house-bill/2074",
                "govtrack_url": "https://www.govtrack.us/congress/bills/111/hr2074",
                "introduced_date": "2009-04-23",
                "active": null,
                "last_vote": null,
                "house_passage": null,
                "senate_passage": null,
                "enacted": null,
                "vetoed": null,
                "cosponsors": 45,
                "cosponsors_by_party": {"D":45},
                "committees": "House Education and Labor",
                "primary_subject": "Labor and employment",
                "summary": "Pathways Advancing Career Training Act - Authorizes the Secretary of Labor to make formula matching grants to states with approved plans for programs that provide preparatory and supportive services, information on career and technical education, training, pre-apprenticeship assistance, and related services, including tuition assistance, to: (1) single parents and displaced homemakers; and (2) individuals pursuing nontraditional training and employment in fields where individuals from one gender compose less than 25% of workers. Requires the Secretary, through the award of competitive grants, contracts, or cooperative agreements with an independent institution of higher education, public or private nonprofit organization, or state agency, to conduct at least one multi-site evaluation of such programs. Requires eligible state agencies to administer such programs, make competitive subgrants to eligible entities, and identify certain core indicators of performance.",
                "summary_short": "Pathways Advancing Career Training Act - Authorizes the Secretary of Labor to make formula matching grants to states with approved plans for programs that provide preparatory and supportive services, information on career and technical education, training, pre-apprenticeship assistance, and related services, including tuition assistance, to: (1) single parents and displaced homemakers; and (2) individuals pursuing nontraditional training and employment in fields where individuals from one gen...",
                "latest_major_action_date": "2009-06-04",
                "latest_major_action": "Referred to the Subcommittee on Higher Education, Lifelong Learning, and Competitiveness."
              },
                           {
                "congress": "111",
                "bill_id": "hr627-111",
                "bill_type": "hr",
                "number": "H.R.627",
                "bill_uri": "https://api.propublica.org/congress/v1/111/bills/hr627.json",
                "title": "To amend the Truth in Lending Act to establish fair and transparent practices relating to the extension of credit under an open end consumer credit plan, and for other purposes.",
                "short_title": "Credit Card Accountability Responsibility and Disclosure Act of 2009",
                "sponsor_title": "Rep.",
                "sponsor_id": "M000087",
                "sponsor_name": "Carolyn B. Maloney",
                "sponsor_state": "NY",
                "sponsor_party": "D",
                "sponsor_uri": "https://api.propublica.org/congress/v1/members/M000087.json",
                "gpo_pdf_uri": null,
                "congressdotgov_url": "https://www.congress.gov/bill/111th-congress/house-bill/627",
                "govtrack_url": "https://www.govtrack.us/congress/bills/111/hr627",
                "introduced_date": "2009-01-22",
                "active": null,
                "last_vote": "2009-05-20",
                "house_passage": "2009-04-30",
                "senate_passage": null,
                "enacted": null,
                "vetoed": null,
                "cosponsors": 128,
                "cosponsors_by_party": {"D":127,"R":1},
                "committees": "House Financial Services",
                "primary_subject": "Finance and financial sector",
                "summary": "Credit Card Accountability Responsibility and Disclosure Act of 2009 or the Credit CARD Act of 2009 - (Sec. 2) Authorizes the Board of Governors of the Federal Reserve System (Federal Reserve Board) to issue rules and publish model forms to implement this Act. (Sec. 3) Makes this Act effective nine months after its enactment. Title I: Consumer Protection - (Sec. 101) Amends the Truth in Lending Act (TILA), with respect to credit card accounts under an open end consumer credit plan, to require a creditor to provide written notice not later than 45 days prior to the effective date of: (1) any increase in an annual percentage rate (APR); and (2) any significant change, as determined by rule of the Federal Reserve Board, in the terms of the cardholder agreement (including an increase in fees or finance charges). Prohibits a creditor from increasing any annual percentage rate (APR) of interest, fee, or finance charge applicable to the existing balance on an open end consumer credit card account unless specified conditions are met. Allows a creditor to increase an APR, fee, or finance charge only if the increase is due solely to: (1) expiration of a specified time period (e.g., promotional period) disclosed clearly and conspicuously to the consumer before commencement of the time period; (2) a change in index not under the creditor's control; (3) payment not received during the 30-day grace period after the due date; or (4) completion of a workout or temporary hardship arrangement, or the consumer's failure to comply with such an arrangement. Prohibits any APR increase relating to such an arrangement from exceeding the APR applicable to the particular category of transactions on the day before the effective date of the arrangement. Prohibits a creditor from changing the terms governing repayment of an outstanding balance; but permits the creditor to provide the obligor with specified repayment methods. Requires a creditor that increases the APR based upon factors including the obligor's credit risk, market conditions, or other factors to: (1) consider changes in such factors in subsequently determining whether to reduce the APR for such obligor; and (2) reduce the APR when a review indicates a reduction. Declares that no increase in any APR, fee, or finance charge, with certain exceptions, shall be effective before the end of the one-year period beginning on the date on which the account is opened. States that, in the case of a promotional rate, no written notice of an increase in the APR shall be effective before the end of a six-month period beginning from the date the promotional rate takes effect. (Sec. 102) Prohibits imposition of a finance charge, with certain exceptions, upon a credit card account balance that is based on balances for days in billing cycles preceding the most recent billing cycle (double billing cycle) as a result of the loss of any grace period. Prohibits penalties for on-time payments. Prohibits the charge of an over-the-limit fee unless the consumer expressly permits the creditor to complete the relevant transaction (opt-in). Allows imposition of an over-the-limit fee only once during a billing cycle. Prohibits its imposition more than once in two subsequent billing cycles with respect to such excess credit, unless the consumer: (1) has obtained an additional extension of credit in excess of the credit limit during any such subsequent cycle; or (2) reduces the outstanding balance below the credit limit as of the end of such billing cycle. Prohibits a creditor from imposing a separate fee related to the method of payment (by mail, electronic transfer, telephone authorization, or other means), unless the payment involves an expedited service by the creditor's service representative. Requires any penalty fee or charge to be reasonable and proportional to the omission or violation involved. Directs the Federal Reserve Board to establish standards for assessing whether the amount of any penalty fee or charge is reasonable and proportional to the omission or violation to which the fee or charge relates. (Sec. 103) Limits the use of the term \"fixed,\" in conjunction with an APR or applicable interest rate, to a rate that will not change or vary for any reason over the period specified clearly and conspicuously in the terms of the account. (Sec. 104) Revises requirements governing crediting of payments. Requires a card issuer, upon receipt of payment, to apply amounts in excess of the minimum payment amount first to the balance bearing the highest rate of interest, and then to each successive balance bearing the next highest rate of interest, until the payment is exhausted. Requires a creditor to allocate the entire amount paid in excess of the minimum payment to a balance on which interest is deferred during the last two billing cycles immediately preceding the expiration of the period during which interest is deferred. Prohibits a card issuer from imposing any late fee or finance charge for a late payment if: (1) the issuer makes a material change in the mailing address, office, or procedures for handling cardholder payments; and (2) such change causes a material delay in the crediting of payment made during the 60-day period following the date on which such change took effect. (Sec. 105) Prescribes a standard for the initial issuance of subprime or \"fee harvester\" cards (accounts requiring first-year fee payments in excess of 25% of the total amount of credit authorized). Prohibits payment of any fee from the credit made available by the card (other than any late fee, over-the-limit fee, or any fee for a payment returned for insufficient funds). (Sec. 106) Requires the payment due date to be the same day each month, or the next business day if such date falls on a weekend or holiday. Revises requirements for the timing of payments and the grace period. Requires each periodic statement of payment due to be mailed no later than 21 days before the payment due date. (Sec. 107) Revises civil penalties for creditor noncompliance with TILA. Includes in such penalties twice the amount of any finance charge in connection with a transaction, between $500 and $5,000 (or a higher amount in the case of an established pattern or practice of noncompliance), in the case of an individual action relating to an open end consumer credit plan that is not secured by real property or a dwelling. (Sec. 109) Requires a card issuer to consider the ability of the consumer to make required payments as a prerequisite to opening any consumer credit card account, or increasing any credit limit. Title II: Enhanced Consumer Disclosures - (Sec. 201) Revises and expands requirements for mandatory minimum payment disclosures a creditor must furnish. Directs the Federal Reserve Board to issue guidelines, by rule, for the establishment and maintenance by creditors of a toll-free telephone number for purposes of providing information about accessing credit counseling and debt management services. (Sec. 202) Revises requirements relating to late payment deadlines. Requires specified disclosures relating to increases in interest rates for late payments. States that the date on which the obligor makes a payment at the local branch of a creditor financial institution shall be considered to be the date on which the payment is made for purposes of determining whether a late fee or charge may be imposed due to the failure of the obligor to make payment on or before the due date for such payment. (Sec. 203) Requires a card issuer that has changed or amended any term of the account since the last renewal that has not been previously disclosed to make such a disclosure to the consumer by a certain deadline. (Sec. 204) Requires creditors to post on an Internet site the written agreement between the creditor and the consumer for each open-end consumer credit plan. (Sec. 205) Amends the Fair Credit Reporting Act to require any advertisement for a free credit report to disclose prominently that free credit reports are available under federal law at AnnualCreditReport.com (or other authorized source). Title III: Protection of Young Consumers - (Sec. 301) Amends TILA to prohibit extensions of credit to consumers under age 21, unless the consumer has submitted a written application that meets specified requirements. Requires any such application to be signed by a cosigner, including the parent, legal guardian, spouse, or any other individual who has attained the age of 21 having a means to repay debts incurred by the consumer in connection with the account. (Sec. 302) Amends the Fair Credit Reporting Act to permit a consumer reporting agency to furnish a consumer report regarding credit or insurance transactions that are not initiated by the consumer only if the report does not contain a date of birth that shows that the consumer has not attained the age of 21, or, if the date of birth on the consumer report shows that the consumer has not attained the age of 21, the consumer consents to the furnishing of such report. (Sec. 303) Amends TILA to require approval by the jointly liable party to increase credit lines for accounts for which a parent, legal guardian, spouse of the consumer, or any other individual is jointly liable. (Sec. 304) Requires an institution of higher education to disclose publicly any agreement made with a card issuer or creditor for the purpose of marketing a credit card. Prohibits a card issuer or creditor from offering to a student at an institution of higher education any tangible item as inducement to participate in an open end consumer credit plan if such offer is made: (1) on or near the campus of the institution; or (2) at an event sponsored by or related to such institution. Expresses the sense of Congress that each institution of higher education should consider adopting the following policies relating to credit cards: (1) that any card issuer that markets a credit card on the campus notify the institution of the location at which such marketing will take place; (2) that the number of locations on the campus at which the marketing of credit cards takes place be limited; and (3) that credit card and debt education and counseling sessions be offered as a regular part of any orientation program for new students. (Sec. 305) Requires each creditor to submit an annual report to the Federal Reserve Board containing the terms and conditions of all business, marketing, and promotional agreements and college affinity card agreements with an institution of higher education, or with an affiliated or related alumni organization or foundation, with respect to any college student credit card issued to a college student at such institution. Directs to the Federal Reserve Board to report to Congress, and make available to the public, on the information concerning credit card agreements submitted to it by each institution of higher education, alumni organization, or foundation. Directs the Comptroller General to review and report to Congress about the mandatory reports submitted by creditors as well as their marketing practices to determine the impact that college affinity card agreements and college student card agreements have upon credit card debt. Title IV: Gift Cards - (Sec. 401) Amends the Electronic Fund Transfer Act to declare unlawful: (1) the imposition of a dormancy fee, an inactivity charge or fee, or a service fee with respect to a gift certificate, store gift card, or general-use prepaid card; and (2) the sale or issuance of a gift certificate, store gift card, or general-use prepaid card that is subject to an expiration date. Title V: Miscellaneous Provisions - (Sec. 501) Instructs the Comptroller General to study and report to Congress on use of credit by consumers, interchange fees, and their effects on consumers and merchants. (Sec. 502) Directs the Federal Reserve Board to review biennially and report to Congress on specified aspects of the consumer credit card market. Directs the federal banking agencies and the Federal Trade Commission (FTC) to report annually to the Federal Reserve Board, for inclusion in its annual report to Congress, on their regulatory activities regarding credit card issuer compliance with federal consumer protection statutes and regulations. (Sec. 503) Directs the Secretary of the Treasury to issue regulations implementing the Bank Secrecy Act regarding the sale, issuance, redemption, or international transport of stored value, including stored value cards. (Sec. 504) Amends TILA to direct the Federal Reserve Board to prescribe regulations to require creditors to establish procedures to ensure that any administrator of the estate of any deceased obligor can resolve outstanding credit balances of the estate in a timely manner. (Sec. 505) Directs the Federal Reserve Board to report to certain congressional committees on the extent to which creditors have reduced credit limits or raised interest rates applicable to credit card accounts based on specified factors, including the geographical location of a credit transaction, the identity of the merchant involved, the consumer's credit transactions, and the identity of a consumer's mortgage creditor. (Sec. 506) Directs the Federal Reserve Board to review and report to Congress on: (1) the use of credit cards by small businesses with not more than 50 employees; and (2) the credit card market for such businesses. (Sec. 507) Directs the Administrator of the Small Business Administration (SBA), in conjunction with the Secretary of Homeland Security, to establish the Small Business Information Security Task Force to: (1) address the information technology security needs of small business concerns; and (2) help them prevent the loss of credit card data. Requires the task force to make recommendations to the SBA Administrator about establishment of an Internet website to receive and dispense information and resources with respect to: (1) the information technology security needs of small business concerns; and (2) the programs and services provided by the federal government, state governments, and nongovernment organizations (NGOs) that serve those needs. Requires the task force to make recommendations also relating to developing additional education materials and programs with respect to information technology security needs. Authorizes appropriations for FY2020-FY2013. (Sec. 508) Directs the FTC to study and report to Congress on the cost-effectiveness of making technology available at an automated teller machines (ATM) that enables a consumer under duress to alert a local law enforcement agency electronically that an incident is taking place at the ATM. (Sec. 509) Directs the Comptroller General to study and report to Congress on the terms, conditions, marketing, and value to consumers of products marketed in conjunction with credit card offers. (Sec. 510) Directs the Secretary of Education and the Director of the Office of Financial Education of the Department of the Treasury to coordinate with the President's Advisory Council on Financial Literacy to report to Congress on: (1) their evaluation and compilation of a comprehensive summary of existing federal financial and economic literacy education programs; and (2) development of a strategic plan to improve and expand financial and economic literacy education. (Sec. 511) Amends the Omnibus Appropriations Act, 2009 to direct the FTC to initiate a rulemaking on unfair or deceptive acts or practices with respect to mortgage loans, loan modification, and foreclosure rescue services. Denies the FTC authority to promulgate a rule regarding an entity that is not subject to its enforcement powers. Authorizes a state, as parens patriae, to bring a civil action on behalf of its residents if the state attorney general believes that an interest of state residents is threatened or adversely affected by action of any person subject to an FTC-prescribed rule in a practice that violates such rule. (Sec. 512) Prohibits the Secretary of the Interior from promulgating or enforcing any regulation that prohibits an individual from possessing a firearm, including an assembled or functional firearm, in any unit of the National Park System (NPS) or the National Wildlife Refuge System (NWRS) if: (1) the individual is not otherwise prohibited by law from possessing the firearm; and (2) the possession of the firearm complies with the law of the state in which the NPS or NWRS unit is located. (Sec. 513) Requires the Comptroller General to study and report to Congress on: (1) the relationship between fluency in the English language and financial literacy; and (2) any extent to which individuals whose native language is a language other than English are impeded in their conduct of their financial affairs.",
                "summary_short": "Credit Card Accountability Responsibility and Disclosure Act of 2009 or the Credit CARD Act of 2009 - (Sec. 2) Authorizes the Board of Governors of the Federal Reserve System (Federal Reserve Board) to issue rules and publish model forms to implement this Act. (Sec. 3) Makes this Act effective nine months after its enactment. Title I: Consumer Protection - (Sec. 101) Amends the Truth in Lending Act (TILA), with respect to credit card accounts under an open end consumer credit plan, to require...",
                "latest_major_action_date": "2009-05-22",
                "latest_major_action": "Became Public Law No: 111-24."
              },
                           {
                "congress": "111",
                "bill_id": "hres248-111",
                "bill_type": "hres",
                "number": "H.RES.248",
                "bill_uri": "https://api.propublica.org/congress/v1/111/bills/hres248.json",
                "title": "Honoring Glenn 'Jeep' Davis for being one of the greatest Olympic hurdlers, an active member of his community, and life-long teacher.",
                "short_title": null,
                "sponsor_title": "Rep.",
                "sponsor_id": "S001174",
                "sponsor_name": "Betty Sutton",
                "sponsor_state": "OH",
                "sponsor_party": "D",
                "sponsor_uri": "https://api.propublica.org/congress/v1/members/S001174.json",
                "gpo_pdf_uri": null,
                "congressdotgov_url": "https://www.congress.gov/bill/111th-congress/house-resolution/248",
                "govtrack_url": "https://www.govtrack.us/congress/bills/111/hres248",
                "introduced_date": "2009-03-16",
                "active": null,
                "last_vote": null,
                "house_passage": null,
                "senate_passage": null,
                "enacted": null,
                "vetoed": null,
                "cosponsors": 7,
                "cosponsors_by_party": {"R":2,"D":5},
                "committees": "House Oversight and Government Reform",
                "primary_subject": "Sports and recreation",
                "summary": "Honors the life of Glenn \"Jeep\" Davis (gold medal Olympic hurdler). Recognizes his contributions to American sports and to his community. Extends condolences to his family.",
                "summary_short": "Honors the life of Glenn &quot;Jeep&quot; Davis (gold medal Olympic hurdler). Recognizes his contributions to American sports and to his community. Extends condolences to his family.",
                "latest_major_action_date": "2009-03-16",
                "latest_major_action": "Referred to the House Committee on Oversight and Government Reform."
              },
                           {
                "congress": "111",
                "bill_id": "hres260-111",
                "bill_type": "hres",
                "number": "H.RES.260",
                "bill_uri": "https://api.propublica.org/congress/v1/111/bills/hres260.json",
                "title": "Supporting efforts to reduce infant mortality in the United States.",
                "short_title": null,
                "sponsor_title": "Rep.",
                "sponsor_id": "C001068",
                "sponsor_name": "Steve Cohen",
                "sponsor_state": "TN",
                "sponsor_party": "D",
                "sponsor_uri": "https://api.propublica.org/congress/v1/members/C001068.json",
                "gpo_pdf_uri": null,
                "congressdotgov_url": "https://www.congress.gov/bill/111th-congress/house-resolution/260",
                "govtrack_url": "https://www.govtrack.us/congress/bills/111/hres260",
                "introduced_date": "2009-03-18",
                "active": null,
                "last_vote": "2009-09-16",
                "house_passage": null,
                "senate_passage": null,
                "enacted": null,
                "vetoed": null,
                "cosponsors": 117,
                "cosponsors_by_party": {"D":110,"R":6,"I":1},
                "committees": "House Energy and Commerce",
                "primary_subject": "Health",
                "summary": "Expresses support for efforts to understand racial disparities and the rate of infant mortality in order to lower the infant mortality rate in the United States.",
                "summary_short": "Expresses support for efforts to understand racial disparities and the rate of infant mortality in order to lower the infant mortality rate in the United States.",
                "latest_major_action_date": "2009-09-16",
                "latest_major_action": "Motion to reconsider laid on the table Agreed to without objection."
              },
                           {
                "congress": "111",
                "bill_id": "hres339-111",
                "bill_type": "hres",
                "number": "H.RES.339",
                "bill_uri": "https://api.propublica.org/congress/v1/111/bills/hres339.json",
                "title": "Expressing the sense of the United States House of Represensatives regarding the hijacking of the Maersk Alabama, the kidnapping of Captain Richard Phillips by Somali pirates, the rescue of Captain Phillips by United States Navy SEALs and the crews of the USS Bainbridge, USS Boxer, USS Halyburton and Patrol Squadron (VP) 8, and for other purposes.",
                "short_title": null,
                "sponsor_title": "Rep.",
                "sponsor_id": "W000800",
                "sponsor_name": "Peter Welch",
                "sponsor_state": "VT",
                "sponsor_party": "D",
                "sponsor_uri": "https://api.propublica.org/congress/v1/members/W000800.json",
                "gpo_pdf_uri": null,
                "congressdotgov_url": "https://www.congress.gov/bill/111th-congress/house-resolution/339",
                "govtrack_url": "https://www.govtrack.us/congress/bills/111/hres339",
                "introduced_date": "2009-04-21",
                "active": null,
                "last_vote": null,
                "house_passage": null,
                "senate_passage": null,
                "enacted": null,
                "vetoed": null,
                "cosponsors": 88,
                "cosponsors_by_party": {"D":64,"R":24},
                "committees": "House Armed Services",
                "primary_subject": "Armed forces and national security",
                "summary": "Commends the crew of the Maersk Alabama and Captain Richard Phillips, who selflessly placed himself in harm's way to protect his crew. Recognizes the U.S. Navy, the crews of the USS Bainbridge, Boxer, Halyburton, and Patrol Squadron (VP) 8 for their role in the rescue. Congratulates the Navy SEALs on the scene for their decisive action that resulted in the rescue of Captain Phillips. Joins all Americans in expressing great relief that the crew has returned home safely.",
                "summary_short": "Commends the crew of the Maersk Alabama and Captain Richard Phillips, who selflessly placed himself in harm&#39;s way to protect his crew. Recognizes the U.S. Navy, the crews of the USS Bainbridge, Boxer, Halyburton, and Patrol Squadron (VP) 8 for their role in the rescue. Congratulates the Navy SEALs on the scene for their decisive action that resulted in the rescue of Captain Phillips. Joins all Americans in expressing great relief that the crew has returned home safely.",
                "latest_major_action_date": "2009-04-22",
                "latest_major_action": "Motion to reconsider laid on the table Agreed to without objection."
              },
                           {
                "congress": "111",
                "bill_id": "hres340-111",
                "bill_type": "hres",
                "number": "H.RES.340",
                "bill_uri": "https://api.propublica.org/congress/v1/111/bills/hres340.json",
                "title": "Expressing sympathy to the victims, families, and friends of the tragic act of violence at the American Civic Association in Binghamton, New York.",
                "short_title": null,
                "sponsor_title": "Rep.",
                "sponsor_id": "H000627",
                "sponsor_name": "Maurice D. Hinchey",
                "sponsor_state": "NY",
                "sponsor_party": "D",
                "sponsor_uri": "https://api.propublica.org/congress/v1/members/H000627.json",
                "gpo_pdf_uri": null,
                "congressdotgov_url": "https://www.congress.gov/bill/111th-congress/house-resolution/340",
                "govtrack_url": "https://www.govtrack.us/congress/bills/111/hres340",
                "introduced_date": "2009-04-21",
                "active": null,
                "last_vote": null,
                "house_passage": null,
                "senate_passage": null,
                "enacted": null,
                "vetoed": null,
                "cosponsors": 58,
                "cosponsors_by_party": {"D":55,"R":3},
                "committees": "House Oversight and Government Reform",
                "primary_subject": "Crime and law enforcement",
                "summary": "Expresses the heartfelt condolences of the House of Representatives to the families and friends of the victims of the April 3, 2009, shooting in Binghamton, New York. Conveys the gratitude of the House to the city, county, state, and federal officials and agencies whose quick and comprehensive response helped save lives and start the long healing process. Honors the American Civic Association for the services it provides to assist people from across the world who seek the American dream.",
                "summary_short": "Expresses the heartfelt condolences of the House of Representatives to the families and friends of the victims of the April 3, 2009, shooting in Binghamton, New York. Conveys the gratitude of the House to the city, county, state, and federal officials and agencies whose quick and comprehensive response helped save lives and start the long healing process. Honors the American Civic Association for the services it provides to assist people from across the world who seek the American dream.",
                "latest_major_action_date": "2009-04-28",
                "latest_major_action": "Motion to reconsider laid on the table Agreed to without objection."
              },
                           {
                "congress": "111",
                "bill_id": "hr1243-111",
                "bill_type": "hr",
                "number": "H.R.1243",
                "bill_uri": "https://api.propublica.org/congress/v1/111/bills/hr1243.json",
                "title": "To provide for the award of a gold medal on behalf of Congress to Arnold Palmer in recognition of his service to the Nation in promoting excellence and good sportsmanship in golf.",
                "short_title": null,
                "sponsor_title": "Rep.",
                "sponsor_id": "B001234",
                "sponsor_name": "Joe Baca",
                "sponsor_state": "CA",
                "sponsor_party": "D",
                "sponsor_uri": "https://api.propublica.org/congress/v1/members/B001234.json",
                "gpo_pdf_uri": null,
                "congressdotgov_url": "https://www.congress.gov/bill/111th-congress/house-bill/1243",
                "govtrack_url": "https://www.govtrack.us/congress/bills/111/hr1243",
                "introduced_date": "2009-03-02",
                "active": null,
                "last_vote": "2009-04-28",
                "house_passage": "2009-04-28",
                "senate_passage": null,
                "enacted": null,
                "vetoed": null,
                "cosponsors": 302,
                "cosponsors_by_party": {"D":204,"R":98,"I":1},
                "committees": "House Financial Services; Senate Banking, Housing, and Urban Affairs",
                "primary_subject": "Sports and recreation",
                "summary": "Directs the Speaker of the House of Representatives and the President Pro Tempore of the Senate to arrange for the presentation of a congressional gold medal to Arnold Palmer (golf professional) in recognition of his service to the nation in promoting excellence and good sportsmanship.Authorizes the Secretary of the Treasury to strike and sell duplicates in bronze of such medal. Requires proceeds from the sale of such medals to be deposited into the United States Mint Public Enterprise Fund.",
                "summary_short": "Directs the Speaker of the House of Representatives and the President Pro Tempore of the Senate to arrange for the presentation of a congressional gold medal to Arnold Palmer (golf professional) in recognition of his service to the nation in promoting excellence and good sportsmanship.Authorizes the Secretary of the Treasury to strike and sell duplicates in bronze of such medal. Requires proceeds from the sale of such medals to be deposited into the United States Mint Public Enterprise Fund.",
                "latest_major_action_date": "2009-09-30",
                "latest_major_action": "Became Public Law No: 111-65."
              },
                           {
                "congress": "111",
                "bill_id": "hr1887-111",
                "bill_type": "hr",
                "number": "H.R.1887",
                "bill_uri": "https://api.propublica.org/congress/v1/111/bills/hr1887.json",
                "title": "To establish a Presidential Commission on Women, and for other purposes.",
                "short_title": "Presidential Commission on Women Act of 2009",
                "sponsor_title": "Rep.",
                "sponsor_id": "S001175",
                "sponsor_name": "Jackie Speier",
                "sponsor_state": "CA",
                "sponsor_party": "D",
                "sponsor_uri": "https://api.propublica.org/congress/v1/members/S001175.json",
                "gpo_pdf_uri": null,
                "congressdotgov_url": "https://www.congress.gov/bill/111th-congress/house-bill/1887",
                "govtrack_url": "https://www.govtrack.us/congress/bills/111/hr1887",
                "introduced_date": "2009-04-02",
                "active": null,
                "last_vote": null,
                "house_passage": null,
                "senate_passage": null,
                "enacted": null,
                "vetoed": null,
                "cosponsors": 30,
                "cosponsors_by_party": {"D":30},
                "committees": "House Oversight and Government Reform",
                "primary_subject": "Civil rights and liberties, minority issues",
                "summary": "Presidential Commission on Women Act of 2009 - Establishes the Presidential Commission on Women to: (1) review the status of women nationwide; (2) review the role of the federal government in aid to, and the promotion of, women; (3) review data collection procedures with regard to women federal initiatives and procurement; and (4) hold a conference to assist in those reviews.",
                "summary_short": "Presidential Commission on Women Act of 2009 - Establishes the Presidential Commission on Women to: (1) review the status of women nationwide; (2) review the role of the federal government in aid to, and the promotion of, women; (3) review data collection procedures with regard to women federal initiatives and procurement; and (4) hold a conference to assist in those reviews.",
                "latest_major_action_date": "2009-06-26",
                "latest_major_action": "Referred to the Subcommittee on Federal Workforce, Post Office, and the District of Columbia."
              },
                           {
                "congress": "111",
                "bill_id": "hr1894-111",
                "bill_type": "hr",
                "number": "H.R.1894",
                "bill_uri": "https://api.propublica.org/congress/v1/111/bills/hr1894.json",
                "title": "To amend title XVIII of the Social Security Act to improve access to, and increase utilization of, bone mass measurement benefits under the Medicare part B program.",
                "short_title": "Medicare Fracture Prevention and Osteoporosis Testing Act of 2009",
                "sponsor_title": "Rep.",
                "sponsor_id": "B001231",
                "sponsor_name": "Shelley Berkley",
                "sponsor_state": "NV",
                "sponsor_party": "D",
                "sponsor_uri": "https://api.propublica.org/congress/v1/members/B001231.json",
                "gpo_pdf_uri": null,
                "congressdotgov_url": "https://www.congress.gov/bill/111th-congress/house-bill/1894",
                "govtrack_url": "https://www.govtrack.us/congress/bills/111/hr1894",
                "introduced_date": "2009-04-02",
                "active": null,
                "last_vote": null,
                "house_passage": null,
                "senate_passage": null,
                "enacted": null,
                "vetoed": null,
                "cosponsors": 132,
                "cosponsors_by_party": {"R":26,"D":106},
                "committees": "House Energy and Commerce; House Ways and Means",
                "primary_subject": "Health",
                "summary": "Medicare Fracture Prevention and Osteoporosis Testing Act of 2009 - Amends title XVIII (Medicare) of the Social Security Act, as amended by the Medicare Improvements for Patients and Providers Act of 2008, to direct the Secretary of Health and Human Services to establish a national minimum payment amount for CPT code 77080 (relating to dual energy x-ray absorptiometry, or DXA, the most widely accepted method of measuring bone mass to predict fracture risk) and CPT code 77082 (relating to vertebral fracture assessment, or VFA), and any successor to such codes as identified by the Secretary (bone mass scans). Directs the Secretary to arrange with the Institute of Medicine of the National Academies to study and report to the Secretary and Congress on: (1) the ramifications of Medicare reimbursement reductions for DXA and VFA on beneficiary access to bone mass measurement benefits; and (2) the methods to increase use of bone mass measurement by Medicare beneficiaries.",
                "summary_short": "Medicare Fracture Prevention and Osteoporosis Testing Act of 2009 - Amends title XVIII (Medicare) of the Social Security Act, as amended by the Medicare Improvements for Patients and Providers Act of 2008, to direct the Secretary of Health and Human Services to establish a national minimum payment amount for CPT code 77080 (relating to dual energy x-ray absorptiometry, or DXA, the most widely accepted method of measuring bone mass to predict fracture risk) and CPT code 77082 (relating to vert...",
                "latest_major_action_date": "2009-04-21",
                "latest_major_action": "Referred to the Subcommittee on Health."
              },
                           {
                "congress": "111",
                "bill_id": "hr1913-111",
                "bill_type": "hr",
                "number": "H.R.1913",
                "bill_uri": "https://api.propublica.org/congress/v1/111/bills/hr1913.json",
                "title": "To provide Federal assistance to States, local jurisdictions, and Indian tribes to prosecute hate crimes, and for other purposes.",
                "short_title": "Local Law Enforcement Hate Crimes Prevention Act of 2009",
                "sponsor_title": "Rep.",
                "sponsor_id": "C000714",
                "sponsor_name": "John Conyers Jr.",
                "sponsor_state": "MI",
                "sponsor_party": "D",
                "sponsor_uri": "https://api.propublica.org/congress/v1/members/C000714.json",
                "gpo_pdf_uri": null,
                "congressdotgov_url": "https://www.congress.gov/bill/111th-congress/house-bill/1913",
                "govtrack_url": "https://www.govtrack.us/congress/bills/111/hr1913",
                "introduced_date": "2009-04-02",
                "active": null,
                "last_vote": "2009-04-29",
                "house_passage": "2009-04-29",
                "senate_passage": null,
                "enacted": null,
                "vetoed": null,
                "cosponsors": 120,
                "cosponsors_by_party": {"D":112,"R":8},
                "committees": "House Judiciary; Senate Judiciary",
                "primary_subject": "Crime and law enforcement",
                "summary": "Local Law Enforcement Hate Crimes Prevention Act of 2009 - (Sec. 2) Adopts the definition of \"hate crime\" as set forth in the Violent Crime Control and Law Enforcement Act of 1994 (i.e., a crime in which the defendant intentionally selects a victim, or in the case of a property crime, the property that is the object of the crime, because of the actual or perceived race, color, religion, national origin, ethnicity, gender, disability, or sexual orientation of any person). (Sec. 3) Authorizes the Attorney General, at the request of a state, local, or tribal law enforcement agency, to provide technical, forensic, prosecutorial, or other assistance in the criminal investigation or prosecution of a violent crime, a hate crime, or a crime that constitutes a felony under state, local, or tribal law. Directs the Attorney General, in providing such assistance, to give priority to cases involving crimes committed in more than one state and to rural jurisdictions that have difficulty covering extraordinary investigation or prosecution expenses. Authorizes the Attorney General to award grants to state, local, and tribal law enforcement agencies for extraordinary expenses associated with the investigation and prosecution of hate crimes. Requires the Office of Justice Programs of the Department of Justice (DOJ) to work with grantees to address the needs and concerns of all affected parties in implementing grants. Sets forth requirements governing the submission and approval of grant applications. Limits the amount of any grant to $100,000 for any single jurisdiction in any one-year period. Requires the Attorney General to: (1) approve or deny a grant application within 180 days after receipt of such application; and (2) report to Congress by December 31, 2011, on the grant program. Authorizes appropriations for FY2010-FY2011. (Sec. 4) Authorizes the Office of Justice Programs to award grants to combat hate crimes committed by juveniles. Authorizes appropriations. (Sec. 5) Authorizes appropriations for FY2010-FY2012 to increase DOJ personnel to assist state, local, and tribal law enforcement agencies in combating hate crimes. (Sec. 6) Amends the federal criminal code to prohibit willfully causing bodily injury to any person through the use of fire, a firearm, a dangerous weapon, or an explosive or incendiary device because of the actual or perceived race, color, religion, national origin, gender, sexual orientation, gender identity, or disability of any person. Imposes a fine and/or prison term of up to 10 years for violations and a life term if a death results from a violation or certain other violent crimes are involved. Requires the Attorney General or other designated DOJ official to certify certain findings before initiating a prosecution for a hate crime. Sets a seven-year statute of limitations on prosecuting such an offense not resulting in death. Prohibits the admission of evidence as substantive evidence in a hate crime prosecution of the expression or associations of a defendant unless the evidence specifically relates to the hate crime offense. (Sec. 7) Provides that any provision of this Act that is held to be unconstitutional shall be severable from the remaining provisions of this Act. (Sec. 8) Declares that nothing in this Act shall be construed to prohibit the exercise of constitutionally-protected free speech.",
                "summary_short": "Local Law Enforcement Hate Crimes Prevention Act of 2009 - (Sec. 2) Adopts the definition of &quot;hate crime&quot; as set forth in the Violent Crime Control and Law Enforcement Act of 1994 (i.e., a crime in which the defendant intentionally selects a victim, or in the case of a property crime, the property that is the object of the crime, because of the actual or perceived race, color, religion, national origin, ethnicity, gender, disability, or sexual orientation of any person). (Sec. 3) Authorizes t...",
                "latest_major_action_date": "2009-04-30",
                "latest_major_action": "Received in the Senate and Read twice and referred to the Committee on the Judiciary."
              },
                           {
                "congress": "111",
                "bill_id": "hr1848-111",
                "bill_type": "hr",
                "number": "H.R.1848",
                "bill_uri": "https://api.propublica.org/congress/v1/111/bills/hr1848.json",
                "title": "To provide funding for the Neighborhood Reinvestment Corporation for mortgage foreclosure mitigation activities.",
                "short_title": "Foreclosure Prevention Act of 2009",
                "sponsor_title": "Rep.",
                "sponsor_id": "C001067",
                "sponsor_name": "Yvette D. Clarke",
                "sponsor_state": "NY",
                "sponsor_party": "D",
                "sponsor_uri": "https://api.propublica.org/congress/v1/members/C001067.json",
                "gpo_pdf_uri": null,
                "congressdotgov_url": "https://www.congress.gov/bill/111th-congress/house-bill/1848",
                "govtrack_url": "https://www.govtrack.us/congress/bills/111/hr1848",
                "introduced_date": "2009-04-01",
                "active": null,
                "last_vote": null,
                "house_passage": null,
                "senate_passage": null,
                "enacted": null,
                "vetoed": null,
                "cosponsors": 17,
                "cosponsors_by_party": {"D":17},
                "committees": "House Appropriations",
                "primary_subject": "Housing and community development",
                "summary": "Foreclosure Prevention Act of 2009 - Authorizes appropriations for FY2009 to the Neighborhood Reinvestment Corporation for specified mortgage foreclosure mitigation (namely housing counseling) activities.",
                "summary_short": "Foreclosure Prevention Act of 2009 - Authorizes appropriations for FY2009 to the Neighborhood Reinvestment Corporation for specified mortgage foreclosure mitigation (namely housing counseling) activities.",
                "latest_major_action_date": "2009-04-01",
                "latest_major_action": "Referred to the House Committee on Appropriations."
              },
                           {
                "congress": "111",
                "bill_id": "hr1816-111",
                "bill_type": "hr",
                "number": "H.R.1816",
                "bill_uri": "https://api.propublica.org/congress/v1/111/bills/hr1816.json",
                "title": "To amend the Public Health Service Act to authorize the Director of the National Cancer Institute to make grants for the discovery and validation of biomarkers for use in risk stratification for, and the early detection and screening of, ovarian cancer.",
                "short_title": "Ovarian Cancer Biomarker Research Act of 2009",
                "sponsor_title": "Rep.",
                "sponsor_id": "B000410",
                "sponsor_name": "Howard L. Berman",
                "sponsor_state": "CA",
                "sponsor_party": "D",
                "sponsor_uri": "https://api.propublica.org/congress/v1/members/B000410.json",
                "gpo_pdf_uri": null,
                "congressdotgov_url": "https://www.congress.gov/bill/111th-congress/house-bill/1816",
                "govtrack_url": "https://www.govtrack.us/congress/bills/111/hr1816",
                "introduced_date": "2009-03-31",
                "active": null,
                "last_vote": null,
                "house_passage": null,
                "senate_passage": null,
                "enacted": null,
                "vetoed": null,
                "cosponsors": 35,
                "cosponsors_by_party": {"R":7,"D":28},
                "committees": "House Energy and Commerce",
                "primary_subject": "Health",
                "summary": "Ovarian Cancer Biomarker Research Act of 2009 - Amends the Public Health Service Act to require the Director of the National Cancer Institute to enter into cooperative agreements with, or make grants to, public or nonprofit entities to establish and operate Ovarian Cancer Biomarker Centers of Excellence to conduct research on biomarkers for use in risk stratification for, and the early detection and screening of, ovarian cancer, focusing on translational research of such biomarkers. Permits federal funds to be used for research on: (1) the development and characterization of new biomarkers and the refinement of existing biomarkers; (2) the clinical and laboratory validation of such biomarkers; (3) the development and implementation of clinical and epidemiological research on the utilization of such biomarkers; (4) the development and implementation of repositories for new tissue, urine, serum, and other biological specimens; and (5) genetics, proteomics, and pathways of ovarian cancer as they relate to the discovery and development of biomarkers. Requires the Director to: (1) make available for research banked serum and tissue specimens from clinical research regarding ovarian cancer that was funded by the Department of Health and Human Services (HHS); and (2) establish an Ovarian Cancer Biomarker Clinical Trial Committee to assist in designing and implementing national clinical trials to determine the utility of using such biomarkers. Requires a national data center to be established in, and supported by, the Institute to conduct statistical analyses of trial data and to store such analyses and data, which shall be used to establish clinical guidelines to provide the medical community with information regarding the use of validated biomarkers.",
                "summary_short": "Ovarian Cancer Biomarker Research Act of 2009 - Amends the Public Health Service Act to require the Director of the National Cancer Institute to enter into cooperative agreements with, or make grants to, public or nonprofit entities to establish and operate Ovarian Cancer Biomarker Centers of Excellence to conduct research on biomarkers for use in risk stratification for, and the early detection and screening of, ovarian cancer, focusing on translational research of such biomarkers. Permits f...",
                "latest_major_action_date": "2009-04-01",
                "latest_major_action": "Referred to the Subcommittee on Health."
              },
                           {
                "congress": "111",
                "bill_id": "hr874-111",
                "bill_type": "hr",
                "number": "H.R.874",
                "bill_uri": "https://api.propublica.org/congress/v1/111/bills/hr874.json",
                "title": "To allow travel between the United States and Cuba.",
                "short_title": "Freedom to Travel to Cuba Act",
                "sponsor_title": "Rep.",
                "sponsor_id": "D000210",
                "sponsor_name": "Bill Delahunt",
                "sponsor_state": "MA",
                "sponsor_party": "D",
                "sponsor_uri": "https://api.propublica.org/congress/v1/members/D000210.json",
                "gpo_pdf_uri": null,
                "congressdotgov_url": "https://www.congress.gov/bill/111th-congress/house-bill/874",
                "govtrack_url": "https://www.govtrack.us/congress/bills/111/hr874",
                "introduced_date": "2009-02-04",
                "active": null,
                "last_vote": null,
                "house_passage": null,
                "senate_passage": null,
                "enacted": null,
                "vetoed": null,
                "cosponsors": 182,
                "cosponsors_by_party": {"R":14,"D":167,"I":1},
                "committees": "House Foreign Affairs",
                "primary_subject": "International affairs",
                "summary": "Freedom to Travel to Cuba Act - Prohibits the President from regulating or prohibiting travel to or from Cuba by U.S. citizens or legal residents or any of the transactions ordinarily incident to such travel, except in time of war or armed hostilities between the United States and Cuba, or of imminent danger to the public health or the physical safety of U.S. travelers.",
                "summary_short": "Freedom to Travel to Cuba Act - Prohibits the President from regulating or prohibiting travel to or from Cuba by U.S. citizens or legal residents or any of the transactions ordinarily incident to such travel, except in time of war or armed hostilities between the United States and Cuba, or of imminent danger to the public health or the physical safety of U.S. travelers.",
                "latest_major_action_date": "2009-02-04",
                "latest_major_action": "Referred to the House Committee on Foreign Affairs."
              },
                           {
                "congress": "111",
                "bill_id": "hr1708-111",
                "bill_type": "hr",
                "number": "H.R.1708",
                "bill_uri": "https://api.propublica.org/congress/v1/111/bills/hr1708.json",
                "title": "To amend title II of the Social Security Act to phase out the 24-month waiting period for disabled individuals to become eligible for Medicare benefits, to eliminate the waiting period for individuals with life-threatening conditions, and for other purposes.",
                "short_title": "Ending the Medicare Disability Waiting Period Act of 2009",
                "sponsor_title": "Rep.",
                "sponsor_id": "G000410",
                "sponsor_name": "Gene Green",
                "sponsor_state": "TX",
                "sponsor_party": "D",
                "sponsor_uri": "https://api.propublica.org/congress/v1/members/G000410.json",
                "gpo_pdf_uri": null,
                "congressdotgov_url": "https://www.congress.gov/bill/111th-congress/house-bill/1708",
                "govtrack_url": "https://www.govtrack.us/congress/bills/111/hr1708",
                "introduced_date": "2009-03-25",
                "active": null,
                "last_vote": null,
                "house_passage": null,
                "senate_passage": null,
                "enacted": null,
                "vetoed": null,
                "cosponsors": 113,
                "cosponsors_by_party": {"R":18,"D":95},
                "committees": "House Ways and Means; House Energy and Commerce; House Transportation and Infrastructure",
                "primary_subject": "Health",
                "summary": "Ending the Medicare Disability Waiting Period Act of 2009 - Amends title II (Old Age, Survivors and Disability Insurance) (OASDI) of the Social Security Act (SSA) to: (1) phase out the waiting period for disabled individuals to become eligible for benefits under SSA title XVIII (Medicare); and (2) eliminate the waiting period for individuals with life-threatening conditions to become eligible for such benefits. Directs the Secretary of Health and Human Services to request the Institute of Medicine of the National Academy of Sciences to study the range of disability conditions that can be delayed or prevented if individuals receive access to health care services and coverage before a condition reaches disability levels.",
                "summary_short": "Ending the Medicare Disability Waiting Period Act of 2009 - Amends title II (Old Age, Survivors and Disability Insurance) (OASDI) of the Social Security Act (SSA) to: (1) phase out the waiting period for disabled individuals to become eligible for benefits under SSA title XVIII (Medicare); and (2) eliminate the waiting period for individuals with life-threatening conditions to become eligible for such benefits. Directs the Secretary of Health and Human Services to request the Institute of Med...",
                "latest_major_action_date": "2009-03-26",
                "latest_major_action": "Referred to the Subcommittee on Railroads, Pipelines, and Hazardous Materials."
              },
                           {
                "congress": "111",
                "bill_id": "hr1740-111",
                "bill_type": "hr",
                "number": "H.R.1740",
                "bill_uri": "https://api.propublica.org/congress/v1/111/bills/hr1740.json",
                "title": "To amend the Public Health Service Act to increase awareness of the risks of breast cancer in young women and provide support for young women diagnosed with breast cancer.",
                "short_title": "Breast Cancer Education and Awareness Requires Learning Young Act of 2009",
                "sponsor_title": "Rep.",
                "sponsor_id": "W000797",
                "sponsor_name": "Debbie Wasserman Schultz",
                "sponsor_state": "FL",
                "sponsor_party": "D",
                "sponsor_uri": "https://api.propublica.org/congress/v1/members/W000797.json",
                "gpo_pdf_uri": null,
                "congressdotgov_url": "https://www.congress.gov/bill/111th-congress/house-bill/1740",
                "govtrack_url": "https://www.govtrack.us/congress/bills/111/hr1740",
                "introduced_date": "2009-03-26",
                "active": null,
                "last_vote": null,
                "house_passage": null,
                "senate_passage": null,
                "enacted": null,
                "vetoed": null,
                "cosponsors": 378,
                "cosponsors_by_party": {"R":136,"D":242,"I":1},
                "committees": "House Energy and Commerce",
                "primary_subject": "Health",
                "summary": "Breast Cancer Education and Awareness Requires Learning Young Act of 2009 or EARLY Act - Amends the Public Health Service Act to direct the Secretary of Health and Human Services (HHS), acting through the Director of the Centers for Disease Control and Prevention (CDC), to conduct a national evidence-based education campaign: (1) to increase public awareness regarding the threats posed by breast cancer to young women, including the particular risks faced by certain ethnic and cultural groups; and (2) focusing on awareness of risk factors and achieving early detection through community-centered informational forums, public service advertisements, and media campaigns. Directs the Secretary to award grants to entities to establish national multimedia campaigns that: (1) will encourage young women to be aware of their personal risk factors, strategies for increasing early detection and self awareness, evidence based preventative lifestyle changes, and other appropriate breast cancer early detection and risk reduction strategies; (2) will encourage young women of specific higher-risk populations to talk to their medical practitioners about those risks and methods for appropriate screening and surveillance; and (3) may include advertising through specified media. Requires the Secretary, acting through the Director, to: (1) establish an advisory committee to assist in creating and conducting the public education campaign; (2) conduct an education campaign to increase awareness among health care professionals; and (3) conduct prevention research. Directs the Secretary to award grants to organizations and institutions to provide to young women diagnosed with breast cancer substantive assistance and health information from credible sources on: (1) education and counseling regarding fertility preservation; (2) social, emotional, psychosocial, financial, lifestyle, and caregiver support; (3) familial risk factors; and (4) risk reduction strategies to reduce recurrence or metastasis.",
                "summary_short": "Breast Cancer Education and Awareness Requires Learning Young Act of 2009 or EARLY Act - Amends the Public Health Service Act to direct the Secretary of Health and Human Services (HHS), acting through the Director of the Centers for Disease Control and Prevention (CDC), to conduct a national evidence-based education campaign: (1) to increase public awareness regarding the threats posed by breast cancer to young women, including the particular risks faced by certain ethnic and cultural groups;...",
                "latest_major_action_date": "2009-10-08",
                "latest_major_action": "Subcommittee Hearings Held."
              },
                           {
                "congress": "111",
                "bill_id": "hr1761-111",
                "bill_type": "hr",
                "number": "H.R.1761",
                "bill_uri": "https://api.propublica.org/congress/v1/111/bills/hr1761.json",
                "title": "To amend the Emergency Economic Stabilization Act of 2008 to restrict the use of TARP funds for domestic purposes.",
                "short_title": "Responsible Use of Taxpayer Help Act",
                "sponsor_title": "Rep.",
                "sponsor_id": "K000172",
                "sponsor_name": "Dale E. Kildee",
                "sponsor_state": "MI",
                "sponsor_party": "D",
                "sponsor_uri": "https://api.propublica.org/congress/v1/members/K000172.json",
                "gpo_pdf_uri": null,
                "congressdotgov_url": "https://www.congress.gov/bill/111th-congress/house-bill/1761",
                "govtrack_url": "https://www.govtrack.us/congress/bills/111/hr1761",
                "introduced_date": "2009-03-26",
                "active": null,
                "last_vote": null,
                "house_passage": null,
                "senate_passage": null,
                "enacted": null,
                "vetoed": null,
                "cosponsors": 23,
                "cosponsors_by_party": {"D":23},
                "committees": "House Financial Services",
                "primary_subject": "Finance and financial sector",
                "summary": "Responsible Use of Taxpayer Help Act - Amends the Emergency Economic Stabilization Act of 2008 (EESA) to prohibit a financial institution from using any assistance under the Troubled Asset Relief Program (TARP) to: (1) purchase or invest in any foreign asset or business; (2) transfer money to, or invest in, a foreign subsidiary of the financial institution; (3) pay any type of compensation to an employee of the financial institution unless such employee is a U.S. citizen or lawful permanent resident; or (4) make any other purchase, payment, transfer, or investment, the primary effect of which is to benefit a foreign entity.",
                "summary_short": "Responsible Use of Taxpayer Help Act - Amends the Emergency Economic Stabilization Act of 2008 (EESA) to prohibit a financial institution from using any assistance under the Troubled Asset Relief Program (TARP) to: (1) purchase or invest in any foreign asset or business; (2) transfer money to, or invest in, a foreign subsidiary of the financial institution; (3) pay any type of compensation to an employee of the financial institution unless such employee is a U.S. citizen or lawful permanent r...",
                "latest_major_action_date": "2009-03-26",
                "latest_major_action": "Referred to the House Committee on Financial Services."
              },
                           {
                "congress": "111",
                "bill_id": "hres283-111",
                "bill_type": "hres",
                "number": "H.RES.283",
                "bill_uri": "https://api.propublica.org/congress/v1/111/bills/hres283.json",
                "title": "Honoring the life, achievements, and contributions of Rabbi Charles H. Rosenzveig.",
                "short_title": null,
                "sponsor_title": "Rep.",
                "sponsor_id": "P000595",
                "sponsor_name": "Gary Peters",
                "sponsor_state": "MI",
                "sponsor_party": "D",
                "sponsor_uri": "https://api.propublica.org/congress/v1/members/P000595.json",
                "gpo_pdf_uri": null,
                "congressdotgov_url": "https://www.congress.gov/bill/111th-congress/house-resolution/283",
                "govtrack_url": "https://www.govtrack.us/congress/bills/111/hres283",
                "introduced_date": "2009-03-24",
                "active": null,
                "last_vote": null,
                "house_passage": null,
                "senate_passage": null,
                "enacted": null,
                "vetoed": null,
                "cosponsors": 50,
                "cosponsors_by_party": {"D":40,"R":10},
                "committees": "House Foreign Affairs",
                "primary_subject": "International affairs",
                "summary": "Mourns Rabbi Charles H. Rosenzveig's passing and remembers the 6 million Jews killed in the Holocaust and the more than 11 million people murdered in World War II. Honors Rabbi Rosenzveig's life and accomplishments as a scholar, teacher, rabbi, and Founder and Director of the Holocaust Memorial Center.",
                "summary_short": "Mourns Rabbi Charles H. Rosenzveig&#39;s passing and remembers the 6 million Jews killed in the Holocaust and the more than 11 million people murdered in World War II. Honors Rabbi Rosenzveig&#39;s life and accomplishments as a scholar, teacher, rabbi, and Founder and Director of the Holocaust Memorial Center.",
                "latest_major_action_date": "2009-05-04",
                "latest_major_action": "Motion to reconsider laid on the table Agreed to without objection."
              },
                           {
                "congress": "111",
                "bill_id": "hr1691-111",
                "bill_type": "hr",
                "number": "H.R.1691",
                "bill_uri": "https://api.propublica.org/congress/v1/111/bills/hr1691.json",
                "title": "To require that health plans provide coverage for a minimum hospital stay for mastectomies, lumpectomies, and lymph node dissection for the treatment of breast cancer and coverage for secondary consultations.",
                "short_title": "Breast Cancer Patient Protection Act of 2009",
                "sponsor_title": "Rep.",
                "sponsor_id": "D000216",
                "sponsor_name": "Rosa DeLauro",
                "sponsor_state": "CT",
                "sponsor_party": "D",
                "sponsor_uri": "https://api.propublica.org/congress/v1/members/D000216.json",
                "gpo_pdf_uri": null,
                "congressdotgov_url": "https://www.congress.gov/bill/111th-congress/house-bill/1691",
                "govtrack_url": "https://www.govtrack.us/congress/bills/111/hr1691",
                "introduced_date": "2009-03-24",
                "active": null,
                "last_vote": null,
                "house_passage": null,
                "senate_passage": null,
                "enacted": null,
                "vetoed": null,
                "cosponsors": 252,
                "cosponsors_by_party": {"R":37,"D":215,"I":1},
                "committees": "House Energy and Commerce; House Ways and Means; House Education and Labor",
                "primary_subject": "Health",
                "summary": "Breast Cancer Patient Protect Act of 2009 - Amends the Employee Retirement Income Security Act of 1974 (ERISA), the Public Health Service Act, and the Internal Revenue Code to require a group health plan that provides medical and surgical benefits to ensure that inpatient (and in the case of a lumpectomy, outpatient) coverage and radiation therapy are provided for breast cancer treatment. Prohibits such a plan from: (1) restricting benefits for any hospital length of stay to less than 48 hours in connection with a mastectomy or breast conserving surgery or 24 hours in connection with a lymph node dissection, insofar as the attending physician, in consultation with the patient, determines such stay to be medically necessary; or (2) requiring that a provider obtain authorization from the plan or issuer for prescribing any such length of stay. Requires such a plan or issuer to: (1) provide notice to each participant and beneficiary regarding the coverage required under this Act; and (2) ensure that coverage is provided for secondary consultations. Prohibits a group health plan from taking specified actions to avoid the requirements of this Act. Applies such requirements to health insurance issuers offering coverage in the individual market. Allows a health insurance issuer that provides individual health insurance coverage to nonrenew or discontinue an individual's coverage based on the intentional concealment of material facts regarding a health condition related to the condition for which coverage is being claimed.",
                "summary_short": "Breast Cancer Patient Protect Act of 2009 - Amends the Employee Retirement Income Security Act of 1974 (ERISA), the Public Health Service Act, and the Internal Revenue Code to require a group health plan that provides medical and surgical benefits to ensure that inpatient (and in the case of a lumpectomy, outpatient) coverage and radiation therapy are provided for breast cancer treatment. Prohibits such a plan from: (1) restricting benefits for any hospital length of stay to less than 48 hour...",
                "latest_major_action_date": "2009-10-08",
                "latest_major_action": "Subcommittee Hearings Held."
              }
             ]
      }
   ]
}
