{
   "status":"OK",
   "copyright":"Copyright (c) 2020 Pro Publica Inc. All Rights Reserved.",
   "results":[
      {
         "id": "K000372",
         "member_uri": "https://api.propublica.org/congress/v1/members/K000372.json",
         "name": "Mary Jo Kilroy",
         "num_results": 338,
         "offset": 160,
         "bills": [
              {
                "congress": "111",
                "bill_id": "hr3936-111",
                "bill_type": "hr",
                "number": "H.R.3936",
                "bill_uri": "https://api.propublica.org/congress/v1/111/bills/hr3936.json",
                "title": "To amend the Employee Retirement Income Security Act of 1974 and the Internal Revenue Code of 1986 to allow time for pensions to fund benefit obligations in light of economic circumstances in the financial markets of 2008, and for other purposes.",
                "short_title": "Preserve Benefits and Jobs Act of 2009",
                "sponsor_title": "Rep.",
                "sponsor_id": "P000422",
                "sponsor_name": "Earl Pomeroy",
                "sponsor_state": "ND",
                "sponsor_party": "D",
                "sponsor_uri": "https://api.propublica.org/congress/v1/members/P000422.json",
                "gpo_pdf_uri": null,
                "congressdotgov_url": "https://www.congress.gov/bill/111th-congress/house-bill/3936",
                "govtrack_url": "https://www.govtrack.us/congress/bills/111/hr3936",
                "introduced_date": "2009-10-27",
                "active": null,
                "last_vote": null,
                "house_passage": null,
                "senate_passage": null,
                "enacted": null,
                "vetoed": null,
                "cosponsors": 57,
                "cosponsors_by_party": {"R":10,"D":47},
                "committees": "House Education and Labor; House Ways and Means",
                "primary_subject": "Labor and employment",
                "summary": "Preserve Benefits and Jobs Act of 2009 - Amends the Employee Retirement Income Security Act of 1974 (ERISA) and the Internal Revenue Code to: (1) allow a sponsor of a single-employer defined benefit pension plan to elect in 2009 or 2010 extended amortization periods (9 or 15 years) for investment losses incurred in prior years; (2) allow an increase in the valuation range of plan assets; (3) use the funded status of a plan in 2008 to determine benefit restrictions in 2009 and 2010 and prohibit the use of credit balances by pension plans that are under 80% funded in the prior year; (4) exclude plan-related administrative expenses (including investment expenses) from normal cost targets; (5) delay until 2012 the application of certain benefit restrictions to collectively bargained plans; and (6) require a 120% funding target for plans adopting ad hoc amendments that allow lump sum benefits payments and increased plan liabilities. Revises rules relating to information reporting and reportable events. Calculates the amount of any pension plan guarantee by the Pension Benefit Guaranty Corporation (PBGC) using the date of plan termination rather than the date of a plan bankruptcy filing. Amends ERISA provisions relating to multiemployer pension plans to: (1) allow such plans to elect alternative amortization plans and valuation methods in 2009 and 2010 for investment losses; (2) extend by five years the funding improvement period for plans in endangered or critical status; (3) permit multiemployer plans to merge or form alliances with other plans; and (4) increase PBGC guarantees for insolvent plans to increase participant benefits.",
                "summary_short": "Preserve Benefits and Jobs Act of 2009 - Amends the Employee Retirement Income Security Act of 1974 (ERISA) and the Internal Revenue Code to: (1) allow a sponsor of a single-employer defined benefit pension plan to elect in 2009 or 2010 extended amortization periods (9 or 15 years) for investment losses incurred in prior years; (2) allow an increase in the valuation range of plan assets; (3) use the funded status of a plan in 2008 to determine benefit restrictions in 2009 and 2010 and prohibi...",
                "latest_major_action_date": "2009-12-08",
                "latest_major_action": "Referred to the Subcommittee on Health, Employment, Labor, and Pensions."
              },
                           {
                "congress": "111",
                "bill_id": "hr4530-111",
                "bill_type": "hr",
                "number": "H.R.4530",
                "bill_uri": "https://api.propublica.org/congress/v1/111/bills/hr4530.json",
                "title": "To end discrimination based on actual or perceived sexual orientation or gender identity in public schools, and for other purposes.",
                "short_title": "Student Nondiscrimination Act of 2010",
                "sponsor_title": "Rep.",
                "sponsor_id": "P000598",
                "sponsor_name": "Jared Polis",
                "sponsor_state": "CO",
                "sponsor_party": "D",
                "sponsor_uri": "https://api.propublica.org/congress/v1/members/P000598.json",
                "gpo_pdf_uri": null,
                "congressdotgov_url": "https://www.congress.gov/bill/111th-congress/house-bill/4530",
                "govtrack_url": "https://www.govtrack.us/congress/bills/111/hr4530",
                "introduced_date": "2010-01-27",
                "active": null,
                "last_vote": null,
                "house_passage": null,
                "senate_passage": null,
                "enacted": null,
                "vetoed": null,
                "cosponsors": 126,
                "cosponsors_by_party": {"D":123,"R":2,"I":1},
                "committees": "House Education and Labor",
                "primary_subject": "Education",
                "summary": "Student Nondiscrimination Act of 2010 - Prohibits public school students from being excluded from participating in, or subject to discrimination under, any federally-assisted educational program on the basis of their actual or perceived sexual orientation or gender identity or that of their associates. Considers harassment to be a form of discrimination. Prohibits retaliation against anyone for opposing conduct they reasonably believe to be unlawful under this Act. Authorizes federal departments and agencies to enforce these prohibitions by cutting off the educational assistance of recipients found to be violating them. Allows an aggrieved individual to assert a violation of this Act in a judicial proceeding and recover reasonable attorney's fees should they prevail. Deems a state's receipt of federal educational assistance for a program to constitute a waiver of sovereign immunity for conduct prohibited under this Act regarding such program.",
                "summary_short": "Student Nondiscrimination Act of 2010 - Prohibits public school students from being excluded from participating in, or subject to discrimination under, any federally-assisted educational program on the basis of their actual or perceived sexual orientation or gender identity or that of their associates. Considers harassment to be a form of discrimination. Prohibits retaliation against anyone for opposing conduct they reasonably believe to be unlawful under this Act. Authorizes federal departme...",
                "latest_major_action_date": "2010-02-23",
                "latest_major_action": "Referred to the Subcommittee on Higher Education, Lifelong Learning, and Competitiveness."
              },
                           {
                "congress": "111",
                "bill_id": "hres1003-111",
                "bill_type": "hres",
                "number": "H.RES.1003",
                "bill_uri": "https://api.propublica.org/congress/v1/111/bills/hres1003.json",
                "title": "Expressing support for the designation of January 10, 2010, through January 16, 2010, as National Influenza Vaccination Week.",
                "short_title": null,
                "sponsor_title": "Rep.",
                "sponsor_id": "C001080",
                "sponsor_name": "Judy Chu",
                "sponsor_state": "CA",
                "sponsor_party": "D",
                "sponsor_uri": "https://api.propublica.org/congress/v1/members/C001080.json",
                "gpo_pdf_uri": null,
                "congressdotgov_url": "https://www.congress.gov/bill/111th-congress/house-resolution/1003",
                "govtrack_url": "https://www.govtrack.us/congress/bills/111/hres1003",
                "introduced_date": "2010-01-12",
                "active": null,
                "last_vote": "2010-01-26",
                "house_passage": null,
                "senate_passage": null,
                "enacted": null,
                "vetoed": null,
                "cosponsors": 105,
                "cosponsors_by_party": {"D":103,"R":1,"I":1},
                "committees": "House Energy and Commerce",
                "primary_subject": "Health",
                "summary": "Expresses support for the designation of National Influenza Vaccination Week and encourages people in the United States to get vaccinated.",
                "summary_short": "Expresses support for the designation of National Influenza Vaccination Week and encourages people in the United States to get vaccinated.",
                "latest_major_action_date": "2010-01-26",
                "latest_major_action": "Motion to reconsider laid on the table Agreed to without objection."
              },
                           {
                "congress": "111",
                "bill_id": "hr4462-111",
                "bill_type": "hr",
                "number": "H.R.4462",
                "bill_uri": "https://api.propublica.org/congress/v1/111/bills/hr4462.json",
                "title": "To accelerate the income tax benefits for charitable cash contributions for the relief of victims of the earthquake in Haiti.",
                "short_title": null,
                "sponsor_title": "Rep.",
                "sponsor_id": "R000053",
                "sponsor_name": "Charles B. Rangel",
                "sponsor_state": "NY",
                "sponsor_party": "D",
                "sponsor_uri": "https://api.propublica.org/congress/v1/members/R000053.json",
                "gpo_pdf_uri": null,
                "congressdotgov_url": "https://www.congress.gov/bill/111th-congress/house-bill/4462",
                "govtrack_url": "https://www.govtrack.us/congress/bills/111/hr4462",
                "introduced_date": "2010-01-19",
                "active": null,
                "last_vote": null,
                "house_passage": "2010-01-20",
                "senate_passage": null,
                "enacted": null,
                "vetoed": null,
                "cosponsors": 163,
                "cosponsors_by_party": {"R":21,"D":142},
                "committees": "House Ways and Means",
                "primary_subject": "Taxation",
                "summary": "Treats cash contributions made after January 11, 2010, and before March 1, 2010, for the relief of earthquake victims in Haiti as having been made on December 31, 2009, for purposes of the tax deduction for charitable contributions. Deems a contribution as meeting the recordkeeping requirements of the Internal Revenue Code if the taxpayer produces a telephone bill showing the name of the donee organization and the date and amount of the contribution. Designates the provisions of this Act as emergency provisions, thus exempting them from the pay-as-you-go requirement of budget neutrality.",
                "summary_short": "Treats cash contributions made after January 11, 2010, and before March 1, 2010, for the relief of earthquake victims in Haiti as having been made on December 31, 2009, for purposes of the tax deduction for charitable contributions. Deems a contribution as meeting the recordkeeping requirements of the Internal Revenue Code if the taxpayer produces a telephone bill showing the name of the donee organization and the date and amount of the contribution. Designates the provisions of this Act as e...",
                "latest_major_action_date": "2010-01-22",
                "latest_major_action": "Became Public Law No: 111-126."
              },
                           {
                "congress": "111",
                "bill_id": "hres902-111",
                "bill_type": "hres",
                "number": "H.RES.902",
                "bill_uri": "https://api.propublica.org/congress/v1/111/bills/hres902.json",
                "title": "Expressing support for the designation of January 28, 2010, as National Data Privacy Day.",
                "short_title": null,
                "sponsor_title": "Rep.",
                "sponsor_id": "S000822",
                "sponsor_name": "Cliff Stearns",
                "sponsor_state": "FL",
                "sponsor_party": "R",
                "sponsor_uri": "https://api.propublica.org/congress/v1/members/S000822.json",
                "gpo_pdf_uri": null,
                "congressdotgov_url": "https://www.congress.gov/bill/111th-congress/house-resolution/902",
                "govtrack_url": "https://www.govtrack.us/congress/bills/111/hres902",
                "introduced_date": "2009-11-06",
                "active": null,
                "last_vote": null,
                "house_passage": null,
                "senate_passage": null,
                "enacted": null,
                "vetoed": null,
                "cosponsors": 41,
                "cosponsors_by_party": {"D":21,"R":20},
                "committees": "House Energy and Commerce",
                "primary_subject": "Civil rights and liberties, minority issues",
                "summary": "Supports the designation of January 28, 2010, as National Data Privacy Day.",
                "summary_short": "Supports the designation of January 28, 2010, as National Data Privacy Day.",
                "latest_major_action_date": "2009-11-07",
                "latest_major_action": "Referred to the Subcommittee on Commerce, Trade and Consumer Protection."
              },
                           {
                "congress": "111",
                "bill_id": "hr4247-111",
                "bill_type": "hr",
                "number": "H.R.4247",
                "bill_uri": "https://api.propublica.org/congress/v1/111/bills/hr4247.json",
                "title": "To prevent and reduce the use of physical restraint and seclusion in schools, and for other purposes.",
                "short_title": "Keeping All Students Safe Act",
                "sponsor_title": "Rep.",
                "sponsor_id": "M000725",
                "sponsor_name": "George Miller",
                "sponsor_state": "CA",
                "sponsor_party": "D",
                "sponsor_uri": "https://api.propublica.org/congress/v1/members/M000725.json",
                "gpo_pdf_uri": null,
                "congressdotgov_url": "https://www.congress.gov/bill/111th-congress/house-bill/4247",
                "govtrack_url": "https://www.govtrack.us/congress/bills/111/hr4247",
                "introduced_date": "2009-12-09",
                "active": null,
                "last_vote": "2010-03-03",
                "house_passage": "2010-03-03",
                "senate_passage": null,
                "enacted": null,
                "vetoed": null,
                "cosponsors": 40,
                "cosponsors_by_party": {"R":3,"D":36,"I":1},
                "committees": "House Education and Labor; Senate Health, Education, Labor, and Pensions",
                "primary_subject": "Education",
                "summary": "Keeping All Students Safe Act - (Sec. 5) Directs the Secretary of Education (Secretary) to establish minimum standards that: (1) prohibit elementary and secondary school personnel from managing any student by using any mechanical or chemical restraint, physical restraint or escort that restricts breathing, or aversive behavioral intervention that compromises student health and safety; (2) prohibit such personnel from using physical restraint or seclusion, unless such measures are required to eliminate an imminent danger of physical injury to the student or others and certain precautions are taken; (3) require states to ensure that a sufficient number of school personnel receive state-approved crisis intervention training and certification in first aid and certain safe and effective student management techniques; (4) prohibit physical restraint or seclusion from being written into a student's education plan, individual safety plan, behavioral plan, or individual education program as a planned intervention; and (5) require schools to establish procedures to notify parents in a timely manner if physical restraint or seclusion is imposed on their child. Requires that when the physical restraint or seclusion of a student is required to eliminate an imminent danger of physical injury to such student or others, school personnel continuously monitor such student face-to-face or, if their safety is significantly compromised by such monitoring, remain in direct visual contact with the student. Directs the Secretary of the Interior to ensure that schools operated or funded by the Department of the Interior comply with such minimum standards. (Sec. 6) Requires states, within two years after the establishment of such standards and annually thereafter, to: (1) provide the Secretary with their plan for meeting the standards, including a mechanism to effectively monitor and enforce them; and (2) provide the Secretary and the public with certain information regarding incidents over the preceding academic year in which physical restraint or seclusion was used on a student. Directs the Secretary to enforce such requirements by withholding education funding from noncompliant states, requiring them to submit a corrective plan of action, or issuing a complaint to compel their compliance through a cease and desist order. (Sec. 7) Authorizes the Secretary to award three-year grants to states and, through them, competitive subgrants to local educational agencies (LEAs) to: (1) establish, implement, and enforce policies and procedures to meet such standards; (2) improve their capacity to collect and analyze data related to physical restraint and seclusion; and (3) implement school-wide positive behavior supports. Requires LEAs to allow private school personnel to participate, on an equitable basis, in activities supported by such grants and subgrants. Requires state grantees, at the close of the grant period, to evaluate and report to the Secretary on their progress in preventing and reducing physical restraint and seclusion in schools. Authorizes the Secretary to allocate funds to the Secretary of the Interior to carry out such activities with regard to schools operated or funded by the Department of the Interior. (Sec. 8) Directs the Secretary to conduct a national assessment of this Act's effectiveness and report the assessment's findings to Congress. (Sec. 9) Gives Protection and Advocacy Systems the authority provided under the Developmental Disabilities Assistance and Bill of Rights Act of 2000 to investigate, monitor, and enforce this Act's protections for students. (Sec. 10) Directs the Secretary of Health and Human Services (HHS) to establish standards for Head Start agencies that are consistent with the minimum standards for the management of elementary and secondary school students. Authorizes the Secretary to allocate funds to HHS to assist Head Start agencies in establishing, implementing, and enforcing policies and procedures to meet such standards. (Sec. 12) Authorizes appropriations for FY2011-FY2015. (Sec. 13) Expresses the presumption that this Act's grants will be awarded using competitive procedures based on merit. Requires the Secretary to submit an explanatory report to Congress when such procedures are not used. (Sec. 14) Prohibits funds appropriated to implement this Act from being used for congressional earmarks.",
                "summary_short": "Keeping All Students Safe Act - (Sec. 5) Directs the Secretary of Education (Secretary) to establish minimum standards that: (1) prohibit elementary and secondary school personnel from managing any student by using any mechanical or chemical restraint, physical restraint or escort that restricts breathing, or aversive behavioral intervention that compromises student health and safety; (2) prohibit such personnel from using physical restraint or seclusion, unless such measures are required to ...",
                "latest_major_action_date": "2010-03-04",
                "latest_major_action": "Received in the Senate and Read twice and referred to the Committee on Health, Education, Labor, and Pensions."
              },
                           {
                "congress": "111",
                "bill_id": "hres991-111",
                "bill_type": "hres",
                "number": "H.RES.991",
                "bill_uri": "https://api.propublica.org/congress/v1/111/bills/hres991.json",
                "title": "Commending the University of Virginia men's soccer team for winning the 2009 Division I NCAA National Championship.",
                "short_title": null,
                "sponsor_title": "Rep.",
                "sponsor_id": "P000600",
                "sponsor_name": "Tom Perriello",
                "sponsor_state": "VA",
                "sponsor_party": "D",
                "sponsor_uri": "https://api.propublica.org/congress/v1/members/P000600.json",
                "gpo_pdf_uri": null,
                "congressdotgov_url": "https://www.congress.gov/bill/111th-congress/house-resolution/991",
                "govtrack_url": "https://www.govtrack.us/congress/bills/111/hres991",
                "introduced_date": "2009-12-16",
                "active": null,
                "last_vote": "2010-01-19",
                "house_passage": null,
                "senate_passage": null,
                "enacted": null,
                "vetoed": null,
                "cosponsors": 26,
                "cosponsors_by_party": {"D":23,"R":3},
                "committees": "House Education and Labor",
                "primary_subject": "Sports and recreation",
                "summary": "Congratulates the University of Virginia men's soccer team for winning the 2009 Division I NCAA National Championship.",
                "summary_short": "Congratulates the University of Virginia men&#39;s soccer team for winning the 2009 Division I NCAA National Championship.",
                "latest_major_action_date": "2010-02-23",
                "latest_major_action": "Referred to the Subcommittee on Higher Education, Lifelong Learning, and Competitiveness."
              },
                           {
                "congress": "111",
                "bill_id": "hres1011-111",
                "bill_type": "hres",
                "number": "H.RES.1011",
                "bill_uri": "https://api.propublica.org/congress/v1/111/bills/hres1011.json",
                "title": "Recognizing the importance of cervical health and of detecting cervical cancer during its earliest stages and supporting the goals and ideals of Cervical Health Awareness Month.",
                "short_title": null,
                "sponsor_title": "Rep.",
                "sponsor_id": "H001044",
                "sponsor_name": "Debbie Halvorson",
                "sponsor_state": "IL",
                "sponsor_party": "D",
                "sponsor_uri": "https://api.propublica.org/congress/v1/members/H001044.json",
                "gpo_pdf_uri": null,
                "congressdotgov_url": "https://www.congress.gov/bill/111th-congress/house-resolution/1011",
                "govtrack_url": "https://www.govtrack.us/congress/bills/111/hres1011",
                "introduced_date": "2010-01-13",
                "active": null,
                "last_vote": "2010-01-26",
                "house_passage": null,
                "senate_passage": null,
                "enacted": null,
                "vetoed": null,
                "cosponsors": 115,
                "cosponsors_by_party": {"D":103,"R":11,"I":1},
                "committees": "House Energy and Commerce",
                "primary_subject": "Health",
                "summary": "Expresses support for the goals and ideals of Cervical Health Awareness Month. Urges the people of the United States to learn about cervical cancer and its causes, most notably human papillomavirus (HPV), and the importance of early detection.",
                "summary_short": "Expresses support for the goals and ideals of Cervical Health Awareness Month. Urges the people of the United States to learn about cervical cancer and its causes, most notably human papillomavirus (HPV), and the importance of early detection.",
                "latest_major_action_date": "2010-01-26",
                "latest_major_action": "Motion to reconsider laid on the table Agreed to without objection."
              },
                           {
                "congress": "111",
                "bill_id": "hr2480-111",
                "bill_type": "hr",
                "number": "H.R.2480",
                "bill_uri": "https://api.propublica.org/congress/v1/111/bills/hr2480.json",
                "title": "To improve the accuracy of fur product labeling, and for other purposes.",
                "short_title": "Truth in Fur Labeling Act of 2010",
                "sponsor_title": "Rep.",
                "sponsor_id": "M000933",
                "sponsor_name": "James P. Moran",
                "sponsor_state": "VA",
                "sponsor_party": "D",
                "sponsor_uri": "https://api.propublica.org/congress/v1/members/M000933.json",
                "gpo_pdf_uri": null,
                "congressdotgov_url": "https://www.congress.gov/bill/111th-congress/house-bill/2480",
                "govtrack_url": "https://www.govtrack.us/congress/bills/111/hr2480",
                "introduced_date": "2009-05-19",
                "active": null,
                "last_vote": null,
                "house_passage": "2010-07-28",
                "senate_passage": null,
                "enacted": null,
                "vetoed": null,
                "cosponsors": 171,
                "cosponsors_by_party": {"R":33,"D":138},
                "committees": "House Energy and Commerce; Senate Commerce, Science, and Transportation",
                "primary_subject": "Commerce",
                "summary": "(This measure has not been amended since it was passed by the House on July 28, 2010. The summary of that version is repeated here.) Truth in Fur Labeling Act of 2010 - Amends the Fur Products Labeling Act to eliminate the exemption to fur labeling requirements for products containing relatively small amounts of fur. Exempts from such Act a fur product: (1) the fur of which was obtained from an animal through trapping or hunting; and (2) that is sold by the hunter or trapper in a face to face transaction at a place such as a residence, craft fair, or other location used on a temporary or short term basis where the revenue from the sale is not such person's primary income source. Directs the Federal Trade Commission (FTC) to publish in the Federal Register notice of, and an opportunity to comment on, a review of the Fur Products Name Guide. States that budgetary effects of this Act for the purpose of complying with the Statutory Pay-As-You-Go Act of 2010 shall be determined by reference to the latest statement titled \"Budgetary Effects of PAYGO Legislation\" for this Act submitted for printing in the Congressional Record by the Chairman of the House Budget Committee, provided that such statement has been submitted prior to the vote on passage.",
                "summary_short": "(This measure has not been amended since it was passed by the House on July 28, 2010. The summary of that version is repeated here.) Truth in Fur Labeling Act of 2010 - Amends the Fur Products Labeling Act to eliminate the exemption to fur labeling requirements for products containing relatively small amounts of fur. Exempts from such Act a fur product: (1) the fur of which was obtained from an animal through trapping or hunting; and (2) that is sold by the hunter or trapper in a face to face...",
                "latest_major_action_date": "2010-12-18",
                "latest_major_action": "Became Public Law No: 111-313."
              },
                           {
                "congress": "111",
                "bill_id": "hres971-111",
                "bill_type": "hres",
                "number": "H.RES.971",
                "bill_uri": "https://api.propublica.org/congress/v1/111/bills/hres971.json",
                "title": "Expressing the sense of the House of Representatives regarding guidelines for breast cancer screening for women ages 40 to 49.",
                "short_title": null,
                "sponsor_title": "Rep.",
                "sponsor_id": "W000797",
                "sponsor_name": "Debbie Wasserman Schultz",
                "sponsor_state": "FL",
                "sponsor_party": "D",
                "sponsor_uri": "https://api.propublica.org/congress/v1/members/W000797.json",
                "gpo_pdf_uri": null,
                "congressdotgov_url": "https://www.congress.gov/bill/111th-congress/house-resolution/971",
                "govtrack_url": "https://www.govtrack.us/congress/bills/111/hres971",
                "introduced_date": "2009-12-15",
                "active": null,
                "last_vote": "2009-12-15",
                "house_passage": null,
                "senate_passage": null,
                "enacted": null,
                "vetoed": null,
                "cosponsors": 136,
                "cosponsors_by_party": {"R":28,"D":109},
                "committees": "House Energy and Commerce",
                "primary_subject": "Health",
                "summary": "Expresses the sense of the House of Representatives that: (1) the guidelines of the United States Preventive Services Task Force would not prohibit an insurer from providing coverage for mammography services in addition to those recommended by the Task Force and should not be used by insurers to deny coverage for services that are not recommended on a routine basis; and (2) the National Cancer Institute should continue to invest and provide leadership regarding research to develop more effective breast cancer screening tools and strategies.",
                "summary_short": "Expresses the sense of the House of Representatives that: (1) the guidelines of the United States Preventive Services Task Force would not prohibit an insurer from providing coverage for mammography services in addition to those recommended by the Task Force and should not be used by insurers to deny coverage for services that are not recommended on a routine basis; and (2) the National Cancer Institute should continue to invest and provide leadership regarding research to develop more effect...",
                "latest_major_action_date": "2009-12-16",
                "latest_major_action": "Referred to the Subcommittee on Health."
              },
                           {
                "congress": "111",
                "bill_id": "hres932-111",
                "bill_type": "hres",
                "number": "H.RES.932",
                "bill_uri": "https://api.propublica.org/congress/v1/111/bills/hres932.json",
                "title": "Expressing the sense of the Congress that all State public health departments, local public health departments, hospitals, doctor offices, and other health care providers should adhere to guidelines issued from the Centers for Disease Control and Prevention with regard to the H1N1 influenza virus.",
                "short_title": null,
                "sponsor_title": "Rep.",
                "sponsor_id": "C001080",
                "sponsor_name": "Judy Chu",
                "sponsor_state": "CA",
                "sponsor_party": "D",
                "sponsor_uri": "https://api.propublica.org/congress/v1/members/C001080.json",
                "gpo_pdf_uri": null,
                "congressdotgov_url": "https://www.congress.gov/bill/111th-congress/house-resolution/932",
                "govtrack_url": "https://www.govtrack.us/congress/bills/111/hres932",
                "introduced_date": "2009-11-19",
                "active": null,
                "last_vote": null,
                "house_passage": null,
                "senate_passage": null,
                "enacted": null,
                "vetoed": null,
                "cosponsors": 12,
                "cosponsors_by_party": {"D":12},
                "committees": "House Energy and Commerce",
                "primary_subject": "Health",
                "summary": "Expresses the sense of the House of Representatives that: (1) all public health departments, hospitals, and other health care providers should adhere to guidelines issued from the Centers for Disease Control and Prevention (CDC) regarding the H1N1 influenza virus; (2) the five target groups (pregnant women, people who live with or provide care for infants younger than six months, health care and emergency medical services personnel, people six months through 24 years of age, and people 25 years through 64 years of age who have certain medical conditions that put them at higher risk for influenza-related complications) should be encouraged to seek the vaccine and be the first priority for government responses; (3) the federal government should work closely with states, localities, and hospitals to ensure the vaccine is distributed quickly and efficiently; and (4) the federal government should study their response to the pandemic and work to improve the system and processes to enhance its response to future pandemics.",
                "summary_short": "Expresses the sense of the House of Representatives that: (1) all public health departments, hospitals, and other health care providers should adhere to guidelines issued from the Centers for Disease Control and Prevention (CDC) regarding the H1N1 influenza virus; (2) the five target groups (pregnant women, people who live with or provide care for infants younger than six months, health care and emergency medical services personnel, people six months through 24 years of age, and people 25 yea...",
                "latest_major_action_date": "2009-12-01",
                "latest_major_action": "Referred to the Subcommittee on Health."
              },
                           {
                "congress": "111",
                "bill_id": "hr4255-111",
                "bill_type": "hr",
                "number": "H.R.4255",
                "bill_uri": "https://api.propublica.org/congress/v1/111/bills/hr4255.json",
                "title": "To prevent Members of Congress from receiving any automatic pay adjustment in 2011.",
                "short_title": "Stop the Automatic Pay Raise for Members of Congress in Fiscal Year 2011 Act",
                "sponsor_title": "Rep.",
                "sponsor_id": "M001167",
                "sponsor_name": "Harry E. Mitchell",
                "sponsor_state": "AZ",
                "sponsor_party": "D",
                "sponsor_uri": "https://api.propublica.org/congress/v1/members/M001167.json",
                "gpo_pdf_uri": null,
                "congressdotgov_url": "https://www.congress.gov/bill/111th-congress/house-bill/4255",
                "govtrack_url": "https://www.govtrack.us/congress/bills/111/hr4255",
                "introduced_date": "2009-12-09",
                "active": null,
                "last_vote": null,
                "house_passage": null,
                "senate_passage": null,
                "enacted": null,
                "vetoed": null,
                "cosponsors": 136,
                "cosponsors_by_party": {"R":59,"D":78},
                "committees": "House Administration; House Oversight and Government Reform",
                "primary_subject": "Congress",
                "summary": "Stop the Automatic Pay Raise for Members of Congress in Fiscal Year 2011 Act - Declares that no automatic pay adjustment shall be considered to have taken effect in FY2011 in the rates of basic pay for Members of Congress under the General Schedule (thus eliminating the pay adjustment for Members for such fiscal year).",
                "summary_short": "Stop the Automatic Pay Raise for Members of Congress in Fiscal Year 2011 Act - Declares that no automatic pay adjustment shall be considered to have taken effect in FY2011 in the rates of basic pay for Members of Congress under the General Schedule (thus eliminating the pay adjustment for Members for such fiscal year).",
                "latest_major_action_date": "2009-12-16",
                "latest_major_action": "Sponsor introductory remarks on measure."
              },
                           {
                "congress": "111",
                "bill_id": "hconres220-111",
                "bill_type": "hconres",
                "number": "H.CON.RES.220",
                "bill_uri": "https://api.propublica.org/congress/v1/111/bills/hconres220.json",
                "title": "Encouraging the Secretaries of the military departments to maximize opportunities for space-available travel for members of the Armed Forces in a leave or pass status who are traveling between December 18, 2009, and January 3, 2010.",
                "short_title": null,
                "sponsor_title": "Rep.",
                "sponsor_id": "S001180",
                "sponsor_name": "Kurt Schrader",
                "sponsor_state": "OR",
                "sponsor_party": "D",
                "sponsor_uri": "https://api.propublica.org/congress/v1/members/S001180.json",
                "gpo_pdf_uri": null,
                "congressdotgov_url": "https://www.congress.gov/bill/111th-congress/house-concurrent-resolution/220",
                "govtrack_url": "https://www.govtrack.us/congress/bills/111/hconres220",
                "introduced_date": "2009-12-10",
                "active": null,
                "last_vote": null,
                "house_passage": null,
                "senate_passage": null,
                "enacted": null,
                "vetoed": null,
                "cosponsors": 62,
                "cosponsors_by_party": {"R":16,"D":46,"I":1},
                "committees": "House Armed Services",
                "primary_subject": "Armed forces and national security",
                "summary": "Expresses the sense of Congress that the Secretaries of the military departments, in conjunction with aircraft training and cargo missions, should maximize opportunities for space-available travel for members of the Armed Forces in a leave or pass status who are traveling between December 18, 2009, and January 3, 2010.",
                "summary_short": "Expresses the sense of Congress that the Secretaries of the military departments, in conjunction with aircraft training and cargo missions, should maximize opportunities for space-available travel for members of the Armed Forces in a leave or pass status who are traveling between December 18, 2009, and January 3, 2010.",
                "latest_major_action_date": "2010-01-12",
                "latest_major_action": "Referred to the Subcommittee on Readiness."
              },
                           {
                "congress": "111",
                "bill_id": "hr690-111",
                "bill_type": "hr",
                "number": "H.R.690",
                "bill_uri": "https://api.propublica.org/congress/v1/111/bills/hr690.json",
                "title": "To amend the Internal Revenue Code of 1986 to remove cell phones from listed property under section 280F.",
                "short_title": "Modernize Our Bookkeeping In the Law for Employee's Cell Phone Act of 2009",
                "sponsor_title": "Rep.",
                "sponsor_id": "J000174",
                "sponsor_name": "Sam Johnson",
                "sponsor_state": "TX",
                "sponsor_party": "R",
                "sponsor_uri": "https://api.propublica.org/congress/v1/members/J000174.json",
                "gpo_pdf_uri": null,
                "congressdotgov_url": "https://www.congress.gov/bill/111th-congress/house-bill/690",
                "govtrack_url": "https://www.govtrack.us/congress/bills/111/hr690",
                "introduced_date": "2009-01-26",
                "active": null,
                "last_vote": null,
                "house_passage": null,
                "senate_passage": null,
                "enacted": null,
                "vetoed": null,
                "cosponsors": 214,
                "cosponsors_by_party": {"D":96,"R":118},
                "committees": "House Ways and Means",
                "primary_subject": "Taxation",
                "summary": "Modernize Our Bookkeeping In the Law for Employee's Cell Phone Act of 2009 - Amends the Internal Revenue Code to remove certain limitations on the tax deduction for employee use of cellular telephones.",
                "summary_short": "Modernize Our Bookkeeping In the Law for Employee&#39;s Cell Phone Act of 2009 - Amends the Internal Revenue Code to remove certain limitations on the tax deduction for employee use of cellular telephones.",
                "latest_major_action_date": "2009-01-26",
                "latest_major_action": "Referred to the House Committee on Ways and Means."
              },
                           {
                "congress": "111",
                "bill_id": "hr4067-111",
                "bill_type": "hr",
                "number": "H.R.4067",
                "bill_uri": "https://api.propublica.org/congress/v1/111/bills/hr4067.json",
                "title": "To authorize interest-bearing transaction accounts at depository institutions, and for other purposes.",
                "short_title": "Business Checking Fairness Act of 2009",
                "sponsor_title": "Rep.",
                "sponsor_id": "M001178",
                "sponsor_name": "Scott Murphy",
                "sponsor_state": "NY",
                "sponsor_party": "D",
                "sponsor_uri": "https://api.propublica.org/congress/v1/members/M001178.json",
                "gpo_pdf_uri": null,
                "congressdotgov_url": "https://www.congress.gov/bill/111th-congress/house-bill/4067",
                "govtrack_url": "https://www.govtrack.us/congress/bills/111/hr4067",
                "introduced_date": "2009-11-07",
                "active": null,
                "last_vote": null,
                "house_passage": null,
                "senate_passage": null,
                "enacted": null,
                "vetoed": null,
                "cosponsors": 25,
                "cosponsors_by_party": {"R":2,"D":23},
                "committees": "House Financial Services",
                "primary_subject": "Finance and financial sector",
                "summary": "Business Checking Fairness Act of 2009 - Amends the Federal Reserve Act, the Home Owners' Loan Act, and the Federal Deposit Insurance Act to repeal the prohibition against the payment of interest on demand deposits.",
                "summary_short": "Business Checking Fairness Act of 2009 - Amends the Federal Reserve Act, the Home Owners&#39; Loan Act, and the Federal Deposit Insurance Act to repeal the prohibition against the payment of interest on demand deposits.",
                "latest_major_action_date": "2009-11-07",
                "latest_major_action": "Referred to the House Committee on Financial Services."
              },
                           {
                "congress": "111",
                "bill_id": "hres944-111",
                "bill_type": "hres",
                "number": "H.RES.944",
                "bill_uri": "https://api.propublica.org/congress/v1/111/bills/hres944.json",
                "title": "Expressing the sense of the House of Representatives on the protection of members of vulnerable religious and ethnic minority communities in Iraq.",
                "short_title": null,
                "sponsor_title": "Rep.",
                "sponsor_id": "P000595",
                "sponsor_name": "Gary Peters",
                "sponsor_state": "MI",
                "sponsor_party": "D",
                "sponsor_uri": "https://api.propublica.org/congress/v1/members/P000595.json",
                "gpo_pdf_uri": null,
                "congressdotgov_url": "https://www.congress.gov/bill/111th-congress/house-resolution/944",
                "govtrack_url": "https://www.govtrack.us/congress/bills/111/hres944",
                "introduced_date": "2009-12-03",
                "active": null,
                "last_vote": "2010-02-24",
                "house_passage": null,
                "senate_passage": null,
                "enacted": null,
                "vetoed": null,
                "cosponsors": 42,
                "cosponsors_by_party": {"R":7,"D":35},
                "committees": "House Foreign Affairs",
                "primary_subject": "International affairs",
                "summary": "Expresses the sense of the Senate that: (1) the United States remains deeply concerned about the plight of members of vulnerable religious and ethnic minority communities of Iraq; (2) the Secretary of State should develop and report to Congress on a comprehensive strategy to encourage the protection of the rights of such members; and (3) the U.S. government should urge the Iraqi government to enhance security at places of worship in Iraq, particularly where members of religious minority communities are known to be at risk. Urges the U.S. government to continue to work with the government of Iraq to integrate religious and ethnic minorities into the Iraqi government and the Iraqi Security Forces, with the goal of ensuring that members of such communities: (1) suffer no discrimination in recruitment, employment, or advancement; and (2) are initially assigned in reasonable numbers to their locations of origin. Urges the government of Iraq, with U.S. government assistance, to: (1) ensure that the upcoming national elections in Iraq are safe, fair, and free of intimidation and violence; and (2) permit and facilitate election monitoring by experts from local and international nongovernmental organizations, the international community, and the United Nations. Urges the U.S. government: (1) to encourage the Iraqi government to work with religious and ethnic minority communities to develop and implement effective measures to protect their rights and reverse their marginalization; (2) in providing assistance to Iraq, to continue to take into account the needs of religious and ethnic minority communities and expand efforts to work with local organizations that serve those communities; (3) to continue to fund capacity building programs for the Iraqi Ministry of Human Rights, the independent national Human Rights Commission, and the newly-created independent minorities committee; and (4) to strongly encourage the Iraqi government to direct the Iraqi Ministry of Human Rights to investigate, report on, and make recommendations to address abuses against, and the marginalization of, members of religious and ethnic minority communities in Iraq. Urges the Iraqi government, with the assistance of the U.S. government and international organizations, to help ensure that displaced Iraqis considering returning to Iraq have the information needed to make informed decisions.",
                "summary_short": "Expresses the sense of the Senate that: (1) the United States remains deeply concerned about the plight of members of vulnerable religious and ethnic minority communities of Iraq; (2) the Secretary of State should develop and report to Congress on a comprehensive strategy to encourage the protection of the rights of such members; and (3) the U.S. government should urge the Iraqi government to enhance security at places of worship in Iraq, particularly where members of religious minority commu...",
                "latest_major_action_date": "2010-02-24",
                "latest_major_action": "The title of the measure was amended. Agreed to without objection."
              },
                           {
                "congress": "111",
                "bill_id": "hr2575-111",
                "bill_type": "hr",
                "number": "H.R.2575",
                "bill_uri": "https://api.propublica.org/congress/v1/111/bills/hr2575.json",
                "title": "To provide parity under group health plans and group health insurance coverage in the provision of benefits for prosthetic devices and orthotics devices, components and benefits for other medical and surgical services.",
                "short_title": "Prosthetic and Custom Orthotic Parity Act of 2009",
                "sponsor_title": "Rep.",
                "sponsor_id": "A000210",
                "sponsor_name": "Robert E. Andrews",
                "sponsor_state": "NJ",
                "sponsor_party": "D",
                "sponsor_uri": "https://api.propublica.org/congress/v1/members/A000210.json",
                "gpo_pdf_uri": null,
                "congressdotgov_url": "https://www.congress.gov/bill/111th-congress/house-bill/2575",
                "govtrack_url": "https://www.govtrack.us/congress/bills/111/hr2575",
                "introduced_date": "2009-05-21",
                "active": null,
                "last_vote": null,
                "house_passage": null,
                "senate_passage": null,
                "enacted": null,
                "vetoed": null,
                "cosponsors": 30,
                "cosponsors_by_party": {"D":21,"R":9},
                "committees": "House Education and Labor",
                "primary_subject": "Health",
                "summary": "Prosthetic and Custom Orthotic Parity Act of 2009 - Amends the Employee Retirement Income Security Act of 1974 (ERISA) to require a group health plan that provides medical and surgical benefits as well as benefits for prosthetic devices and components and orthotic devices to offer such prosthetic and orthotic coverage in the same manner as applicable to medical and surgical benefits. Prohibits separate financial requirements or more restrictive treatment limitations. Limits required benefits for prosthetic devices and custom orthotic devices and related services to the most appropriate model that adequately meets the medical requirements of the patient. Requires benefits to include repairs and replacements as determined appropriate by the treating physician. Prohibits any annual or lifetime dollar limitation on benefits for prosthetic devices and custom orthotic devices and related services unless such limitation applies in the aggregate to all benefits.",
                "summary_short": "Prosthetic and Custom Orthotic Parity Act of 2009 - Amends the Employee Retirement Income Security Act of 1974 (ERISA) to require a group health plan that provides medical and surgical benefits as well as benefits for prosthetic devices and components and orthotic devices to offer such prosthetic and orthotic coverage in the same manner as applicable to medical and surgical benefits. Prohibits separate financial requirements or more restrictive treatment limitations. Limits required benefits ...",
                "latest_major_action_date": "2009-10-22",
                "latest_major_action": "Referred to the Subcommittee on Health, Employment, Labor, and Pensions."
              },
                           {
                "congress": "111",
                "bill_id": "hr2733-111",
                "bill_type": "hr",
                "number": "H.R.2733",
                "bill_uri": "https://api.propublica.org/congress/v1/111/bills/hr2733.json",
                "title": "To clarify the exemption for certain annuity contracts and insurance policies from Federal regulation under the Securities Act of 1933.",
                "short_title": "Fixed Indexed Annuities and Insurance Products Classification Act of 2009",
                "sponsor_title": "Rep.",
                "sponsor_id": "M001137",
                "sponsor_name": "Gregory W. Meeks",
                "sponsor_state": "NY",
                "sponsor_party": "D",
                "sponsor_uri": "https://api.propublica.org/congress/v1/members/M001137.json",
                "gpo_pdf_uri": null,
                "congressdotgov_url": "https://www.congress.gov/bill/111th-congress/house-bill/2733",
                "govtrack_url": "https://www.govtrack.us/congress/bills/111/hr2733",
                "introduced_date": "2009-06-04",
                "active": null,
                "last_vote": null,
                "house_passage": null,
                "senate_passage": null,
                "enacted": null,
                "vetoed": null,
                "cosponsors": 87,
                "cosponsors_by_party": {"R":50,"D":37},
                "committees": "House Financial Services",
                "primary_subject": "Finance and financial sector",
                "summary": "Fixed Indexed Annuities and Insurance Products Classification Act of 2009 - Amends the Securities Act of 1933 to include within the class of securities exempt from its coverage any insurance or endowment policy or annuity contract or optional annuity contract: (1) whose value does not vary according to the performance of a separate account; and (2) which satisfies standard nonforfeiture laws or similar requirements of the applicable state, Territory, or District of Columbia at time of issue or, in the absence of applicable standard nonforfeiture laws or requirements, satisfies the Model Standard Nonforfeiture Law for Life Insurance or Model Standard Nonforfeiture Law for Individual Deferred Annuities, or any successor model law, as published by the National Association of Insurance Commissioners. Declares without force or effect Rule 151A promulgated by the Securities and Exchange Commission (SEC) on January 16, 2009, and entitled \"Indexed Annuities and Certain Other Insurance Contracts.\"",
                "summary_short": "Fixed Indexed Annuities and Insurance Products Classification Act of 2009 - Amends the Securities Act of 1933 to include within the class of securities exempt from its coverage any insurance or endowment policy or annuity contract or optional annuity contract: (1) whose value does not vary according to the performance of a separate account; and (2) which satisfies standard nonforfeiture laws or similar requirements of the applicable state, Territory, or District of Columbia at time of issue o...",
                "latest_major_action_date": "2009-06-04",
                "latest_major_action": "Referred to the House Committee on Financial Services."
              },
                           {
                "congress": "111",
                "bill_id": "hres864-111",
                "bill_type": "hres",
                "number": "H.RES.864",
                "bill_uri": "https://api.propublica.org/congress/v1/111/bills/hres864.json",
                "title": "Congratulating President Obama for winning of the 2009 Nobel Peace Prize.",
                "short_title": null,
                "sponsor_title": "Rep.",
                "sponsor_id": "G000556",
                "sponsor_name": "Alan Grayson",
                "sponsor_state": "FL",
                "sponsor_party": "D",
                "sponsor_uri": "https://api.propublica.org/congress/v1/members/G000556.json",
                "gpo_pdf_uri": null,
                "congressdotgov_url": "https://www.congress.gov/bill/111th-congress/house-resolution/864",
                "govtrack_url": "https://www.govtrack.us/congress/bills/111/hres864",
                "introduced_date": "2009-10-23",
                "active": null,
                "last_vote": null,
                "house_passage": null,
                "senate_passage": null,
                "enacted": null,
                "vetoed": null,
                "cosponsors": 220,
                "cosponsors_by_party": {"D":219,"I":1},
                "committees": "House Foreign Affairs",
                "primary_subject": "International affairs",
                "summary": "Congratulates President Barack Hussein Obama for winning the 2009 Nobel Peace Prize, on behalf of all the people of the United States.",
                "summary_short": "Congratulates President Barack Hussein Obama for winning the 2009 Nobel Peace Prize, on behalf of all the people of the United States.",
                "latest_major_action_date": "2009-10-23",
                "latest_major_action": "Referred to the House Committee on Foreign Affairs."
              },
                           {
                "congress": "111",
                "bill_id": "hr1175-111",
                "bill_type": "hr",
                "number": "H.R.1175",
                "bill_uri": "https://api.propublica.org/congress/v1/111/bills/hr1175.json",
                "title": "To amend title 10, United States Code, to authorize taxpayers to designate a portion of their income tax payments to a National Military Family Relief Fund to be used by the Secretary of Defense to assist the families of members of the Armed Forces who are serving in, or have served in, Iraq or Afghanistan.",
                "short_title": null,
                "sponsor_title": "Rep.",
                "sponsor_id": "F000454",
                "sponsor_name": "Bill Foster",
                "sponsor_state": "IL",
                "sponsor_party": "D",
                "sponsor_uri": "https://api.propublica.org/congress/v1/members/F000454.json",
                "gpo_pdf_uri": null,
                "congressdotgov_url": "https://www.congress.gov/bill/111th-congress/house-bill/1175",
                "govtrack_url": "https://www.govtrack.us/congress/bills/111/hr1175",
                "introduced_date": "2009-02-25",
                "active": null,
                "last_vote": null,
                "house_passage": null,
                "senate_passage": null,
                "enacted": null,
                "vetoed": null,
                "cosponsors": 40,
                "cosponsors_by_party": {"D":36,"R":4},
                "committees": "House Ways and Means; House Armed Services",
                "primary_subject": "Armed forces and national security",
                "summary": "Establishes in the Treasury the National Military Family Relief Fund to make grants to Armed Forces members who are serving, or have served, in Iraq or Afghanistan to assist the families of such members. Amends the Internal Revenue Code to: (1) allow every individual taxpayer to designate $1 or more of any overpayment to be paid to the Fund; and (2) in addition to any payment of income tax liability, make a contribution of an additional amount which shall be paid over to the Fund.",
                "summary_short": "Establishes in the Treasury the National Military Family Relief Fund to make grants to Armed Forces members who are serving, or have served, in Iraq or Afghanistan to assist the families of such members. Amends the Internal Revenue Code to: (1) allow every individual taxpayer to designate $1 or more of any overpayment to be paid to the Fund; and (2) in addition to any payment of income tax liability, make a contribution of an additional amount which shall be paid over to the Fund.",
                "latest_major_action_date": "2009-02-25",
                "latest_major_action": "Referred to House Armed Services"
              }
             ]
      }
   ]
}
