{
   "status":"OK",
   "copyright":"Copyright (c) 2020 Pro Publica Inc. All Rights Reserved.",
   "results":[
      {
         "id": "K000372",
         "member_uri": "https://api.propublica.org/congress/v1/members/K000372.json",
         "name": "Mary Jo Kilroy",
         "num_results": 338,
         "offset": 220,
         "bills": [
              {
                "congress": "111",
                "bill_id": "hr621-111",
                "bill_type": "hr",
                "number": "H.R.621",
                "bill_uri": "https://api.propublica.org/congress/v1/111/bills/hr621.json",
                "title": "To require the Secretary of the Treasury to mint coins in commemoration of the centennial of the establishment of the Girl Scouts of the United States of America.",
                "short_title": "Girl Scouts USA Centennial Commemorative Coin Act",
                "sponsor_title": "Rep.",
                "sponsor_id": "K000220",
                "sponsor_name": "Jack Kingston",
                "sponsor_state": "GA",
                "sponsor_party": "R",
                "sponsor_uri": "https://api.propublica.org/congress/v1/members/K000220.json",
                "gpo_pdf_uri": null,
                "congressdotgov_url": "https://www.congress.gov/bill/111th-congress/house-bill/621",
                "govtrack_url": "https://www.govtrack.us/congress/bills/111/hr621",
                "introduced_date": "2009-01-21",
                "active": null,
                "last_vote": null,
                "house_passage": "2009-10-13",
                "senate_passage": null,
                "enacted": null,
                "vetoed": null,
                "cosponsors": 304,
                "cosponsors_by_party": {"R":128,"D":176},
                "committees": "House Financial Services",
                "primary_subject": "Government operations and politics",
                "summary": "Girl Scouts USA Centennial Commemorative Coin Act - Directs the Secretary of the Treasury to mint and issue up to 350,000 $1 coins in commemoration of the centennial of the founding of the Girl Scouts of the USA. Requires the coin design to be emblematic of the centennial of the Girl Scouts of the United States of America. Restricts issuance of such coins to calendar year 2013. Subjects coin sales to a surcharge of $10 per coin. Requires payment of such surcharges to the Girl Scouts of the United States of America for Girl Scout program development and delivery. Provides for examination by the Comptroller General of books, records, documents, and other data of the Girl Scouts as may be related to the expenditures of the amounts paid. Prohibits any surcharge if the coin's issuance would cause the number of commemorative coin programs issued during the year to exceed the annual two commemorative coin program issuance limitation. Permits continuation of the issuance of numismatic items that contain one-cent coins minted in 2009 until June 30, 2010. Amends the Jamestown 400th Anniversary Commemorative Coin Act of 2004 to remove reference to the Secretary of the Interior as being a one of the recipients of the distribution of the surcharges received from the sale of coins issued in commemoration of the 400th anniversary of the Jamestown settlement in Virginia and specifies the distribution among the remaining two recipients.",
                "summary_short": "Girl Scouts USA Centennial Commemorative Coin Act - Directs the Secretary of the Treasury to mint and issue up to 350,000 $1 coins in commemoration of the centennial of the founding of the Girl Scouts of the USA. Requires the coin design to be emblematic of the centennial of the Girl Scouts of the United States of America. Restricts issuance of such coins to calendar year 2013. Subjects coin sales to a surcharge of $10 per coin. Requires payment of such surcharges to the Girl Scouts of the Un...",
                "latest_major_action_date": "2009-10-29",
                "latest_major_action": "Became Public Law No: 111-86."
              },
                           {
                "congress": "111",
                "bill_id": "hres686-111",
                "bill_type": "hres",
                "number": "H.RES.686",
                "bill_uri": "https://api.propublica.org/congress/v1/111/bills/hres686.json",
                "title": "Recommending that the United States Constitution be taught to high school students throughout the Nation in September of their senior year.",
                "short_title": null,
                "sponsor_title": "Rep.",
                "sponsor_id": "G000556",
                "sponsor_name": "Alan Grayson",
                "sponsor_state": "FL",
                "sponsor_party": "D",
                "sponsor_uri": "https://api.propublica.org/congress/v1/members/G000556.json",
                "gpo_pdf_uri": null,
                "congressdotgov_url": "https://www.congress.gov/bill/111th-congress/house-resolution/686",
                "govtrack_url": "https://www.govtrack.us/congress/bills/111/hres686",
                "introduced_date": "2009-07-28",
                "active": null,
                "last_vote": null,
                "house_passage": null,
                "senate_passage": null,
                "enacted": null,
                "vetoed": null,
                "cosponsors": 222,
                "cosponsors_by_party": {"R":41,"D":182},
                "committees": "House Education and Labor",
                "primary_subject": "Education",
                "summary": "Expresses the sense of the House of Representatives that: (1) high school students should spend at least one week in September of their senior year learning about the U.S. Constitution, as knowledge of this country's founding document is critical to being an effective citizen; and (2) upon reaching voting age, high school seniors should demonstrate their understanding of the rights and responsibilities of citizenship by engaging in civic learning activities on an issue of importance to them.",
                "summary_short": "Expresses the sense of the House of Representatives that: (1) high school students should spend at least one week in September of their senior year learning about the U.S. Constitution, as knowledge of this country&#39;s founding document is critical to being an effective citizen; and (2) upon reaching voting age, high school seniors should demonstrate their understanding of the rights and responsibilities of citizenship by engaging in civic learning activities on an issue of importance to them.",
                "latest_major_action_date": "2009-10-22",
                "latest_major_action": "Referred to the Subcommittee on Early Childhood, Elementary, and Secondary Education."
              },
                           {
                "congress": "111",
                "bill_id": "hr3421-111",
                "bill_type": "hr",
                "number": "H.R.3421",
                "bill_uri": "https://api.propublica.org/congress/v1/111/bills/hr3421.json",
                "title": "To exclude from consumer credit reports medical debt that has been in collection and has been fully paid or settled, and for other purposes.",
                "short_title": "Medical Debt Relief Act of 2010",
                "sponsor_title": "Rep.",
                "sponsor_id": "K000372",
                "sponsor_name": "Mary Jo Kilroy",
                "sponsor_state": "OH",
                "sponsor_party": "D",
                "sponsor_uri": "https://api.propublica.org/congress/v1/members/K000372.json",
                "gpo_pdf_uri": null,
                "congressdotgov_url": "https://www.congress.gov/bill/111th-congress/house-bill/3421",
                "govtrack_url": "https://www.govtrack.us/congress/bills/111/hr3421",
                "introduced_date": "2009-07-30",
                "active": null,
                "last_vote": "2010-09-29",
                "house_passage": "2010-09-29",
                "senate_passage": null,
                "enacted": null,
                "vetoed": null,
                "cosponsors": 108,
                "cosponsors_by_party": {"D":104,"R":4},
                "committees": "House Financial Services; Senate Banking, Housing, and Urban Affairs",
                "primary_subject": "Finance and financial sector",
                "summary": "Medical Debt Relief Act of 2010 - Amends the Fair Credit Reporting Act to prohibit a consumer reporting agency from making any report containing information related to a fully paid or settled medical debt that had been characterized as delinquent, charged off, or in collection for credit reporting purposes which, from the date of payment or settlement, antedates the report by more than 45 calendar days.",
                "summary_short": "Medical Debt Relief Act of 2010 - Amends the Fair Credit Reporting Act to prohibit a consumer reporting agency from making any report containing information related to a fully paid or settled medical debt that had been characterized as delinquent, charged off, or in collection for credit reporting purposes which, from the date of payment or settlement, antedates the report by more than 45 calendar days.",
                "latest_major_action_date": "2010-09-29",
                "latest_major_action": "Received in the Senate and Read twice and referred to the Committee on Banking, Housing, and Urban Affairs."
              },
                           {
                "congress": "111",
                "bill_id": "hr1831-111",
                "bill_type": "hr",
                "number": "H.R.1831",
                "bill_uri": "https://api.propublica.org/congress/v1/111/bills/hr1831.json",
                "title": "To amend the Internal Revenue Code of 1986 to make permanent the special rule for contributions of qualified conservation contributions.",
                "short_title": "Conservation Easement Incentive Act of 2009",
                "sponsor_title": "Rep.",
                "sponsor_id": "T000460",
                "sponsor_name": "Mike Thompson",
                "sponsor_state": "CA",
                "sponsor_party": "D",
                "sponsor_uri": "https://api.propublica.org/congress/v1/members/T000460.json",
                "gpo_pdf_uri": null,
                "congressdotgov_url": "https://www.congress.gov/bill/111th-congress/house-bill/1831",
                "govtrack_url": "https://www.govtrack.us/congress/bills/111/hr1831",
                "introduced_date": "2009-03-31",
                "active": null,
                "last_vote": null,
                "house_passage": null,
                "senate_passage": null,
                "enacted": null,
                "vetoed": null,
                "cosponsors": 273,
                "cosponsors_by_party": {"R":105,"D":169},
                "committees": "House Ways and Means",
                "primary_subject": "Taxation",
                "summary": "Conservation Easement Incentive Act of 2009 - Amends the Internal Revenue Code to make permanent the tax deduction for charitable contributions by individuals and corporations of real property interests for conservation purposes.",
                "summary_short": "Conservation Easement Incentive Act of 2009 - Amends the Internal Revenue Code to make permanent the tax deduction for charitable contributions by individuals and corporations of real property interests for conservation purposes.",
                "latest_major_action_date": "2009-03-31",
                "latest_major_action": "Referred to the House Committee on Ways and Means."
              },
                           {
                "congress": "111",
                "bill_id": "hr3351-111",
                "bill_type": "hr",
                "number": "H.R.3351",
                "bill_uri": "https://api.propublica.org/congress/v1/111/bills/hr3351.json",
                "title": "To amend the Securities Exchange Act of 1934 to provide shareholders with a non-binding vote on executive compensation.",
                "short_title": "Proxy Voting Transparency Act of 2009",
                "sponsor_title": "Rep.",
                "sponsor_id": "K000372",
                "sponsor_name": "Mary Jo Kilroy",
                "sponsor_state": "OH",
                "sponsor_party": "D",
                "sponsor_uri": "https://api.propublica.org/congress/v1/members/K000372.json",
                "gpo_pdf_uri": null,
                "congressdotgov_url": "https://www.congress.gov/bill/111th-congress/house-bill/3351",
                "govtrack_url": "https://www.govtrack.us/congress/bills/111/hr3351",
                "introduced_date": "2009-07-27",
                "active": null,
                "last_vote": null,
                "house_passage": null,
                "senate_passage": null,
                "enacted": null,
                "vetoed": null,
                "cosponsors": 4,
                "cosponsors_by_party": {"D":4},
                "committees": "House Financial Services",
                "primary_subject": "Finance and financial sector",
                "summary": "Proxy Voting Transparency Act of 2009 - Amends the Securities Exchange Act of 1934 to require that a proxy, consent, or authorization for an annual shareholders meeting provide for a separate shareholder vote to approve the compensation of executives pursuant to compensation disclosure rules promulgated by the Securities and Exchange Commission (SEC). Requires such SEC disclosure rules to include: (1) the compensation committee report; (2) compensation discussion and analysis; (3) the compensation tables; and (4) any related materials. Requires the person making proxy or consent solicitation material regarding a disposition of an issuer's assets to disclose and submit for separate shareholder approval: (1) any compensation agreements made with principal executive officers of the issuer; and (2) the aggregate total of compensation that may be paid or become payable to or on behalf of such executive officer (golden parachute compensation). States that the shareholder vote: (1) shall not be binding upon either the corporation or the board of directors; (2) shall not be construed as overruling a decision by such board; (3) shall not be construed as creating or implying any additional fiduciary duty by such board; nor (4) shall be construed to restrict or limit shareholder ability to make proposals for inclusion in proxy materials related to executive compensation. Requires certain institutional investment managers to report at least annually how they voted on any shareholder vote (unless such vote is otherwise required to be reported publicly by SEC rule or regulation).",
                "summary_short": "Proxy Voting Transparency Act of 2009 - Amends the Securities Exchange Act of 1934 to require that a proxy, consent, or authorization for an annual shareholders meeting provide for a separate shareholder vote to approve the compensation of executives pursuant to compensation disclosure rules promulgated by the Securities and Exchange Commission (SEC). Requires such SEC disclosure rules to include: (1) the compensation committee report; (2) compensation discussion and analysis; (3) the compens...",
                "latest_major_action_date": "2009-07-27",
                "latest_major_action": "Referred to the House Committee on Financial Services."
              },
                           {
                "congress": "111",
                "bill_id": "hr3042-111",
                "bill_type": "hr",
                "number": "H.R.3042",
                "bill_uri": "https://api.propublica.org/congress/v1/111/bills/hr3042.json",
                "title": "To amend the Worker Adjustment and Retraining Notification Act to minimize the adverse effects of employment dislocation, and for other purposes.",
                "short_title": "Forewarn Act",
                "sponsor_title": "Rep.",
                "sponsor_id": "M000725",
                "sponsor_name": "George Miller",
                "sponsor_state": "CA",
                "sponsor_party": "D",
                "sponsor_uri": "https://api.propublica.org/congress/v1/members/M000725.json",
                "gpo_pdf_uri": null,
                "congressdotgov_url": "https://www.congress.gov/bill/111th-congress/house-bill/3042",
                "govtrack_url": "https://www.govtrack.us/congress/bills/111/hr3042",
                "introduced_date": "2009-06-25",
                "active": null,
                "last_vote": null,
                "house_passage": null,
                "senate_passage": null,
                "enacted": null,
                "vetoed": null,
                "cosponsors": 62,
                "cosponsors_by_party": {"R":1,"D":61},
                "committees": "House Education and Labor",
                "primary_subject": "Labor and employment",
                "summary": "Forewarn Act - Amends the Worker Adjustment and Retraining Notification Act (the Act) to: (1) redefine the terms \"employer,\" \"plant closing,\" and \"mass layoff\" for purposes of the Act; and (2) among other things, apply it to employers of 75 or more employees (currently, 100 employees), including any parent company of which the business enterprise is a subsidiary. Requires an employer to: (1) give 90-day written notice (currently, 60-day) to employees and appropriate state and local governments before ordering a plant closing or mass layoff; (2) notify the Secretary of Labor and the governor of the state in which the closing or layoff will occur; and (3) provide affected employees with information regarding benefits and services available to them, including unemployment compensation, trade adjustment assistance, COBRA benefits, onsite access to rapid response teams, and certain other services. Exempts from such notice requirements plant closings or mass layoffs which are due directly to a terrorist attack. Requires the Secretary to notify the appropriate U.S. Senators and Members of the House of Representatives who represent the area where such closing or mass layoff is to occur. Makes an employer who violates such notice requirements liable to the employee for, among other things, two days pay (currently, back pay for each day of violation) multiplied by the number of calendar days for which the employer was required but failed to provide notice, including interest on such pay. Authorizes an affected employee to file a complaint with the Secretary alleging a violation of the notice requirements. Requires the Secretary to investigate and attempt to resolve such complaints. Authorizes the Secretary to bring an action in court to recover on behalf of an affected employee any backpay (including interest), benefits, and liquidated damages due. Requires an employer to post conspicuously upon its premises pertinent provisions of this Act and information on the filing of a complaint. Requires the Secretary to maintain a guide on the benefits and services available to affected employees. Prohibits the waiver of rights and remedies provided under this Act (including the right to maintain a civil action) by any agreement or settlement negotiated on behalf of affected employees.",
                "summary_short": "Forewarn Act - Amends the Worker Adjustment and Retraining Notification Act (the Act) to: (1) redefine the terms &quot;employer,&quot; &quot;plant closing,&quot; and &quot;mass layoff&quot; for purposes of the Act; and (2) among other things, apply it to employers of 75 or more employees (currently, 100 employees), including any parent company of which the business enterprise is a subsidiary. Requires an employer to: (1) give 90-day written notice (currently, 60-day) to employees and appropriate state and local government...",
                "latest_major_action_date": "2009-06-25",
                "latest_major_action": "Referred to the House Committee on Education and Labor."
              },
                           {
                "congress": "111",
                "bill_id": "hres605-111",
                "bill_type": "hres",
                "number": "H.RES.605",
                "bill_uri": "https://api.propublica.org/congress/v1/111/bills/hres605.json",
                "title": "Recognizing the continued persecution of Falun Gong practitioners in China on the 11th anniversary of the Chinese Communist Party campaign to suppress the Falun Gong spiritual movement and calling for an immediate end to the campaign to persecute, intimidate, imprison, and torture Falun Gong practitioners.",
                "short_title": null,
                "sponsor_title": "Rep.",
                "sponsor_id": "R000435",
                "sponsor_name": "Ileana Ros-Lehtinen",
                "sponsor_state": "FL",
                "sponsor_party": "R",
                "sponsor_uri": "https://api.propublica.org/congress/v1/members/R000435.json",
                "gpo_pdf_uri": null,
                "congressdotgov_url": "https://www.congress.gov/bill/111th-congress/house-resolution/605",
                "govtrack_url": "https://www.govtrack.us/congress/bills/111/hres605",
                "introduced_date": "2009-06-26",
                "active": null,
                "last_vote": "2010-03-16",
                "house_passage": null,
                "senate_passage": null,
                "enacted": null,
                "vetoed": null,
                "cosponsors": 81,
                "cosponsors_by_party": {"R":41,"D":40},
                "committees": "House Foreign Affairs",
                "primary_subject": "International affairs",
                "summary": "Expresses sympathy to Falun Gong practitioners and their family members who have suffered persecution and even death because of adherence to their personal beliefs. Calls upon the government of the People's Republic of China (PRC) to: (1) cease its campaign against Falun Gong practitioners; (2) abolish the 6-10 office, an extrajudicial security apparatus given the mandate to \"eradicate\" Falun Gong; and (3) release Falun Gong practitioners from prisons and reeducation through labor camps, including those practitioners who are relatives of U.S. citizens and permanent residents. Calls upon the President and Members of Congress to mark the 11th anniversary of Chinese official repression of the Falun Gong spiritual movement, including by meeting with Falun Gong practitioners.",
                "summary_short": "Expresses sympathy to Falun Gong practitioners and their family members who have suffered persecution and even death because of adherence to their personal beliefs. Calls upon the government of the People&#39;s Republic of China (PRC) to: (1) cease its campaign against Falun Gong practitioners; (2) abolish the 6-10 office, an extrajudicial security apparatus given the mandate to &quot;eradicate&quot; Falun Gong; and (3) release Falun Gong practitioners from prisons and reeducation through labor camps, incl...",
                "latest_major_action_date": "2010-03-16",
                "latest_major_action": "The title of the measure was amended. Agreed to without objection."
              },
                           {
                "congress": "111",
                "bill_id": "hr3318-111",
                "bill_type": "hr",
                "number": "H.R.3318",
                "bill_uri": "https://api.propublica.org/congress/v1/111/bills/hr3318.json",
                "title": "To establish by law a permanent Investor Advisory Committee within the Securities and Exchange Commission to give investors a greater voice in the Securities and Exchange Commission's work.",
                "short_title": "Investor Advisory Committee Act of 2009",
                "sponsor_title": "Rep.",
                "sponsor_id": "K000372",
                "sponsor_name": "Mary Jo Kilroy",
                "sponsor_state": "OH",
                "sponsor_party": "D",
                "sponsor_uri": "https://api.propublica.org/congress/v1/members/K000372.json",
                "gpo_pdf_uri": null,
                "congressdotgov_url": "https://www.congress.gov/bill/111th-congress/house-bill/3318",
                "govtrack_url": "https://www.govtrack.us/congress/bills/111/hr3318",
                "introduced_date": "2009-07-23",
                "active": null,
                "last_vote": null,
                "house_passage": null,
                "senate_passage": null,
                "enacted": null,
                "vetoed": null,
                "cosponsors": 0,
                "cosponsors_by_party": {},
                "committees": "House Financial Services",
                "primary_subject": "Finance and financial sector",
                "summary": "Investor Advisory Committee Act of 2009 - Amends the Securities Exchange Act of 1934 to establish the Investor Advisory Committee to advise and consult with the Securities and Exchange Commission (SEC) on: (1) regulatory priorities and issues regarding new products, trading strategies, fee structures, and the effectiveness of disclosures; (2) initiatives to protect investor interest; and (3) initiatives to promote investor confidence in the integrity of the marketplace. States that the SEC is not required to accept, agree, or act upon the findings or recommendations of the Committee.",
                "summary_short": "Investor Advisory Committee Act of 2009 - Amends the Securities Exchange Act of 1934 to establish the Investor Advisory Committee to advise and consult with the Securities and Exchange Commission (SEC) on: (1) regulatory priorities and issues regarding new products, trading strategies, fee structures, and the effectiveness of disclosures; (2) initiatives to protect investor interest; and (3) initiatives to promote investor confidence in the integrity of the marketplace. States that the SEC is...",
                "latest_major_action_date": "2009-07-24",
                "latest_major_action": "Sponsor introductory remarks on measure."
              },
                           {
                "congress": "111",
                "bill_id": "hjres61-111",
                "bill_type": "hjres",
                "number": "H.J.RES.61",
                "bill_uri": "https://api.propublica.org/congress/v1/111/bills/hjres61.json",
                "title": "Proposing an amendment to the Constitution of the United States relative to equal rights for men and women.",
                "short_title": null,
                "sponsor_title": "Rep.",
                "sponsor_id": "M000087",
                "sponsor_name": "Carolyn B. Maloney",
                "sponsor_state": "NY",
                "sponsor_party": "D",
                "sponsor_uri": "https://api.propublica.org/congress/v1/members/M000087.json",
                "gpo_pdf_uri": null,
                "congressdotgov_url": "https://www.congress.gov/bill/111th-congress/house-joint-resolution/61",
                "govtrack_url": "https://www.govtrack.us/congress/bills/111/hjres61",
                "introduced_date": "2009-07-21",
                "active": null,
                "last_vote": null,
                "house_passage": null,
                "senate_passage": null,
                "enacted": null,
                "vetoed": null,
                "cosponsors": 84,
                "cosponsors_by_party": {"D":80,"R":4},
                "committees": "House Judiciary",
                "primary_subject": "Civil rights and liberties, minority issues",
                "summary": "Constitutional Amendment - Prohibits denying or abridging equality of rights under the law by the United States or by any state on account of sex.",
                "summary_short": "Constitutional Amendment - Prohibits denying or abridging equality of rights under the law by the United States or by any state on account of sex.",
                "latest_major_action_date": "2009-10-19",
                "latest_major_action": "Referred to the Subcommittee on the Constitution, Civil Rights, and Civil Liberties."
              },
                           {
                "congress": "111",
                "bill_id": "hr3269-111",
                "bill_type": "hr",
                "number": "H.R.3269",
                "bill_uri": "https://api.propublica.org/congress/v1/111/bills/hr3269.json",
                "title": "To amend the Securities Exchange Act of 1934 to provide shareholders with an advisory vote on executive compensation and to prevent perverse incentives in the compensation practices of financial institutions.",
                "short_title": "Corporate and Financial Institution Compensation Fairness Act of 2009",
                "sponsor_title": "Rep.",
                "sponsor_id": "F000339",
                "sponsor_name": "Barney Frank",
                "sponsor_state": "MA",
                "sponsor_party": "D",
                "sponsor_uri": "https://api.propublica.org/congress/v1/members/F000339.json",
                "gpo_pdf_uri": null,
                "congressdotgov_url": "https://www.congress.gov/bill/111th-congress/house-bill/3269",
                "govtrack_url": "https://www.govtrack.us/congress/bills/111/hr3269",
                "introduced_date": "2009-07-21",
                "active": null,
                "last_vote": "2009-07-31",
                "house_passage": "2009-07-31",
                "senate_passage": null,
                "enacted": null,
                "vetoed": null,
                "cosponsors": 11,
                "cosponsors_by_party": {"D":11},
                "committees": "House Financial Services; Senate Banking, Housing, and Urban Affairs",
                "primary_subject": "Finance and financial sector",
                "summary": "Corporate and Financial Institution Compensation Fairness Act of 2009 - (Sec. 2) Amends the Securities Exchange Act of 1934 to require that any proxy or consent or authorization for an annual shareholders meeting provide for a separate shareholder vote to approve executive compensation for named executive officers as disclosed pursuant to rules of the Securities and Exchange Commission (SEC). States that the shareholder vote shall not be: (1) binding on the corporation or the board of directors; (2) construed as overruling a board decision, or as creating or implying any additional fiduciary duty by the board; or (3) construed as restricting or limiting shareholder ability to place executive compensation proposals within proxy materials. Requires solicitations that seek shareholder approval of an acquisition, merger, consolidation, or proposed sale or other disposition of assets to disclose clearly and simply in the proxy or consent solicitation material any agreements or understandings with named executive officers of the disposing or the acquiring issuer concerning (golden parachute) compensation (present, deferred, or contingent) that is based upon or relates to such asset disposition, including the aggregate total compensation to or on behalf of such executive officer. Requires separate shareholder approval of such golden parachute agreements or understandings and compensation, as disclosed, unless already subject to a shareholder vote at an annual shareholders meeting. States that a separate shareholder vote on golden parachute compensation shall not be: (1) binding on the issuer or its board of directors or the person making the solicitation; or (2) construed as overruling a decision by such person or issuer, or as creating or implying any additional fiduciary duty by any such person or issuer. Requires certain institutional investment managers to report annually how they voted on any shareholder vote. Authorizes the SEC, after taking into account the potential impact on smaller reporting issuers, to exempt certain categories of issuers from the requirements of this Act. (Sec. 3) Directs the SEC to direct the national securities exchanges and national securities associations to prohibit the listing of any class of equity security of an issuer that does not comply with specified requirements for compensation committees (or equivalent bodies) established by and amongst an issuer's board of directors for the purpose of determining and approving the compensation arrangements for the issuer's executive officers. Requires each member of the compensation committee of the issuer's board of directors to be independent. Prohibits any compensation committee member from accepting any consulting, advisory, or other compensatory fee from the issuer. Allows for SEC exemptions from such requirements for particular relationships. Requires a compensation consultant, legal counsel, or other adviser to an issuer's compensation committee to meet SEC independence standards. Grants the compensation committee of each issuer discretionary authority to retain and obtain the advice of a compensation consultant meeting SEC independence standards. Requires any proxy or consent solicitation material for an annual shareholder meeting to disclose whether the issuer's compensation committee retained and obtained the advice of an independent compensation consultant. Authorizes a compensation committee to retain and obtain the advice of independent counsel and other independent advisers. Directs the SEC to study and report to Congress on the use of independent compensation consultants. (Sec. 4) Directs federal regulators to prescribe jointly regulations requiring each covered financial institution to disclose the structures of all incentive-based compensation arrangements sufficient to determine whether the compensation structure: (1) is aligned with sound risk management; (2) is structured to account for the time horizon of risks; and (3) meets other criteria appropriate to reduce unreasonable incentives offered by such institutions for employees to take undue risks. Requires such regulators to prescribe jointly regulations that prohibit any compensation structure or incentive-based payment arrangement that encourages inappropriate risks by financial institutions that could: (1) threaten the safety and soundness of covered financial institutions; or (2) present serious adverse effects upon economic conditions or financial stability. Exempts covered financial institutions with assets of less than $1 billion from these compensation arrangement disclosure requirements. Prohibits any such regulation from requiring the recovery (clawback) of incentive-based compensation under compensation arrangements in effect on the date of enactment of this Act if such an agreement is for a period of no more than 24 months. Declares that this Act shall neither prevent nor limit the recovery of incentive-based compensation under any other applicable law. Directs the Comptroller General to study and report to Congress on whether there is a correlation between compensation structures and excessive risk taking. Requires the study, in determining whether a company failed, or nearly failed but for government assistance, to focus on: (1) companies that received exceptional assistance under the Troubled Asset Relief Program (TARP) under the Emergency Economic Stabilization Act of 2009 (EESA) or other forms of significant government assistance, including under the Automotive Industry Financing Program, the Targeted Investment Program, the Asset Guarantee Program, and the Systemically Significant Failing Institutions Program; (2) the Federal National Mortgage Association (Fannie Mae); (3) the Federal Home Loan Mortgage Corporation (Freddie Mac); and (4) companies that participated in the SEC's Consolidated Supervised Entities Program as of January 2008.",
                "summary_short": "Corporate and Financial Institution Compensation Fairness Act of 2009 - (Sec. 2) Amends the Securities Exchange Act of 1934 to require that any proxy or consent or authorization for an annual shareholders meeting provide for a separate shareholder vote to approve executive compensation for named executive officers as disclosed pursuant to rules of the Securities and Exchange Commission (SEC). States that the shareholder vote shall not be: (1) binding on the corporation or the board of directo...",
                "latest_major_action_date": "2009-08-03",
                "latest_major_action": "Received in the Senate and Read twice and referred to the Committee on Banking, Housing, and Urban Affairs."
              },
                           {
                "congress": "111",
                "bill_id": "hr406-111",
                "bill_type": "hr",
                "number": "H.R.406",
                "bill_uri": "https://api.propublica.org/congress/v1/111/bills/hr406.json",
                "title": "To award a Congressional Gold Medal in recognition of Alice Paul's role in the women's suffrage movement and in advancing equal rights for women.",
                "short_title": "Alice Paul Women's Suffrage Congressional Gold Medal Act",
                "sponsor_title": "Rep.",
                "sponsor_id": "B001234",
                "sponsor_name": "Joe Baca",
                "sponsor_state": "CA",
                "sponsor_party": "D",
                "sponsor_uri": "https://api.propublica.org/congress/v1/members/B001234.json",
                "gpo_pdf_uri": null,
                "congressdotgov_url": "https://www.congress.gov/bill/111th-congress/house-bill/406",
                "govtrack_url": "https://www.govtrack.us/congress/bills/111/hr406",
                "introduced_date": "2009-01-09",
                "active": null,
                "last_vote": null,
                "house_passage": null,
                "senate_passage": null,
                "enacted": null,
                "vetoed": null,
                "cosponsors": 139,
                "cosponsors_by_party": {"D":121,"R":19},
                "committees": "House Financial Services",
                "primary_subject": "Civil rights and liberties, minority issues",
                "summary": "Alice Paul Women's Suffrage Congressional Gold Medal Act - Requires the Speaker of the House of Representatives and the President pro tempore of the Senate to make arrangements for the presentation of a congressional gold medal in commemoration of Alice Paul, to recognize her role in the women's suffrage movement and in advancing equal rights for women. Authorizes the Secretary of the Treasury to strike and sell duplicates in bronze of such medal. Requires proceeds from the sale of such medals to be deposited into the U.S. Mint Public Enterprise Fund.",
                "summary_short": "Alice Paul Women&#39;s Suffrage Congressional Gold Medal Act - Requires the Speaker of the House of Representatives and the President pro tempore of the Senate to make arrangements for the presentation of a congressional gold medal in commemoration of Alice Paul, to recognize her role in the women&#39;s suffrage movement and in advancing equal rights for women. Authorizes the Secretary of the Treasury to strike and sell duplicates in bronze of such medal. Requires proceeds from the sale of such medal...",
                "latest_major_action_date": "2009-01-09",
                "latest_major_action": "Referred to the House Committee on Financial Services."
              },
                           {
                "congress": "111",
                "bill_id": "hjres12-111",
                "bill_type": "hjres",
                "number": "H.J.RES.12",
                "bill_uri": "https://api.propublica.org/congress/v1/111/bills/hjres12.json",
                "title": "Expressing support for designation of September 2009 as 'Gospel Music Heritage Month' and honoring gospel music for its valuable and longstanding contributions to the culture of the United States.",
                "short_title": null,
                "sponsor_title": "Rep.",
                "sponsor_id": "J000032",
                "sponsor_name": "Sheila Jackson Lee",
                "sponsor_state": "TX",
                "sponsor_party": "D",
                "sponsor_uri": "https://api.propublica.org/congress/v1/members/J000032.json",
                "gpo_pdf_uri": null,
                "congressdotgov_url": "https://www.congress.gov/bill/111th-congress/house-joint-resolution/12",
                "govtrack_url": "https://www.govtrack.us/congress/bills/111/hjres12",
                "introduced_date": "2009-01-08",
                "active": null,
                "last_vote": null,
                "house_passage": "2009-07-31",
                "senate_passage": null,
                "enacted": null,
                "vetoed": null,
                "cosponsors": 61,
                "cosponsors_by_party": {"D":50,"R":11},
                "committees": "House Oversight and Government Reform; Senate Health, Education, Labor, and Pensions",
                "primary_subject": "Arts, culture, religion",
                "summary": "Supports the designation of Gospel Music Heritage Month (September 2009), which would recognize the contributions to U.S. culture derived from the rich heritage of gospel music and gospel music artists.",
                "summary_short": "Supports the designation of Gospel Music Heritage Month (September 2009), which would recognize the contributions to U.S. culture derived from the rich heritage of gospel music and gospel music artists.",
                "latest_major_action_date": "2009-08-03",
                "latest_major_action": "Received in the Senate and Read twice and referred to the Committee on Health, Education, Labor, and Pensions."
              },
                           {
                "congress": "111",
                "bill_id": "hr3232-111",
                "bill_type": "hr",
                "number": "H.R.3232",
                "bill_uri": "https://api.propublica.org/congress/v1/111/bills/hr3232.json",
                "title": "To amend the Emergency Economic Stabilization Act of 2008 to require certain warrants held by the Secretary of the Treasury to be sold at public auction upon the repayment of the associated assistance provided under the Troubled Asset Relief Program.",
                "short_title": "PROFIT Act of 2009",
                "sponsor_title": "Rep.",
                "sponsor_id": "K000372",
                "sponsor_name": "Mary Jo Kilroy",
                "sponsor_state": "OH",
                "sponsor_party": "D",
                "sponsor_uri": "https://api.propublica.org/congress/v1/members/K000372.json",
                "gpo_pdf_uri": null,
                "congressdotgov_url": "https://www.congress.gov/bill/111th-congress/house-bill/3232",
                "govtrack_url": "https://www.govtrack.us/congress/bills/111/hr3232",
                "introduced_date": "2009-07-16",
                "active": null,
                "last_vote": null,
                "house_passage": null,
                "senate_passage": null,
                "enacted": null,
                "vetoed": null,
                "cosponsors": 11,
                "cosponsors_by_party": {"D":11},
                "committees": "House Financial Services",
                "primary_subject": "Finance and financial sector",
                "summary": "Provide a Return on Financial Investment for the Taxpayer Act of 2009 or the PROFIT Act of 2009 - Amends the Emergency Economic Stabilization Act of 2008 (EESA) to require the Secretary of the Treasury to sell through a public auction any warrants associated with EESA assistance each time a financial institution makes a repayment of such assistance. Exempts from such requirement warrants associated with a repayment made by a financial institution that has received less than $250 million of such assistance.",
                "summary_short": "Provide a Return on Financial Investment for the Taxpayer Act of 2009 or the PROFIT Act of 2009 - Amends the Emergency Economic Stabilization Act of 2008 (EESA) to require the Secretary of the Treasury to sell through a public auction any warrants associated with EESA assistance each time a financial institution makes a repayment of such assistance. Exempts from such requirement warrants associated with a repayment made by a financial institution that has received less than $250 million of su...",
                "latest_major_action_date": "2009-07-16",
                "latest_major_action": "Referred to the House Committee on Financial Services."
              },
                           {
                "congress": "111",
                "bill_id": "hr1237-111",
                "bill_type": "hr",
                "number": "H.R.1237",
                "bill_uri": "https://api.propublica.org/congress/v1/111/bills/hr1237.json",
                "title": "To amend chapter 1 of title 9 of United States Code with respect to arbitration.",
                "short_title": "Fairness in Nursing Home Arbitration Act of 2009",
                "sponsor_title": "Rep.",
                "sponsor_id": "S001156",
                "sponsor_name": "Linda T. Sánchez",
                "sponsor_state": "CA",
                "sponsor_party": "D",
                "sponsor_uri": "https://api.propublica.org/congress/v1/members/S001156.json",
                "gpo_pdf_uri": null,
                "congressdotgov_url": "https://www.congress.gov/bill/111th-congress/house-bill/1237",
                "govtrack_url": "https://www.govtrack.us/congress/bills/111/hr1237",
                "introduced_date": "2009-02-26",
                "active": null,
                "last_vote": null,
                "house_passage": null,
                "senate_passage": null,
                "enacted": null,
                "vetoed": null,
                "cosponsors": 31,
                "cosponsors_by_party": {"D":29,"R":2},
                "committees": "House Judiciary",
                "primary_subject": "Law",
                "summary": "Fairness in Nursing Home Arbitration Act of 2009 - Provides that a pre-dispute arbitration agreement between a long-term care facility and a resident (or anyone acting on the resident's behalf) shall not be valid or specifically enforceable.",
                "summary_short": "Fairness in Nursing Home Arbitration Act of 2009 - Provides that a pre-dispute arbitration agreement between a long-term care facility and a resident (or anyone acting on the resident&#39;s behalf) shall not be valid or specifically enforceable.",
                "latest_major_action_date": "2010-06-21",
                "latest_major_action": "Subcommittee on Commercial and Administrative Law Discharged."
              },
                           {
                "congress": "111",
                "bill_id": "hr2262-111",
                "bill_type": "hr",
                "number": "H.R.2262",
                "bill_uri": "https://api.propublica.org/congress/v1/111/bills/hr2262.json",
                "title": "To amend the Safe and Drug-Free Schools and Communities Act to include bullying and harassment prevention programs.",
                "short_title": "Safe Schools Improvement Act of 2009",
                "sponsor_title": "Rep.",
                "sponsor_id": "S001156",
                "sponsor_name": "Linda T. Sánchez",
                "sponsor_state": "CA",
                "sponsor_party": "D",
                "sponsor_uri": "https://api.propublica.org/congress/v1/members/S001156.json",
                "gpo_pdf_uri": null,
                "congressdotgov_url": "https://www.congress.gov/bill/111th-congress/house-bill/2262",
                "govtrack_url": "https://www.govtrack.us/congress/bills/111/hr2262",
                "introduced_date": "2009-05-05",
                "active": null,
                "last_vote": null,
                "house_passage": null,
                "senate_passage": null,
                "enacted": null,
                "vetoed": null,
                "cosponsors": 131,
                "cosponsors_by_party": {"R":6,"D":124,"I":1},
                "committees": "House Education and Labor",
                "primary_subject": "Education",
                "summary": "Safe Schools Improvement Act of 2009 - Amends the Safe and Drug-Free Schools and Communities Act to require: (1) states to use grants for safe and drug-free schools to collect and report information on the incidence of bullying and harassment; and (2) local educational agencies (LEAs) and schools to use subgrants to prevent and respond to incidents of bullying and harassment. Requires such LEAs or schools to: (1) notify parents and students annually of conduct prohibited in their school discipline policies, that now must include bullying and harassment; and (2) establish grievance procedures for students and parents to register complaints regarding such conduct. Includes bullying and harassment within the Act's definition of violence.",
                "summary_short": "Safe Schools Improvement Act of 2009 - Amends the Safe and Drug-Free Schools and Communities Act to require: (1) states to use grants for safe and drug-free schools to collect and report information on the incidence of bullying and harassment; and (2) local educational agencies (LEAs) and schools to use subgrants to prevent and respond to incidents of bullying and harassment. Requires such LEAs or schools to: (1) notify parents and students annually of conduct prohibited in their school disci...",
                "latest_major_action_date": "2009-06-04",
                "latest_major_action": "Referred to the Subcommittee on Early Childhood, Elementary, and Secondary Education."
              },
                           {
                "congress": "111",
                "bill_id": "hres467-111",
                "bill_type": "hres",
                "number": "H.RES.467",
                "bill_uri": "https://api.propublica.org/congress/v1/111/bills/hres467.json",
                "title": "Honoring and Commending Alissa Czisny for winning the 2009 United States Figure Skating Championship.",
                "short_title": null,
                "sponsor_title": "Rep.",
                "sponsor_id": "L000566",
                "sponsor_name": "Robert E. Latta",
                "sponsor_state": "OH",
                "sponsor_party": "R",
                "sponsor_uri": "https://api.propublica.org/congress/v1/members/L000566.json",
                "gpo_pdf_uri": null,
                "congressdotgov_url": "https://www.congress.gov/bill/111th-congress/house-resolution/467",
                "govtrack_url": "https://www.govtrack.us/congress/bills/111/hres467",
                "introduced_date": "2009-05-20",
                "active": null,
                "last_vote": null,
                "house_passage": null,
                "senate_passage": null,
                "enacted": null,
                "vetoed": null,
                "cosponsors": 13,
                "cosponsors_by_party": {"R":4,"D":9},
                "committees": "House Oversight and Government Reform",
                "primary_subject": "Sports and recreation",
                "summary": "Congratulates Alissa Czisny for winning the 2009 United States Figure Skating Championship.",
                "summary_short": "Congratulates Alissa Czisny for winning the 2009 United States Figure Skating Championship.",
                "latest_major_action_date": "2009-05-20",
                "latest_major_action": "Referred to the House Committee on Oversight and Government Reform."
              },
                           {
                "congress": "111",
                "bill_id": "hr2676-111",
                "bill_type": "hr",
                "number": "H.R.2676",
                "bill_uri": "https://api.propublica.org/congress/v1/111/bills/hr2676.json",
                "title": "To amend chapter 3 of title 31, United States Code, to provide for an Assistant Secretary of the Treasury for Community Financial Institutions and an Office of Ombudsman for Community Financial Institutions, and for other purposes.",
                "short_title": "Administrative Support and Oversight for Community Financial Institutions Act of 2009",
                "sponsor_title": "Rep.",
                "sponsor_id": "C001050",
                "sponsor_name": "Dennis Cardoza",
                "sponsor_state": "CA",
                "sponsor_party": "D",
                "sponsor_uri": "https://api.propublica.org/congress/v1/members/C001050.json",
                "gpo_pdf_uri": null,
                "congressdotgov_url": "https://www.congress.gov/bill/111th-congress/house-bill/2676",
                "govtrack_url": "https://www.govtrack.us/congress/bills/111/hr2676",
                "introduced_date": "2009-06-03",
                "active": null,
                "last_vote": null,
                "house_passage": null,
                "senate_passage": null,
                "enacted": null,
                "vetoed": null,
                "cosponsors": 12,
                "cosponsors_by_party": {"D":10,"R":2},
                "committees": "House Financial Services",
                "primary_subject": "Finance and financial sector",
                "summary": "Administrative Support and Oversight for Community Financial Institutions Act of 2009 - Establishes an Assistant Secretary of the Treasury for Community Financial Institutions to advise the Secretary of the Treasury on the impact of Department of the Treasury policies and regulations on community financial institutions with a view to strengthening such institutions. Directs the Secretary to establish an Office of Ombudsman for Community Financial Institutions, whose head shall be the Assistant Secretary for Community Financial Institutions.",
                "summary_short": "Administrative Support and Oversight for Community Financial Institutions Act of 2009 - Establishes an Assistant Secretary of the Treasury for Community Financial Institutions to advise the Secretary of the Treasury on the impact of Department of the Treasury policies and regulations on community financial institutions with a view to strengthening such institutions. Directs the Secretary to establish an Office of Ombudsman for Community Financial Institutions, whose head shall be the Assistan...",
                "latest_major_action_date": "2009-06-03",
                "latest_major_action": "Referred to the House Committee on Financial Services."
              },
                           {
                "congress": "111",
                "bill_id": "hr1670-111",
                "bill_type": "hr",
                "number": "H.R.1670",
                "bill_uri": "https://api.propublica.org/congress/v1/111/bills/hr1670.json",
                "title": "To amend title XIX of the Social Security Act to provide individuals with disabilities and older Americans with equal access to community-based attendant services and supports, and for other purposes.",
                "short_title": "Community Choice Act of 2009",
                "sponsor_title": "Rep.",
                "sponsor_id": "D000096",
                "sponsor_name": "Danny K. Davis",
                "sponsor_state": "IL",
                "sponsor_party": "D",
                "sponsor_uri": "https://api.propublica.org/congress/v1/members/D000096.json",
                "gpo_pdf_uri": null,
                "congressdotgov_url": "https://www.congress.gov/bill/111th-congress/house-bill/1670",
                "govtrack_url": "https://www.govtrack.us/congress/bills/111/hr1670",
                "introduced_date": "2009-03-23",
                "active": null,
                "last_vote": null,
                "house_passage": null,
                "senate_passage": null,
                "enacted": null,
                "vetoed": null,
                "cosponsors": 131,
                "cosponsors_by_party": {"D":113,"R":18},
                "committees": "House Energy and Commerce",
                "primary_subject": "Health",
                "summary": "Community Choice Act of 2009 - Amends title XIX (Medicaid) of the Social Security Act (SSA) to require state Medicaid plan coverage of community-based attendant services and supports for certain Medicaid-eligible individuals. Outlines requirements for: (1) an enhanced federal medical assistance percentage (FMAP) for ongoing activities of early coverage states that enhance and promote the use of community-based attendant services and supports; and (2) increased federal financial participation for certain expenditures incurred by the state for the provision of such services and supports. Directs the Secretary of Health and Human Services to: (1) award grants to eligible states which have established a Consumer Task Force to assist the state in its development of real choice systems change initiatives; and (2) conduct a demonstration project for the purpose of evaluating service coordination and cost-sharing approaches with respect to the provision of community-based services and supports to dually eligible individuals.",
                "summary_short": "Community Choice Act of 2009 - Amends title XIX (Medicaid) of the Social Security Act (SSA) to require state Medicaid plan coverage of community-based attendant services and supports for certain Medicaid-eligible individuals. Outlines requirements for: (1) an enhanced federal medical assistance percentage (FMAP) for ongoing activities of early coverage states that enhance and promote the use of community-based attendant services and supports; and (2) increased federal financial participation ...",
                "latest_major_action_date": "2009-03-24",
                "latest_major_action": "Referred to the Subcommittee on Health."
              },
                           {
                "congress": "111",
                "bill_id": "hr1721-111",
                "bill_type": "hr",
                "number": "H.R.1721",
                "bill_uri": "https://api.propublica.org/congress/v1/111/bills/hr1721.json",
                "title": "To amend the Public Health Service Act to help individuals with functional impairments and their families pay for services and supports that they need to maximize their functionality and independence and have choices about community participation, education, and employment, and for other purposes.",
                "short_title": "CLASS Act",
                "sponsor_title": "Rep.",
                "sponsor_id": "P000034",
                "sponsor_name": "Frank Pallone",
                "sponsor_state": "NJ",
                "sponsor_party": "D",
                "sponsor_uri": "https://api.propublica.org/congress/v1/members/P000034.json",
                "gpo_pdf_uri": null,
                "congressdotgov_url": "https://www.congress.gov/bill/111th-congress/house-bill/1721",
                "govtrack_url": "https://www.govtrack.us/congress/bills/111/hr1721",
                "introduced_date": "2009-03-25",
                "active": null,
                "last_vote": null,
                "house_passage": null,
                "senate_passage": null,
                "enacted": null,
                "vetoed": null,
                "cosponsors": 27,
                "cosponsors_by_party": {"D":26,"R":1},
                "committees": "House Energy and Commerce; House Ways and Means; House Rules; House Budget",
                "primary_subject": "Health",
                "summary": "Community Living Assistance Services and Supports Act or the CLASS Act - Amends the Public Health Service Act to create a national, voluntary disability insurance program (CLASS program) under which: (1) all employees are automatically enrolled, but are allowed to waive enrollment; (2) payroll deductions pay monthly premiums; and (3) two-tiered benefits are provided, based on the level of disability, to purchase nonmedical services and supports that the beneficiary needs to maintain independence. Establishes the Independence Fund within the Treasury. Requires the CLASS program to be treated for tax purposes in the same manner as a qualified long-term care insurance contract. Amends the Social Security Act to require each state to: (1) assess the extent to which personal care services providers are serving or able to serve as fiscal agents, employers, and providers of employment-related benefits for personal care attendant workers, who provide personal care services to individuals receiving benefits under this Act; (2) designate or create entities to serve such purposes; and (3) ensure that such entities will not negatively alter or impede existing programs, models, methods, or administration of service delivery that provide for consumer controlled or self-directed home and community services, impede the ability of individuals to direct and control their home and community services, or inhibit individuals from relying on family members for such services. Requires the Secretary of Health and Human Services to establish a Personal Care Attendants Workforce Advisory Panel to examine and advise the Secretary and Congress on workforce issues related to personal care attendant workers. Amends the Internal Revenue Code to allow: (1) a deduction for premiums paid for the CLASS program; (2) a credit CLASS program enrollees with low income; and (3) a credit for employers for the cost incurred to automatically enroll employees and withhold monthly premiums.",
                "summary_short": "Community Living Assistance Services and Supports Act or the CLASS Act - Amends the Public Health Service Act to create a national, voluntary disability insurance program (CLASS program) under which: (1) all employees are automatically enrolled, but are allowed to waive enrollment; (2) payroll deductions pay monthly premiums; and (3) two-tiered benefits are provided, based on the level of disability, to purchase nonmedical services and supports that the beneficiary needs to maintain independe...",
                "latest_major_action_date": "2009-03-26",
                "latest_major_action": "Referred to the Subcommittee on Health."
              },
                           {
                "congress": "111",
                "bill_id": "hr2882-111",
                "bill_type": "hr",
                "number": "H.R.2882",
                "bill_uri": "https://api.propublica.org/congress/v1/111/bills/hr2882.json",
                "title": "To amend the Elementary and Secondary Education Act of 1965 to direct certain coeducational elementary and secondary schools to make available information on equality in school athletic programs, and for other purposes.",
                "short_title": "High School Athletics Accountability Act of 2009",
                "sponsor_title": "Rep.",
                "sponsor_id": "S000480",
                "sponsor_name": "Louise M. Slaughter",
                "sponsor_state": "NY",
                "sponsor_party": "D",
                "sponsor_uri": "https://api.propublica.org/congress/v1/members/S000480.json",
                "gpo_pdf_uri": null,
                "congressdotgov_url": "https://www.congress.gov/bill/111th-congress/house-bill/2882",
                "govtrack_url": "https://www.govtrack.us/congress/bills/111/hr2882",
                "introduced_date": "2009-06-16",
                "active": null,
                "last_vote": null,
                "house_passage": null,
                "senate_passage": null,
                "enacted": null,
                "vetoed": null,
                "cosponsors": 89,
                "cosponsors_by_party": {"R":3,"D":86},
                "committees": "House Education and Labor",
                "primary_subject": "Education",
                "summary": "High School Athletics Accountability Act of 2009 - Amends the Elementary and Secondary Education Act of 1965 (ESEA) to direct coeducational elementary and secondary schools that participate in any ESEA program to annually: (1) report certain information on equality in their school athletic programs to the Commissioner for Educational Statistics; and (2) make such information available, upon request, to their students, potential students, and the public. Directs the Commissioner to ensure that such data are posted on the Department of Education's Web site within a reasonable period of time.",
                "summary_short": "High School Athletics Accountability Act of 2009 - Amends the Elementary and Secondary Education Act of 1965 (ESEA) to direct coeducational elementary and secondary schools that participate in any ESEA program to annually: (1) report certain information on equality in their school athletic programs to the Commissioner for Educational Statistics; and (2) make such information available, upon request, to their students, potential students, and the public. Directs the Commissioner to ensure that...",
                "latest_major_action_date": "2009-06-16",
                "latest_major_action": "Referred to the House Committee on Education and Labor."
              }
             ]
      }
   ]
}
