{
   "status":"OK",
   "copyright":"Copyright (c) 2020 Pro Publica Inc. All Rights Reserved.",
   "results":[
      {
         "id": "K000372",
         "member_uri": "https://api.propublica.org/congress/v1/members/K000372.json",
         "name": "Mary Jo Kilroy",
         "num_results": 338,
         "offset": 300,
         "bills": [
              {
                "congress": "111",
                "bill_id": "hr1209-111",
                "bill_type": "hr",
                "number": "H.R.1209",
                "bill_uri": "https://api.propublica.org/congress/v1/111/bills/hr1209.json",
                "title": "To require the Secretary of the Treasury to mint coins in recognition and celebration of the establishment of the Medal of Honor in 1861, America's highest award for valor in action against an enemy force which can be bestowed upon an individual serving in the Armed Services of the United States, to honor the American military men and women who have been recipients of the Medal of Honor, and to promote awareness of what the Medal of Honor represents and how ordinary Americans, through courage, sacrifice, selfless service and patriotism, can challenge fate and change the course of history.",
                "short_title": "Medal of Honor Commemorative Coin Act of 2009",
                "sponsor_title": "Rep.",
                "sponsor_id": "C001065",
                "sponsor_name": "Christopher Carney",
                "sponsor_state": "PA",
                "sponsor_party": "D",
                "sponsor_uri": "https://api.propublica.org/congress/v1/members/C001065.json",
                "gpo_pdf_uri": null,
                "congressdotgov_url": "https://www.congress.gov/bill/111th-congress/house-bill/1209",
                "govtrack_url": "https://www.govtrack.us/congress/bills/111/hr1209",
                "introduced_date": "2009-02-26",
                "active": null,
                "last_vote": null,
                "house_passage": "2009-05-14",
                "senate_passage": null,
                "enacted": null,
                "vetoed": null,
                "cosponsors": 302,
                "cosponsors_by_party": {"R":100,"D":203},
                "committees": "House Financial Services; Senate Banking, Housing, and Urban Affairs",
                "primary_subject": "Finance and financial sector",
                "summary": "Medal of Honor Commemorative Coin Act of 2009 - Directs the Secretary of the Treasury to mint and issue $5 gold coins and $1 silver coins emblematic of the design selected by the Secretary, after consultation with the Boards of the Congressional Medal of Honor Society and the Congressional Medal of Honor Foundation, in honor of the distinguished service of the American military men and women who have been Medal of Honor recipients. Limits the period for coin issuance to calendar year 2011. Imposes a surcharge of $35 per coin for the $5 coin and $10 per coin for the $1 coin, to be distributed to the Congressional Medal of Honor Foundation to help finance educational, scholarship, and outreach programs of the Foundation. Prohibits a surcharge with respect to the issuance under this Act of any coin during a calendar year if, at the time of issuance, it would result in more than the statutory maximum of two commemorative coin programs per year.",
                "summary_short": "Medal of Honor Commemorative Coin Act of 2009 - Directs the Secretary of the Treasury to mint and issue $5 gold coins and $1 silver coins emblematic of the design selected by the Secretary, after consultation with the Boards of the Congressional Medal of Honor Society and the Congressional Medal of Honor Foundation, in honor of the distinguished service of the American military men and women who have been Medal of Honor recipients. Limits the period for coin issuance to calendar year 2011. Im...",
                "latest_major_action_date": "2009-11-06",
                "latest_major_action": "Became Public Law No: 111-91."
              },
                           {
                "congress": "111",
                "bill_id": "hconres76-111",
                "bill_type": "hconres",
                "number": "H.CON.RES.76",
                "bill_uri": "https://api.propublica.org/congress/v1/111/bills/hconres76.json",
                "title": "Expressing the sense of the Congress regarding executive and employee bonuses paid by AIG and other companies assisted with taxpayer funds provided under the Troubled Assets Relief Program of the Secretary of the Treasury.",
                "short_title": null,
                "sponsor_title": "Rep.",
                "sponsor_id": "K000372",
                "sponsor_name": "Mary Jo Kilroy",
                "sponsor_state": "OH",
                "sponsor_party": "D",
                "sponsor_uri": "https://api.propublica.org/congress/v1/members/K000372.json",
                "gpo_pdf_uri": null,
                "congressdotgov_url": "https://www.congress.gov/bill/111th-congress/house-concurrent-resolution/76",
                "govtrack_url": "https://www.govtrack.us/congress/bills/111/hconres76",
                "introduced_date": "2009-03-19",
                "active": null,
                "last_vote": "2009-03-19",
                "house_passage": null,
                "senate_passage": null,
                "enacted": null,
                "vetoed": null,
                "cosponsors": 24,
                "cosponsors_by_party": {"D":24,"R":1},
                "committees": "House Financial Services",
                "primary_subject": "Finance and financial sector",
                "summary": "Expresses the sense of Congress that the President is appropriately exercising authorities under the Emergency Economic Stabilization Act of 2008 and other federal laws by taking all necessary actions to ensure that: (1) American International Group, Inc. (AIG) will repay taxpayers for retention bonuses paid to its executives and employees; (2) companies that receive a capital infusion under the Emergency Economic Stabilization Act of 2008 are prohibited from paying unreasonable and excessive bonuses to their executives and employees; and (3) such companies comply with provisions of the American Recovery and Reinvestment Act restricting executive compensation.",
                "summary_short": "Expresses the sense of Congress that the President is appropriately exercising authorities under the Emergency Economic Stabilization Act of 2008 and other federal laws by taking all necessary actions to ensure that: (1) American International Group, Inc. (AIG) will repay taxpayers for retention bonuses paid to its executives and employees; (2) companies that receive a capital infusion under the Emergency Economic Stabilization Act of 2008 are prohibited from paying unreasonable and excessive...",
                "latest_major_action_date": "2009-03-19",
                "latest_major_action": "On motion to suspend the rules and agree to the resolution Failed by the Yeas and Nays: (2/3 required): 255 - 160 (Roll no. 144)."
              },
                           {
                "congress": "111",
                "bill_id": "hr1619-111",
                "bill_type": "hr",
                "number": "H.R.1619",
                "bill_uri": "https://api.propublica.org/congress/v1/111/bills/hr1619.json",
                "title": "To amend title I of the Employee Retirement Income Security Act of 1974, title XXVII of the Public Health Service Act, and the Internal Revenue Code of 1986 to prohibit preexisting condition exclusions for children in group health plans and health insurance coverage in the group and individual markets.",
                "short_title": "Children's Health Protection Act of 2009",
                "sponsor_title": "Rep.",
                "sponsor_id": "S001162",
                "sponsor_name": "Allyson Y. Schwartz",
                "sponsor_state": "PA",
                "sponsor_party": "D",
                "sponsor_uri": "https://api.propublica.org/congress/v1/members/S001162.json",
                "gpo_pdf_uri": null,
                "congressdotgov_url": "https://www.congress.gov/bill/111th-congress/house-bill/1619",
                "govtrack_url": "https://www.govtrack.us/congress/bills/111/hr1619",
                "introduced_date": "2009-03-19",
                "active": null,
                "last_vote": null,
                "house_passage": null,
                "senate_passage": null,
                "enacted": null,
                "vetoed": null,
                "cosponsors": 96,
                "cosponsors_by_party": {"D":94,"R":2},
                "committees": "House Energy and Commerce; House Education and Labor; House Ways and Means",
                "primary_subject": "Health",
                "summary": "Children's Health Protection Act of 2009 - Amends the Employee Retirement Income Security Act of 1974 (ERISA), the Public Health Service Act, and the Internal Revenue Code to prohibit a group health plan from imposing any preexisting condition exclusion for individuals who have not attained 25 years of age. Applies such requirement to coverage offered in the individual market.",
                "summary_short": "Children&#39;s Health Protection Act of 2009 - Amends the Employee Retirement Income Security Act of 1974 (ERISA), the Public Health Service Act, and the Internal Revenue Code to prohibit a group health plan from imposing any preexisting condition exclusion for individuals who have not attained 25 years of age. Applies such requirement to coverage offered in the individual market.",
                "latest_major_action_date": "2009-05-14",
                "latest_major_action": "Referred to the Subcommittee on Health, Employment, Labor, and Pensions."
              },
                           {
                "congress": "111",
                "bill_id": "hr1289-111",
                "bill_type": "hr",
                "number": "H.R.1289",
                "bill_uri": "https://api.propublica.org/congress/v1/111/bills/hr1289.json",
                "title": "To amend title II of the Social Security Act to eliminate the five-month waiting period in the disability insurance program, and for other purposes.",
                "short_title": "Social Security Fairness for the Terminally Ill Act of 2009",
                "sponsor_title": "Rep.",
                "sponsor_id": "W000801",
                "sponsor_name": "Charlie Wilson",
                "sponsor_state": "OH",
                "sponsor_party": "D",
                "sponsor_uri": "https://api.propublica.org/congress/v1/members/W000801.json",
                "gpo_pdf_uri": null,
                "congressdotgov_url": "https://www.congress.gov/bill/111th-congress/house-bill/1289",
                "govtrack_url": "https://www.govtrack.us/congress/bills/111/hr1289",
                "introduced_date": "2009-03-03",
                "active": null,
                "last_vote": null,
                "house_passage": null,
                "senate_passage": null,
                "enacted": null,
                "vetoed": null,
                "cosponsors": 14,
                "cosponsors_by_party": {"D":13,"R":1},
                "committees": "House Ways and Means",
                "primary_subject": "Social welfare",
                "summary": "Social Security Fairness for the Terminally Ill Act of 2009 - Amends title II (Old Age, Survivors and Disability Insurance) (OASDI) of the Social Security Act to eliminate the waiting period for disability insurance benefits for terminally ill individuals.",
                "summary_short": "Social Security Fairness for the Terminally Ill Act of 2009 - Amends title II (Old Age, Survivors and Disability Insurance) (OASDI) of the Social Security Act to eliminate the waiting period for disability insurance benefits for terminally ill individuals.",
                "latest_major_action_date": "2009-03-03",
                "latest_major_action": "Referred to the House Committee on Ways and Means."
              },
                           {
                "congress": "111",
                "bill_id": "hr1360-111",
                "bill_type": "hr",
                "number": "H.R.1360",
                "bill_uri": "https://api.propublica.org/congress/v1/111/bills/hr1360.json",
                "title": "To require an annual report on contract oversight by Federal departments and agencies.",
                "short_title": "Contractor Accountability Act",
                "sponsor_title": "Rep.",
                "sponsor_id": "S001174",
                "sponsor_name": "Betty Sutton",
                "sponsor_state": "OH",
                "sponsor_party": "D",
                "sponsor_uri": "https://api.propublica.org/congress/v1/members/S001174.json",
                "gpo_pdf_uri": null,
                "congressdotgov_url": "https://www.congress.gov/bill/111th-congress/house-bill/1360",
                "govtrack_url": "https://www.govtrack.us/congress/bills/111/hr1360",
                "introduced_date": "2009-03-05",
                "active": null,
                "last_vote": null,
                "house_passage": null,
                "senate_passage": null,
                "enacted": null,
                "vetoed": null,
                "cosponsors": 7,
                "cosponsors_by_party": {"D":7},
                "committees": "House Oversight and Government Reform",
                "primary_subject": "Government operations and politics",
                "summary": "Contractor Accountability Act - Requires the head of each federal agency to report to Congress annually on each covered contract or order awarded or issued by the agency during the year. Requires the report to contain: (1) a certification that the agency has exercised oversight over each contract or order sufficient to ensure that each contractor is fulfilling the obligations specified; and (2) a list of the names of each contractor found to not be fulfilling its obligations. Requires each report to be publicly available on the agency's website. Requires the Comptroller General to report to Congress on agency compliance.",
                "summary_short": "Contractor Accountability Act - Requires the head of each federal agency to report to Congress annually on each covered contract or order awarded or issued by the agency during the year. Requires the report to contain: (1) a certification that the agency has exercised oversight over each contract or order sufficient to ensure that each contractor is fulfilling the obligations specified; and (2) a list of the names of each contractor found to not be fulfilling its obligations. Requires each re...",
                "latest_major_action_date": "2009-05-04",
                "latest_major_action": "Referred to the Subcommittee on Government Management, Organization, and Procurement."
              },
                           {
                "congress": "111",
                "bill_id": "hres254-111",
                "bill_type": "hres",
                "number": "H.RES.254",
                "bill_uri": "https://api.propublica.org/congress/v1/111/bills/hres254.json",
                "title": "A resolution recognizing the contributions of Irish-Americans in the history and progress of the United States.",
                "short_title": null,
                "sponsor_title": "Rep.",
                "sponsor_id": "M000309",
                "sponsor_name": "Carolyn McCarthy",
                "sponsor_state": "NY",
                "sponsor_party": "D",
                "sponsor_uri": "https://api.propublica.org/congress/v1/members/M000309.json",
                "gpo_pdf_uri": null,
                "congressdotgov_url": "https://www.congress.gov/bill/111th-congress/house-resolution/254",
                "govtrack_url": "https://www.govtrack.us/congress/bills/111/hres254",
                "introduced_date": "2009-03-17",
                "active": null,
                "last_vote": null,
                "house_passage": null,
                "senate_passage": null,
                "enacted": null,
                "vetoed": null,
                "cosponsors": 58,
                "cosponsors_by_party": {"R":9,"D":49},
                "committees": "House Oversight and Government Reform",
                "primary_subject": "Social sciences and history",
                "summary": "Recognizes the significant contributions of Irish-Americans in the history and progress of the United States.",
                "summary_short": "Recognizes the significant contributions of Irish-Americans in the history and progress of the United States.",
                "latest_major_action_date": "2009-04-21",
                "latest_major_action": "The title of the measure was amended. Agreed to without objection."
              },
                           {
                "congress": "111",
                "bill_id": "hr1549-111",
                "bill_type": "hr",
                "number": "H.R.1549",
                "bill_uri": "https://api.propublica.org/congress/v1/111/bills/hr1549.json",
                "title": "To amend the Federal Food, Drug, and Cosmetic Act to preserve the effectiveness of medically important antibiotics used in the treatment of human and animal diseases.",
                "short_title": "Preservation of Antibiotics for Medical Treatment Act of 2009",
                "sponsor_title": "Rep.",
                "sponsor_id": "S000480",
                "sponsor_name": "Louise M. Slaughter",
                "sponsor_state": "NY",
                "sponsor_party": "D",
                "sponsor_uri": "https://api.propublica.org/congress/v1/members/S000480.json",
                "gpo_pdf_uri": null,
                "congressdotgov_url": "https://www.congress.gov/bill/111th-congress/house-bill/1549",
                "govtrack_url": "https://www.govtrack.us/congress/bills/111/hr1549",
                "introduced_date": "2009-03-17",
                "active": null,
                "last_vote": null,
                "house_passage": null,
                "senate_passage": null,
                "enacted": null,
                "vetoed": null,
                "cosponsors": 128,
                "cosponsors_by_party": {"D":128},
                "committees": "House Energy and Commerce; House Rules",
                "primary_subject": "Health",
                "summary": "Preservation of Antibiotics for Medical Treatment Act of 2009 - Amends the Federal Food, Drug, and Cosmetic Act to require the Secretary of Health and Human Services to deny an application for a new animal drug that is a critical antimicrobial animal drug unless the applicant demonstrates that there is a reasonably certainty of no harm to human health due to the development of antimicrobial resistance attributable to the nontherapeutic use of the drug. Defines \"critical antimicrobial animal drug\" as a drug intended for use in food-producing animals that contains specified antibiotics or other drugs used in humans to treat or prevent disease or infection caused by microorganisms. Requires the Secretary to withdraw approval of a nontherapeutic use of such drugs in food-producing animals two years after the date of enactment of this Act unless certain safety requirements are met. Directs specified congressional committees to hold hearings on the implementation of such a withdrawal of approval.",
                "summary_short": "Preservation of Antibiotics for Medical Treatment Act of 2009 - Amends the Federal Food, Drug, and Cosmetic Act to require the Secretary of Health and Human Services to deny an application for a new animal drug that is a critical antimicrobial animal drug unless the applicant demonstrates that there is a reasonably certainty of no harm to human health due to the development of antimicrobial resistance attributable to the nontherapeutic use of the drug. Defines &quot;critical antimicrobial animal d...",
                "latest_major_action_date": "2009-07-13",
                "latest_major_action": "Committee Hearings Held."
              },
                           {
                "congress": "111",
                "bill_id": "hres204-111",
                "bill_type": "hres",
                "number": "H.RES.204",
                "bill_uri": "https://api.propublica.org/congress/v1/111/bills/hres204.json",
                "title": "Congratulating the American Dental Association for its 150th year of working to improve the public's oral health and promoting dentistry, supporting initiatives to improve access to oral health care services for all Americans, and emphasizing the benefits of prevention of disease through support of community prevention initiatives and promotion of good oral hygiene.",
                "short_title": null,
                "sponsor_title": "Rep.",
                "sponsor_id": "S001148",
                "sponsor_name": "Mike Simpson",
                "sponsor_state": "ID",
                "sponsor_party": "R",
                "sponsor_uri": "https://api.propublica.org/congress/v1/members/S001148.json",
                "gpo_pdf_uri": null,
                "congressdotgov_url": "https://www.congress.gov/bill/111th-congress/house-resolution/204",
                "govtrack_url": "https://www.govtrack.us/congress/bills/111/hres204",
                "introduced_date": "2009-03-03",
                "active": null,
                "last_vote": "2009-05-13",
                "house_passage": null,
                "senate_passage": null,
                "enacted": null,
                "vetoed": null,
                "cosponsors": 104,
                "cosponsors_by_party": {"D":34,"R":70},
                "committees": "House Energy and Commerce",
                "primary_subject": "Health",
                "summary": "Congratulates the American Dental Association for its 150th anniversary. Commends its work to improve oral health and access to oral health care. Recognizes the dentists who provide charitable and uncompensated oral health care.",
                "summary_short": "Congratulates the American Dental Association for its 150th anniversary. Commends its work to improve oral health and access to oral health care. Recognizes the dentists who provide charitable and uncompensated oral health care.",
                "latest_major_action_date": "2009-05-13",
                "latest_major_action": "Motion to reconsider laid on the table Agreed to without objection."
              },
                           {
                "congress": "111",
                "bill_id": "hr1346-111",
                "bill_type": "hr",
                "number": "H.R.1346",
                "bill_uri": "https://api.propublica.org/congress/v1/111/bills/hr1346.json",
                "title": "To amend the Federal Food, Drug, and Cosmetic Act with respect to liability under State and local requirements respecting devices.",
                "short_title": "Medical Device Safety Act of 2009",
                "sponsor_title": "Rep.",
                "sponsor_id": "P000034",
                "sponsor_name": "Frank Pallone",
                "sponsor_state": "NJ",
                "sponsor_party": "D",
                "sponsor_uri": "https://api.propublica.org/congress/v1/members/P000034.json",
                "gpo_pdf_uri": null,
                "congressdotgov_url": "https://www.congress.gov/bill/111th-congress/house-bill/1346",
                "govtrack_url": "https://www.govtrack.us/congress/bills/111/hr1346",
                "introduced_date": "2009-03-05",
                "active": null,
                "last_vote": null,
                "house_passage": null,
                "senate_passage": null,
                "enacted": null,
                "vetoed": null,
                "cosponsors": 110,
                "cosponsors_by_party": {"D":102,"R":8},
                "committees": "House Energy and Commerce",
                "primary_subject": "Health",
                "summary": "Medical Device Safety Act of 2009 - Amends the Federal Food, Drug, and Cosmetic Act to prohibit specified provisions preempting state and local requirements for medical devices intended for human use from being construed to modify or otherwise affect any action for damages or the liability of any person under state law. Makes this Act effective as if it were included in the Medical Device Amendments of 1976 and applicable to any civil action pending or filed on or after the date of enactment of this Act.",
                "summary_short": "Medical Device Safety Act of 2009 - Amends the Federal Food, Drug, and Cosmetic Act to prohibit specified provisions preempting state and local requirements for medical devices intended for human use from being construed to modify or otherwise affect any action for damages or the liability of any person under state law. Makes this Act effective as if it were included in the Medical Device Amendments of 1976 and applicable to any civil action pending or filed on or after the date of enactment ...",
                "latest_major_action_date": "2009-05-12",
                "latest_major_action": "Subcommittee Hearings Held."
              },
                           {
                "congress": "111",
                "bill_id": "hr903-111",
                "bill_type": "hr",
                "number": "H.R.903",
                "bill_uri": "https://api.propublica.org/congress/v1/111/bills/hr903.json",
                "title": "To amend the Public Health Service Act to enhance the roles of dentists and allied dental personnel in the Nation's disaster response framework, and for other purposes.",
                "short_title": "Dental Emergency Responder Act of 2010",
                "sponsor_title": "Rep.",
                "sponsor_id": "S001045",
                "sponsor_name": "Bart Stupak",
                "sponsor_state": "MI",
                "sponsor_party": "D",
                "sponsor_uri": "https://api.propublica.org/congress/v1/members/S001045.json",
                "gpo_pdf_uri": null,
                "congressdotgov_url": "https://www.congress.gov/bill/111th-congress/house-bill/903",
                "govtrack_url": "https://www.govtrack.us/congress/bills/111/hr903",
                "introduced_date": "2009-02-04",
                "active": null,
                "last_vote": null,
                "house_passage": "2010-09-28",
                "senate_passage": null,
                "enacted": null,
                "vetoed": null,
                "cosponsors": 13,
                "cosponsors_by_party": {"R":5,"D":8},
                "committees": "House Energy and Commerce; House Homeland Security; Senate Health, Education, Labor, and Pensions",
                "primary_subject": "Emergency management",
                "summary": "Dental Emergency Responder Act of 2010 - Amends the Public Health Service Act to authorize the inclusion of dental health facilities in the National Health Security Strategy for purposes of preparedness during public health emergencies. Includes dental entities among entities that may carry out education and training activities to improve responses to public health emergencies. Amends the Homeland Security Act of 2002 to: (1) define \"emergency responder providers\" to include federal, state, and local governmental and nongovernmental dental personnel, agencies, and authorities; and (2) require the Chief Medical Officer to serve as the Department of Homeland Security's (DHS) primary point of contact for the dental community, with respect to medical and public health matters. Amends the Post-Katrina Emergency Management Reform Act of 2006 to require operational plans developed under the National Response Plan to address the preparedness and deployment of dental resources.",
                "summary_short": "Dental Emergency Responder Act of 2010 - Amends the Public Health Service Act to authorize the inclusion of dental health facilities in the National Health Security Strategy for purposes of preparedness during public health emergencies. Includes dental entities among entities that may carry out education and training activities to improve responses to public health emergencies. Amends the Homeland Security Act of 2002 to: (1) define &quot;emergency responder providers&quot; to include federal, state, a...",
                "latest_major_action_date": "2010-09-29",
                "latest_major_action": "Received in the Senate and Read twice and referred to the Committee on Health, Education, Labor, and Pensions."
              },
                           {
                "congress": "111",
                "bill_id": "hr1409-111",
                "bill_type": "hr",
                "number": "H.R.1409",
                "bill_uri": "https://api.propublica.org/congress/v1/111/bills/hr1409.json",
                "title": "To amend the National Labor Relations Act to establish an efficient system to enable employees to form, join, or assist labor organizations, to provide for mandatory injunctions for unfair labor practices during organizing efforts, and for other purposes.",
                "short_title": "Employee Free Choice Act of 2009",
                "sponsor_title": "Rep.",
                "sponsor_id": "M000725",
                "sponsor_name": "George Miller",
                "sponsor_state": "CA",
                "sponsor_party": "D",
                "sponsor_uri": "https://api.propublica.org/congress/v1/members/M000725.json",
                "gpo_pdf_uri": null,
                "congressdotgov_url": "https://www.congress.gov/bill/111th-congress/house-bill/1409",
                "govtrack_url": "https://www.govtrack.us/congress/bills/111/hr1409",
                "introduced_date": "2009-03-10",
                "active": null,
                "last_vote": null,
                "house_passage": null,
                "senate_passage": null,
                "enacted": null,
                "vetoed": null,
                "cosponsors": 231,
                "cosponsors_by_party": {"D":227,"R":3,"I":1},
                "committees": "House Education and Labor",
                "primary_subject": "Labor and employment",
                "summary": "Employee Free Choice Act of 2009 - Amends the National Labor Relations Act to require the National Labor Relations Board (NLRB) to certify a bargaining representative without directing an election if a majority of the bargaining unit employees have authorized designation of the representative (card-check) and there is no other individual or labor organization currently certified or recognized as the exclusive representative of any of the employees in the unit. Sets forth special procedural requirements for reaching an initial collective bargaining agreement following certification or recognition. Revises enforcement requirements with respect to unfair labor practices during union organizing drives, particularly a preliminary investigation of an alleged unfair labor practice (ULP) which may lead to proceedings for injunctive relief. Requires that priority be given to a preliminary investigation of any charge that, while employees were seeking representation by a labor organization, or during the period after a labor organization was recognized as a representative until the first collective bargaining contract is entered into, an employer: (1) discharged or otherwise discriminated against an employee to encourage or discourage membership in the labor organization; (2) threatened to discharge or to otherwise discriminate against an employee in order to interfere with, restrain, or coerce employees in the exercise of guaranteed self-organization or collective bardaining rights; or (3) engaged in any other related ULP that significantly interferes with, restrains, or coerces employees in the exercise of such guaranteed rights. Adds to remedies for such violations: (1) back pay plus liquidated damages; and (2) additional civil penalties.",
                "summary_short": "Employee Free Choice Act of 2009 - Amends the National Labor Relations Act to require the National Labor Relations Board (NLRB) to certify a bargaining representative without directing an election if a majority of the bargaining unit employees have authorized designation of the representative (card-check) and there is no other individual or labor organization currently certified or recognized as the exclusive representative of any of the employees in the unit. Sets forth special procedural re...",
                "latest_major_action_date": "2009-04-29",
                "latest_major_action": "Referred to the Subcommittee on Health, Employment, Labor, and Pensions."
              },
                           {
                "congress": "111",
                "bill_id": "hr873-111",
                "bill_type": "hr",
                "number": "H.R.873",
                "bill_uri": "https://api.propublica.org/congress/v1/111/bills/hr873.json",
                "title": "To amend the Public Health Service Act to provide for human embryonic stem cell research.",
                "short_title": "Stem Cell Research Enhancement Act of 2009",
                "sponsor_title": "Rep.",
                "sponsor_id": "D000197",
                "sponsor_name": "Diana DeGette",
                "sponsor_state": "CO",
                "sponsor_party": "D",
                "sponsor_uri": "https://api.propublica.org/congress/v1/members/D000197.json",
                "gpo_pdf_uri": null,
                "congressdotgov_url": "https://www.congress.gov/bill/111th-congress/house-bill/873",
                "govtrack_url": "https://www.govtrack.us/congress/bills/111/hr873",
                "introduced_date": "2009-02-04",
                "active": null,
                "last_vote": null,
                "house_passage": null,
                "senate_passage": null,
                "enacted": null,
                "vetoed": null,
                "cosponsors": 114,
                "cosponsors_by_party": {"R":7,"D":107},
                "committees": "House Energy and Commerce",
                "primary_subject": "Health",
                "summary": "Stem Cell Research Enhancement Act of 2009 - Amends the Public Health Service Act to require the Secretary of Health and Human Services to conduct and support research that utilizes human embryonic stem cells, regardless of the date on which the stem cells were derived from a human embryo. Limits such research to stem cells that meet the following requirements: (1) the stem cells were derived from human embryos donated from in vitro fertilization clinics, were created for the purposes of fertility treatment, and were in excess of the needs of the individuals seeking such treatment; (2) prior to donation, it was determined that the embryos would never be implanted in a woman and would otherwise be discarded; and (3) the individuals seeking fertility treatment donated the embryos with written informed consent and received no financial or other inducements.",
                "summary_short": "Stem Cell Research Enhancement Act of 2009 - Amends the Public Health Service Act to require the Secretary of Health and Human Services to conduct and support research that utilizes human embryonic stem cells, regardless of the date on which the stem cells were derived from a human embryo. Limits such research to stem cells that meet the following requirements: (1) the stem cells were derived from human embryos donated from in vitro fertilization clinics, were created for the purposes of fert...",
                "latest_major_action_date": "2009-02-09",
                "latest_major_action": "Referred to the Subcommittee on Health."
              },
                           {
                "congress": "111",
                "bill_id": "hr1032-111",
                "bill_type": "hr",
                "number": "H.R.1032",
                "bill_uri": "https://api.propublica.org/congress/v1/111/bills/hr1032.json",
                "title": "To amend the Public Health Service Act to improve the prevention, diagnosis, and treatment of heart disease, stroke, and other cardiovascular diseases in women.",
                "short_title": "Heart Disease Education, Analysis Research, and Treatment for Women Act",
                "sponsor_title": "Rep.",
                "sponsor_id": "C001036",
                "sponsor_name": "Lois Capps",
                "sponsor_state": "CA",
                "sponsor_party": "D",
                "sponsor_uri": "https://api.propublica.org/congress/v1/members/C001036.json",
                "gpo_pdf_uri": null,
                "congressdotgov_url": "https://www.congress.gov/bill/111th-congress/house-bill/1032",
                "govtrack_url": "https://www.govtrack.us/congress/bills/111/hr1032",
                "introduced_date": "2009-02-12",
                "active": null,
                "last_vote": null,
                "house_passage": "2010-09-30",
                "senate_passage": null,
                "enacted": null,
                "vetoed": null,
                "cosponsors": 167,
                "cosponsors_by_party": {"R":44,"D":123},
                "committees": "House Energy and Commerce; Senate Health, Education, Labor, and Pensions",
                "primary_subject": "Health",
                "summary": "Heart Disease Education, Analysis Research, and Treatment for Women Act or the HEART for Women Act - (Sec. 2) Directs to the Comptroller General to study and report to specified congressional committees on the extent to which sponsors of clinical studies of investigational drugs, biologics, and devices and sponsors of applications for approval or licensure of new drugs, biologics, and devices comply with Food and Drug Administration (FDA) requirements and follow guidance for presentation of clinical study safety and effectiveness data by sex, age, and racial subgroups. Requires the Secretary of Health and Human Services (HHS) to submit to such committees a response to the the Comptroller General's report, including a corrective action plan as needed to respond to the recommendations in such report. (Sec. 3) Amends the Public Health Service Act to require the Secretary to report to Congress on the quality of, and access to, care for women with heart disease, stroke, and other cardiovascular diseases, including recommendations for eliminating disparities in, and improving the treatment of, heart disease, stroke, and other cardiovascular diseases in women. (Sec. 4) Expands and reauthorizes appropriations for FY2012-FY2016 for a program to award grants for preventive heath services and referrals for medical treatment for women through entities that are screening women for breast or cervical cancer.",
                "summary_short": "Heart Disease Education, Analysis Research, and Treatment for Women Act or the HEART for Women Act - (Sec. 2) Directs to the Comptroller General to study and report to specified congressional committees on the extent to which sponsors of clinical studies of investigational drugs, biologics, and devices and sponsors of applications for approval or licensure of new drugs, biologics, and devices comply with Food and Drug Administration (FDA) requirements and follow guidance for presentation of c...",
                "latest_major_action_date": "2010-11-15",
                "latest_major_action": "Received in the Senate and Read twice and referred to the Committee on Health, Education, Labor, and Pensions."
              },
                           {
                "congress": "111",
                "bill_id": "hr1204-111",
                "bill_type": "hr",
                "number": "H.R.1204",
                "bill_uri": "https://api.propublica.org/congress/v1/111/bills/hr1204.json",
                "title": "To ensure and foster continued patient safety and quality of care by making the antitrust laws apply to negotiations between groups of independent pharmacies and health plans and health insurance issuers (including health plans under parts C and D of the Medicare Program) in the same manner as such laws apply to protected activities under the National Labor Relations Act.",
                "short_title": "Community Pharmacy Fairness Act of 2009",
                "sponsor_title": "Rep.",
                "sponsor_id": "W000792",
                "sponsor_name": "Anthony Weiner",
                "sponsor_state": "NY",
                "sponsor_party": "D",
                "sponsor_uri": "https://api.propublica.org/congress/v1/members/W000792.json",
                "gpo_pdf_uri": null,
                "congressdotgov_url": "https://www.congress.gov/bill/111th-congress/house-bill/1204",
                "govtrack_url": "https://www.govtrack.us/congress/bills/111/hr1204",
                "introduced_date": "2009-02-25",
                "active": null,
                "last_vote": null,
                "house_passage": null,
                "senate_passage": null,
                "enacted": null,
                "vetoed": null,
                "cosponsors": 99,
                "cosponsors_by_party": {"R":42,"D":58},
                "committees": "House Judiciary",
                "primary_subject": "Commerce",
                "summary": "Community Pharmacy Fairness Act of 2009 - Entitles independent pharmacies negotiating contract terms with a health plan for the provision of health care items or services to the same treatment under the antitrust laws as the treatment to which bargaining units recognized under the National Labor Relations Act are entitled. Treats such a pharmacy as an employee engaged in concerted activities in connection with such negotiations. Exempts actions taken in good faith reliance on this Act from being subject to criminal sanctions or civil penalties beyond actual damages incurred. Provides that this Act does not exempt from application of antitrust laws any agreement or unlawful conspiracy that: (1) would have the effect of boycotting any independent pharmacy; (2) would exclude, limit the participation or reimbursement of, or otherwise limit the scope of services to be provided by any independent pharmacy or group of independent pharmacies with respect to the performance of services that are within their scope of practice as defined or permitted by relevant law or regulation; (3) allocates a market among competitors; (4) unlawfully ties the sale or purchase of one product or service to the sale or purchase of another product or service; or (5) monopolizes or attempts to monopolize a market. Requires the Comptroller General to study the impact of this Act after five years.Provides that this Act does not preclude the Federal Trade Commission (FTC) or the Department of Justice (DOJ) from overseeing the conduct of independent pharmacies covered under this Act.",
                "summary_short": "Community Pharmacy Fairness Act of 2009 - Entitles independent pharmacies negotiating contract terms with a health plan for the provision of health care items or services to the same treatment under the antitrust laws as the treatment to which bargaining units recognized under the National Labor Relations Act are entitled. Treats such a pharmacy as an employee engaged in concerted activities in connection with such negotiations. Exempts actions taken in good faith reliance on this Act from be...",
                "latest_major_action_date": "2009-07-23",
                "latest_major_action": "Referred to the Subcommittee on Courts and Competition Policy."
              },
                           {
                "congress": "111",
                "bill_id": "hr1341-111",
                "bill_type": "hr",
                "number": "H.R.1341",
                "bill_uri": "https://api.propublica.org/congress/v1/111/bills/hr1341.json",
                "title": "To amend the Emergency Economic Stabilization Act of 2008 to provide the Special Inspector General with additional authorities and responsibilities, and for other purposes.",
                "short_title": "Special Inspector General for the Troubled Asset Relief Program Act of 2009",
                "sponsor_title": "Rep.",
                "sponsor_id": "M001140",
                "sponsor_name": "Dennis Moore",
                "sponsor_state": "KS",
                "sponsor_party": "D",
                "sponsor_uri": "https://api.propublica.org/congress/v1/members/M001140.json",
                "gpo_pdf_uri": null,
                "congressdotgov_url": "https://www.congress.gov/bill/111th-congress/house-bill/1341",
                "govtrack_url": "https://www.govtrack.us/congress/bills/111/hr1341",
                "introduced_date": "2009-03-05",
                "active": null,
                "last_vote": null,
                "house_passage": null,
                "senate_passage": null,
                "enacted": null,
                "vetoed": null,
                "cosponsors": 13,
                "cosponsors_by_party": {"R":2,"D":11},
                "committees": "House Financial Services; House Oversight and Government Reform",
                "primary_subject": "Finance and financial sector",
                "summary": "Special Inspector General for the Troubled Asset Relief Program Act of 2009 - Amends the Emergency Economic Stabilization Act of 2008 to grant the Special Inspector General (SIG) authority to conduct, supervise, and coordinate an audit or investigation of any action taken with regard to the Troubled Asset Relief Program (TARP) that the SIG deems appropriate. Prohibits any audit or investigation, however, of any action related to: (1) graduated authorization to purchase troubled assets; (2) oversight and audits by the Comptroller General; (3) the Comptroller General's study and report on margin authority; and (4) the Congressional Oversight Panel. Authorizes the SIG to exercise specified employment authorities for additional personnel, but not after six months following enactment of this Act. Prohibits any period of appointment from exceeding the date on which the Office of the SIG terminates. States that if an annuitant receiving an annuity from the Civil Service Retirement and Disability Fund becomes employed within the Office of the SIG for the Troubled Asset Relief Program, such annuity shall continue. Limits such allowance to: (1) not more than 25 employees at any time as designated by the SIG; and (2) only pay periods beginning after the enactment of this Act. Requires the Secretary of the Treasury either to: (1) take action to address deficiencies identified by a report or investigation of the SIG or other auditor engaged by the TARP; or (2) certify to congressional committees that no action is necessary or appropriate. Instructs the SIG to work with Inspectors General of designated federal agencies to: (1) avoid duplication of effort; and (2) ensure comprehensive oversight of TARP. Requires the SIG to: (1) report to Congress by September 1, 2009, on the use of any funds received by a financial institution under TARP; and (2) make such report available to the public, including on the home page of the SIG's website within 24 hours after its submission to Congress. Requires funding for the office of the SIG to be made available not later than seven days after the the date of enactment of this Act. Makes the Special Inspector General for Iraq Reconstruction and the Special Inspector General for Afghanistan Reconstruction members of the Council of the Inspectors General on Integrity and Efficiency until the termination of their respective Offices.",
                "summary_short": "Special Inspector General for the Troubled Asset Relief Program Act of 2009 - Amends the Emergency Economic Stabilization Act of 2008 to grant the Special Inspector General (SIG) authority to conduct, supervise, and coordinate an audit or investigation of any action taken with regard to the Troubled Asset Relief Program (TARP) that the SIG deems appropriate. Prohibits any audit or investigation, however, of any action related to: (1) graduated authorization to purchase troubled assets; (2) ov...",
                "latest_major_action_date": "2009-03-05",
                "latest_major_action": "Referred to House Oversight and Government Reform"
              },
                           {
                "congress": "111",
                "bill_id": "hr616-111",
                "bill_type": "hr",
                "number": "H.R.616",
                "bill_uri": "https://api.propublica.org/congress/v1/111/bills/hr616.json",
                "title": "To amend part B of title XVIII of the Social Security Act to provide for an exemption of pharmacies and pharmacists from certain Medicare accreditation requirements in the same manner as such exemption applies to certain professionals.",
                "short_title": null,
                "sponsor_title": "Rep.",
                "sponsor_id": "B000420",
                "sponsor_name": "Marion Berry",
                "sponsor_state": "AR",
                "sponsor_party": "D",
                "sponsor_uri": "https://api.propublica.org/congress/v1/members/B000420.json",
                "gpo_pdf_uri": null,
                "congressdotgov_url": "https://www.congress.gov/bill/111th-congress/house-bill/616",
                "govtrack_url": "https://www.govtrack.us/congress/bills/111/hr616",
                "introduced_date": "2009-01-21",
                "active": null,
                "last_vote": null,
                "house_passage": null,
                "senate_passage": null,
                "enacted": null,
                "vetoed": null,
                "cosponsors": 100,
                "cosponsors_by_party": {"R":53,"D":48},
                "committees": "House Energy and Commerce; House Ways and Means",
                "primary_subject": "Health",
                "summary": "Amends part B (Supplementary Medical Insurance) of title XVIII (Medicare) of the Social Security Act, as amended by the Medicare Improvements for Patients and Providers Act of 2008, with respect to Medicare quality standards for suppliers of items and services which shall be applied by recognized independent accreditation organizations. Applies to pharmacies and pharmacists the eligible professional exemption from such accreditation requirements, unless such standards are designed specifically for application to pharmacies and pharmacists. Authorizes the Secretary of Health and Human Services to exempt pharmacies and pharmacists from such standards if licensing, accreditation, or other mandatory quality requirements apply to them with respect to the furnishing of items and services.",
                "summary_short": "Amends part B (Supplementary Medical Insurance) of title XVIII (Medicare) of the Social Security Act, as amended by the Medicare Improvements for Patients and Providers Act of 2008, with respect to Medicare quality standards for suppliers of items and services which shall be applied by recognized independent accreditation organizations. Applies to pharmacies and pharmacists the eligible professional exemption from such accreditation requirements, unless such standards are designed specificall...",
                "latest_major_action_date": "2009-01-22",
                "latest_major_action": "Referred to the Subcommittee on Health."
              },
                           {
                "congress": "111",
                "bill_id": "hr1283-111",
                "bill_type": "hr",
                "number": "H.R.1283",
                "bill_uri": "https://api.propublica.org/congress/v1/111/bills/hr1283.json",
                "title": "To amend title 10, United States Code, to enhance the readiness of the Armed Forces by replacing the current policy concerning homosexuality in the Armed Forces, referred to as 'Don't Ask, Don't Tell', with a policy of nondiscrimination on the basis of sexual orientation.",
                "short_title": "Military Readiness Enhancement Act of 2009",
                "sponsor_title": "Rep.",
                "sponsor_id": "T000057",
                "sponsor_name": "Ellen O. Tauscher",
                "sponsor_state": "CA",
                "sponsor_party": "D",
                "sponsor_uri": "https://api.propublica.org/congress/v1/members/T000057.json",
                "gpo_pdf_uri": null,
                "congressdotgov_url": "https://www.congress.gov/bill/111th-congress/house-bill/1283",
                "govtrack_url": "https://www.govtrack.us/congress/bills/111/hr1283",
                "introduced_date": "2009-03-03",
                "active": null,
                "last_vote": null,
                "house_passage": null,
                "senate_passage": null,
                "enacted": null,
                "vetoed": null,
                "cosponsors": 192,
                "cosponsors_by_party": {"D":190,"R":2},
                "committees": "House Armed Services",
                "primary_subject": "Armed forces and national security",
                "summary": "Military Readiness Enhancement Act of 2009 - Repeals current Department of Defense (DOD) policy concerning homosexuality in the Armed Forces. Prohibits the Secretary of Defense, and the Secretary of Homeland Security with respect to the Coast Guard when it is not operating as a service in the Navy, from discriminating on the basis of sexual orientation against any member of the Armed Forces or any person seeking to become a member. Authorizes the re-accession into the Armed Forces of otherwise qualified individuals previously separated for homosexuality, bisexuality, or homosexual conduct. Requires such Secretaries to ensure that regulations governing the personal conduct of members of the Armed Forces are written and enforced without regard to sexual orientation.",
                "summary_short": "Military Readiness Enhancement Act of 2009 - Repeals current Department of Defense (DOD) policy concerning homosexuality in the Armed Forces. Prohibits the Secretary of Defense, and the Secretary of Homeland Security with respect to the Coast Guard when it is not operating as a service in the Navy, from discriminating on the basis of sexual orientation against any member of the Armed Forces or any person seeking to become a member. Authorizes the re-accession into the Armed Forces of otherwis...",
                "latest_major_action_date": "2009-03-31",
                "latest_major_action": "Referred to the Subcommittee on Military Personnel."
              },
                           {
                "congress": "111",
                "bill_id": "hres211-111",
                "bill_type": "hres",
                "number": "H.RES.211",
                "bill_uri": "https://api.propublica.org/congress/v1/111/bills/hres211.json",
                "title": "Supporting the goals and ideals of National Women's History Month.",
                "short_title": null,
                "sponsor_title": "Rep.",
                "sponsor_id": "W000738",
                "sponsor_name": "Lynn Woolsey",
                "sponsor_state": "CA",
                "sponsor_party": "D",
                "sponsor_uri": "https://api.propublica.org/congress/v1/members/W000738.json",
                "gpo_pdf_uri": null,
                "congressdotgov_url": "https://www.congress.gov/bill/111th-congress/house-resolution/211",
                "govtrack_url": "https://www.govtrack.us/congress/bills/111/hres211",
                "introduced_date": "2009-03-05",
                "active": null,
                "last_vote": "2009-03-17",
                "house_passage": null,
                "senate_passage": null,
                "enacted": null,
                "vetoed": null,
                "cosponsors": 117,
                "cosponsors_by_party": {"D":112,"R":4,"I":1},
                "committees": "House Oversight and Government Reform",
                "primary_subject": "Education",
                "summary": "Supports the goals and ideals of National Women's History Month (March 2009). Recognizes and honors the women and organizations in the United States that have fought for and continue to promote the teaching of women's history.",
                "summary_short": "Supports the goals and ideals of National Women&#39;s History Month (March 2009). Recognizes and honors the women and organizations in the United States that have fought for and continue to promote the teaching of women&#39;s history.",
                "latest_major_action_date": "2009-03-17",
                "latest_major_action": "Motion to reconsider laid on the table Agreed to without objection."
              },
                           {
                "congress": "111",
                "bill_id": "hr1335-111",
                "bill_type": "hr",
                "number": "H.R.1335",
                "bill_uri": "https://api.propublica.org/congress/v1/111/bills/hr1335.json",
                "title": "To amend title 38, United States Code, to prohibit the Secretary of Veterans Affairs from collecting certain copayments from veterans who are catastrophically disabled.",
                "short_title": null,
                "sponsor_title": "Rep.",
                "sponsor_id": "H001044",
                "sponsor_name": "Debbie Halvorson",
                "sponsor_state": "IL",
                "sponsor_party": "D",
                "sponsor_uri": "https://api.propublica.org/congress/v1/members/H001044.json",
                "gpo_pdf_uri": null,
                "congressdotgov_url": "https://www.congress.gov/bill/111th-congress/house-bill/1335",
                "govtrack_url": "https://www.govtrack.us/congress/bills/111/hr1335",
                "introduced_date": "2009-03-05",
                "active": null,
                "last_vote": null,
                "house_passage": null,
                "senate_passage": null,
                "enacted": null,
                "vetoed": null,
                "cosponsors": 40,
                "cosponsors_by_party": {"D":37,"R":2,"I":1},
                "committees": "House Veterans&#39; Affairs",
                "primary_subject": "Armed forces and national security",
                "summary": "Prohibits the collection by the Department of Veterans Affairs (VA) of copayments or other fees for hospital or nursing home care in the case of catastrophically disabled veterans.",
                "summary_short": "Prohibits the collection by the Department of Veterans Affairs (VA) of copayments or other fees for hospital or nursing home care in the case of catastrophically disabled veterans.",
                "latest_major_action_date": "2009-07-09",
                "latest_major_action": "Forwarded by Subcommittee to Full Committee (Amended) by Voice Vote ."
              },
                           {
                "congress": "111",
                "bill_id": "hr758-111",
                "bill_type": "hr",
                "number": "H.R.758",
                "bill_uri": "https://api.propublica.org/congress/v1/111/bills/hr758.json",
                "title": "To amend title IV of the Public Health Service Act to provide for the establishment of pediatric research consortia.",
                "short_title": "Pediatric Research Consortia Establishment Act",
                "sponsor_title": "Rep.",
                "sponsor_id": "D000197",
                "sponsor_name": "Diana DeGette",
                "sponsor_state": "CO",
                "sponsor_party": "D",
                "sponsor_uri": "https://api.propublica.org/congress/v1/members/D000197.json",
                "gpo_pdf_uri": null,
                "congressdotgov_url": "https://www.congress.gov/bill/111th-congress/house-bill/758",
                "govtrack_url": "https://www.govtrack.us/congress/bills/111/hr758",
                "introduced_date": "2009-01-28",
                "active": null,
                "last_vote": null,
                "house_passage": "2010-09-30",
                "senate_passage": null,
                "enacted": null,
                "vetoed": null,
                "cosponsors": 45,
                "cosponsors_by_party": {"R":10,"D":36},
                "committees": "House Energy and Commerce; Senate Health, Education, Labor, and Pensions",
                "primary_subject": "Health",
                "summary": "Pediatric Research Consortia Establishment Act - Amends the Public Health Service Act to authorize the Director of the National Institutes of Health (NIH), acting through the Director of the Eunice Kennedy Shriver National Institute of Child Health and Human Development, to award grants, contracts, or cooperative agreements to public or nonprofit private entities to pay all or part of the cost of planning, establishing, and providing basic operating support for up to 20 national pediatric research consortia. Requires the Director of NIH to take unmet research needs into account when making awards under this Act. Declares that research conducted under this Act shall supplement, but not replace, research that is otherwise conducted or supported as part of the comprehensive pediatric research portfolio. Requires consortia to conduct basic, clinical, behavioral, social, or translational research, as well as training in, and demonstration of, advanced diagnostic and treatment methods relating to pediatrics. Requires the Director of NIH to: (1) provide for the coordination of information and ensure regular communication between consortia; and (2) require periodic reports on the activities of the consortia. Requires each consortium under this Act to be formed from a collaboration of cooperating institutions with a lead institution, meeting requirements that may be prescribed by the Director of NIH. Declares that payments made under this Act may be provided for a period of five years and extended for additional five-year periods with enhanced funding opportunities based on an appropriate scientific review of the operations.",
                "summary_short": "Pediatric Research Consortia Establishment Act - Amends the Public Health Service Act to authorize the Director of the National Institutes of Health (NIH), acting through the Director of the Eunice Kennedy Shriver National Institute of Child Health and Human Development, to award grants, contracts, or cooperative agreements to public or nonprofit private entities to pay all or part of the cost of planning, establishing, and providing basic operating support for up to 20 national pediatric res...",
                "latest_major_action_date": "2010-11-15",
                "latest_major_action": "Received in the Senate and Read twice and referred to the Committee on Health, Education, Labor, and Pensions."
              }
             ]
      }
   ]
}
