<?xml version="1.0" encoding="windows-1252" standalone="no"?>
<Xmd_toc REPOSITORY_FORMAT="1.0" PRXML_VER="2.2" PUBLICATION="OHI" PUBLICATION_DESCRIPTION="" ISSUE_DATE="06/10/1958" RELEASE_NO="060-OHI-1958-10-06-001-SINGLE-LANTERN_VOL-78_JUN26-JUN8_OCT_025" LANGUAGE="English">
	<Head_np>
		<Meta PAGES_NUMBER="8" SOURCE_TYPE="TIFF" SOURCE_RESOLUTION="72" IMAGES_RESOLUTION="160" PAGE_THUMBNAIL_RESOLUTION="72" PAGE_PREVIEW_RESOLUTION="15" DEFAULT_IMG_EXT="png" DEFAULT_PREVIEW_IMG_EXT="png" BASE_HREF="OHI/1958/10/06" PDF_DESTINATION_MAPPED="OLV0_Page_0001" TITLE_SNP_EXT="png" AD_SNP_EXT="png" IMAGE_SNP_EXT="jpg" MULTI_LAYER_PAGE_IMG="false" IS_SOLID="false" DOC_DATE="06/10/1958" DOC_UID="OHI_06/10/1958" DOC_VER="1" OCR_CONFIDENCE="1.000" TOTAL_CHARS_COUNT="40852" SUSPICIOUS_CHARS_COUNT="0">
			<Publisher XMD_VER="2.6.241.4" ACROBAT_VER="7.08" PUBLISHER="Olive" PROFILE_ID="W:\Batch\Profile\OHI-1958-10-06.ini">
				<PublishDate>Tue, 24 May 2011 14:46:43 UTC</PublishDate>
				<PublishSWFCompatible>false</PublishSWFCompatible>
			</Publisher>
			<Resolutions>
				<Resolution DEFAULT="true">72</Resolution>
			</Resolutions>
		</Meta>
		<Link SOURCE="060-OHI-1958-10-06-001-SINGLE-LANTERN_VOL-78_JUN26-JUN8_OCT_025.pdf"/>
		<DataFiles>
			<Files TYPE="DOC_PDF" PRESENT="1"/>
			<Files TYPE="PAGE_PDF" PRESENT="0"/>
			<Files TYPE="DOC_IMG" PRESENT="0"/>
			<Files TYPE="PAGE_IMG" PRESENT="0"/>
			<Files TYPE="PAGE_VIEW_IMG" PRESENT="1"/>
			<Files TYPE="PAGE_PREVIEW_IMG" PRESENT="1"/>
			<Files TYPE="PRIMITIVE_IMG" PRESENT="1"/>
			<Files TYPE="SNIPPET_IMG" PRESENT="1"/>
			<Files TYPE="SEGMENTATION" PRESENT="0"/>
		</DataFiles><Application_Data/></Head_np>
	<Body_np>
		<Section NAME="Front page">
			<Page PAGE_NO="1" NAME="" PAGE_LABEL="1" ID="Pg001" PAGE_TYPE="Single" PAGE_WIDTH="871" PAGE_HEIGHT="1250" CROP_BOX="0 0 870 1249" MEDIA_BOX="0 0 870 1249" HREF="/1/Pg001" TOTAL_CHARS_COUNT="6233" SUSPICIOUS_CHARS_COUNT="0">
				<Entity ENTITY_TYPE="Article" FIRST_TOC_ENTRY_ID="1" DEPTH_LEVEL="1" INDEX_IN_DOC="1" PAGE_NO="1" NAME="Squeeze Play" ID="Ar00100" HREF="/1/Ar00100" SIZE="Small" IMAGES_RESOLUTION="160" WORDCNT="87"/>
				<Entity ENTITY_TYPE="Picture" FIRST_TOC_ENTRY_ID="2" DEPTH_LEVEL="2" INDEX_IN_DOC="2" PAGE_NO="1" NAME="Untitled Picture" ID="Pc00101" HREF="/1/Pc00101" SIZE="Large" EMBEDDED_INTO="Ar00100" EMBEDDED_AFTER="Ar0010001" IMAGES_RESOLUTION="160" WORDCNT="0"/>
				<Entity ENTITY_TYPE="Article" FIRST_TOC_ENTRY_ID="3" DEPTH_LEVEL="1" INDEX_IN_DOC="3" PAGE_NO="1" NAME="SMU Extends Thanks" ID="Ar00102" HREF="/1/Ar00102" SIZE="Medium" IMAGES_RESOLUTION="160" WORDCNT="273"/>
				<Entity ENTITY_TYPE="Article" FIRST_TOC_ENTRY_ID="4" DEPTH_LEVEL="1" INDEX_IN_DOC="4" PAGE_NO="1" NAME="Women Have One Week for Registration" ID="Ar00103" HREF="/1/Ar00103" SIZE="Medium" IMAGES_RESOLUTION="160" WORDCNT="344"/>
				<Entity ENTITY_TYPE="Article" FIRST_TOC_ENTRY_ID="6" DEPTH_LEVEL="1" INDEX_IN_DOC="6" PAGE_NO="1" NAME="Battered Bucks Await Illinois" ID="Ar00104" HREF="/1/Ar00104" SIZE="Large" IMAGES_RESOLUTION="160" WORDCNT="438"/>
				<Entity ENTITY_TYPE="Article" FIRST_TOC_ENTRY_ID="8" DEPTH_LEVEL="1" INDEX_IN_DOC="8" PAGE_NO="1" NAME="45&amp;Attend Fraternity Dedication" ID="Ar00105" HREF="/1/Ar00105" SIZE="Medium" IMAGES_RESOLUTION="160" WORDCNT="303"/>
				<Entity ENTITY_TYPE="Article" FIRST_TOC_ENTRY_ID="5" DEPTH_LEVEL="1" INDEX_IN_DOC="5" PAGE_NO="1" NAME="Untitled Article" ID="Ar00106" HREF="/1/Ar00106" SIZE="Small" IMAGES_RESOLUTION="160" WORDCNT="13"/>
				<Entity ENTITY_TYPE="Article" FIRST_TOC_ENTRY_ID="7" DEPTH_LEVEL="1" INDEX_IN_DOC="7" PAGE_NO="1" NAME="Graduate Convocation" ID="Ar00107" HREF="/1/Ar00107" SIZE="Small" IMAGES_RESOLUTION="160" WORDCNT="47"/>
			</Page>
		</Section>
		<Section NAME="None">
			<Page PAGE_NO="2" NAME="" PAGE_LABEL="2" ID="Pg002" PAGE_TYPE="Single" PAGE_WIDTH="869" PAGE_HEIGHT="1250" CROP_BOX="0 0 868 1249" MEDIA_BOX="0 0 868 1249" HREF="/2/Pg002" TOTAL_CHARS_COUNT="8940" SUSPICIOUS_CHARS_COUNT="0">
				<Entity ENTITY_TYPE="Article" FIRST_TOC_ENTRY_ID="9" DEPTH_LEVEL="1" INDEX_IN_DOC="9" PAGE_NO="2" NAME="How Soon?" ID="Ar00200" HREF="/2/Ar00200" SIZE="Large" IMAGES_RESOLUTION="160" WORDCNT="370"/>
				<Entity ENTITY_TYPE="Article" FIRST_TOC_ENTRY_ID="10" DEPTH_LEVEL="1" INDEX_IN_DOC="10" PAGE_NO="2" NAME="Vice Versa" ID="Ar00201" HREF="/2/Ar00201" SIZE="Medium" IMAGES_RESOLUTION="160" WORDCNT="215"/>
				<Entity ENTITY_TYPE="Article" FIRST_TOC_ENTRY_ID="11" DEPTH_LEVEL="1" INDEX_IN_DOC="11" PAGE_NO="2" NAME="Nursing Announces Awards" ID="Ar00202" HREF="/2/Ar00202" SIZE="Small" IMAGES_RESOLUTION="160" WORDCNT="127"/>
				<Entity ENTITY_TYPE="Article" FIRST_TOC_ENTRY_ID="12" DEPTH_LEVEL="1" INDEX_IN_DOC="12" PAGE_NO="2" NAME="College-Level Bible Course On Television" ID="Ar00203" HREF="/2/Ar00203" SIZE="Large" IMAGES_RESOLUTION="160" WORDCNT="519"/>
				<Entity ENTITY_TYPE="Picture" FIRST_TOC_ENTRY_ID="14" DEPTH_LEVEL="2" INDEX_IN_DOC="14" PAGE_NO="2" NAME="Untitled Picture" ID="Pc00204" HREF="/2/Pc00204" SIZE="Medium" EMBEDDED_INTO="Ar00207" EMBEDDED_AFTER="Ar0020700" IMAGES_RESOLUTION="160" WORDCNT="0"/>
				<Entity ENTITY_TYPE="Article" FIRST_TOC_ENTRY_ID="16" DEPTH_LEVEL="1" INDEX_IN_DOC="16" PAGE_NO="2" NAME="Untitled Article" ID="Ar00205" HREF="/2/Ar00205" SIZE="Small" IMAGES_RESOLUTION="160" WORDCNT="224"/>
				<Entity ENTITY_TYPE="Article" FIRST_TOC_ENTRY_ID="15" DEPTH_LEVEL="1" INDEX_IN_DOC="15" PAGE_NO="2" NAME="Untitled Article" ID="Ar00206" HREF="/2/Ar00206" SIZE="Large" IMAGES_RESOLUTION="160" WORDCNT="476"/>
				<Entity ENTITY_TYPE="Article" FIRST_TOC_ENTRY_ID="13" DEPTH_LEVEL="1" INDEX_IN_DOC="13" PAGE_NO="2" NAME="LITTLE MAN ON CAMPUS" ID="Ar00207" HREF="/2/Ar00207" SIZE="Small" IMAGES_RESOLUTION="160" WORDCNT="9"/>
			</Page>
			<Page PAGE_NO="3" NAME="" PAGE_LABEL="3" ID="Pg003" PAGE_TYPE="Single" PAGE_WIDTH="867" PAGE_HEIGHT="1241" CROP_BOX="0 0 866 1240" MEDIA_BOX="0 0 866 1240" HREF="/3/Pg003" TOTAL_CHARS_COUNT="9881" SUSPICIOUS_CHARS_COUNT="0">
				<Entity ENTITY_TYPE="Article" FIRST_TOC_ENTRY_ID="17" DEPTH_LEVEL="1" INDEX_IN_DOC="17" PAGE_NO="3" NAME="Untitled Article" ID="Ar00300" HREF="/3/Ar00300" SIZE="Medium" IMAGES_RESOLUTION="160" WORDCNT="390"/>
				<Entity ENTITY_TYPE="Article" FIRST_TOC_ENTRY_ID="20" DEPTH_LEVEL="1" INDEX_IN_DOC="20" PAGE_NO="3" NAME="Untitled Article" ID="Ar00301" HREF="/3/Ar00301" SIZE="XLarge" IMAGES_RESOLUTION="160" WORDCNT="1773"/>
				<Entity ENTITY_TYPE="Ad" FIRST_TOC_ENTRY_ID="21" DEPTH_LEVEL="1" INDEX_IN_DOC="21" PAGE_NO="3" NAME="Untitled Ad" ID="Ad00302" HREF="/3/Ad00302" SIZE="Medium" IMAGES_RESOLUTION="160" WORDCNT="314"/>
				<Entity ENTITY_TYPE="Ad" FIRST_TOC_ENTRY_ID="22" DEPTH_LEVEL="1" INDEX_IN_DOC="22" PAGE_NO="3" NAME="Untitled Ad" ID="Ad00303" HREF="/3/Ad00303" SIZE="Large" IMAGES_RESOLUTION="160" WORDCNT="141"/>
				<Entity ENTITY_TYPE="Article" FIRST_TOC_ENTRY_ID="18" DEPTH_LEVEL="1" INDEX_IN_DOC="18" PAGE_NO="3" NAME="Untitled Article" ID="Ar00304" HREF="/3/Ar00304" SIZE="Medium" IMAGES_RESOLUTION="160" WORDCNT="345"/>
				<Entity ENTITY_TYPE="Picture" FIRST_TOC_ENTRY_ID="19" DEPTH_LEVEL="2" INDEX_IN_DOC="19" PAGE_NO="3" NAME="Untitled Picture" ID="Pc00305" HREF="/3/Pc00305" SIZE="Small" EMBEDDED_INTO="Ar00304" EMBEDDED_AFTER="Ar0030400" IMAGES_RESOLUTION="160" WORDCNT="0"/>
			</Page>
			<Page PAGE_NO="4" NAME="" PAGE_LABEL="4" ID="Pg004" PAGE_TYPE="Single" PAGE_WIDTH="872" PAGE_HEIGHT="1250" CROP_BOX="0 0 871 1249" MEDIA_BOX="0 0 871 1249" HREF="/4/Pg004" TOTAL_CHARS_COUNT="2353" SUSPICIOUS_CHARS_COUNT="0">
				<Entity ENTITY_TYPE="Article" FIRST_TOC_ENTRY_ID="23" DEPTH_LEVEL="1" INDEX_IN_DOC="23" PAGE_NO="4" NAME="Highlights of Saturday's Game" ID="Ar00400" HREF="/4/Ar00400" SIZE="Large" IMAGES_RESOLUTION="160" WORDCNT="566"/>
				<Entity ENTITY_TYPE="Picture" FIRST_TOC_ENTRY_ID="25" DEPTH_LEVEL="2" INDEX_IN_DOC="25" PAGE_NO="4" NAME="Untitled Picture" ID="Pc00401" HREF="/4/Pc00401" SIZE="Large" EMBEDDED_INTO="Ar00400" EMBEDDED_AFTER="Ar0040005" IMAGES_RESOLUTION="160" WORDCNT="0"/>
				<Entity ENTITY_TYPE="Picture" FIRST_TOC_ENTRY_ID="24" DEPTH_LEVEL="2" INDEX_IN_DOC="24" PAGE_NO="4" NAME="Untitled Picture" ID="Pc00402" HREF="/4/Pc00402" SIZE="Small" EMBEDDED_INTO="Ar00400" EMBEDDED_AFTER="Ar0040004" IMAGES_RESOLUTION="160" WORDCNT="0"/>
				<Entity ENTITY_TYPE="Picture" FIRST_TOC_ENTRY_ID="26" DEPTH_LEVEL="2" INDEX_IN_DOC="26" PAGE_NO="4" NAME="Untitled Picture" ID="Pc00403" HREF="/4/Pc00403" SIZE="Large" EMBEDDED_INTO="Ar00400" EMBEDDED_AFTER="Ar0040006" IMAGES_RESOLUTION="160" WORDCNT="0"/>
				<Entity ENTITY_TYPE="Picture" FIRST_TOC_ENTRY_ID="27" DEPTH_LEVEL="2" INDEX_IN_DOC="27" PAGE_NO="4" NAME="Untitled Picture" ID="Pc00404" HREF="/4/Pc00404" SIZE="Medium" EMBEDDED_INTO="Ar00400" EMBEDDED_AFTER="Ar0040006" IMAGES_RESOLUTION="160" WORDCNT="0"/>
				<Entity ENTITY_TYPE="Picture" FIRST_TOC_ENTRY_ID="28" DEPTH_LEVEL="2" INDEX_IN_DOC="28" PAGE_NO="4" NAME="Untitled Picture" ID="Pc00405" HREF="/4/Pc00405" SIZE="Medium" EMBEDDED_INTO="Ar00400" EMBEDDED_AFTER="Ar0040006" IMAGES_RESOLUTION="160" WORDCNT="0"/>
			</Page>
			<Page PAGE_NO="5" NAME="" PAGE_LABEL="5" ID="Pg005" PAGE_TYPE="Single" PAGE_WIDTH="862" PAGE_HEIGHT="1241" CROP_BOX="0 0 861 1240" MEDIA_BOX="0 0 861 1240" HREF="/5/Pg005" TOTAL_CHARS_COUNT="1774" SUSPICIOUS_CHARS_COUNT="0">
				<Entity ENTITY_TYPE="Article" FIRST_TOC_ENTRY_ID="29" DEPTH_LEVEL="1" INDEX_IN_DOC="29" PAGE_NO="5" NAME="Ranking Bucks Get Huskie St^are" ID="Ar00500" HREF="/5/Ar00500" SIZE="Medium" IMAGES_RESOLUTION="160" WORDCNT="352"/>
				<Entity ENTITY_TYPE="Picture" FIRST_TOC_ENTRY_ID="30" DEPTH_LEVEL="2" INDEX_IN_DOC="30" PAGE_NO="5" NAME="Untitled Picture" ID="Pc00501" HREF="/5/Pc00501" SIZE="Medium" EMBEDDED_INTO="Ar00500" EMBEDDED_AFTER="Ar0050001" IMAGES_RESOLUTION="160" WORDCNT="0"/>
				<Entity ENTITY_TYPE="Ad" FIRST_TOC_ENTRY_ID="34" DEPTH_LEVEL="1" INDEX_IN_DOC="34" PAGE_NO="5" NAME="Untitled Ad" ID="Ad00502" HREF="/5/Ad00502" SIZE="Large" IMAGES_RESOLUTION="160" WORDCNT="175"/>
				<Entity ENTITY_TYPE="Ad" FIRST_TOC_ENTRY_ID="31" DEPTH_LEVEL="1" INDEX_IN_DOC="31" PAGE_NO="5" NAME="Untitled Ad" ID="Ad00503" HREF="/5/Ad00503" SIZE="Medium" IMAGES_RESOLUTION="160" WORDCNT="208"/>
				<Entity ENTITY_TYPE="Ad" FIRST_TOC_ENTRY_ID="32" DEPTH_LEVEL="1" INDEX_IN_DOC="32" PAGE_NO="5" NAME="Untitled Ad" ID="Ad00504" HREF="/5/Ad00504" SIZE="Small" IMAGES_RESOLUTION="160" WORDCNT="79"/>
				<Entity ENTITY_TYPE="Ad" FIRST_TOC_ENTRY_ID="33" DEPTH_LEVEL="1" INDEX_IN_DOC="33" PAGE_NO="5" NAME="Untitled Ad" ID="Ad00505" HREF="/5/Ad00505" SIZE="Large" IMAGES_RESOLUTION="160" WORDCNT="803"/>
			</Page>
			<Page PAGE_NO="6" NAME="" PAGE_LABEL="6" ID="Pg006" PAGE_TYPE="Single" PAGE_WIDTH="874" PAGE_HEIGHT="1250" CROP_BOX="0 0 873 1249" MEDIA_BOX="0 0 873 1249" HREF="/6/Pg006" TOTAL_CHARS_COUNT="4381" SUSPICIOUS_CHARS_COUNT="0">
				<Entity ENTITY_TYPE="Ad" FIRST_TOC_ENTRY_ID="36" DEPTH_LEVEL="1" INDEX_IN_DOC="36" PAGE_NO="6" NAME="Untitled Ad" ID="Ad00600" HREF="/6/Ad00600" SIZE="Medium" IMAGES_RESOLUTION="160" WORDCNT="37"/>
				<Entity ENTITY_TYPE="Article" FIRST_TOC_ENTRY_ID="35" DEPTH_LEVEL="1" INDEX_IN_DOC="35" PAGE_NO="6" NAME="Students Are Uninformed on Right-to-Work" ID="Ar00601" HREF="/6/Ar00601" SIZE="Medium" IMAGES_RESOLUTION="160" WORDCNT="370"/>
				<Entity ENTITY_TYPE="Article" FIRST_TOC_ENTRY_ID="38" DEPTH_LEVEL="1" INDEX_IN_DOC="38" PAGE_NO="6" NAME="HOW GREEN WAS MY CAMPUS" ID="Ar00602" HREF="/6/Ar00602" SIZE="Large" IMAGES_RESOLUTION="160" WORDCNT="773"/>
				<Entity ENTITY_TYPE="Picture" FIRST_TOC_ENTRY_ID="39" DEPTH_LEVEL="2" INDEX_IN_DOC="39" PAGE_NO="6" NAME="Untitled Picture" ID="Pc00603" HREF="/6/Pc00603" SIZE="Small" EMBEDDED_INTO="Ar00602" EMBEDDED_AFTER="Ar0060201" IMAGES_RESOLUTION="160" WORDCNT="0"/>
				<Entity ENTITY_TYPE="Picture" FIRST_TOC_ENTRY_ID="40" DEPTH_LEVEL="2" INDEX_IN_DOC="40" PAGE_NO="6" NAME="Untitled Picture" ID="Pc00604" HREF="/6/Pc00604" SIZE="Small" EMBEDDED_INTO="Ar00602" EMBEDDED_AFTER="Ar0060202" IMAGES_RESOLUTION="160" WORDCNT="0"/>
				<Entity ENTITY_TYPE="Ad" FIRST_TOC_ENTRY_ID="37" DEPTH_LEVEL="1" INDEX_IN_DOC="37" PAGE_NO="6" NAME="Untitled Ad" ID="Ad00605" HREF="/6/Ad00605" SIZE="XLarge" IMAGES_RESOLUTION="160" WORDCNT="421"/>
			</Page>
			<Page PAGE_NO="7" NAME="" PAGE_LABEL="7" ID="Pg007" PAGE_TYPE="Single" PAGE_WIDTH="869" PAGE_HEIGHT="1248" CROP_BOX="0 0 868 1247" MEDIA_BOX="0 0 868 1247" HREF="/7/Pg007" TOTAL_CHARS_COUNT="3284" SUSPICIOUS_CHARS_COUNT="0">
				<Entity ENTITY_TYPE="Ad" FIRST_TOC_ENTRY_ID="46" DEPTH_LEVEL="1" INDEX_IN_DOC="46" PAGE_NO="7" NAME="Untitled Ad" ID="Ad00700" HREF="/7/Ad00700" SIZE="Medium" IMAGES_RESOLUTION="160" WORDCNT="89"/>
				<Entity ENTITY_TYPE="Article" FIRST_TOC_ENTRY_ID="44" DEPTH_LEVEL="1" INDEX_IN_DOC="44" PAGE_NO="7" NAME="Real 'BuckeyeHeads Union" ID="Ar00701" HREF="/7/Ar00701" SIZE="Medium" IMAGES_RESOLUTION="160" WORDCNT="328"/>
				<Entity ENTITY_TYPE="Article" FIRST_TOC_ENTRY_ID="41" DEPTH_LEVEL="1" INDEX_IN_DOC="41" PAGE_NO="7" NAME="Play House Appearance Is Postponed" ID="Ar00702" HREF="/7/Ar00702" SIZE="Small" IMAGES_RESOLUTION="160" WORDCNT="190"/>
				<Entity ENTITY_TYPE="Article" FIRST_TOC_ENTRY_ID="42" DEPTH_LEVEL="1" INDEX_IN_DOC="42" PAGE_NO="7" NAME="Union Is Site For Ad Talks" ID="Ar00703" HREF="/7/Ar00703" SIZE="Small" IMAGES_RESOLUTION="160" WORDCNT="109"/>
				<Entity ENTITY_TYPE="Article" FIRST_TOC_ENTRY_ID="43" DEPTH_LEVEL="1" INDEX_IN_DOC="43" PAGE_NO="7" NAME="WOSU-TV Airs Tips for Hunters" ID="Ar00704" HREF="/7/Ar00704" SIZE="Small" IMAGES_RESOLUTION="160" WORDCNT="102"/>
				<Entity ENTITY_TYPE="Picture" FIRST_TOC_ENTRY_ID="45" DEPTH_LEVEL="2" INDEX_IN_DOC="45" PAGE_NO="7" NAME="Untitled Picture" ID="Pc00705" HREF="/7/Pc00705" SIZE="Small" EMBEDDED_INTO="Ar00701" EMBEDDED_AFTER="Ar0070101" IMAGES_RESOLUTION="160" WORDCNT="0"/>
				<Entity ENTITY_TYPE="Ad" FIRST_TOC_ENTRY_ID="47" DEPTH_LEVEL="1" INDEX_IN_DOC="47" PAGE_NO="7" NAME="Untitled Ad" ID="Ad00706" HREF="/7/Ad00706" SIZE="XLarge" IMAGES_RESOLUTION="160" WORDCNT="111"/>
			</Page>
			<Page PAGE_NO="8" NAME="" PAGE_LABEL="8" ID="Pg008" PAGE_TYPE="Single" PAGE_WIDTH="872" PAGE_HEIGHT="1255" CROP_BOX="0 0 871 1254" MEDIA_BOX="0 0 871 1254" HREF="/8/Pg008" TOTAL_CHARS_COUNT="4006" SUSPICIOUS_CHARS_COUNT="0">
				<Entity ENTITY_TYPE="Picture" FIRST_TOC_ENTRY_ID="49" DEPTH_LEVEL="2" INDEX_IN_DOC="49" PAGE_NO="8" NAME="Untitled Picture" ID="Pc00800" HREF="/8/Pc00800" SIZE="Medium" EMBEDDED_INTO="Ar00801" EMBEDDED_AFTER="Ar0080101" IMAGES_RESOLUTION="160" WORDCNT="0"/>
				<Entity ENTITY_TYPE="Article" FIRST_TOC_ENTRY_ID="48" DEPTH_LEVEL="1" INDEX_IN_DOC="48" PAGE_NO="8" NAME="UA Volunteers Stage Kickoff Rally Here" ID="Ar00801" HREF="/8/Ar00801" SIZE="Medium" IMAGES_RESOLUTION="160" WORDCNT="269"/>
				<Entity ENTITY_TYPE="Article" FIRST_TOC_ENTRY_ID="50" DEPTH_LEVEL="1" INDEX_IN_DOC="50" PAGE_NO="8" NAME="Radio to Tell About Africa" ID="Ar00802" HREF="/8/Ar00802" SIZE="Small" IMAGES_RESOLUTION="160" WORDCNT="134"/>
				<Entity ENTITY_TYPE="Article" FIRST_TOC_ENTRY_ID="51" DEPTH_LEVEL="1" INDEX_IN_DOC="51" PAGE_NO="8" NAME="Rockefeller Fund Aids Nurses Here" ID="Ar00803" HREF="/8/Ar00803" SIZE="Small" IMAGES_RESOLUTION="160" WORDCNT="82"/>
				<Entity ENTITY_TYPE="Article" FIRST_TOC_ENTRY_ID="52" DEPTH_LEVEL="1" INDEX_IN_DOC="52" PAGE_NO="8" NAME="Group Seeks Volunteers To Aid Needy" ID="Ar00804" HREF="/8/Ar00804" SIZE="Small" IMAGES_RESOLUTION="160" WORDCNT="182"/>
				<Entity ENTITY_TYPE="Article" FIRST_TOC_ENTRY_ID="53" DEPTH_LEVEL="1" INDEX_IN_DOC="53" PAGE_NO="8" NAME="Korean Reds Abandon 'Gentleman-Spy' Policy" ID="Ar00805" HREF="/8/Ar00805" SIZE="Medium" IMAGES_RESOLUTION="160" WORDCNT="238"/>
				<Entity ENTITY_TYPE="Picture" FIRST_TOC_ENTRY_ID="55" DEPTH_LEVEL="2" INDEX_IN_DOC="55" PAGE_NO="8" NAME="Untitled Picture" ID="Pc00806" HREF="/8/Pc00806" SIZE="Small" EMBEDDED_INTO="Ar00807" EMBEDDED_AFTER="Ar0080700" IMAGES_RESOLUTION="160" WORDCNT="0"/>
				<Entity ENTITY_TYPE="Article" FIRST_TOC_ENTRY_ID="54" DEPTH_LEVEL="1" INDEX_IN_DOC="54" PAGE_NO="8" NAME="Untitled Article" ID="Ar00807" HREF="/8/Ar00807" SIZE="Small" IMAGES_RESOLUTION="160" WORDCNT="9"/>
				<Entity ENTITY_TYPE="Ad" FIRST_TOC_ENTRY_ID="56" DEPTH_LEVEL="1" INDEX_IN_DOC="56" PAGE_NO="8" NAME="Untitled Ad" ID="Ad00808" HREF="/8/Ad00808" SIZE="XLarge" IMAGES_RESOLUTION="160" WORDCNT="124"/>
			</Page>
		</Section>
	</Body_np>
	<Logic_np><TOC_Entries><TOC_Entry TOC_ENTRY_ID="1" TITLE="Squeeze Play" ENTITY_ID_REF="Ar00100" PAGE_NO="1" PAGE_LABEL="1" PRIM_ID_REF="Ar0010000" IS_IC="true"><TOC_Entry TOC_ENTRY_ID="2" TITLE="" ENTITY_ID_REF="Pc00101" PAGE_NO="1" PAGE_LABEL="1" PRIM_ID_REF="Pc0010100" IS_IC="true"/></TOC_Entry><TOC_Entry TOC_ENTRY_ID="3" TITLE="SMU Extends Thanks" ENTITY_ID_REF="Ar00102" PAGE_NO="1" PAGE_LABEL="1" PRIM_ID_REF="Ar0010200" IS_IC="true"/><TOC_Entry TOC_ENTRY_ID="4" TITLE="Women Have One Week for Registration" ENTITY_ID_REF="Ar00103" PAGE_NO="1" PAGE_LABEL="1" PRIM_ID_REF="Ar0010300" IS_IC="true"/><TOC_Entry TOC_ENTRY_ID="5" TITLE="TtiE WEATHER Fair and cool today, with a..." ENTITY_ID_REF="Ar00106" PAGE_NO="1" PAGE_LABEL="1" PRIM_ID_REF="Ar0010600" IS_IC="true"/><TOC_Entry TOC_ENTRY_ID="6" TITLE="Battered Bucks Await Illinois" ENTITY_ID_REF="Ar00104" PAGE_NO="1" PAGE_LABEL="1" PRIM_ID_REF="Ar0010400" IS_IC="true"/><TOC_Entry TOC_ENTRY_ID="7" TITLE="Graduate Convocation" ENTITY_ID_REF="Ar00107" PAGE_NO="1" PAGE_LABEL="1" PRIM_ID_REF="Ar0010700" IS_IC="true"/><TOC_Entry TOC_ENTRY_ID="8" TITLE="45&amp;Attend Fraternity Dedication" ENTITY_ID_REF="Ar00105" PAGE_NO="1" PAGE_LABEL="1" PRIM_ID_REF="Ar0010500" IS_IC="true"/><TOC_Entry TOC_ENTRY_ID="9" TITLE="How Soon?" ENTITY_ID_REF="Ar00200" PAGE_NO="2" PAGE_LABEL="2" PRIM_ID_REF="Ar0020000" IS_IC="true"/><TOC_Entry TOC_ENTRY_ID="10" TITLE="Vice Versa" ENTITY_ID_REF="Ar00201" PAGE_NO="2" PAGE_LABEL="2" PRIM_ID_REF="Ar0020100" IS_IC="true"/><TOC_Entry TOC_ENTRY_ID="11" TITLE="Nursing Announces Awards" ENTITY_ID_REF="Ar00202" PAGE_NO="2" PAGE_LABEL="2" PRIM_ID_REF="Ar0020200" IS_IC="true"/><TOC_Entry TOC_ENTRY_ID="12" TITLE="College-Level Bible Course On Television" ENTITY_ID_REF="Ar00203" PAGE_NO="2" PAGE_LABEL="2" PRIM_ID_REF="Ar0020300" IS_IC="true"/><TOC_Entry TOC_ENTRY_ID="13" TITLE="LITTLE MAN ON CAMPUS" ENTITY_ID_REF="Ar00207" PAGE_NO="2" PAGE_LABEL="2" PRIM_ID_REF="Ar0020700" IS_IC="true"><TOC_Entry TOC_ENTRY_ID="14" TITLE="" ENTITY_ID_REF="Pc00204" PAGE_NO="2" PAGE_LABEL="2" PRIM_ID_REF="Pc0020400" IS_IC="true"/></TOC_Entry><TOC_Entry TOC_ENTRY_ID="15" TITLE="Retired Air Force General Heads New Avia..." ENTITY_ID_REF="Ar00206" PAGE_NO="2" PAGE_LABEL="2" PRIM_ID_REF="Ar0020600" IS_IC="true"/><TOC_Entry TOC_ENTRY_ID="16" TITLE="JhsL Ohio SkdsL... LANTERN STAFF Managin..." ENTITY_ID_REF="Ar00205" PAGE_NO="2" PAGE_LABEL="2" PRIM_ID_REF="Ar0020500" IS_IC="true"/><TOC_Entry TOC_ENTRY_ID="17" TITLE="glaMjtfjJUidsu RATES Regular Classified ..." ENTITY_ID_REF="Ar00300" PAGE_NO="3" PAGE_LABEL="3" PRIM_ID_REF="Ar0030000" IS_IC="true"/><TOC_Entry TOC_ENTRY_ID="18" TITLE="Yes, we've done it! The Instant Sport Sh..." ENTITY_ID_REF="Ar00304" PAGE_NO="3" PAGE_LABEL="3" PRIM_ID_REF="Ar0030400" IS_IC="true"><TOC_Entry TOC_ENTRY_ID="19" TITLE="" ENTITY_ID_REF="Pc00305" PAGE_NO="3" PAGE_LABEL="3" PRIM_ID_REF="Pc0030500" IS_IC="true"/></TOC_Entry><TOC_Entry TOC_ENTRY_ID="20" TITLE="OFFICIAL BULLETIN THE OHIO STATE UNIVERS..." ENTITY_ID_REF="Ar00301" PAGE_NO="3" PAGE_LABEL="3" PRIM_ID_REF="Ar0030100" IS_IC="true"/><TOC_Entry TOC_ENTRY_ID="21" TITLE="" ENTITY_ID_REF="Ad00302" PAGE_NO="3" PAGE_LABEL="3" PRIM_ID_REF="Ad0030218" IS_IC="true"/><TOC_Entry TOC_ENTRY_ID="22" TITLE="" ENTITY_ID_REF="Ad00303" PAGE_NO="3" PAGE_LABEL="3" PRIM_ID_REF="Ad0030301" IS_IC="true"/><TOC_Entry TOC_ENTRY_ID="23" TITLE="Highlights of Saturday's Game" ENTITY_ID_REF="Ar00400" PAGE_NO="4" PAGE_LABEL="4" PRIM_ID_REF="Ar0040000" IS_IC="true"><TOC_Entry TOC_ENTRY_ID="24" TITLE="" ENTITY_ID_REF="Pc00402" PAGE_NO="4" PAGE_LABEL="4" PRIM_ID_REF="Pc0040200" IS_IC="true"/><TOC_Entry TOC_ENTRY_ID="25" TITLE="" ENTITY_ID_REF="Pc00401" PAGE_NO="4" PAGE_LABEL="4" PRIM_ID_REF="Pc0040100" IS_IC="true"/><TOC_Entry TOC_ENTRY_ID="26" TITLE="" ENTITY_ID_REF="Pc00403" PAGE_NO="4" PAGE_LABEL="4" PRIM_ID_REF="Pc0040300" IS_IC="true"/><TOC_Entry TOC_ENTRY_ID="27" TITLE="" ENTITY_ID_REF="Pc00404" PAGE_NO="4" PAGE_LABEL="4" PRIM_ID_REF="Pc0040400" IS_IC="true"/><TOC_Entry TOC_ENTRY_ID="28" TITLE="" ENTITY_ID_REF="Pc00405" PAGE_NO="4" PAGE_LABEL="4" PRIM_ID_REF="Pc0040500" IS_IC="true"/></TOC_Entry><TOC_Entry TOC_ENTRY_ID="29" TITLE="Ranking Bucks Get Huskie St^are" ENTITY_ID_REF="Ar00500" PAGE_NO="5" PAGE_LABEL="5" PRIM_ID_REF="Ar0050000" IS_IC="true"><TOC_Entry TOC_ENTRY_ID="30" TITLE="" ENTITY_ID_REF="Pc00501" PAGE_NO="5" PAGE_LABEL="5" PRIM_ID_REF="Pc0050100" IS_IC="true"/></TOC_Entry><TOC_Entry TOC_ENTRY_ID="31" TITLE="" ENTITY_ID_REF="Ad00503" PAGE_NO="5" PAGE_LABEL="5" PRIM_ID_REF="Ad0050301" IS_IC="true"/><TOC_Entry TOC_ENTRY_ID="32" TITLE="" ENTITY_ID_REF="Ad00504" PAGE_NO="5" PAGE_LABEL="5" PRIM_ID_REF="Ad0050401" IS_IC="true"/><TOC_Entry TOC_ENTRY_ID="33" TITLE="" ENTITY_ID_REF="Ad00505" PAGE_NO="5" PAGE_LABEL="5" PRIM_ID_REF="Ad0050501" IS_IC="true"/><TOC_Entry TOC_ENTRY_ID="34" TITLE="" ENTITY_ID_REF="Ad00502" PAGE_NO="5" PAGE_LABEL="5" PRIM_ID_REF="Ad0050209" IS_IC="true"/><TOC_Entry TOC_ENTRY_ID="35" TITLE="Students Are Uninformed on Right-to-Work" ENTITY_ID_REF="Ar00601" PAGE_NO="6" PAGE_LABEL="6" PRIM_ID_REF="Ar0060100" IS_IC="true"/><TOC_Entry TOC_ENTRY_ID="36" TITLE="" ENTITY_ID_REF="Ad00600" PAGE_NO="6" PAGE_LABEL="6" PRIM_ID_REF="Ad0060004" IS_IC="true"/><TOC_Entry TOC_ENTRY_ID="37" TITLE="" ENTITY_ID_REF="Ad00605" PAGE_NO="6" PAGE_LABEL="6" PRIM_ID_REF="Ad0060501" IS_IC="true"/><TOC_Entry TOC_ENTRY_ID="38" TITLE="HOW GREEN WAS MY CAMPUS" ENTITY_ID_REF="Ar00602" PAGE_NO="6" PAGE_LABEL="6" PRIM_ID_REF="Ar0060200" IS_IC="true"><TOC_Entry TOC_ENTRY_ID="39" TITLE="" ENTITY_ID_REF="Pc00603" PAGE_NO="6" PAGE_LABEL="6" PRIM_ID_REF="Pc0060300" IS_IC="true"/><TOC_Entry TOC_ENTRY_ID="40" TITLE="" ENTITY_ID_REF="Pc00604" PAGE_NO="6" PAGE_LABEL="6" PRIM_ID_REF="Pc0060400" IS_IC="true"/></TOC_Entry><TOC_Entry TOC_ENTRY_ID="41" TITLE="Play House Appearance Is Postponed" ENTITY_ID_REF="Ar00702" PAGE_NO="7" PAGE_LABEL="7" PRIM_ID_REF="Ar0070200" IS_IC="true"/><TOC_Entry TOC_ENTRY_ID="42" TITLE="Union Is Site For Ad Talks" ENTITY_ID_REF="Ar00703" PAGE_NO="7" PAGE_LABEL="7" PRIM_ID_REF="Ar0070300" IS_IC="true"/><TOC_Entry TOC_ENTRY_ID="43" TITLE="WOSU-TV Airs Tips for Hunters" ENTITY_ID_REF="Ar00704" PAGE_NO="7" PAGE_LABEL="7" PRIM_ID_REF="Ar0070400" IS_IC="true"/><TOC_Entry TOC_ENTRY_ID="44" TITLE="Real 'BuckeyeHeads Union" ENTITY_ID_REF="Ar00701" PAGE_NO="7" PAGE_LABEL="7" PRIM_ID_REF="Ar0070100" IS_IC="true"><TOC_Entry TOC_ENTRY_ID="45" TITLE="" ENTITY_ID_REF="Pc00705" PAGE_NO="7" PAGE_LABEL="7" PRIM_ID_REF="Pc0070500" IS_IC="true"/></TOC_Entry><TOC_Entry TOC_ENTRY_ID="46" TITLE="" ENTITY_ID_REF="Ad00700" PAGE_NO="7" PAGE_LABEL="7" PRIM_ID_REF="Ad0070005" IS_IC="true"/><TOC_Entry TOC_ENTRY_ID="47" TITLE="" ENTITY_ID_REF="Ad00706" PAGE_NO="7" PAGE_LABEL="7" PRIM_ID_REF="Ad0070601" IS_IC="true"/><TOC_Entry TOC_ENTRY_ID="48" TITLE="UA Volunteers Stage Kickoff Rally Here" ENTITY_ID_REF="Ar00801" PAGE_NO="8" PAGE_LABEL="8" PRIM_ID_REF="Ar0080100" IS_IC="true"><TOC_Entry TOC_ENTRY_ID="49" TITLE="" ENTITY_ID_REF="Pc00800" PAGE_NO="8" PAGE_LABEL="8" PRIM_ID_REF="Pc0080000" IS_IC="true"/></TOC_Entry><TOC_Entry TOC_ENTRY_ID="50" TITLE="Radio to Tell About Africa" ENTITY_ID_REF="Ar00802" PAGE_NO="8" PAGE_LABEL="8" PRIM_ID_REF="Ar0080200" IS_IC="true"/><TOC_Entry TOC_ENTRY_ID="51" TITLE="Rockefeller Fund Aids Nurses Here" ENTITY_ID_REF="Ar00803" PAGE_NO="8" PAGE_LABEL="8" PRIM_ID_REF="Ar0080300" IS_IC="true"/><TOC_Entry TOC_ENTRY_ID="52" TITLE="Group Seeks Volunteers To Aid Needy" ENTITY_ID_REF="Ar00804" PAGE_NO="8" PAGE_LABEL="8" PRIM_ID_REF="Ar0080400" IS_IC="true"/><TOC_Entry TOC_ENTRY_ID="53" TITLE="Korean Reds Abandon 'Gentleman-Spy' Poli..." ENTITY_ID_REF="Ar00805" PAGE_NO="8" PAGE_LABEL="8" PRIM_ID_REF="Ar0080500" IS_IC="true"/><TOC_Entry TOC_ENTRY_ID="54" TITLE="KQDL ANSWER" ENTITY_ID_REF="Ar00807" PAGE_NO="8" PAGE_LABEL="8" PRIM_ID_REF="Ar0080700" IS_IC="true"><TOC_Entry TOC_ENTRY_ID="55" TITLE="" ENTITY_ID_REF="Pc00806" PAGE_NO="8" PAGE_LABEL="8" PRIM_ID_REF="Pc0080600" IS_IC="true"/></TOC_Entry><TOC_Entry TOC_ENTRY_ID="56" TITLE="" ENTITY_ID_REF="Ad00808" PAGE_NO="8" PAGE_LABEL="8" PRIM_ID_REF="Ad0080801" IS_IC="true"/></TOC_Entries></Logic_np></Xmd_toc>
