<?xml version="1.0" encoding="windows-1252" standalone="no"?>
<Xmd_toc REPOSITORY_FORMAT="1.0" PRXML_VER="2.2" PUBLICATION="OHI" PUBLICATION_DESCRIPTION="" ISSUE_DATE="29/05/1958" RELEASE_NO="060-OHI-1958-05-29-001-SINGLE-LANTERN_VOL-77_JUN20-JUN6_MAY_169" LANGUAGE="English">
	<Head_np>
		<Meta PAGES_NUMBER="8" SOURCE_TYPE="TIFF" SOURCE_RESOLUTION="72" IMAGES_RESOLUTION="160" PAGE_THUMBNAIL_RESOLUTION="72" PAGE_PREVIEW_RESOLUTION="15" DEFAULT_IMG_EXT="png" DEFAULT_PREVIEW_IMG_EXT="png" BASE_HREF="OHI/1958/05/29" PDF_DESTINATION_MAPPED="OLV0_Page_0001" TITLE_SNP_EXT="png" AD_SNP_EXT="png" IMAGE_SNP_EXT="jpg" MULTI_LAYER_PAGE_IMG="false" IS_SOLID="false" DOC_DATE="29/05/1958" DOC_UID="OHI_29/05/1958" DOC_VER="1" OCR_CONFIDENCE="1.000" TOTAL_CHARS_COUNT="55241" SUSPICIOUS_CHARS_COUNT="0">
			<Publisher XMD_VER="2.6.241.4" ACROBAT_VER="7.08" PUBLISHER="Olive" PROFILE_ID="W:\Batch\Profile\OHI-1958-05-29.ini">
				<PublishDate>Tue, 24 May 2011 15:42:23 UTC</PublishDate>
				<PublishSWFCompatible>false</PublishSWFCompatible>
			</Publisher>
			<Resolutions>
				<Resolution DEFAULT="true">72</Resolution>
			</Resolutions>
		</Meta>
		<Link SOURCE="060-OHI-1958-05-29-001-SINGLE-LANTERN_VOL-77_JUN20-JUN6_MAY_169.pdf"/>
		<DataFiles>
			<Files TYPE="DOC_PDF" PRESENT="1"/>
			<Files TYPE="PAGE_PDF" PRESENT="0"/>
			<Files TYPE="DOC_IMG" PRESENT="0"/>
			<Files TYPE="PAGE_IMG" PRESENT="0"/>
			<Files TYPE="PAGE_VIEW_IMG" PRESENT="1"/>
			<Files TYPE="PAGE_PREVIEW_IMG" PRESENT="1"/>
			<Files TYPE="PRIMITIVE_IMG" PRESENT="1"/>
			<Files TYPE="SNIPPET_IMG" PRESENT="1"/>
			<Files TYPE="SEGMENTATION" PRESENT="0"/>
		</DataFiles><Application_Data/></Head_np>
	<Body_np>
		<Section NAME="Front page">
			<Page PAGE_NO="1" NAME="" PAGE_LABEL="1" ID="Pg001" PAGE_TYPE="Single" PAGE_WIDTH="871" PAGE_HEIGHT="1246" CROP_BOX="0 0 870 1245" MEDIA_BOX="0 0 870 1245" HREF="/1/Pg001" TOTAL_CHARS_COUNT="7820" SUSPICIOUS_CHARS_COUNT="0">
				<Entity ENTITY_TYPE="Picture" FIRST_TOC_ENTRY_ID="2" DEPTH_LEVEL="2" INDEX_IN_DOC="2" PAGE_NO="1" NAME="Untitled Picture" ID="Pc00100" HREF="/1/Pc00100" SIZE="Small" EMBEDDED_INTO="Ar00101" EMBEDDED_AFTER="Ar0010100" IMAGES_RESOLUTION="160" WORDCNT="0"/>
				<Entity ENTITY_TYPE="Article" FIRST_TOC_ENTRY_ID="1" DEPTH_LEVEL="1" INDEX_IN_DOC="1" PAGE_NO="1" NAME="Grad Named As President Of Graceland" ID="Ar00101" HREF="/1/Ar00101" SIZE="Small" IMAGES_RESOLUTION="160" WORDCNT="172"/>
				<Entity ENTITY_TYPE="Article" FIRST_TOC_ENTRY_ID="3" DEPTH_LEVEL="1" INDEX_IN_DOC="3" PAGE_NO="1" NAME="Drama Club Sets Dinner" ID="Ar00102" HREF="/1/Ar00102" SIZE="Small" IMAGES_RESOLUTION="160" WORDCNT="189"/>
				<Entity ENTITY_TYPE="Article" FIRST_TOC_ENTRY_ID="6" DEPTH_LEVEL="1" INDEX_IN_DOC="6" PAGE_NO="1" NAME="Tim Moritz Wins Gainer Award; Young Captures Pledge Trophy" ID="Ar00103" HREF="/1/Ar00103" SIZE="Large" IMAGES_RESOLUTION="160" WORDCNT="346"/>
				<Entity ENTITY_TYPE="Article" FIRST_TOC_ENTRY_ID="12" DEPTH_LEVEL="1" INDEX_IN_DOC="12" PAGE_NO="1" NAME="De Gaulle Leaves in Disgust; Civil Discontent Continues" ID="Ar00104" HREF="/1/Ar00104" SIZE="Medium" IMAGES_RESOLUTION="160" WORDCNT="359"/>
				<Entity ENTITY_TYPE="Picture" FIRST_TOC_ENTRY_ID="7" DEPTH_LEVEL="2" INDEX_IN_DOC="7" PAGE_NO="1" NAME="Untitled Picture" ID="Pc00105" HREF="/1/Pc00105" SIZE="Small" EMBEDDED_INTO="Ar00103" EMBEDDED_AFTER="Ar0010304" IMAGES_RESOLUTION="160" WORDCNT="0"/>
				<Entity ENTITY_TYPE="Article" FIRST_TOC_ENTRY_ID="9" DEPTH_LEVEL="1" INDEX_IN_DOC="9" PAGE_NO="1" NAME="OSPA Picks New Officers" ID="Ar00106" HREF="/1/Ar00106" SIZE="Small" IMAGES_RESOLUTION="160" WORDCNT="133"/>
				<Entity ENTITY_TYPE="Picture" FIRST_TOC_ENTRY_ID="8" DEPTH_LEVEL="2" INDEX_IN_DOC="8" PAGE_NO="1" NAME="Untitled Picture" ID="Pc00107" HREF="/1/Pc00107" SIZE="Small" EMBEDDED_INTO="Ar00103" EMBEDDED_AFTER="Ar0010305" IMAGES_RESOLUTION="160" WORDCNT="0"/>
				<Entity ENTITY_TYPE="Article" FIRST_TOC_ENTRY_ID="10" DEPTH_LEVEL="1" INDEX_IN_DOC="10" PAGE_NO="1" NAME="HOLIDAY SLATED" ID="Ar00108" HREF="/1/Ar00108" SIZE="Small" IMAGES_RESOLUTION="160" WORDCNT="45"/>
				<Entity ENTITY_TYPE="Article" FIRST_TOC_ENTRY_ID="11" DEPTH_LEVEL="1" INDEX_IN_DOC="11" PAGE_NO="1" NAME="Chairmen Elected At WSGA Meeting" ID="Ar00109" HREF="/1/Ar00109" SIZE="Small" IMAGES_RESOLUTION="160" WORDCNT="71"/>
				<Entity ENTITY_TYPE="Article" FIRST_TOC_ENTRY_ID="13" DEPTH_LEVEL="1" INDEX_IN_DOC="13" PAGE_NO="1" NAME="Jazz Concert Scores Hit" ID="Ar00110" HREF="/1/Ar00110" SIZE="Small" IMAGES_RESOLUTION="160" WORDCNT="221"/>
				<Entity ENTITY_TYPE="Article" FIRST_TOC_ENTRY_ID="5" DEPTH_LEVEL="1" INDEX_IN_DOC="5" PAGE_NO="1" NAME="Untitled Article" ID="Ar00111" HREF="/1/Ar00111" SIZE="Small" IMAGES_RESOLUTION="160" WORDCNT="25"/>
				<Entity ENTITY_TYPE="Article" FIRST_TOC_ENTRY_ID="4" DEPTH_LEVEL="1" INDEX_IN_DOC="4" PAGE_NO="1" NAME="- Juniors Hold 2nd Election On June 4" ID="Ar00112" HREF="/1/Ar00112" SIZE="Medium" IMAGES_RESOLUTION="160" WORDCNT="229"/>
			</Page>
		</Section>
		<Section NAME="None">
			<Page PAGE_NO="2" NAME="" PAGE_LABEL="2" ID="Pg002" PAGE_TYPE="Single" PAGE_WIDTH="878" PAGE_HEIGHT="1251" CROP_BOX="0 0 877 1250" MEDIA_BOX="0 0 877 1250" HREF="/2/Pg002" TOTAL_CHARS_COUNT="10844" SUSPICIOUS_CHARS_COUNT="0">
				<Entity ENTITY_TYPE="Article" FIRST_TOC_ENTRY_ID="14" DEPTH_LEVEL="1" INDEX_IN_DOC="14" PAGE_NO="2" NAME="Cigarets, Whiskey and..." ID="Ar00200" HREF="/2/Ar00200" SIZE="Medium" IMAGES_RESOLUTION="160" WORDCNT="256"/>
				<Entity ENTITY_TYPE="Article" FIRST_TOC_ENTRY_ID="15" DEPTH_LEVEL="1" INDEX_IN_DOC="15" PAGE_NO="2" NAME="Good for a Gripe" ID="Ar00201" HREF="/2/Ar00201" SIZE="Small" IMAGES_RESOLUTION="160" WORDCNT="140"/>
				<Entity ENTITY_TYPE="Article" FIRST_TOC_ENTRY_ID="16" DEPTH_LEVEL="1" INDEX_IN_DOC="16" PAGE_NO="2" NAME="One from Three" ID="Ar00202" HREF="/2/Ar00202" SIZE="Small" IMAGES_RESOLUTION="160" WORDCNT="155"/>
				<Entity ENTITY_TYPE="Article" FIRST_TOC_ENTRY_ID="17" DEPTH_LEVEL="1" INDEX_IN_DOC="17" PAGE_NO="2" NAME="WOIO Staff Set For Next Quarter" ID="Ar00203" HREF="/2/Ar00203" SIZE="Medium" IMAGES_RESOLUTION="160" WORDCNT="250"/>
				<Entity ENTITY_TYPE="Article" FIRST_TOC_ENTRY_ID="18" DEPTH_LEVEL="1" INDEX_IN_DOC="18" PAGE_NO="2" NAME="Editor's Mail Bag" ID="Ar00204" HREF="/2/Ar00204" SIZE="XLarge" IMAGES_RESOLUTION="160" WORDCNT="1479"/>
				<Entity ENTITY_TYPE="Article" FIRST_TOC_ENTRY_ID="19" DEPTH_LEVEL="1" INDEX_IN_DOC="19" PAGE_NO="2" NAME="Untitled Article" ID="Ar00205" HREF="/2/Ar00205" SIZE="Small" IMAGES_RESOLUTION="160" WORDCNT="224"/>
			</Page>
			<Page PAGE_NO="3" NAME="" PAGE_LABEL="3" ID="Pg003" PAGE_TYPE="Single" PAGE_WIDTH="865" PAGE_HEIGHT="1239" CROP_BOX="0 0 864 1238" MEDIA_BOX="0 0 864 1238" HREF="/3/Pg003" TOTAL_CHARS_COUNT="6268" SUSPICIOUS_CHARS_COUNT="0">
				<Entity ENTITY_TYPE="Article" FIRST_TOC_ENTRY_ID="20" DEPTH_LEVEL="1" INDEX_IN_DOC="20" PAGE_NO="3" NAME="TV May Solve Teacher Shortage" ID="Ar00300" HREF="/3/Ar00300" SIZE="XLarge" IMAGES_RESOLUTION="160" WORDCNT="1151"/>
				<Entity ENTITY_TYPE="Article" FIRST_TOC_ENTRY_ID="21" DEPTH_LEVEL="1" INDEX_IN_DOC="21" PAGE_NO="3" NAME="UNION MUST DECIDE" ID="Ar00301" HREF="/3/Ar00301" SIZE="Small" IMAGES_RESOLUTION="160" WORDCNT="31"/>
				<Entity ENTITY_TYPE="Article" FIRST_TOC_ENTRY_ID="27" DEPTH_LEVEL="1" INDEX_IN_DOC="27" PAGE_NO="3" NAME="Criminology Talk Slated By Reckless" ID="Ar00302" HREF="/3/Ar00302" SIZE="Small" IMAGES_RESOLUTION="160" WORDCNT="141"/>
				<Entity ENTITY_TYPE="Ad" FIRST_TOC_ENTRY_ID="28" DEPTH_LEVEL="1" INDEX_IN_DOC="28" PAGE_NO="3" NAME="Untitled Ad" ID="Ad00303" HREF="/3/Ad00303" SIZE="Small" IMAGES_RESOLUTION="160" WORDCNT="15"/>
				<Entity ENTITY_TYPE="Ad" FIRST_TOC_ENTRY_ID="29" DEPTH_LEVEL="1" INDEX_IN_DOC="29" PAGE_NO="3" NAME="Untitled Ad" ID="Ad00304" HREF="/3/Ad00304" SIZE="Small" IMAGES_RESOLUTION="160" WORDCNT="41"/>
				<Entity ENTITY_TYPE="Ad" FIRST_TOC_ENTRY_ID="30" DEPTH_LEVEL="1" INDEX_IN_DOC="30" PAGE_NO="3" NAME="Untitled Ad" ID="Ad00305" HREF="/3/Ad00305" SIZE="Medium" IMAGES_RESOLUTION="160" WORDCNT="56"/>
				<Entity ENTITY_TYPE="Ad" FIRST_TOC_ENTRY_ID="24" DEPTH_LEVEL="1" INDEX_IN_DOC="24" PAGE_NO="3" NAME="Untitled Ad" ID="Ad00306" HREF="/3/Ad00306" SIZE="Small" IMAGES_RESOLUTION="160" WORDCNT="56"/>
				<Entity ENTITY_TYPE="Ad" FIRST_TOC_ENTRY_ID="22" DEPTH_LEVEL="1" INDEX_IN_DOC="22" PAGE_NO="3" NAME="Untitled Ad" ID="Ad00307" HREF="/3/Ad00307" SIZE="Small" IMAGES_RESOLUTION="160" WORDCNT="45"/>
				<Entity ENTITY_TYPE="Ad" FIRST_TOC_ENTRY_ID="23" DEPTH_LEVEL="1" INDEX_IN_DOC="23" PAGE_NO="3" NAME="Untitled Ad" ID="Ad00308" HREF="/3/Ad00308" SIZE="Medium" IMAGES_RESOLUTION="160" WORDCNT="59"/>
				<Entity ENTITY_TYPE="Ad" FIRST_TOC_ENTRY_ID="25" DEPTH_LEVEL="1" INDEX_IN_DOC="25" PAGE_NO="3" NAME="Untitled Ad" ID="Ad00309" HREF="/3/Ad00309" SIZE="Small" IMAGES_RESOLUTION="160" WORDCNT="31"/>
				<Entity ENTITY_TYPE="Ad" FIRST_TOC_ENTRY_ID="26" DEPTH_LEVEL="1" INDEX_IN_DOC="26" PAGE_NO="3" NAME="Untitled Ad" ID="Ad00310" HREF="/3/Ad00310" SIZE="Small" IMAGES_RESOLUTION="160" WORDCNT="47"/>
			</Page>
			<Page PAGE_NO="4" NAME="" PAGE_LABEL="4" ID="Pg004" PAGE_TYPE="Double_First" PAGE_WIDTH="873" PAGE_HEIGHT="1249" CROP_BOX="0 0 872 1248" MEDIA_BOX="0 0 1744 1248" HREF="/4/Pg004" TOTAL_CHARS_COUNT="2620" SUSPICIOUS_CHARS_COUNT="0">
				<Entity ENTITY_TYPE="Article" FIRST_TOC_ENTRY_ID="31" DEPTH_LEVEL="1" INDEX_IN_DOC="31" PAGE_NO="4" NAME="Pete Seger Thrills Audience" ID="Ar00400" HREF="/4/Ar00400" SIZE="Medium" IMAGES_RESOLUTION="160" WORDCNT="641"/>
				<Entity ENTITY_TYPE="Picture" FIRST_TOC_ENTRY_ID="36" DEPTH_LEVEL="2" INDEX_IN_DOC="36" PAGE_NO="4" NAME="Untitled Picture" ID="Pc00401" HREF="/4/Pc00401" SIZE="Medium" EMBEDDED_INTO="Ar00400" EMBEDDED_AFTER="Ar0040006" IMAGES_RESOLUTION="160" WORDCNT="0"/>
				<Entity ENTITY_TYPE="Picture" FIRST_TOC_ENTRY_ID="35" DEPTH_LEVEL="2" INDEX_IN_DOC="35" PAGE_NO="4" NAME="Untitled Picture" ID="Pc00402" HREF="/4/Pc00402" SIZE="Small" EMBEDDED_INTO="Ar00400" EMBEDDED_AFTER="Ar0040005" IMAGES_RESOLUTION="160" WORDCNT="0"/>
				<Entity ENTITY_TYPE="Picture" FIRST_TOC_ENTRY_ID="32" DEPTH_LEVEL="2" INDEX_IN_DOC="32" PAGE_NO="4" NAME="Untitled Picture" ID="Pc00403" HREF="/4/Pc00403" SIZE="Small" EMBEDDED_INTO="Ar00400" EMBEDDED_AFTER="Ar0040001" IMAGES_RESOLUTION="160" WORDCNT="0"/>
				<Entity ENTITY_TYPE="Picture" FIRST_TOC_ENTRY_ID="34" DEPTH_LEVEL="2" INDEX_IN_DOC="34" PAGE_NO="4" NAME="Untitled Picture" ID="Pc00404" HREF="/4/Pc00404" SIZE="Medium" EMBEDDED_INTO="Ar00400" EMBEDDED_AFTER="Ar0040003" IMAGES_RESOLUTION="160" WORDCNT="0"/>
				<Entity ENTITY_TYPE="Picture" FIRST_TOC_ENTRY_ID="33" DEPTH_LEVEL="2" INDEX_IN_DOC="33" PAGE_NO="4" NAME="Untitled Picture" ID="Pc00405" HREF="/4/Pc00405" SIZE="Small" EMBEDDED_INTO="Ar00400" EMBEDDED_AFTER="Ar0040002" IMAGES_RESOLUTION="160" WORDCNT="0"/>
			</Page>
			<Page PAGE_NO="5" NAME="" PAGE_LABEL="5" ID="Pg005" PAGE_TYPE="Double_Second" PAGE_WIDTH="872" PAGE_HEIGHT="1249" CROP_BOX="0 0 871 1248" MEDIA_BOX="-872 0 871 1248" HREF="/5/Pg005" TOTAL_CHARS_COUNT="0" SUSPICIOUS_CHARS_COUNT="0"/>
			<Page PAGE_NO="6" NAME="" PAGE_LABEL="6" ID="Pg006" PAGE_TYPE="Single" PAGE_WIDTH="878" PAGE_HEIGHT="1251" CROP_BOX="0 0 877 1250" MEDIA_BOX="0 0 877 1250" HREF="/6/Pg006" TOTAL_CHARS_COUNT="13969" SUSPICIOUS_CHARS_COUNT="0">
				<Entity ENTITY_TYPE="Article" FIRST_TOC_ENTRY_ID="37" DEPTH_LEVEL="1" INDEX_IN_DOC="37" PAGE_NO="6" NAME="Untitled Article" ID="Ar00600" HREF="/6/Ar00600" SIZE="Large" IMAGES_RESOLUTION="160" WORDCNT="1554"/>
				<Entity ENTITY_TYPE="Article" FIRST_TOC_ENTRY_ID="38" DEPTH_LEVEL="1" INDEX_IN_DOC="38" PAGE_NO="6" NAME="First Negro Is Graduate" ID="Ar00601" HREF="/6/Ar00601" SIZE="Medium" IMAGES_RESOLUTION="160" WORDCNT="279"/>
				<Entity ENTITY_TYPE="Article" FIRST_TOC_ENTRY_ID="39" DEPTH_LEVEL="1" INDEX_IN_DOC="39" PAGE_NO="6" NAME="Study Will Begin On IGY Findings" ID="Ar00602" HREF="/6/Ar00602" SIZE="Large" IMAGES_RESOLUTION="160" WORDCNT="584"/>
				<Entity ENTITY_TYPE="Article" FIRST_TOC_ENTRY_ID="40" DEPTH_LEVEL="1" INDEX_IN_DOC="40" PAGE_NO="6" NAME="Nameless U. S. Heroes Honored at Capitol" ID="Ar00603" HREF="/6/Ar00603" SIZE="Large" IMAGES_RESOLUTION="160" WORDCNT="461"/>
				<Entity ENTITY_TYPE="Picture" FIRST_TOC_ENTRY_ID="42" DEPTH_LEVEL="2" INDEX_IN_DOC="42" PAGE_NO="6" NAME="Untitled Picture" ID="Pc00604" HREF="/6/Pc00604" SIZE="Small" EMBEDDED_INTO="Ar00605" EMBEDDED_AFTER="Ar0060500" IMAGES_RESOLUTION="160" WORDCNT="0"/>
				<Entity ENTITY_TYPE="Article" FIRST_TOC_ENTRY_ID="41" DEPTH_LEVEL="1" INDEX_IN_DOC="41" PAGE_NO="6" NAME="Untitled Article" ID="Ar00605" HREF="/6/Ar00605" SIZE="Large" IMAGES_RESOLUTION="160" WORDCNT="744"/>
			</Page>
			<Page PAGE_NO="7" NAME="" PAGE_LABEL="7" ID="Pg007" PAGE_TYPE="Single" PAGE_WIDTH="856" PAGE_HEIGHT="1254" CROP_BOX="0 0 855 1253" MEDIA_BOX="0 0 855 1253" HREF="/7/Pg007" TOTAL_CHARS_COUNT="4619" SUSPICIOUS_CHARS_COUNT="0">
				<Entity ENTITY_TYPE="Article" FIRST_TOC_ENTRY_ID="43" DEPTH_LEVEL="1" INDEX_IN_DOC="43" PAGE_NO="7" NAME="Students To Attend 500 Mile Race Event" ID="Ar00700" HREF="/7/Ar00700" SIZE="Medium" IMAGES_RESOLUTION="160" WORDCNT="317"/>
				<Entity ENTITY_TYPE="Article" FIRST_TOC_ENTRY_ID="44" DEPTH_LEVEL="1" INDEX_IN_DOC="44" PAGE_NO="7" NAME="pring Sports Reveal titeresting Results" ID="Ar00701" HREF="/7/Ar00701" SIZE="Medium" IMAGES_RESOLUTION="160" WORDCNT="343"/>
				<Entity ENTITY_TYPE="Article" FIRST_TOC_ENTRY_ID="47" DEPTH_LEVEL="1" INDEX_IN_DOC="47" PAGE_NO="7" NAME="Award for Don" ID="Ar00702" HREF="/7/Ar00702" SIZE="Small" IMAGES_RESOLUTION="160" WORDCNT="78"/>
				<Entity ENTITY_TYPE="Article" FIRST_TOC_ENTRY_ID="49" DEPTH_LEVEL="1" INDEX_IN_DOC="49" PAGE_NO="7" NAME="Nischwirz Tops Big 10 in Strikeouts" ID="Ar00703" HREF="/7/Ar00703" SIZE="Small" IMAGES_RESOLUTION="160" WORDCNT="204"/>
				<Entity ENTITY_TYPE="Article" FIRST_TOC_ENTRY_ID="52" DEPTH_LEVEL="1" INDEX_IN_DOC="52" PAGE_NO="7" NAME="Harper Wins Conference Top Medal" ID="Ar00704" HREF="/7/Ar00704" SIZE="Small" IMAGES_RESOLUTION="160" WORDCNT="162"/>
				<Entity ENTITY_TYPE="Picture" FIRST_TOC_ENTRY_ID="48" DEPTH_LEVEL="2" INDEX_IN_DOC="48" PAGE_NO="7" NAME="Untitled Picture" ID="Pc00705" HREF="/7/Pc00705" SIZE="Medium" EMBEDDED_INTO="Ar00702" EMBEDDED_AFTER="Ar0070200" IMAGES_RESOLUTION="160" WORDCNT="0"/>
				<Entity ENTITY_TYPE="Ad" FIRST_TOC_ENTRY_ID="54" DEPTH_LEVEL="1" INDEX_IN_DOC="54" PAGE_NO="7" NAME="Untitled Ad" ID="Ad00706" HREF="/7/Ad00706" SIZE="Small" IMAGES_RESOLUTION="160" WORDCNT="33"/>
				<Entity ENTITY_TYPE="Ad" FIRST_TOC_ENTRY_ID="55" DEPTH_LEVEL="1" INDEX_IN_DOC="55" PAGE_NO="7" NAME="Untitled Ad" ID="Ad00707" HREF="/7/Ad00707" SIZE="Small" IMAGES_RESOLUTION="160" WORDCNT="64"/>
				<Entity ENTITY_TYPE="Ad" FIRST_TOC_ENTRY_ID="56" DEPTH_LEVEL="1" INDEX_IN_DOC="56" PAGE_NO="7" NAME="Untitled Ad" ID="Ad00708" HREF="/7/Ad00708" SIZE="Medium" IMAGES_RESOLUTION="160" WORDCNT="65"/>
				<Entity ENTITY_TYPE="Ad" FIRST_TOC_ENTRY_ID="50" DEPTH_LEVEL="1" INDEX_IN_DOC="50" PAGE_NO="7" NAME="Untitled Ad" ID="Ad00709" HREF="/7/Ad00709" SIZE="Small" IMAGES_RESOLUTION="160" WORDCNT="24"/>
				<Entity ENTITY_TYPE="Ad" FIRST_TOC_ENTRY_ID="51" DEPTH_LEVEL="1" INDEX_IN_DOC="51" PAGE_NO="7" NAME="Untitled Ad" ID="Ad00710" HREF="/7/Ad00710" SIZE="Small" IMAGES_RESOLUTION="160" WORDCNT="53"/>
				<Entity ENTITY_TYPE="Ad" FIRST_TOC_ENTRY_ID="45" DEPTH_LEVEL="1" INDEX_IN_DOC="45" PAGE_NO="7" NAME="Untitled Ad" ID="Ad00711" HREF="/7/Ad00711" SIZE="Small" IMAGES_RESOLUTION="160" WORDCNT="39"/>
				<Entity ENTITY_TYPE="Ad" FIRST_TOC_ENTRY_ID="46" DEPTH_LEVEL="1" INDEX_IN_DOC="46" PAGE_NO="7" NAME="Untitled Ad" ID="Ad00712" HREF="/7/Ad00712" SIZE="Small" IMAGES_RESOLUTION="160" WORDCNT="31"/>
				<Entity ENTITY_TYPE="Article" FIRST_TOC_ENTRY_ID="53" DEPTH_LEVEL="1" INDEX_IN_DOC="53" PAGE_NO="7" NAME="Untitled Article" ID="Ar00713" HREF="/7/Ar00713" SIZE="Small" IMAGES_RESOLUTION="160" WORDCNT="19"/>
			</Page>
			<Page PAGE_NO="8" NAME="" PAGE_LABEL="8" ID="Pg008" PAGE_TYPE="Single" PAGE_WIDTH="878" PAGE_HEIGHT="1251" CROP_BOX="0 0 877 1250" MEDIA_BOX="0 0 877 1250" HREF="/8/Pg008" TOTAL_CHARS_COUNT="9101" SUSPICIOUS_CHARS_COUNT="0">
				<Entity ENTITY_TYPE="Article" FIRST_TOC_ENTRY_ID="57" DEPTH_LEVEL="1" INDEX_IN_DOC="57" PAGE_NO="8" NAME="Students Urged to 'Play Safe' on Holiday" ID="Ar00800" HREF="/8/Ar00800" SIZE="Large" IMAGES_RESOLUTION="160" WORDCNT="415"/>
				<Entity ENTITY_TYPE="Article" FIRST_TOC_ENTRY_ID="60" DEPTH_LEVEL="1" INDEX_IN_DOC="60" PAGE_NO="8" NAME="De Gaulle' Pulls Hoax" ID="Ar00801" HREF="/8/Ar00801" SIZE="Medium" IMAGES_RESOLUTION="160" WORDCNT="277"/>
				<Entity ENTITY_TYPE="Article" FIRST_TOC_ENTRY_ID="63" DEPTH_LEVEL="1" INDEX_IN_DOC="63" PAGE_NO="8" NAME="lim Moritz Wins Gainer Cup Award" ID="Ar00802" HREF="/8/Ar00802" SIZE="Small" IMAGES_RESOLUTION="160" WORDCNT="131"/>
				<Entity ENTITY_TYPE="Article" FIRST_TOC_ENTRY_ID="64" DEPTH_LEVEL="1" INDEX_IN_DOC="64" PAGE_NO="8" NAME="WOSU-TV Sets Religious Series" ID="Ar00803" HREF="/8/Ar00803" SIZE="Small" IMAGES_RESOLUTION="160" WORDCNT="166"/>
				<Entity ENTITY_TYPE="Article" FIRST_TOC_ENTRY_ID="66" DEPTH_LEVEL="1" INDEX_IN_DOC="66" PAGE_NO="8" NAME="Untitled Article" ID="Ar00804" HREF="/8/Ar00804" SIZE="Medium" IMAGES_RESOLUTION="160" WORDCNT="382"/>
				<Entity ENTITY_TYPE="Article" FIRST_TOC_ENTRY_ID="65" DEPTH_LEVEL="1" INDEX_IN_DOC="65" PAGE_NO="8" NAME="Tischer to Speak During Colloquuir" ID="Ar00805" HREF="/8/Ar00805" SIZE="Small" IMAGES_RESOLUTION="160" WORDCNT="55"/>
				<Entity ENTITY_TYPE="Picture" FIRST_TOC_ENTRY_ID="58" DEPTH_LEVEL="2" INDEX_IN_DOC="58" PAGE_NO="8" NAME="Untitled Picture" ID="Pc00806" HREF="/8/Pc00806" SIZE="Medium" EMBEDDED_INTO="Ar00800" EMBEDDED_AFTER="Ar0080000" IMAGES_RESOLUTION="160" WORDCNT="0"/>
				<Entity ENTITY_TYPE="Picture" FIRST_TOC_ENTRY_ID="59" DEPTH_LEVEL="2" INDEX_IN_DOC="59" PAGE_NO="8" NAME="Untitled Picture" ID="Pc00807" HREF="/8/Pc00807" SIZE="Medium" EMBEDDED_INTO="Ar00800" EMBEDDED_AFTER="Ar0080000" IMAGES_RESOLUTION="160" WORDCNT="0"/>
				<Entity ENTITY_TYPE="Article" FIRST_TOC_ENTRY_ID="61" DEPTH_LEVEL="1" INDEX_IN_DOC="61" PAGE_NO="8" NAME="( JJUPL J JUL QhwidvLdu . . ." ID="Ar00808" HREF="/8/Ar00808" SIZE="Large" IMAGES_RESOLUTION="160" WORDCNT="609"/>
				<Entity ENTITY_TYPE="Article" FIRST_TOC_ENTRY_ID="62" DEPTH_LEVEL="1" INDEX_IN_DOC="62" PAGE_NO="8" NAME="BILL FACES TROUBLE" ID="Ar00809" HREF="/8/Ar00809" SIZE="Small" IMAGES_RESOLUTION="160" WORDCNT="53"/>
				<Entity ENTITY_TYPE="Article" FIRST_TOC_ENTRY_ID="67" DEPTH_LEVEL="1" INDEX_IN_DOC="67" PAGE_NO="8" NAME="Untitled Article" ID="Ar00810" HREF="/8/Ar00810" SIZE="Medium" IMAGES_RESOLUTION="160" WORDCNT="293"/>
			</Page>
		</Section>
	</Body_np>
	<Logic_np><TOC_Entries><TOC_Entry TOC_ENTRY_ID="1" TITLE="Grad Named As President Of Graceland" ENTITY_ID_REF="Ar00101" PAGE_NO="1" PAGE_LABEL="1" PRIM_ID_REF="Ar0010100" IS_IC="true"><TOC_Entry TOC_ENTRY_ID="2" TITLE="" ENTITY_ID_REF="Pc00100" PAGE_NO="1" PAGE_LABEL="1" PRIM_ID_REF="Pc0010000" IS_IC="true"/></TOC_Entry><TOC_Entry TOC_ENTRY_ID="3" TITLE="Drama Club Sets Dinner" ENTITY_ID_REF="Ar00102" PAGE_NO="1" PAGE_LABEL="1" PRIM_ID_REF="Ar0010200" IS_IC="true"/><TOC_Entry TOC_ENTRY_ID="4" TITLE="- Juniors Hold 2nd Election On June 4" ENTITY_ID_REF="Ar00112" PAGE_NO="1" PAGE_LABEL="1" PRIM_ID_REF="Ar0011200" IS_IC="true"/><TOC_Entry TOC_ENTRY_ID="5" TITLE="THE WEATHER Fair and mild today, high 74..." ENTITY_ID_REF="Ar00111" PAGE_NO="1" PAGE_LABEL="1" PRIM_ID_REF="Ar0011100" IS_IC="true"/><TOC_Entry TOC_ENTRY_ID="6" TITLE="Tim Moritz Wins Gainer Award; Young Capt..." ENTITY_ID_REF="Ar00103" PAGE_NO="1" PAGE_LABEL="1" PRIM_ID_REF="Ar0010300" IS_IC="true"><TOC_Entry TOC_ENTRY_ID="7" TITLE="" ENTITY_ID_REF="Pc00105" PAGE_NO="1" PAGE_LABEL="1" PRIM_ID_REF="Pc0010500" IS_IC="true"/><TOC_Entry TOC_ENTRY_ID="8" TITLE="" ENTITY_ID_REF="Pc00107" PAGE_NO="1" PAGE_LABEL="1" PRIM_ID_REF="Pc0010700" IS_IC="true"/></TOC_Entry><TOC_Entry TOC_ENTRY_ID="9" TITLE="OSPA Picks New Officers" ENTITY_ID_REF="Ar00106" PAGE_NO="1" PAGE_LABEL="1" PRIM_ID_REF="Ar0010600" IS_IC="true"/><TOC_Entry TOC_ENTRY_ID="10" TITLE="HOLIDAY SLATED" ENTITY_ID_REF="Ar00108" PAGE_NO="1" PAGE_LABEL="1" PRIM_ID_REF="Ar0010800" IS_IC="true"/><TOC_Entry TOC_ENTRY_ID="11" TITLE="Chairmen Elected At WSGA Meeting" ENTITY_ID_REF="Ar00109" PAGE_NO="1" PAGE_LABEL="1" PRIM_ID_REF="Ar0010900" IS_IC="true"/><TOC_Entry TOC_ENTRY_ID="12" TITLE="De Gaulle Leaves in Disgust; Civil Disco..." ENTITY_ID_REF="Ar00104" PAGE_NO="1" PAGE_LABEL="1" PRIM_ID_REF="Ar0010400" IS_IC="true"/><TOC_Entry TOC_ENTRY_ID="13" TITLE="Jazz Concert Scores Hit" ENTITY_ID_REF="Ar00110" PAGE_NO="1" PAGE_LABEL="1" PRIM_ID_REF="Ar0011000" IS_IC="true"/><TOC_Entry TOC_ENTRY_ID="14" TITLE="Cigarets, Whiskey and..." ENTITY_ID_REF="Ar00200" PAGE_NO="2" PAGE_LABEL="2" PRIM_ID_REF="Ar0020000" IS_IC="true"/><TOC_Entry TOC_ENTRY_ID="15" TITLE="Good for a Gripe" ENTITY_ID_REF="Ar00201" PAGE_NO="2" PAGE_LABEL="2" PRIM_ID_REF="Ar0020100" IS_IC="true"/><TOC_Entry TOC_ENTRY_ID="16" TITLE="One from Three" ENTITY_ID_REF="Ar00202" PAGE_NO="2" PAGE_LABEL="2" PRIM_ID_REF="Ar0020200" IS_IC="true"/><TOC_Entry TOC_ENTRY_ID="17" TITLE="WOIO Staff Set For Next Quarter" ENTITY_ID_REF="Ar00203" PAGE_NO="2" PAGE_LABEL="2" PRIM_ID_REF="Ar0020300" IS_IC="true"/><TOC_Entry TOC_ENTRY_ID="18" TITLE="Editor's Mail Bag" ENTITY_ID_REF="Ar00204" PAGE_NO="2" PAGE_LABEL="2" PRIM_ID_REF="Ar0020400" IS_IC="true"/><TOC_Entry TOC_ENTRY_ID="19" TITLE="JhsL Ohio $tabL�. LANTERN STAFF Managing..." ENTITY_ID_REF="Ar00205" PAGE_NO="2" PAGE_LABEL="2" PRIM_ID_REF="Ar0020500" IS_IC="true"/><TOC_Entry TOC_ENTRY_ID="20" TITLE="TV May Solve Teacher Shortage" ENTITY_ID_REF="Ar00300" PAGE_NO="3" PAGE_LABEL="3" PRIM_ID_REF="Ar0030000" IS_IC="true"/><TOC_Entry TOC_ENTRY_ID="21" TITLE="UNION MUST DECIDE" ENTITY_ID_REF="Ar00301" PAGE_NO="3" PAGE_LABEL="3" PRIM_ID_REF="Ar0030100" IS_IC="true"/><TOC_Entry TOC_ENTRY_ID="22" TITLE="" ENTITY_ID_REF="Ad00307" PAGE_NO="3" PAGE_LABEL="3" PRIM_ID_REF="Ad0030701" IS_IC="true"/><TOC_Entry TOC_ENTRY_ID="23" TITLE="" ENTITY_ID_REF="Ad00308" PAGE_NO="3" PAGE_LABEL="3" PRIM_ID_REF="Ad0030801" IS_IC="true"/><TOC_Entry TOC_ENTRY_ID="24" TITLE="" ENTITY_ID_REF="Ad00306" PAGE_NO="3" PAGE_LABEL="3" PRIM_ID_REF="Ad0030601" IS_IC="true"/><TOC_Entry TOC_ENTRY_ID="25" TITLE="" ENTITY_ID_REF="Ad00309" PAGE_NO="3" PAGE_LABEL="3" PRIM_ID_REF="Ad0030901" IS_IC="true"/><TOC_Entry TOC_ENTRY_ID="26" TITLE="" ENTITY_ID_REF="Ad00310" PAGE_NO="3" PAGE_LABEL="3" PRIM_ID_REF="Ad0031001" IS_IC="true"/><TOC_Entry TOC_ENTRY_ID="27" TITLE="Criminology Talk Slated By Reckless" ENTITY_ID_REF="Ar00302" PAGE_NO="3" PAGE_LABEL="3" PRIM_ID_REF="Ar0030200" IS_IC="true"/><TOC_Entry TOC_ENTRY_ID="28" TITLE="" ENTITY_ID_REF="Ad00303" PAGE_NO="3" PAGE_LABEL="3" PRIM_ID_REF="Ad0030301" IS_IC="true"/><TOC_Entry TOC_ENTRY_ID="29" TITLE="" ENTITY_ID_REF="Ad00304" PAGE_NO="3" PAGE_LABEL="3" PRIM_ID_REF="Ad0030401" IS_IC="true"/><TOC_Entry TOC_ENTRY_ID="30" TITLE="" ENTITY_ID_REF="Ad00305" PAGE_NO="3" PAGE_LABEL="3" PRIM_ID_REF="Ad0030501" IS_IC="true"/><TOC_Entry TOC_ENTRY_ID="31" TITLE="Pete Seger Thrills Audience" ENTITY_ID_REF="Ar00400" PAGE_NO="4" PAGE_LABEL="4" PRIM_ID_REF="Ar0040000" IS_IC="true"><TOC_Entry TOC_ENTRY_ID="32" TITLE="" ENTITY_ID_REF="Pc00403" PAGE_NO="4" PAGE_LABEL="4" PRIM_ID_REF="Pc0040300" IS_IC="true"/><TOC_Entry TOC_ENTRY_ID="33" TITLE="" ENTITY_ID_REF="Pc00405" PAGE_NO="4" PAGE_LABEL="4" PRIM_ID_REF="Pc0040500" IS_IC="true"/><TOC_Entry TOC_ENTRY_ID="34" TITLE="" ENTITY_ID_REF="Pc00404" PAGE_NO="4" PAGE_LABEL="4" PRIM_ID_REF="Pc0040400" IS_IC="true"/><TOC_Entry TOC_ENTRY_ID="35" TITLE="" ENTITY_ID_REF="Pc00402" PAGE_NO="5" PAGE_LABEL="5" PRIM_ID_REF="Pc0040200" IS_IC="true"/><TOC_Entry TOC_ENTRY_ID="36" TITLE="" ENTITY_ID_REF="Pc00401" PAGE_NO="5" PAGE_LABEL="5" PRIM_ID_REF="Pc0040100" IS_IC="true"/></TOC_Entry><TOC_Entry TOC_ENTRY_ID="37" TITLE="OFFICIAL BULLETIN THE OHIO STATE UNIVERS..." ENTITY_ID_REF="Ar00600" PAGE_NO="6" PAGE_LABEL="6" PRIM_ID_REF="Ar0060000" IS_IC="true"/><TOC_Entry TOC_ENTRY_ID="38" TITLE="First Negro Is Graduate" ENTITY_ID_REF="Ar00601" PAGE_NO="6" PAGE_LABEL="6" PRIM_ID_REF="Ar0060100" IS_IC="true"/><TOC_Entry TOC_ENTRY_ID="39" TITLE="Study Will Begin On IGY Findings" ENTITY_ID_REF="Ar00602" PAGE_NO="6" PAGE_LABEL="6" PRIM_ID_REF="Ar0060200" IS_IC="true"/><TOC_Entry TOC_ENTRY_ID="40" TITLE="Nameless U. S. Heroes Honored at Capitol" ENTITY_ID_REF="Ar00603" PAGE_NO="6" PAGE_LABEL="6" PRIM_ID_REF="Ar0060300" IS_IC="true"/><TOC_Entry TOC_ENTRY_ID="41" TITLE="AM 820 Kilocycles FM 89.7 Megacycles THU..." ENTITY_ID_REF="Ar00605" PAGE_NO="6" PAGE_LABEL="6" PRIM_ID_REF="Ar0060500" IS_IC="true"><TOC_Entry TOC_ENTRY_ID="42" TITLE="" ENTITY_ID_REF="Pc00604" PAGE_NO="6" PAGE_LABEL="6" PRIM_ID_REF="Pc0060400" IS_IC="true"/></TOC_Entry><TOC_Entry TOC_ENTRY_ID="43" TITLE="Students To Attend 500 Mile Race Event" ENTITY_ID_REF="Ar00700" PAGE_NO="7" PAGE_LABEL="7" PRIM_ID_REF="Ar0070000" IS_IC="true"/><TOC_Entry TOC_ENTRY_ID="44" TITLE="pring Sports Reveal titeresting Results" ENTITY_ID_REF="Ar00701" PAGE_NO="7" PAGE_LABEL="7" PRIM_ID_REF="Ar0070100" IS_IC="true"/><TOC_Entry TOC_ENTRY_ID="45" TITLE="" ENTITY_ID_REF="Ad00711" PAGE_NO="7" PAGE_LABEL="7" PRIM_ID_REF="Ad0071101" IS_IC="true"/><TOC_Entry TOC_ENTRY_ID="46" TITLE="" ENTITY_ID_REF="Ad00712" PAGE_NO="7" PAGE_LABEL="7" PRIM_ID_REF="Ad0071201" IS_IC="true"/><TOC_Entry TOC_ENTRY_ID="47" TITLE="Award for Don" ENTITY_ID_REF="Ar00702" PAGE_NO="7" PAGE_LABEL="7" PRIM_ID_REF="Ar0070200" IS_IC="true"><TOC_Entry TOC_ENTRY_ID="48" TITLE="" ENTITY_ID_REF="Pc00705" PAGE_NO="7" PAGE_LABEL="7" PRIM_ID_REF="Pc0070500" IS_IC="true"/></TOC_Entry><TOC_Entry TOC_ENTRY_ID="49" TITLE="Nischwirz Tops Big 10 in Strikeouts" ENTITY_ID_REF="Ar00703" PAGE_NO="7" PAGE_LABEL="7" PRIM_ID_REF="Ar0070300" IS_IC="true"/><TOC_Entry TOC_ENTRY_ID="50" TITLE="" ENTITY_ID_REF="Ad00709" PAGE_NO="7" PAGE_LABEL="7" PRIM_ID_REF="Ad0070901" IS_IC="true"/><TOC_Entry TOC_ENTRY_ID="51" TITLE="" ENTITY_ID_REF="Ad00710" PAGE_NO="7" PAGE_LABEL="7" PRIM_ID_REF="Ad0071001" IS_IC="true"/><TOC_Entry TOC_ENTRY_ID="52" TITLE="Harper Wins Conference Top Medal" ENTITY_ID_REF="Ar00704" PAGE_NO="7" PAGE_LABEL="7" PRIM_ID_REF="Ar0070400" IS_IC="true"/><TOC_Entry TOC_ENTRY_ID="53" TITLE="BULLETIN Alpha Epsilon Pi won the class ..." ENTITY_ID_REF="Ar00713" PAGE_NO="7" PAGE_LABEL="7" PRIM_ID_REF="Ar0071300" IS_IC="true"/><TOC_Entry TOC_ENTRY_ID="54" TITLE="" ENTITY_ID_REF="Ad00706" PAGE_NO="7" PAGE_LABEL="7" PRIM_ID_REF="Ad0070601" IS_IC="true"/><TOC_Entry TOC_ENTRY_ID="55" TITLE="" ENTITY_ID_REF="Ad00707" PAGE_NO="7" PAGE_LABEL="7" PRIM_ID_REF="Ad0070701" IS_IC="true"/><TOC_Entry TOC_ENTRY_ID="56" TITLE="" ENTITY_ID_REF="Ad00708" PAGE_NO="7" PAGE_LABEL="7" PRIM_ID_REF="Ad0070801" IS_IC="true"/><TOC_Entry TOC_ENTRY_ID="57" TITLE="Students Urged to 'Play Safe' on Holiday" ENTITY_ID_REF="Ar00800" PAGE_NO="8" PAGE_LABEL="8" PRIM_ID_REF="Ar0080000" IS_IC="true"><TOC_Entry TOC_ENTRY_ID="58" TITLE="" ENTITY_ID_REF="Pc00806" PAGE_NO="8" PAGE_LABEL="8" PRIM_ID_REF="Pc0080600" IS_IC="true"/><TOC_Entry TOC_ENTRY_ID="59" TITLE="" ENTITY_ID_REF="Pc00807" PAGE_NO="8" PAGE_LABEL="8" PRIM_ID_REF="Pc0080700" IS_IC="true"/></TOC_Entry><TOC_Entry TOC_ENTRY_ID="60" TITLE="De Gaulle' Pulls Hoax" ENTITY_ID_REF="Ar00801" PAGE_NO="8" PAGE_LABEL="8" PRIM_ID_REF="Ar0080100" IS_IC="true"/><TOC_Entry TOC_ENTRY_ID="61" TITLE="( JJUPL J JUL QhwidvLdu . . ." ENTITY_ID_REF="Ar00808" PAGE_NO="8" PAGE_LABEL="8" PRIM_ID_REF="Ar0080800" IS_IC="true"/><TOC_Entry TOC_ENTRY_ID="62" TITLE="BILL FACES TROUBLE" ENTITY_ID_REF="Ar00809" PAGE_NO="8" PAGE_LABEL="8" PRIM_ID_REF="Ar0080900" IS_IC="true"/><TOC_Entry TOC_ENTRY_ID="63" TITLE="lim Moritz Wins Gainer Cup Award" ENTITY_ID_REF="Ar00802" PAGE_NO="8" PAGE_LABEL="8" PRIM_ID_REF="Ar0080200" IS_IC="true"/><TOC_Entry TOC_ENTRY_ID="64" TITLE="WOSU-TV Sets Religious Series" ENTITY_ID_REF="Ar00803" PAGE_NO="8" PAGE_LABEL="8" PRIM_ID_REF="Ar0080300" IS_IC="true"/><TOC_Entry TOC_ENTRY_ID="65" TITLE="Tischer to Speak During Colloquuir" ENTITY_ID_REF="Ar00805" PAGE_NO="8" PAGE_LABEL="8" PRIM_ID_REF="Ar0080500" IS_IC="true"/><TOC_Entry TOC_ENTRY_ID="66" TITLE="ClcUkAiftuuL (Idvohtidjunq. RATES Regula..." ENTITY_ID_REF="Ar00804" PAGE_NO="8" PAGE_LABEL="8" PRIM_ID_REF="Ar0080400" IS_IC="true"/><TOC_Entry TOC_ENTRY_ID="67" TITLE="FOR SALE Mobile home, air conditioned, 1..." ENTITY_ID_REF="Ar00810" PAGE_NO="8" PAGE_LABEL="8" PRIM_ID_REF="Ar0081000" IS_IC="true"/></TOC_Entries></Logic_np></Xmd_toc>
