<?xml version="1.0" encoding="windows-1252" standalone="no"?>
<Xmd_toc REPOSITORY_FORMAT="1.0" PRXML_VER="2.2" PUBLICATION="OHI" PUBLICATION_DESCRIPTION="" ISSUE_DATE="22/05/1958" RELEASE_NO="060-OHI-1958-05-22-001-SINGLE-LANTERN_VOL-77_JUN20-JUN6_MAY_129" LANGUAGE="English">
	<Head_np>
		<Meta PAGES_NUMBER="8" SOURCE_TYPE="TIFF" SOURCE_RESOLUTION="72" IMAGES_RESOLUTION="160" PAGE_THUMBNAIL_RESOLUTION="72" PAGE_PREVIEW_RESOLUTION="15" DEFAULT_IMG_EXT="png" DEFAULT_PREVIEW_IMG_EXT="png" BASE_HREF="OHI/1958/05/22" PDF_DESTINATION_MAPPED="OLV0_Page_0001" TITLE_SNP_EXT="png" AD_SNP_EXT="png" IMAGE_SNP_EXT="jpg" MULTI_LAYER_PAGE_IMG="false" IS_SOLID="false" DOC_DATE="22/05/1958" DOC_UID="OHI_22/05/1958" DOC_VER="1" OCR_CONFIDENCE="1.000" TOTAL_CHARS_COUNT="55786" SUSPICIOUS_CHARS_COUNT="0">
			<Publisher XMD_VER="2.6.241.4" ACROBAT_VER="7.08" PUBLISHER="Olive" PROFILE_ID="W:\Batch\Profile\OHI-1958-05-22.ini">
				<PublishDate>Tue, 24 May 2011 15:35:10 UTC</PublishDate>
				<PublishSWFCompatible>false</PublishSWFCompatible>
			</Publisher>
			<Resolutions>
				<Resolution DEFAULT="true">72</Resolution>
			</Resolutions>
		</Meta>
		<Link SOURCE="060-OHI-1958-05-22-001-SINGLE-LANTERN_VOL-77_JUN20-JUN6_MAY_129.pdf"/>
		<DataFiles>
			<Files TYPE="DOC_PDF" PRESENT="1"/>
			<Files TYPE="PAGE_PDF" PRESENT="0"/>
			<Files TYPE="DOC_IMG" PRESENT="0"/>
			<Files TYPE="PAGE_IMG" PRESENT="0"/>
			<Files TYPE="PAGE_VIEW_IMG" PRESENT="1"/>
			<Files TYPE="PAGE_PREVIEW_IMG" PRESENT="1"/>
			<Files TYPE="PRIMITIVE_IMG" PRESENT="1"/>
			<Files TYPE="SNIPPET_IMG" PRESENT="1"/>
			<Files TYPE="SEGMENTATION" PRESENT="0"/>
		</DataFiles><Application_Data/></Head_np>
	<Body_np>
		<Section NAME="Front page">
			<Page PAGE_NO="1" NAME="" PAGE_LABEL="1" ID="Pg001" PAGE_TYPE="Single" PAGE_WIDTH="861" PAGE_HEIGHT="1230" CROP_BOX="0 0 860 1229" MEDIA_BOX="0 0 860 1229" HREF="/1/Pg001" TOTAL_CHARS_COUNT="5932" SUSPICIOUS_CHARS_COUNT="0">
				<Entity ENTITY_TYPE="Picture" FIRST_TOC_ENTRY_ID="3" DEPTH_LEVEL="2" INDEX_IN_DOC="3" PAGE_NO="1" NAME="Untitled Picture" ID="Pc00100" HREF="/1/Pc00100" SIZE="Large" EMBEDDED_INTO="Ar00103" EMBEDDED_AFTER="Ar0010300" IMAGES_RESOLUTION="160" WORDCNT="0"/>
				<Entity ENTITY_TYPE="Article" FIRST_TOC_ENTRY_ID="6" DEPTH_LEVEL="1" INDEX_IN_DOC="6" PAGE_NO="1" NAME="Strike Halts $20 Million Building Program" ID="Ar00101" HREF="/1/Ar00101" SIZE="Medium" IMAGES_RESOLUTION="160" WORDCNT="327"/>
				<Entity ENTITY_TYPE="Article" FIRST_TOC_ENTRY_ID="7" DEPTH_LEVEL="1" INDEX_IN_DOC="7" PAGE_NO="1" NAME="'Guys &amp; Dolls' Opening Is Hit" ID="Ar00102" HREF="/1/Ar00102" SIZE="Medium" IMAGES_RESOLUTION="160" WORDCNT="251"/>
				<Entity ENTITY_TYPE="Article" FIRST_TOC_ENTRY_ID="2" DEPTH_LEVEL="1" INDEX_IN_DOC="2" PAGE_NO="1" NAME="Not Today" ID="Ar00103" HREF="/1/Ar00103" SIZE="Small" IMAGES_RESOLUTION="160" WORDCNT="3"/>
				<Entity ENTITY_TYPE="Article" FIRST_TOC_ENTRY_ID="8" DEPTH_LEVEL="1" INDEX_IN_DOC="8" PAGE_NO="1" NAME="Group's Aims Questioned" ID="Ar00104" HREF="/1/Ar00104" SIZE="Medium" IMAGES_RESOLUTION="160" WORDCNT="209"/>
				<Entity ENTITY_TYPE="Article" FIRST_TOC_ENTRY_ID="5" DEPTH_LEVEL="1" INDEX_IN_DOC="5" PAGE_NO="1" NAME="THE WEATHER" ID="Ar00105" HREF="/1/Ar00105" SIZE="Small" IMAGES_RESOLUTION="160" WORDCNT="30"/>
				<Entity ENTITY_TYPE="Article" FIRST_TOC_ENTRY_ID="4" DEPTH_LEVEL="1" INDEX_IN_DOC="4" PAGE_NO="1" NAME="FIRE WITNESS SOUGHT" ID="Ar00106" HREF="/1/Ar00106" SIZE="Small" IMAGES_RESOLUTION="160" WORDCNT="110"/>
				<Entity ENTITY_TYPE="Article" FIRST_TOC_ENTRY_ID="1" DEPTH_LEVEL="1" INDEX_IN_DOC="1" PAGE_NO="1" NAME="Freshman Honorary Group Sets Initiation Ceremonies" ID="Ar00107" HREF="/1/Ar00107" SIZE="Medium" IMAGES_RESOLUTION="160" WORDCNT="578"/>
			</Page>
		</Section>
		<Section NAME="None">
			<Page PAGE_NO="2" NAME="" PAGE_LABEL="2" ID="Pg002" PAGE_TYPE="Single" PAGE_WIDTH="865" PAGE_HEIGHT="1254" CROP_BOX="0 0 864 1253" MEDIA_BOX="0 0 864 1253" HREF="/2/Pg002" TOTAL_CHARS_COUNT="10735" SUSPICIOUS_CHARS_COUNT="0">
				<Entity ENTITY_TYPE="Article" FIRST_TOC_ENTRY_ID="9" DEPTH_LEVEL="1" INDEX_IN_DOC="9" PAGE_NO="2" NAME="Academic Economics" ID="Ar00200" HREF="/2/Ar00200" SIZE="Large" IMAGES_RESOLUTION="160" WORDCNT="368"/>
				<Entity ENTITY_TYPE="Article" FIRST_TOC_ENTRY_ID="10" DEPTH_LEVEL="1" INDEX_IN_DOC="10" PAGE_NO="2" NAME="Sticks and Stones" ID="Ar00201" HREF="/2/Ar00201" SIZE="Large" IMAGES_RESOLUTION="160" WORDCNT="369"/>
				<Entity ENTITY_TYPE="Article" FIRST_TOC_ENTRY_ID="11" DEPTH_LEVEL="1" INDEX_IN_DOC="11" PAGE_NO="2" NAME="Editor's Mail Bag" ID="Ar00202" HREF="/2/Ar00202" SIZE="XLarge" IMAGES_RESOLUTION="160" WORDCNT="1439"/>
				<Entity ENTITY_TYPE="Article" FIRST_TOC_ENTRY_ID="12" DEPTH_LEVEL="1" INDEX_IN_DOC="12" PAGE_NO="2" NAME="Untitled Article" ID="Ar00203" HREF="/2/Ar00203" SIZE="Medium" IMAGES_RESOLUTION="160" WORDCNT="233"/>
			</Page>
			<Page PAGE_NO="3" NAME="" PAGE_LABEL="3" ID="Pg003" PAGE_TYPE="Single" PAGE_WIDTH="863" PAGE_HEIGHT="1240" CROP_BOX="0 0 862 1239" MEDIA_BOX="0 0 862 1239" HREF="/3/Pg003" TOTAL_CHARS_COUNT="4957" SUSPICIOUS_CHARS_COUNT="0">
				<Entity ENTITY_TYPE="Article" FIRST_TOC_ENTRY_ID="13" DEPTH_LEVEL="1" INDEX_IN_DOC="13" PAGE_NO="3" NAME="Hillel Awards Five Seniors Group's Key" ID="Ar00300" HREF="/3/Ar00300" SIZE="Medium" IMAGES_RESOLUTION="160" WORDCNT="273"/>
				<Entity ENTITY_TYPE="Article" FIRST_TOC_ENTRY_ID="21" DEPTH_LEVEL="1" INDEX_IN_DOC="21" PAGE_NO="3" NAME="Iodine Drink Helps Trace Gland Cancer" ID="Ar00301" HREF="/3/Ar00301" SIZE="Small" IMAGES_RESOLUTION="160" WORDCNT="190"/>
				<Entity ENTITY_TYPE="Article" FIRST_TOC_ENTRY_ID="17" DEPTH_LEVEL="1" INDEX_IN_DOC="17" PAGE_NO="3" NAME="OSU Researchers Seek Leukemia Cure" ID="Ar00302" HREF="/3/Ar00302" SIZE="Medium" IMAGES_RESOLUTION="160" WORDCNT="338"/>
				<Entity ENTITY_TYPE="Article" FIRST_TOC_ENTRY_ID="14" DEPTH_LEVEL="1" INDEX_IN_DOC="14" PAGE_NO="3" NAME="Construction Begins Again" ID="Ar00303" HREF="/3/Ar00303" SIZE="Small" IMAGES_RESOLUTION="160" WORDCNT="117"/>
				<Entity ENTITY_TYPE="Article" FIRST_TOC_ENTRY_ID="20" DEPTH_LEVEL="1" INDEX_IN_DOC="20" PAGE_NO="3" NAME="Juniors Win Scholarships" ID="Ar00304" HREF="/3/Ar00304" SIZE="Small" IMAGES_RESOLUTION="160" WORDCNT="148"/>
				<Entity ENTITY_TYPE="Article" FIRST_TOC_ENTRY_ID="15" DEPTH_LEVEL="1" INDEX_IN_DOC="15" PAGE_NO="3" NAME="Untitled Article" ID="Ar00305" HREF="/3/Ar00305" SIZE="Small" IMAGES_RESOLUTION="160" WORDCNT="62"/>
				<Entity ENTITY_TYPE="Ad" FIRST_TOC_ENTRY_ID="22" DEPTH_LEVEL="1" INDEX_IN_DOC="22" PAGE_NO="3" NAME="Untitled Ad" ID="Ad00306" HREF="/3/Ad00306" SIZE="Small" IMAGES_RESOLUTION="160" WORDCNT="26"/>
				<Entity ENTITY_TYPE="Article" FIRST_TOC_ENTRY_ID="23" DEPTH_LEVEL="1" INDEX_IN_DOC="23" PAGE_NO="3" NAME="Untitled Article" ID="Ar00307" HREF="/3/Ar00307" SIZE="Small" IMAGES_RESOLUTION="160" WORDCNT="3"/>
				<Entity ENTITY_TYPE="Ad" FIRST_TOC_ENTRY_ID="24" DEPTH_LEVEL="1" INDEX_IN_DOC="24" PAGE_NO="3" NAME="Untitled Ad" ID="Ad00308" HREF="/3/Ad00308" SIZE="Large" IMAGES_RESOLUTION="160" WORDCNT="119"/>
				<Entity ENTITY_TYPE="Ad" FIRST_TOC_ENTRY_ID="19" DEPTH_LEVEL="1" INDEX_IN_DOC="19" PAGE_NO="3" NAME="Untitled Ad" ID="Ad00309" HREF="/3/Ad00309" SIZE="Medium" IMAGES_RESOLUTION="160" WORDCNT="58"/>
				<Entity ENTITY_TYPE="Ad" FIRST_TOC_ENTRY_ID="18" DEPTH_LEVEL="1" INDEX_IN_DOC="18" PAGE_NO="3" NAME="Untitled Ad" ID="Ad00310" HREF="/3/Ad00310" SIZE="Small" IMAGES_RESOLUTION="160" WORDCNT="38"/>
				<Entity ENTITY_TYPE="Picture" FIRST_TOC_ENTRY_ID="16" DEPTH_LEVEL="2" INDEX_IN_DOC="16" PAGE_NO="3" NAME="Untitled Picture" ID="Pc00311" HREF="/3/Pc00311" SIZE="Medium" EMBEDDED_INTO="Ar00305" EMBEDDED_AFTER="Ar0030500" IMAGES_RESOLUTION="160" WORDCNT="0"/>
			</Page>
			<Page PAGE_NO="4" NAME="" PAGE_LABEL="4" ID="Pg004" PAGE_TYPE="Single" PAGE_WIDTH="876" PAGE_HEIGHT="1249" CROP_BOX="0 0 875 1248" MEDIA_BOX="0 0 875 1248" HREF="/4/Pg004" TOTAL_CHARS_COUNT="6511" SUSPICIOUS_CHARS_COUNT="0">
				<Entity ENTITY_TYPE="Article" FIRST_TOC_ENTRY_ID="25" DEPTH_LEVEL="1" INDEX_IN_DOC="25" PAGE_NO="4" NAME="Final Examination Schedule" ID="Ar00400" HREF="/4/Ar00400" SIZE="Large" IMAGES_RESOLUTION="160" WORDCNT="617"/>
				<Entity ENTITY_TYPE="Article" FIRST_TOC_ENTRY_ID="26" DEPTH_LEVEL="1" INDEX_IN_DOC="26" PAGE_NO="4" NAME="Director Says Shows Cannot Be Compared" ID="Ar00401" HREF="/4/Ar00401" SIZE="Medium" IMAGES_RESOLUTION="160" WORDCNT="216"/>
				<Entity ENTITY_TYPE="Article" FIRST_TOC_ENTRY_ID="32" DEPTH_LEVEL="1" INDEX_IN_DOC="32" PAGE_NO="4" NAME="Society at Mercy Of Ad Salesmen?" ID="Ar00402" HREF="/4/Ar00402" SIZE="Medium" IMAGES_RESOLUTION="160" WORDCNT="447"/>
				<Entity ENTITY_TYPE="Article" FIRST_TOC_ENTRY_ID="29" DEPTH_LEVEL="1" INDEX_IN_DOC="29" PAGE_NO="4" NAME="Private Pool Constructed In Basement" ID="Ar00403" HREF="/4/Ar00403" SIZE="Medium" IMAGES_RESOLUTION="160" WORDCNT="346"/>
				<Entity ENTITY_TYPE="Ad" FIRST_TOC_ENTRY_ID="33" DEPTH_LEVEL="1" INDEX_IN_DOC="33" PAGE_NO="4" NAME="Untitled Ad" ID="Ad00404" HREF="/4/Ad00404" SIZE="Small" IMAGES_RESOLUTION="160" WORDCNT="28"/>
				<Entity ENTITY_TYPE="Ad" FIRST_TOC_ENTRY_ID="34" DEPTH_LEVEL="1" INDEX_IN_DOC="34" PAGE_NO="4" NAME="Untitled Ad" ID="Ad00405" HREF="/4/Ad00405" SIZE="Medium" IMAGES_RESOLUTION="160" WORDCNT="56"/>
				<Entity ENTITY_TYPE="Ad" FIRST_TOC_ENTRY_ID="30" DEPTH_LEVEL="1" INDEX_IN_DOC="30" PAGE_NO="4" NAME="Untitled Ad" ID="Ad00406" HREF="/4/Ad00406" SIZE="Small" IMAGES_RESOLUTION="160" WORDCNT="30"/>
				<Entity ENTITY_TYPE="Ad" FIRST_TOC_ENTRY_ID="28" DEPTH_LEVEL="1" INDEX_IN_DOC="28" PAGE_NO="4" NAME="Untitled Ad" ID="Ad00407" HREF="/4/Ad00407" SIZE="Small" IMAGES_RESOLUTION="160" WORDCNT="15"/>
				<Entity ENTITY_TYPE="Ad" FIRST_TOC_ENTRY_ID="31" DEPTH_LEVEL="1" INDEX_IN_DOC="31" PAGE_NO="4" NAME="Untitled Ad" ID="Ad00408" HREF="/4/Ad00408" SIZE="Small" IMAGES_RESOLUTION="160" WORDCNT="51"/>
				<Entity ENTITY_TYPE="Ad" FIRST_TOC_ENTRY_ID="27" DEPTH_LEVEL="1" INDEX_IN_DOC="27" PAGE_NO="4" NAME="Untitled Ad" ID="Ad00409" HREF="/4/Ad00409" SIZE="Small" IMAGES_RESOLUTION="160" WORDCNT="31"/>
			</Page>
			<Page PAGE_NO="5" NAME="" PAGE_LABEL="5" ID="Pg005" PAGE_TYPE="Single" PAGE_WIDTH="876" PAGE_HEIGHT="1249" CROP_BOX="0 0 875 1248" MEDIA_BOX="0 0 875 1248" HREF="/5/Pg005" TOTAL_CHARS_COUNT="0" SUSPICIOUS_CHARS_COUNT="0">
				<Entity ENTITY_TYPE="Ad" FIRST_TOC_ENTRY_ID="35" DEPTH_LEVEL="1" INDEX_IN_DOC="35" PAGE_NO="5" NAME="Untitled Ad" ID="Ad00500" HREF="/5/Ad00500" SIZE="XLarge" IMAGES_RESOLUTION="160" WORDCNT="26"/>
			</Page>
			<Page PAGE_NO="6" NAME="" PAGE_LABEL="6" ID="Pg006" PAGE_TYPE="Single" PAGE_WIDTH="879" PAGE_HEIGHT="1260" CROP_BOX="0 0 878 1259" MEDIA_BOX="0 0 878 1259" HREF="/6/Pg006" TOTAL_CHARS_COUNT="14598" SUSPICIOUS_CHARS_COUNT="0">
				<Entity ENTITY_TYPE="Article" FIRST_TOC_ENTRY_ID="39" DEPTH_LEVEL="1" INDEX_IN_DOC="39" PAGE_NO="6" NAME="Council Will Plan New Study Ideas" ID="Ar00600" HREF="/6/Ar00600" SIZE="Large" IMAGES_RESOLUTION="160" WORDCNT="694"/>
				<Entity ENTITY_TYPE="Article" FIRST_TOC_ENTRY_ID="37" DEPTH_LEVEL="1" INDEX_IN_DOC="37" PAGE_NO="6" NAME="Anthem Tune Is Debatable" ID="Ar00601" HREF="/6/Ar00601" SIZE="Medium" IMAGES_RESOLUTION="160" WORDCNT="240"/>
				<Entity ENTITY_TYPE="Picture" FIRST_TOC_ENTRY_ID="42" DEPTH_LEVEL="2" INDEX_IN_DOC="42" PAGE_NO="6" NAME="Untitled Picture" ID="Pc00602" HREF="/6/Pc00602" SIZE="Small" EMBEDDED_INTO="Ar00606" EMBEDDED_AFTER="Ar0060600" IMAGES_RESOLUTION="160" WORDCNT="0"/>
				<Entity ENTITY_TYPE="Article" FIRST_TOC_ENTRY_ID="36" DEPTH_LEVEL="1" INDEX_IN_DOC="36" PAGE_NO="6" NAME="Untitled Article" ID="Ar00603" HREF="/6/Ar00603" SIZE="Large" IMAGES_RESOLUTION="160" WORDCNT="1480"/>
				<Entity ENTITY_TYPE="Article" FIRST_TOC_ENTRY_ID="38" DEPTH_LEVEL="1" INDEX_IN_DOC="38" PAGE_NO="6" NAME="Ideal Faculty Home" ID="Ar00604" HREF="/6/Ar00604" SIZE="Small" IMAGES_RESOLUTION="160" WORDCNT="68"/>
				<Entity ENTITY_TYPE="Article" FIRST_TOC_ENTRY_ID="40" DEPTH_LEVEL="1" INDEX_IN_DOC="40" PAGE_NO="6" NAME="Untitled Article" ID="Ar00605" HREF="/6/Ar00605" SIZE="Medium" IMAGES_RESOLUTION="160" WORDCNT="490"/>
				<Entity ENTITY_TYPE="Article" FIRST_TOC_ENTRY_ID="41" DEPTH_LEVEL="1" INDEX_IN_DOC="41" PAGE_NO="6" NAME="Untitled Article" ID="Ar00606" HREF="/6/Ar00606" SIZE="Large" IMAGES_RESOLUTION="160" WORDCNT="794"/>
			</Page>
			<Page PAGE_NO="7" NAME="" PAGE_LABEL="7" ID="Pg007" PAGE_TYPE="Single" PAGE_WIDTH="862" PAGE_HEIGHT="1233" CROP_BOX="0 0 861 1232" MEDIA_BOX="0 0 861 1232" HREF="/7/Pg007" TOTAL_CHARS_COUNT="9389" SUSPICIOUS_CHARS_COUNT="0">
				<Entity ENTITY_TYPE="Picture" FIRST_TOC_ENTRY_ID="44" DEPTH_LEVEL="2" INDEX_IN_DOC="44" PAGE_NO="7" NAME="Untitled Picture" ID="Pc00700" HREF="/7/Pc00700" SIZE="Medium" EMBEDDED_INTO="Ar00707" EMBEDDED_AFTER="Ar0070700" IMAGES_RESOLUTION="160" WORDCNT="0"/>
				<Entity ENTITY_TYPE="Article" FIRST_TOC_ENTRY_ID="50" DEPTH_LEVEL="1" INDEX_IN_DOC="50" PAGE_NO="7" NAME="Laerossemen Beat Denison in Thriller" ID="Ar00701" HREF="/7/Ar00701" SIZE="Medium" IMAGES_RESOLUTION="160" WORDCNT="390"/>
				<Entity ENTITY_TYPE="Article" FIRST_TOC_ENTRY_ID="45" DEPTH_LEVEL="1" INDEX_IN_DOC="45" PAGE_NO="7" NAME="Records May Tumble At Big Ten Classic" ID="Ar00702" HREF="/7/Ar00702" SIZE="Large" IMAGES_RESOLUTION="160" WORDCNT="839"/>
				<Entity ENTITY_TYPE="Article" FIRST_TOC_ENTRY_ID="49" DEPTH_LEVEL="1" INDEX_IN_DOC="49" PAGE_NO="7" NAME="Herb To Hurl In 3 Weeks" ID="Ar00703" HREF="/7/Ar00703" SIZE="Small" IMAGES_RESOLUTION="160" WORDCNT="99"/>
				<Entity ENTITY_TYPE="Article" FIRST_TOC_ENTRY_ID="51" DEPTH_LEVEL="1" INDEX_IN_DOC="51" PAGE_NO="7" NAME="Highlights in Sports" ID="Ar00704" HREF="/7/Ar00704" SIZE="Large" IMAGES_RESOLUTION="160" WORDCNT="536"/>
				<Entity ENTITY_TYPE="Article" FIRST_TOC_ENTRY_ID="52" DEPTH_LEVEL="1" INDEX_IN_DOC="52" PAGE_NO="7" NAME="Program Set For Olympics" ID="Ar00705" HREF="/7/Ar00705" SIZE="Small" IMAGES_RESOLUTION="160" WORDCNT="186"/>
				<Entity ENTITY_TYPE="Article" FIRST_TOC_ENTRY_ID="53" DEPTH_LEVEL="1" INDEX_IN_DOC="53" PAGE_NO="7" NAME="Bucks TcfTrdvel To Purdue For Big TO Track Meet" ID="Ar00706" HREF="/7/Ar00706" SIZE="Small" IMAGES_RESOLUTION="160" WORDCNT="144"/>
				<Entity ENTITY_TYPE="Article" FIRST_TOC_ENTRY_ID="43" DEPTH_LEVEL="1" INDEX_IN_DOC="43" PAGE_NO="7" NAME="Untitled Article" ID="Ar00707" HREF="/7/Ar00707" SIZE="Small" IMAGES_RESOLUTION="160" WORDCNT="45"/>
				<Entity ENTITY_TYPE="Article" FIRST_TOC_ENTRY_ID="46" DEPTH_LEVEL="1" INDEX_IN_DOC="46" PAGE_NO="7" NAME="TOUGH YANKEES" ID="Ar00708" HREF="/7/Ar00708" SIZE="Small" IMAGES_RESOLUTION="160" WORDCNT="80"/>
				<Entity ENTITY_TYPE="Article" FIRST_TOC_ENTRY_ID="47" DEPTH_LEVEL="1" INDEX_IN_DOC="47" PAGE_NO="7" NAME="BROWN LEADS BROWNS" ID="Ar00709" HREF="/7/Ar00709" SIZE="Small" IMAGES_RESOLUTION="160" WORDCNT="108"/>
				<Entity ENTITY_TYPE="Article" FIRST_TOC_ENTRY_ID="48" DEPTH_LEVEL="1" INDEX_IN_DOC="48" PAGE_NO="7" NAME="Chicago Wins Over Pirates; Moryn Blasts" ID="Ar00710" HREF="/7/Ar00710" SIZE="Small" IMAGES_RESOLUTION="160" WORDCNT="124"/>
				<Entity ENTITY_TYPE="Article" FIRST_TOC_ENTRY_ID="54" DEPTH_LEVEL="1" INDEX_IN_DOC="54" PAGE_NO="7" NAME="OHIOAN HONORED" ID="Ar00711" HREF="/7/Ar00711" SIZE="Small" IMAGES_RESOLUTION="160" WORDCNT="46"/>
			</Page>
			<Page PAGE_NO="8" NAME="" PAGE_LABEL="8" ID="Pg008" PAGE_TYPE="Single" PAGE_WIDTH="879" PAGE_HEIGHT="1260" CROP_BOX="0 0 878 1259" MEDIA_BOX="0 0 878 1259" HREF="/8/Pg008" TOTAL_CHARS_COUNT="3664" SUSPICIOUS_CHARS_COUNT="0">
				<Entity ENTITY_TYPE="Article" FIRST_TOC_ENTRY_ID="58" DEPTH_LEVEL="1" INDEX_IN_DOC="58" PAGE_NO="8" NAME="Sane Nuclear Group Hits Recent Criticism" ID="Ar00800" HREF="/8/Ar00800" SIZE="Medium" IMAGES_RESOLUTION="160" WORDCNT="352"/>
				<Entity ENTITY_TYPE="Article" FIRST_TOC_ENTRY_ID="55" DEPTH_LEVEL="1" INDEX_IN_DOC="55" PAGE_NO="8" NAME="Novel Party Planner Pressed To Keep Pace with His Ideas" ID="Ar00801" HREF="/8/Ar00801" SIZE="Large" IMAGES_RESOLUTION="160" WORDCNT="439"/>
				<Entity ENTITY_TYPE="Picture" FIRST_TOC_ENTRY_ID="56" DEPTH_LEVEL="2" INDEX_IN_DOC="56" PAGE_NO="8" NAME="Untitled Picture" ID="Pc00802" HREF="/8/Pc00802" SIZE="Medium" EMBEDDED_INTO="Ar00801" EMBEDDED_AFTER="Ar0080103" IMAGES_RESOLUTION="160" WORDCNT="0"/>
				<Entity ENTITY_TYPE="Ad" FIRST_TOC_ENTRY_ID="61" DEPTH_LEVEL="1" INDEX_IN_DOC="61" PAGE_NO="8" NAME="Untitled Ad" ID="Ad00803" HREF="/8/Ad00803" SIZE="XLarge" IMAGES_RESOLUTION="160" WORDCNT="607"/>
				<Entity ENTITY_TYPE="Article" FIRST_TOC_ENTRY_ID="59" DEPTH_LEVEL="1" INDEX_IN_DOC="59" PAGE_NO="8" NAME="Untitled Article" ID="Ar00804" HREF="/8/Ar00804" SIZE="Small" IMAGES_RESOLUTION="160" WORDCNT="30"/>
				<Entity ENTITY_TYPE="Ad" FIRST_TOC_ENTRY_ID="60" DEPTH_LEVEL="1" INDEX_IN_DOC="60" PAGE_NO="8" NAME="Untitled Ad" ID="Ad00805" HREF="/8/Ad00805" SIZE="Small" IMAGES_RESOLUTION="160" WORDCNT="33"/>
				<Entity ENTITY_TYPE="Article" FIRST_TOC_ENTRY_ID="57" DEPTH_LEVEL="1" INDEX_IN_DOC="57" PAGE_NO="8" NAME="JT BRITAIN TRIMS LOAN RATE" ID="Ar00806" HREF="/8/Ar00806" SIZE="Small" IMAGES_RESOLUTION="160" WORDCNT="47"/>
			</Page>
		</Section>
	</Body_np>
	<Logic_np><TOC_Entries><TOC_Entry TOC_ENTRY_ID="1" TITLE="Freshman Honorary Group Sets Initiation ..." ENTITY_ID_REF="Ar00107" PAGE_NO="1" PAGE_LABEL="1" PRIM_ID_REF="Ar0010700" IS_IC="true"/><TOC_Entry TOC_ENTRY_ID="2" TITLE="Not Today" ENTITY_ID_REF="Ar00103" PAGE_NO="1" PAGE_LABEL="1" PRIM_ID_REF="Ar0010300" IS_IC="true"><TOC_Entry TOC_ENTRY_ID="3" TITLE="" ENTITY_ID_REF="Pc00100" PAGE_NO="1" PAGE_LABEL="1" PRIM_ID_REF="Pc0010000" IS_IC="true"/></TOC_Entry><TOC_Entry TOC_ENTRY_ID="4" TITLE="FIRE WITNESS SOUGHT" ENTITY_ID_REF="Ar00106" PAGE_NO="1" PAGE_LABEL="1" PRIM_ID_REF="Ar0010600" IS_IC="true"/><TOC_Entry TOC_ENTRY_ID="5" TITLE="THE WEATHER" ENTITY_ID_REF="Ar00105" PAGE_NO="1" PAGE_LABEL="1" PRIM_ID_REF="Ar0010500" IS_IC="true"/><TOC_Entry TOC_ENTRY_ID="6" TITLE="Strike Halts $20 Million Building Progra..." ENTITY_ID_REF="Ar00101" PAGE_NO="1" PAGE_LABEL="1" PRIM_ID_REF="Ar0010100" IS_IC="true"/><TOC_Entry TOC_ENTRY_ID="7" TITLE="'Guys &amp; Dolls' Opening Is Hit" ENTITY_ID_REF="Ar00102" PAGE_NO="1" PAGE_LABEL="1" PRIM_ID_REF="Ar0010200" IS_IC="true"/><TOC_Entry TOC_ENTRY_ID="8" TITLE="Group's Aims Questioned" ENTITY_ID_REF="Ar00104" PAGE_NO="1" PAGE_LABEL="1" PRIM_ID_REF="Ar0010400" IS_IC="true"/><TOC_Entry TOC_ENTRY_ID="9" TITLE="Academic Economics" ENTITY_ID_REF="Ar00200" PAGE_NO="2" PAGE_LABEL="2" PRIM_ID_REF="Ar0020000" IS_IC="true"/><TOC_Entry TOC_ENTRY_ID="10" TITLE="Sticks and Stones" ENTITY_ID_REF="Ar00201" PAGE_NO="2" PAGE_LABEL="2" PRIM_ID_REF="Ar0020100" IS_IC="true"/><TOC_Entry TOC_ENTRY_ID="11" TITLE="Editor's Mail Bag" ENTITY_ID_REF="Ar00202" PAGE_NO="2" PAGE_LABEL="2" PRIM_ID_REF="Ar0020200" IS_IC="true"/><TOC_Entry TOC_ENTRY_ID="12" TITLE="JHSL Ohio ShxhLu. LANTERN STAFF Managing..." ENTITY_ID_REF="Ar00203" PAGE_NO="2" PAGE_LABEL="2" PRIM_ID_REF="Ar0020300" IS_IC="true"/><TOC_Entry TOC_ENTRY_ID="13" TITLE="Hillel Awards Five Seniors Group's Key" ENTITY_ID_REF="Ar00300" PAGE_NO="3" PAGE_LABEL="3" PRIM_ID_REF="Ar0030000" IS_IC="true"/><TOC_Entry TOC_ENTRY_ID="14" TITLE="Construction Begins Again" ENTITY_ID_REF="Ar00303" PAGE_NO="3" PAGE_LABEL="3" PRIM_ID_REF="Ar0030300" IS_IC="true"/><TOC_Entry TOC_ENTRY_ID="15" TITLE="FIGHT THE TEAM�Ohio State's seven cheer-..." ENTITY_ID_REF="Ar00305" PAGE_NO="3" PAGE_LABEL="3" PRIM_ID_REF="Ar0030500" IS_IC="true"><TOC_Entry TOC_ENTRY_ID="16" TITLE="" ENTITY_ID_REF="Pc00311" PAGE_NO="3" PAGE_LABEL="3" PRIM_ID_REF="Pc0031100" IS_IC="true"/></TOC_Entry><TOC_Entry TOC_ENTRY_ID="17" TITLE="OSU Researchers Seek Leukemia Cure" ENTITY_ID_REF="Ar00302" PAGE_NO="3" PAGE_LABEL="3" PRIM_ID_REF="Ar0030200" IS_IC="true"/><TOC_Entry TOC_ENTRY_ID="18" TITLE="" ENTITY_ID_REF="Ad00310" PAGE_NO="3" PAGE_LABEL="3" PRIM_ID_REF="Ad0031001" IS_IC="true"/><TOC_Entry TOC_ENTRY_ID="19" TITLE="" ENTITY_ID_REF="Ad00309" PAGE_NO="3" PAGE_LABEL="3" PRIM_ID_REF="Ad0030901" IS_IC="true"/><TOC_Entry TOC_ENTRY_ID="20" TITLE="Juniors Win Scholarships" ENTITY_ID_REF="Ar00304" PAGE_NO="3" PAGE_LABEL="3" PRIM_ID_REF="Ar0030400" IS_IC="true"/><TOC_Entry TOC_ENTRY_ID="21" TITLE="Iodine Drink Helps Trace Gland Cancer" ENTITY_ID_REF="Ar00301" PAGE_NO="3" PAGE_LABEL="3" PRIM_ID_REF="Ar0030100" IS_IC="true"/><TOC_Entry TOC_ENTRY_ID="22" TITLE="" ENTITY_ID_REF="Ad00306" PAGE_NO="3" PAGE_LABEL="3" PRIM_ID_REF="Ad0030601" IS_IC="true"/><TOC_Entry TOC_ENTRY_ID="23" TITLE="Patronize Our Advertisers." ENTITY_ID_REF="Ar00307" PAGE_NO="3" PAGE_LABEL="3" PRIM_ID_REF="Ar0030700" IS_IC="true"/><TOC_Entry TOC_ENTRY_ID="24" TITLE="" ENTITY_ID_REF="Ad00308" PAGE_NO="3" PAGE_LABEL="3" PRIM_ID_REF="Ad0030801" IS_IC="true"/><TOC_Entry TOC_ENTRY_ID="25" TITLE="Final Examination Schedule" ENTITY_ID_REF="Ar00400" PAGE_NO="4" PAGE_LABEL="4" PRIM_ID_REF="Ar0040000" IS_IC="true"/><TOC_Entry TOC_ENTRY_ID="26" TITLE="Director Says Shows Cannot Be Compared" ENTITY_ID_REF="Ar00401" PAGE_NO="4" PAGE_LABEL="4" PRIM_ID_REF="Ar0040100" IS_IC="true"/><TOC_Entry TOC_ENTRY_ID="27" TITLE="" ENTITY_ID_REF="Ad00409" PAGE_NO="4" PAGE_LABEL="4" PRIM_ID_REF="Ad0040901" IS_IC="true"/><TOC_Entry TOC_ENTRY_ID="28" TITLE="" ENTITY_ID_REF="Ad00407" PAGE_NO="4" PAGE_LABEL="4" PRIM_ID_REF="Ad0040701" IS_IC="true"/><TOC_Entry TOC_ENTRY_ID="29" TITLE="Private Pool Constructed In Basement" ENTITY_ID_REF="Ar00403" PAGE_NO="4" PAGE_LABEL="4" PRIM_ID_REF="Ar0040300" IS_IC="true"/><TOC_Entry TOC_ENTRY_ID="30" TITLE="" ENTITY_ID_REF="Ad00406" PAGE_NO="4" PAGE_LABEL="4" PRIM_ID_REF="Ad0040601" IS_IC="true"/><TOC_Entry TOC_ENTRY_ID="31" TITLE="" ENTITY_ID_REF="Ad00408" PAGE_NO="4" PAGE_LABEL="4" PRIM_ID_REF="Ad0040801" IS_IC="true"/><TOC_Entry TOC_ENTRY_ID="32" TITLE="Society at Mercy Of Ad Salesmen?" ENTITY_ID_REF="Ar00402" PAGE_NO="4" PAGE_LABEL="4" PRIM_ID_REF="Ar0040200" IS_IC="true"/><TOC_Entry TOC_ENTRY_ID="33" TITLE="" ENTITY_ID_REF="Ad00404" PAGE_NO="4" PAGE_LABEL="4" PRIM_ID_REF="Ad0040401" IS_IC="true"/><TOC_Entry TOC_ENTRY_ID="34" TITLE="" ENTITY_ID_REF="Ad00405" PAGE_NO="4" PAGE_LABEL="4" PRIM_ID_REF="Ad0040501" IS_IC="true"/><TOC_Entry TOC_ENTRY_ID="35" TITLE="" ENTITY_ID_REF="Ad00500" PAGE_NO="5" PAGE_LABEL="5" PRIM_ID_REF="Ad0050001" IS_IC="true"/><TOC_Entry TOC_ENTRY_ID="36" TITLE="OFFICIAL BULLETIN THE OHIO STATE UNIVERS..." ENTITY_ID_REF="Ar00603" PAGE_NO="6" PAGE_LABEL="6" PRIM_ID_REF="Ar0060300" IS_IC="true"/><TOC_Entry TOC_ENTRY_ID="37" TITLE="Anthem Tune Is Debatable" ENTITY_ID_REF="Ar00601" PAGE_NO="6" PAGE_LABEL="6" PRIM_ID_REF="Ar0060100" IS_IC="true"/><TOC_Entry TOC_ENTRY_ID="38" TITLE="Ideal Faculty Home" ENTITY_ID_REF="Ar00604" PAGE_NO="6" PAGE_LABEL="6" PRIM_ID_REF="Ar0060400" IS_IC="true"/><TOC_Entry TOC_ENTRY_ID="39" TITLE="Council Will Plan New Study Ideas" ENTITY_ID_REF="Ar00600" PAGE_NO="6" PAGE_LABEL="6" PRIM_ID_REF="Ar0060000" IS_IC="true"/><TOC_Entry TOC_ENTRY_ID="40" TITLE="Qla&amp;hi^JQdL RATES Regular Classified *t ..." ENTITY_ID_REF="Ar00605" PAGE_NO="6" PAGE_LABEL="6" PRIM_ID_REF="Ar0060500" IS_IC="true"/><TOC_Entry TOC_ENTRY_ID="41" TITLE="AM 820 Kilocycles FM 89.7 Megacycles THU..." ENTITY_ID_REF="Ar00606" PAGE_NO="6" PAGE_LABEL="6" PRIM_ID_REF="Ar0060600" IS_IC="true"><TOC_Entry TOC_ENTRY_ID="42" TITLE="" ENTITY_ID_REF="Pc00602" PAGE_NO="6" PAGE_LABEL="6" PRIM_ID_REF="Pc0060200" IS_IC="true"/></TOC_Entry><TOC_Entry TOC_ENTRY_ID="43" TITLE="CHECKING ON THE BIG TEN MEET�Track coach..." ENTITY_ID_REF="Ar00707" PAGE_NO="7" PAGE_LABEL="7" PRIM_ID_REF="Ar0070700" IS_IC="true"><TOC_Entry TOC_ENTRY_ID="44" TITLE="" ENTITY_ID_REF="Pc00700" PAGE_NO="7" PAGE_LABEL="7" PRIM_ID_REF="Pc0070000" IS_IC="true"/></TOC_Entry><TOC_Entry TOC_ENTRY_ID="45" TITLE="Records May Tumble At Big Ten Classic" ENTITY_ID_REF="Ar00702" PAGE_NO="7" PAGE_LABEL="7" PRIM_ID_REF="Ar0070200" IS_IC="true"/><TOC_Entry TOC_ENTRY_ID="46" TITLE="TOUGH YANKEES" ENTITY_ID_REF="Ar00708" PAGE_NO="7" PAGE_LABEL="7" PRIM_ID_REF="Ar0070800" IS_IC="true"/><TOC_Entry TOC_ENTRY_ID="47" TITLE="BROWN LEADS BROWNS" ENTITY_ID_REF="Ar00709" PAGE_NO="7" PAGE_LABEL="7" PRIM_ID_REF="Ar0070900" IS_IC="true"/><TOC_Entry TOC_ENTRY_ID="48" TITLE="Chicago Wins Over Pirates; Moryn Blasts" ENTITY_ID_REF="Ar00710" PAGE_NO="7" PAGE_LABEL="7" PRIM_ID_REF="Ar0071000" IS_IC="true"/><TOC_Entry TOC_ENTRY_ID="49" TITLE="Herb To Hurl In 3 Weeks" ENTITY_ID_REF="Ar00703" PAGE_NO="7" PAGE_LABEL="7" PRIM_ID_REF="Ar0070300" IS_IC="true"/><TOC_Entry TOC_ENTRY_ID="50" TITLE="Laerossemen Beat Denison in Thriller" ENTITY_ID_REF="Ar00701" PAGE_NO="7" PAGE_LABEL="7" PRIM_ID_REF="Ar0070100" IS_IC="true"/><TOC_Entry TOC_ENTRY_ID="51" TITLE="Highlights in Sports" ENTITY_ID_REF="Ar00704" PAGE_NO="7" PAGE_LABEL="7" PRIM_ID_REF="Ar0070400" IS_IC="true"/><TOC_Entry TOC_ENTRY_ID="52" TITLE="Program Set For Olympics" ENTITY_ID_REF="Ar00705" PAGE_NO="7" PAGE_LABEL="7" PRIM_ID_REF="Ar0070500" IS_IC="true"/><TOC_Entry TOC_ENTRY_ID="53" TITLE="Bucks TcfTrdvel To Purdue For Big TO Tra..." ENTITY_ID_REF="Ar00706" PAGE_NO="7" PAGE_LABEL="7" PRIM_ID_REF="Ar0070600" IS_IC="true"/><TOC_Entry TOC_ENTRY_ID="54" TITLE="OHIOAN HONORED" ENTITY_ID_REF="Ar00711" PAGE_NO="7" PAGE_LABEL="7" PRIM_ID_REF="Ar0071100" IS_IC="true"/><TOC_Entry TOC_ENTRY_ID="55" TITLE="Novel Party Planner Pressed To Keep Pace..." ENTITY_ID_REF="Ar00801" PAGE_NO="8" PAGE_LABEL="8" PRIM_ID_REF="Ar0080100" IS_IC="true"><TOC_Entry TOC_ENTRY_ID="56" TITLE="" ENTITY_ID_REF="Pc00802" PAGE_NO="8" PAGE_LABEL="8" PRIM_ID_REF="Pc0080200" IS_IC="true"/></TOC_Entry><TOC_Entry TOC_ENTRY_ID="57" TITLE="JT BRITAIN TRIMS LOAN RATE" ENTITY_ID_REF="Ar00806" PAGE_NO="8" PAGE_LABEL="8" PRIM_ID_REF="Ar0080600" IS_IC="true"/><TOC_Entry TOC_ENTRY_ID="58" TITLE="Sane Nuclear Group Hits Recent Criticism" ENTITY_ID_REF="Ar00800" PAGE_NO="8" PAGE_LABEL="8" PRIM_ID_REF="Ar0080000" IS_IC="true"/><TOC_Entry TOC_ENTRY_ID="59" TITLE="^^^^^^^^^^^^^^^^^^^^^^^^^^^^^^ Moving to..." ENTITY_ID_REF="Ar00804" PAGE_NO="8" PAGE_LABEL="8" PRIM_ID_REF="Ar0080400" IS_IC="true"/><TOC_Entry TOC_ENTRY_ID="60" TITLE="" ENTITY_ID_REF="Ad00805" PAGE_NO="8" PAGE_LABEL="8" PRIM_ID_REF="Ad0080501" IS_IC="true"/><TOC_Entry TOC_ENTRY_ID="61" TITLE="" ENTITY_ID_REF="Ad00803" PAGE_NO="8" PAGE_LABEL="8" PRIM_ID_REF="Ad0080301" IS_IC="true"/></TOC_Entries></Logic_np></Xmd_toc>
