<?xml version="1.0" encoding="windows-1252" standalone="no"?>
<Xmd_toc REPOSITORY_FORMAT="1.0" PRXML_VER="2.2" PUBLICATION="OHI" PUBLICATION_DESCRIPTION="" ISSUE_DATE="27/10/1958" RELEASE_NO="060-OHI-1958-10-27-001-SINGLE-LANTERN_VOL-78_JUN26-JUN8_OCT_145" LANGUAGE="English">
	<Head_np>
		<Meta PAGES_NUMBER="8" SOURCE_TYPE="TIFF" SOURCE_RESOLUTION="72" IMAGES_RESOLUTION="160" PAGE_THUMBNAIL_RESOLUTION="72" PAGE_PREVIEW_RESOLUTION="15" DEFAULT_IMG_EXT="png" DEFAULT_PREVIEW_IMG_EXT="png" BASE_HREF="OHI/1958/10/27" PDF_DESTINATION_MAPPED="OLV0_Page_0001" TITLE_SNP_EXT="png" AD_SNP_EXT="png" IMAGE_SNP_EXT="jpg" MULTI_LAYER_PAGE_IMG="false" IS_SOLID="false" DOC_DATE="27/10/1958" DOC_UID="OHI_27/10/1958" DOC_VER="1" OCR_CONFIDENCE="1.000" TOTAL_CHARS_COUNT="44557" SUSPICIOUS_CHARS_COUNT="0">
			<Publisher XMD_VER="2.6.241.15" ACROBAT_VER="8.12" PUBLISHER="Olive" PROFILE_ID="W:\Batch\Profile\OHI-1958-10-27.ini">
				<PublishDate>Tue, 24 May 2011 14:51:16 UTC</PublishDate>
				<PublishSWFCompatible>false</PublishSWFCompatible>
			</Publisher>
			<Resolutions>
				<Resolution DEFAULT="true">72</Resolution>
			</Resolutions>
		</Meta>
		<Link SOURCE="060-OHI-1958-10-27-001-SINGLE-LANTERN_VOL-78_JUN26-JUN8_OCT_145.pdf"/>
		<DataFiles>
			<Files TYPE="DOC_PDF" PRESENT="1"/>
			<Files TYPE="PAGE_PDF" PRESENT="0"/>
			<Files TYPE="DOC_IMG" PRESENT="0"/>
			<Files TYPE="PAGE_IMG" PRESENT="0"/>
			<Files TYPE="PAGE_VIEW_IMG" PRESENT="1"/>
			<Files TYPE="PAGE_PREVIEW_IMG" PRESENT="1"/>
			<Files TYPE="PRIMITIVE_IMG" PRESENT="1"/>
			<Files TYPE="SNIPPET_IMG" PRESENT="1"/>
			<Files TYPE="SEGMENTATION" PRESENT="0"/>
		</DataFiles><Application_Data/></Head_np>
	<Body_np>
		<Section NAME="Front page">
			<Page PAGE_NO="1" NAME="" PAGE_LABEL="1" ID="Pg001" PAGE_TYPE="Single" PAGE_WIDTH="868" PAGE_HEIGHT="1239" CROP_BOX="0 0 867 1238" MEDIA_BOX="0 0 867 1238" HREF="/1/Pg001" TOTAL_CHARS_COUNT="5643" SUSPICIOUS_CHARS_COUNT="0">
				<Entity ENTITY_TYPE="Article" FIRST_TOC_ENTRY_ID="3" DEPTH_LEVEL="1" INDEX_IN_DOC="3" PAGE_NO="1" NAME="Homecoming Damp ... But Successful" ID="Ar00100" HREF="/1/Ar00100" SIZE="Large" IMAGES_RESOLUTION="160" WORDCNT="354"/>
				<Entity ENTITY_TYPE="Article" FIRST_TOC_ENTRY_ID="4" DEPTH_LEVEL="1" INDEX_IN_DOC="4" PAGE_NO="1" NAME="Senate Asks Course Study As Frosh Aid" ID="Ar00101" HREF="/1/Ar00101" SIZE="Small" IMAGES_RESOLUTION="160" WORDCNT="177"/>
				<Entity ENTITY_TYPE="Article" FIRST_TOC_ENTRY_ID="9" DEPTH_LEVEL="1" INDEX_IN_DOC="9" PAGE_NO="1" NAME="Examiner's Wife Dies" ID="Ar00102" HREF="/1/Ar00102" SIZE="Small" IMAGES_RESOLUTION="160" WORDCNT="154"/>
				<Entity ENTITY_TYPE="Article" FIRST_TOC_ENTRY_ID="7" DEPTH_LEVEL="1" INDEX_IN_DOC="7" PAGE_NO="1" NAME="Small-Town Girl Reigned In Rain" ID="Ar00103" HREF="/1/Ar00103" SIZE="Medium" IMAGES_RESOLUTION="160" WORDCNT="356"/>
				<Entity ENTITY_TYPE="Article" FIRST_TOC_ENTRY_ID="6" DEPTH_LEVEL="1" INDEX_IN_DOC="6" PAGE_NO="1" NAME="Medieval Meet To Begin Friday" ID="Ar00104" HREF="/1/Ar00104" SIZE="Small" IMAGES_RESOLUTION="160" WORDCNT="198"/>
				<Entity ENTITY_TYPE="Article" FIRST_TOC_ENTRY_ID="10" DEPTH_LEVEL="1" INDEX_IN_DOC="10" PAGE_NO="1" NAME="Spirits High Despite Downpour" ID="Ar00105" HREF="/1/Ar00105" SIZE="Small" IMAGES_RESOLUTION="160" WORDCNT="43"/>
				<Entity ENTITY_TYPE="Article" FIRST_TOC_ENTRY_ID="5" DEPTH_LEVEL="1" INDEX_IN_DOC="5" PAGE_NO="1" NAME="U-A NEEDS YOU" ID="Ar00106" HREF="/1/Ar00106" SIZE="Small" IMAGES_RESOLUTION="160" WORDCNT="41"/>
				<Entity ENTITY_TYPE="Picture" FIRST_TOC_ENTRY_ID="8" DEPTH_LEVEL="2" INDEX_IN_DOC="8" PAGE_NO="1" NAME="Untitled Picture" ID="Pc00107" HREF="/1/Pc00107" SIZE="Medium" EMBEDDED_INTO="Ar00103" EMBEDDED_AFTER="Ar0010301" IMAGES_RESOLUTION="160" WORDCNT="0"/>
				<Entity ENTITY_TYPE="Picture" FIRST_TOC_ENTRY_ID="11" DEPTH_LEVEL="2" INDEX_IN_DOC="11" PAGE_NO="1" NAME="Untitled Picture" ID="Pc00108" HREF="/1/Pc00108" SIZE="Medium" EMBEDDED_INTO="Ar00105" EMBEDDED_AFTER="Ar0010500" IMAGES_RESOLUTION="160" WORDCNT="0"/>
				<Entity ENTITY_TYPE="Article" FIRST_TOC_ENTRY_ID="1" DEPTH_LEVEL="1" INDEX_IN_DOC="1" PAGE_NO="1" NAME="Untitled Article" ID="Ar00109" HREF="/1/Ar00109" SIZE="Small" IMAGES_RESOLUTION="160" WORDCNT="12"/>
				<Entity ENTITY_TYPE="Picture" FIRST_TOC_ENTRY_ID="2" DEPTH_LEVEL="2" INDEX_IN_DOC="2" PAGE_NO="1" NAME="Untitled Picture" ID="Pc00110" HREF="/1/Pc00110" SIZE="Small" EMBEDDED_INTO="Ar00109" EMBEDDED_AFTER="Ar0010900" IMAGES_RESOLUTION="160" WORDCNT="0"/>
			</Page>
		</Section>
		<Section NAME="None">
			<Page PAGE_NO="2" NAME="" PAGE_LABEL="2" ID="Pg002" PAGE_TYPE="Single" PAGE_WIDTH="864" PAGE_HEIGHT="1250" CROP_BOX="0 0 863 1249" MEDIA_BOX="0 0 863 1249" HREF="/2/Pg002" TOTAL_CHARS_COUNT="9107" SUSPICIOUS_CHARS_COUNT="0">
				<Entity ENTITY_TYPE="Article" FIRST_TOC_ENTRY_ID="12" DEPTH_LEVEL="1" INDEX_IN_DOC="12" PAGE_NO="2" NAME="5:59 p.m." ID="Ar00200" HREF="/2/Ar00200" SIZE="Medium" IMAGES_RESOLUTION="160" WORDCNT="253"/>
				<Entity ENTITY_TYPE="Article" FIRST_TOC_ENTRY_ID="17" DEPTH_LEVEL="1" INDEX_IN_DOC="17" PAGE_NO="2" NAME="Student Queries Driving Privilege" ID="Ar00201" HREF="/2/Ar00201" SIZE="Medium" IMAGES_RESOLUTION="160" WORDCNT="432"/>
				<Entity ENTITY_TYPE="Article" FIRST_TOC_ENTRY_ID="13" DEPTH_LEVEL="1" INDEX_IN_DOC="13" PAGE_NO="2" NAME="Going, Gone" ID="Ar00202" HREF="/2/Ar00202" SIZE="Medium" IMAGES_RESOLUTION="160" WORDCNT="292"/>
				<Entity ENTITY_TYPE="Article" FIRST_TOC_ENTRY_ID="14" DEPTH_LEVEL="1" INDEX_IN_DOC="14" PAGE_NO="2" NAME="Untitled Article" ID="Ar00203" HREF="/2/Ar00203" SIZE="Small" IMAGES_RESOLUTION="160" WORDCNT="7"/>
				<Entity ENTITY_TYPE="Picture" FIRST_TOC_ENTRY_ID="15" DEPTH_LEVEL="2" INDEX_IN_DOC="15" PAGE_NO="2" NAME="Untitled Picture" ID="Pc00204" HREF="/2/Pc00204" SIZE="Medium" EMBEDDED_INTO="Ar00203" EMBEDDED_AFTER="Ar0020300" IMAGES_RESOLUTION="160" WORDCNT="0"/>
				<Entity ENTITY_TYPE="Article" FIRST_TOC_ENTRY_ID="16" DEPTH_LEVEL="1" INDEX_IN_DOC="16" PAGE_NO="2" NAME="Editor's Mail Bag" ID="Ar00205" HREF="/2/Ar00205" SIZE="Large" IMAGES_RESOLUTION="160" WORDCNT="450"/>
				<Entity ENTITY_TYPE="Article" FIRST_TOC_ENTRY_ID="18" DEPTH_LEVEL="1" INDEX_IN_DOC="18" PAGE_NO="2" NAME="Anti-Unionist Urges All to Vote" ID="Ar00206" HREF="/2/Ar00206" SIZE="Medium" IMAGES_RESOLUTION="160" WORDCNT="324"/>
				<Entity ENTITY_TYPE="Article" FIRST_TOC_ENTRY_ID="19" DEPTH_LEVEL="1" INDEX_IN_DOC="19" PAGE_NO="2" NAME="Campaign Is In White Heat" ID="Ar00207" HREF="/2/Ar00207" SIZE="Medium" IMAGES_RESOLUTION="160" WORDCNT="229"/>
				<Entity ENTITY_TYPE="Article" FIRST_TOC_ENTRY_ID="20" DEPTH_LEVEL="1" INDEX_IN_DOC="20" PAGE_NO="2" NAME="Untitled Article" ID="Ar00208" HREF="/2/Ar00208" SIZE="Small" IMAGES_RESOLUTION="160" WORDCNT="223"/>
			</Page>
			<Page PAGE_NO="3" NAME="" PAGE_LABEL="3" ID="Pg003" PAGE_TYPE="Single" PAGE_WIDTH="867" PAGE_HEIGHT="1243" CROP_BOX="0 0 866 1242" MEDIA_BOX="0 0 866 1242" HREF="/3/Pg003" TOTAL_CHARS_COUNT="4234" SUSPICIOUS_CHARS_COUNT="0">
				<Entity ENTITY_TYPE="Article" FIRST_TOC_ENTRY_ID="21" DEPTH_LEVEL="1" INDEX_IN_DOC="21" PAGE_NO="3" NAME="New Lantern Adviser Appointed" ID="Ar00300" HREF="/3/Ar00300" SIZE="Medium" IMAGES_RESOLUTION="160" WORDCNT="271"/>
				<Entity ENTITY_TYPE="Article" FIRST_TOC_ENTRY_ID="23" DEPTH_LEVEL="1" INDEX_IN_DOC="23" PAGE_NO="3" NAME="Fraternity 'Help Week' Begins Today for 200" ID="Ar00301" HREF="/3/Ar00301" SIZE="Medium" IMAGES_RESOLUTION="160" WORDCNT="270"/>
				<Entity ENTITY_TYPE="Picture" FIRST_TOC_ENTRY_ID="22" DEPTH_LEVEL="2" INDEX_IN_DOC="22" PAGE_NO="3" NAME="Untitled Picture" ID="Pc00302" HREF="/3/Pc00302" SIZE="Medium" EMBEDDED_INTO="Ar00300" EMBEDDED_AFTER="Ar0030003" IMAGES_RESOLUTION="160" WORDCNT="0"/>
				<Entity ENTITY_TYPE="Article" FIRST_TOC_ENTRY_ID="25" DEPTH_LEVEL="1" INDEX_IN_DOC="25" PAGE_NO="3" NAME="SCHEDULES OUT" ID="Ar00303" HREF="/3/Ar00303" SIZE="Small" IMAGES_RESOLUTION="160" WORDCNT="47"/>
				<Entity ENTITY_TYPE="Article" FIRST_TOC_ENTRY_ID="27" DEPTH_LEVEL="1" INDEX_IN_DOC="27" PAGE_NO="3" NAME="Mail Gifts Early" ID="Ar00304" HREF="/3/Ar00304" SIZE="Small" IMAGES_RESOLUTION="160" WORDCNT="81"/>
				<Entity ENTITY_TYPE="Picture" FIRST_TOC_ENTRY_ID="29" DEPTH_LEVEL="2" INDEX_IN_DOC="29" PAGE_NO="3" NAME="Untitled Picture" ID="Pc00305" HREF="/3/Pc00305" SIZE="Medium" EMBEDDED_INTO="Ar00306" EMBEDDED_AFTER="Ar0030600" IMAGES_RESOLUTION="160" WORDCNT="0"/>
				<Entity ENTITY_TYPE="Article" FIRST_TOC_ENTRY_ID="28" DEPTH_LEVEL="1" INDEX_IN_DOC="28" PAGE_NO="3" NAME="Untitled Article" ID="Ar00306" HREF="/3/Ar00306" SIZE="Small" IMAGES_RESOLUTION="160" WORDCNT="265"/>
				<Entity ENTITY_TYPE="Ad" FIRST_TOC_ENTRY_ID="30" DEPTH_LEVEL="1" INDEX_IN_DOC="30" PAGE_NO="3" NAME="Untitled Ad" ID="Ad00307" HREF="/3/Ad00307" SIZE="Large" IMAGES_RESOLUTION="160" WORDCNT="114"/>
				<Entity ENTITY_TYPE="Ad" FIRST_TOC_ENTRY_ID="24" DEPTH_LEVEL="1" INDEX_IN_DOC="24" PAGE_NO="3" NAME="Untitled Ad" ID="Ad00308" HREF="/3/Ad00308" SIZE="Medium" IMAGES_RESOLUTION="160" WORDCNT="87"/>
				<Entity ENTITY_TYPE="Article" FIRST_TOC_ENTRY_ID="26" DEPTH_LEVEL="1" INDEX_IN_DOC="26" PAGE_NO="3" NAME="TOP STUDENTS HONORED" ID="Ar00309" HREF="/3/Ar00309" SIZE="Small" IMAGES_RESOLUTION="160" WORDCNT="44"/>
			</Page>
			<Page PAGE_NO="4" NAME="" PAGE_LABEL="4" ID="Pg004" PAGE_TYPE="Single" PAGE_WIDTH="871" PAGE_HEIGHT="1246" CROP_BOX="0 0 870 1245" MEDIA_BOX="0 0 870 1245" HREF="/4/Pg004" TOTAL_CHARS_COUNT="2690" SUSPICIOUS_CHARS_COUNT="0">
				<Entity ENTITY_TYPE="Article" FIRST_TOC_ENTRY_ID="31" DEPTH_LEVEL="1" INDEX_IN_DOC="31" PAGE_NO="4" NAME="White, Herbstreit Save OSU Tie With Badgers" ID="Ar00400" HREF="/4/Ar00400" SIZE="Large" IMAGES_RESOLUTION="160" WORDCNT="629"/>
				<Entity ENTITY_TYPE="Picture" FIRST_TOC_ENTRY_ID="32" DEPTH_LEVEL="2" INDEX_IN_DOC="32" PAGE_NO="4" NAME="Untitled Picture" ID="Pc00401" HREF="/4/Pc00401" SIZE="Medium" EMBEDDED_INTO="Ar00400" EMBEDDED_AFTER="Ar0040005" IMAGES_RESOLUTION="160" WORDCNT="0"/>
				<Entity ENTITY_TYPE="Picture" FIRST_TOC_ENTRY_ID="35" DEPTH_LEVEL="2" INDEX_IN_DOC="35" PAGE_NO="4" NAME="Untitled Picture" ID="Pc00402" HREF="/4/Pc00402" SIZE="Small" EMBEDDED_INTO="Ar00400" EMBEDDED_AFTER="Ar0040010" IMAGES_RESOLUTION="160" WORDCNT="0"/>
				<Entity ENTITY_TYPE="Picture" FIRST_TOC_ENTRY_ID="33" DEPTH_LEVEL="2" INDEX_IN_DOC="33" PAGE_NO="4" NAME="Untitled Picture" ID="Pc00403" HREF="/4/Pc00403" SIZE="Medium" EMBEDDED_INTO="Ar00400" EMBEDDED_AFTER="Ar0040006" IMAGES_RESOLUTION="160" WORDCNT="0"/>
				<Entity ENTITY_TYPE="Picture" FIRST_TOC_ENTRY_ID="36" DEPTH_LEVEL="2" INDEX_IN_DOC="36" PAGE_NO="4" NAME="Untitled Picture" ID="Pc00404" HREF="/4/Pc00404" SIZE="Medium" EMBEDDED_INTO="Ar00400" EMBEDDED_AFTER="Ar0040011" IMAGES_RESOLUTION="160" WORDCNT="0"/>
				<Entity ENTITY_TYPE="Picture" FIRST_TOC_ENTRY_ID="34" DEPTH_LEVEL="2" INDEX_IN_DOC="34" PAGE_NO="4" NAME="Untitled Picture" ID="Pc00405" HREF="/4/Pc00405" SIZE="Large" EMBEDDED_INTO="Ar00400" EMBEDDED_AFTER="Ar0040008" IMAGES_RESOLUTION="160" WORDCNT="0"/>
				<Entity ENTITY_TYPE="Article" FIRST_TOC_ENTRY_ID="37" DEPTH_LEVEL="1" INDEX_IN_DOC="37" PAGE_NO="4" NAME="Untitled Article" ID="Ar00406" HREF="/4/Ar00406" SIZE="Small" IMAGES_RESOLUTION="160" WORDCNT="8"/>
			</Page>
			<Page PAGE_NO="5" NAME="" PAGE_LABEL="5" ID="Pg005" PAGE_TYPE="Single" PAGE_WIDTH="866" PAGE_HEIGHT="1240" CROP_BOX="0 0 865 1239" MEDIA_BOX="0 0 865 1239" HREF="/5/Pg005" TOTAL_CHARS_COUNT="3217" SUSPICIOUS_CHARS_COUNT="0">
				<Entity ENTITY_TYPE="Article" FIRST_TOC_ENTRY_ID="38" DEPTH_LEVEL="1" INDEX_IN_DOC="38" PAGE_NO="5" NAME="Hero or Goat?" ID="Ar00500" HREF="/5/Ar00500" SIZE="Small" IMAGES_RESOLUTION="160" WORDCNT="78"/>
				<Entity ENTITY_TYPE="Picture" FIRST_TOC_ENTRY_ID="39" DEPTH_LEVEL="2" INDEX_IN_DOC="39" PAGE_NO="5" NAME="Untitled Picture" ID="Pc00501" HREF="/5/Pc00501" SIZE="Large" EMBEDDED_INTO="Ar00500" EMBEDDED_AFTER="Ar0050001" IMAGES_RESOLUTION="160" WORDCNT="0"/>
				<Entity ENTITY_TYPE="Article" FIRST_TOC_ENTRY_ID="40" DEPTH_LEVEL="1" INDEX_IN_DOC="40" PAGE_NO="5" NAME="Kenyon Soccer Team Ties Bucks On Soggy Field" ID="Ar00502" HREF="/5/Ar00502" SIZE="Small" IMAGES_RESOLUTION="160" WORDCNT="132"/>
				<Entity ENTITY_TYPE="Ad" FIRST_TOC_ENTRY_ID="41" DEPTH_LEVEL="1" INDEX_IN_DOC="41" PAGE_NO="5" NAME="Untitled Ad" ID="Ad00503" HREF="/5/Ad00503" SIZE="Medium" IMAGES_RESOLUTION="160" WORDCNT="61"/>
				<Entity ENTITY_TYPE="Article" FIRST_TOC_ENTRY_ID="42" DEPTH_LEVEL="1" INDEX_IN_DOC="42" PAGE_NO="5" NAME="Wildcat Game on TV" ID="Ar00504" HREF="/5/Ar00504" SIZE="Medium" IMAGES_RESOLUTION="160" WORDCNT="363"/>
				<Entity ENTITY_TYPE="Ad" FIRST_TOC_ENTRY_ID="44" DEPTH_LEVEL="1" INDEX_IN_DOC="44" PAGE_NO="5" NAME="Untitled Ad" ID="Ad00505" HREF="/5/Ad00505" SIZE="XLarge" IMAGES_RESOLUTION="160" WORDCNT="391"/>
				<Entity ENTITY_TYPE="Article" FIRST_TOC_ENTRY_ID="43" DEPTH_LEVEL="1" INDEX_IN_DOC="43" PAGE_NO="5" NAME="SPORTS QUIZ" ID="Ar00506" HREF="/5/Ar00506" SIZE="Small" IMAGES_RESOLUTION="160" WORDCNT="215"/>
			</Page>
			<Page PAGE_NO="6" NAME="" PAGE_LABEL="6" ID="Pg006" PAGE_TYPE="Single" PAGE_WIDTH="875" PAGE_HEIGHT="1249" CROP_BOX="0 0 874 1248" MEDIA_BOX="0 0 874 1248" HREF="/6/Pg006" TOTAL_CHARS_COUNT="11956" SUSPICIOUS_CHARS_COUNT="0">
				<Entity ENTITY_TYPE="Article" FIRST_TOC_ENTRY_ID="45" DEPTH_LEVEL="1" INDEX_IN_DOC="45" PAGE_NO="6" NAME="Untitled Article" ID="Ar00600" HREF="/6/Ar00600" SIZE="XLarge" IMAGES_RESOLUTION="160" WORDCNT="2081"/>
				<Entity ENTITY_TYPE="Article" FIRST_TOC_ENTRY_ID="48" DEPTH_LEVEL="1" INDEX_IN_DOC="48" PAGE_NO="6" NAME="One To ABor In Vodka Sand" ID="Ar00601" HREF="/6/Ar00601" SIZE="Small" IMAGES_RESOLUTION="160" WORDCNT="166"/>
				<Entity ENTITY_TYPE="Article" FIRST_TOC_ENTRY_ID="50" DEPTH_LEVEL="1" INDEX_IN_DOC="50" PAGE_NO="6" NAME="Untitled Article" ID="Ar00602" HREF="/6/Ar00602" SIZE="Small" IMAGES_RESOLUTION="160" WORDCNT="263"/>
				<Entity ENTITY_TYPE="Ad" FIRST_TOC_ENTRY_ID="51" DEPTH_LEVEL="1" INDEX_IN_DOC="51" PAGE_NO="6" NAME="Untitled Ad" ID="Ad00603" HREF="/6/Ad00603" SIZE="Small" IMAGES_RESOLUTION="160" WORDCNT="177"/>
				<Entity ENTITY_TYPE="Ad" FIRST_TOC_ENTRY_ID="52" DEPTH_LEVEL="1" INDEX_IN_DOC="52" PAGE_NO="6" NAME="Untitled Ad" ID="Ad00604" HREF="/6/Ad00604" SIZE="Small" IMAGES_RESOLUTION="160" WORDCNT="139"/>
				<Entity ENTITY_TYPE="Ad" FIRST_TOC_ENTRY_ID="56" DEPTH_LEVEL="1" INDEX_IN_DOC="56" PAGE_NO="6" NAME="Untitled Ad" ID="Ad00605" HREF="/6/Ad00605" SIZE="Medium" IMAGES_RESOLUTION="160" WORDCNT="42"/>
				<Entity ENTITY_TYPE="Article" FIRST_TOC_ENTRY_ID="53" DEPTH_LEVEL="1" INDEX_IN_DOC="53" PAGE_NO="6" NAME="Untitled Article" ID="Ar00606" HREF="/6/Ar00606" SIZE="Small" IMAGES_RESOLUTION="160" WORDCNT="35"/>
				<Entity ENTITY_TYPE="Ad" FIRST_TOC_ENTRY_ID="54" DEPTH_LEVEL="1" INDEX_IN_DOC="54" PAGE_NO="6" NAME="Untitled Ad" ID="Ad00607" HREF="/6/Ad00607" SIZE="Small" IMAGES_RESOLUTION="160" WORDCNT="144"/>
				<Entity ENTITY_TYPE="Article" FIRST_TOC_ENTRY_ID="46" DEPTH_LEVEL="1" INDEX_IN_DOC="46" PAGE_NO="6" NAME="Untitled Article" ID="Ar00608" HREF="/6/Ar00608" SIZE="Medium" IMAGES_RESOLUTION="160" WORDCNT="328"/>
				<Entity ENTITY_TYPE="Picture" FIRST_TOC_ENTRY_ID="47" DEPTH_LEVEL="2" INDEX_IN_DOC="47" PAGE_NO="6" NAME="Untitled Picture" ID="Pc00609" HREF="/6/Pc00609" SIZE="Small" EMBEDDED_INTO="Ar00608" EMBEDDED_AFTER="Ar0060800" IMAGES_RESOLUTION="160" WORDCNT="0"/>
				<Entity ENTITY_TYPE="Article" FIRST_TOC_ENTRY_ID="49" DEPTH_LEVEL="1" INDEX_IN_DOC="49" PAGE_NO="6" NAME="Untitled Article" ID="Ar00610" HREF="/6/Ar00610" SIZE="Small" IMAGES_RESOLUTION="160" WORDCNT="52"/>
				<Entity ENTITY_TYPE="Ad" FIRST_TOC_ENTRY_ID="55" DEPTH_LEVEL="1" INDEX_IN_DOC="55" PAGE_NO="6" NAME="Untitled Ad" ID="Ad00611" HREF="/6/Ad00611" SIZE="Small" IMAGES_RESOLUTION="160" WORDCNT="74"/>
			</Page>
			<Page PAGE_NO="7" NAME="" PAGE_LABEL="7" ID="Pg007" PAGE_TYPE="Single" PAGE_WIDTH="869" PAGE_HEIGHT="1238" CROP_BOX="0 0 868 1237" MEDIA_BOX="0 0 868 1237" HREF="/7/Pg007" TOTAL_CHARS_COUNT="5073" SUSPICIOUS_CHARS_COUNT="0">
				<Entity ENTITY_TYPE="Article" FIRST_TOC_ENTRY_ID="57" DEPTH_LEVEL="1" INDEX_IN_DOC="57" PAGE_NO="7" NAME="++ spot a to A + +" ID="Ar00700" HREF="/7/Ar00700" SIZE="Large" IMAGES_RESOLUTION="160" WORDCNT="678"/>
				<Entity ENTITY_TYPE="Article" FIRST_TOC_ENTRY_ID="58" DEPTH_LEVEL="1" INDEX_IN_DOC="58" PAGE_NO="7" NAME="Speaker Set For Meeting" ID="Ar00701" HREF="/7/Ar00701" SIZE="Small" IMAGES_RESOLUTION="160" WORDCNT="226"/>
				<Entity ENTITY_TYPE="Article" FIRST_TOC_ENTRY_ID="60" DEPTH_LEVEL="1" INDEX_IN_DOC="60" PAGE_NO="7" NAME="Mirror of the Campus" ID="Ar00702" HREF="/7/Ar00702" SIZE="Small" IMAGES_RESOLUTION="160" WORDCNT="225"/>
				<Entity ENTITY_TYPE="Ad" FIRST_TOC_ENTRY_ID="61" DEPTH_LEVEL="1" INDEX_IN_DOC="61" PAGE_NO="7" NAME="Untitled Ad" ID="Ad00703" HREF="/7/Ad00703" SIZE="Medium" IMAGES_RESOLUTION="160" WORDCNT="271"/>
				<Entity ENTITY_TYPE="Ad" FIRST_TOC_ENTRY_ID="62" DEPTH_LEVEL="1" INDEX_IN_DOC="62" PAGE_NO="7" NAME="Untitled Ad" ID="Ad00704" HREF="/7/Ad00704" SIZE="XLarge" IMAGES_RESOLUTION="160" WORDCNT="72"/>
				<Entity ENTITY_TYPE="Ad" FIRST_TOC_ENTRY_ID="59" DEPTH_LEVEL="1" INDEX_IN_DOC="59" PAGE_NO="7" NAME="Untitled Ad" ID="Ad00705" HREF="/7/Ad00705" SIZE="Small" IMAGES_RESOLUTION="160" WORDCNT="75"/>
			</Page>
			<Page PAGE_NO="8" NAME="" PAGE_LABEL="8" ID="Pg008" PAGE_TYPE="Single" PAGE_WIDTH="884" PAGE_HEIGHT="1258" CROP_BOX="0 0 883 1257" MEDIA_BOX="0 0 883 1257" HREF="/8/Pg008" TOTAL_CHARS_COUNT="2637" SUSPICIOUS_CHARS_COUNT="0">
				<Entity ENTITY_TYPE="Article" FIRST_TOC_ENTRY_ID="63" DEPTH_LEVEL="1" INDEX_IN_DOC="63" PAGE_NO="8" NAME="Departments Of UN Moke Forum Topic" ID="Ar00800" HREF="/8/Ar00800" SIZE="Small" IMAGES_RESOLUTION="160" WORDCNT="187"/>
				<Entity ENTITY_TYPE="Article" FIRST_TOC_ENTRY_ID="64" DEPTH_LEVEL="1" INDEX_IN_DOC="64" PAGE_NO="8" NAME="Pranks Add Color" ID="Ar00801" HREF="/8/Ar00801" SIZE="Small" IMAGES_RESOLUTION="160" WORDCNT="42"/>
				<Entity ENTITY_TYPE="Picture" FIRST_TOC_ENTRY_ID="65" DEPTH_LEVEL="2" INDEX_IN_DOC="65" PAGE_NO="8" NAME="Untitled Picture" ID="Pc00802" HREF="/8/Pc00802" SIZE="Medium" EMBEDDED_INTO="Ar00801" EMBEDDED_AFTER="Ar0080101" IMAGES_RESOLUTION="160" WORDCNT="0"/>
				<Entity ENTITY_TYPE="Article" FIRST_TOC_ENTRY_ID="66" DEPTH_LEVEL="1" INDEX_IN_DOC="66" PAGE_NO="8" NAME="Campaign Starts For A-Test Ban" ID="Ar00803" HREF="/8/Ar00803" SIZE="Medium" IMAGES_RESOLUTION="160" WORDCNT="314"/>
				<Entity ENTITY_TYPE="Article" FIRST_TOC_ENTRY_ID="67" DEPTH_LEVEL="1" INDEX_IN_DOC="67" PAGE_NO="8" NAME="CHORUS OPENINGS" ID="Ar00804" HREF="/8/Ar00804" SIZE="Small" IMAGES_RESOLUTION="160" WORDCNT="66"/>
				<Entity ENTITY_TYPE="Ad" FIRST_TOC_ENTRY_ID="68" DEPTH_LEVEL="1" INDEX_IN_DOC="68" PAGE_NO="8" NAME="Untitled Ad" ID="Ad00805" HREF="/8/Ad00805" SIZE="XLarge" IMAGES_RESOLUTION="160" WORDCNT="165"/>
			</Page>
		</Section>
	</Body_np>
	<Logic_np><TOC_Entries><TOC_Entry TOC_ENTRY_ID="1" TITLE="WEATHER Mostly cloudy and cool; light ra..." ENTITY_ID_REF="Ar00109" PAGE_NO="1" PAGE_LABEL="1" PRIM_ID_REF="Ar0010900" IS_IC="true"><TOC_Entry TOC_ENTRY_ID="2" TITLE="" ENTITY_ID_REF="Pc00110" PAGE_NO="1" PAGE_LABEL="1" PRIM_ID_REF="Pc0011000" IS_IC="true"/></TOC_Entry><TOC_Entry TOC_ENTRY_ID="3" TITLE="Homecoming Damp ... But Successful" ENTITY_ID_REF="Ar00100" PAGE_NO="1" PAGE_LABEL="1" PRIM_ID_REF="Ar0010000" IS_IC="true"/><TOC_Entry TOC_ENTRY_ID="4" TITLE="Senate Asks Course Study As Frosh Aid" ENTITY_ID_REF="Ar00101" PAGE_NO="1" PAGE_LABEL="1" PRIM_ID_REF="Ar0010100" IS_IC="true"/><TOC_Entry TOC_ENTRY_ID="5" TITLE="U-A NEEDS YOU" ENTITY_ID_REF="Ar00106" PAGE_NO="1" PAGE_LABEL="1" PRIM_ID_REF="Ar0010600" IS_IC="true"/><TOC_Entry TOC_ENTRY_ID="6" TITLE="Medieval Meet To Begin Friday" ENTITY_ID_REF="Ar00104" PAGE_NO="1" PAGE_LABEL="1" PRIM_ID_REF="Ar0010400" IS_IC="true"/><TOC_Entry TOC_ENTRY_ID="7" TITLE="Small-Town Girl Reigned In Rain" ENTITY_ID_REF="Ar00103" PAGE_NO="1" PAGE_LABEL="1" PRIM_ID_REF="Ar0010300" IS_IC="true"><TOC_Entry TOC_ENTRY_ID="8" TITLE="" ENTITY_ID_REF="Pc00107" PAGE_NO="1" PAGE_LABEL="1" PRIM_ID_REF="Pc0010700" IS_IC="true"/></TOC_Entry><TOC_Entry TOC_ENTRY_ID="9" TITLE="Examiner's Wife Dies" ENTITY_ID_REF="Ar00102" PAGE_NO="1" PAGE_LABEL="1" PRIM_ID_REF="Ar0010200" IS_IC="true"/><TOC_Entry TOC_ENTRY_ID="10" TITLE="Spirits High Despite Downpour" ENTITY_ID_REF="Ar00105" PAGE_NO="1" PAGE_LABEL="1" PRIM_ID_REF="Ar0010500" IS_IC="true"><TOC_Entry TOC_ENTRY_ID="11" TITLE="" ENTITY_ID_REF="Pc00108" PAGE_NO="1" PAGE_LABEL="1" PRIM_ID_REF="Pc0010800" IS_IC="true"/></TOC_Entry><TOC_Entry TOC_ENTRY_ID="12" TITLE="5:59 p.m." ENTITY_ID_REF="Ar00200" PAGE_NO="2" PAGE_LABEL="2" PRIM_ID_REF="Ar0020000" IS_IC="true"/><TOC_Entry TOC_ENTRY_ID="13" TITLE="Going, Gone" ENTITY_ID_REF="Ar00202" PAGE_NO="2" PAGE_LABEL="2" PRIM_ID_REF="Ar0020200" IS_IC="true"/><TOC_Entry TOC_ENTRY_ID="14" TITLE="LITTLE MAN ON CAMPUS by Dick Bibler" ENTITY_ID_REF="Ar00203" PAGE_NO="2" PAGE_LABEL="2" PRIM_ID_REF="Ar0020300" IS_IC="true"><TOC_Entry TOC_ENTRY_ID="15" TITLE="" ENTITY_ID_REF="Pc00204" PAGE_NO="2" PAGE_LABEL="2" PRIM_ID_REF="Pc0020400" IS_IC="true"/></TOC_Entry><TOC_Entry TOC_ENTRY_ID="16" TITLE="Editor's Mail Bag" ENTITY_ID_REF="Ar00205" PAGE_NO="2" PAGE_LABEL="2" PRIM_ID_REF="Ar0020500" IS_IC="true"/><TOC_Entry TOC_ENTRY_ID="17" TITLE="Student Queries Driving Privilege" ENTITY_ID_REF="Ar00201" PAGE_NO="2" PAGE_LABEL="2" PRIM_ID_REF="Ar0020100" IS_IC="true"/><TOC_Entry TOC_ENTRY_ID="18" TITLE="Anti-Unionist Urges All to Vote" ENTITY_ID_REF="Ar00206" PAGE_NO="2" PAGE_LABEL="2" PRIM_ID_REF="Ar0020600" IS_IC="true"/><TOC_Entry TOC_ENTRY_ID="19" TITLE="Campaign Is In White Heat" ENTITY_ID_REF="Ar00207" PAGE_NO="2" PAGE_LABEL="2" PRIM_ID_REF="Ar0020700" IS_IC="true"/><TOC_Entry TOC_ENTRY_ID="20" TITLE="J/UL Ohio State-... LANTERN STAFF Managi..." ENTITY_ID_REF="Ar00208" PAGE_NO="2" PAGE_LABEL="2" PRIM_ID_REF="Ar0020800" IS_IC="true"/><TOC_Entry TOC_ENTRY_ID="21" TITLE="New Lantern Adviser Appointed" ENTITY_ID_REF="Ar00300" PAGE_NO="3" PAGE_LABEL="3" PRIM_ID_REF="Ar0030000" IS_IC="true"><TOC_Entry TOC_ENTRY_ID="22" TITLE="" ENTITY_ID_REF="Pc00302" PAGE_NO="3" PAGE_LABEL="3" PRIM_ID_REF="Pc0030200" IS_IC="true"/></TOC_Entry><TOC_Entry TOC_ENTRY_ID="23" TITLE="Fraternity 'Help Week' Begins Today for ..." ENTITY_ID_REF="Ar00301" PAGE_NO="3" PAGE_LABEL="3" PRIM_ID_REF="Ar0030100" IS_IC="true"/><TOC_Entry TOC_ENTRY_ID="24" TITLE="" ENTITY_ID_REF="Ad00308" PAGE_NO="3" PAGE_LABEL="3" PRIM_ID_REF="Ad0030801" IS_IC="true"/><TOC_Entry TOC_ENTRY_ID="25" TITLE="SCHEDULES OUT" ENTITY_ID_REF="Ar00303" PAGE_NO="3" PAGE_LABEL="3" PRIM_ID_REF="Ar0030300" IS_IC="true"/><TOC_Entry TOC_ENTRY_ID="26" TITLE="TOP STUDENTS HONORED" ENTITY_ID_REF="Ar00309" PAGE_NO="3" PAGE_LABEL="3" PRIM_ID_REF="Ar0030900" IS_IC="true"/><TOC_Entry TOC_ENTRY_ID="27" TITLE="Mail Gifts Early" ENTITY_ID_REF="Ar00304" PAGE_NO="3" PAGE_LABEL="3" PRIM_ID_REF="Ar0030400" IS_IC="true"/><TOC_Entry TOC_ENTRY_ID="28" TITLE="The problem was not that Marty had falle..." ENTITY_ID_REF="Ar00306" PAGE_NO="3" PAGE_LABEL="3" PRIM_ID_REF="Ar0030600" IS_IC="true"><TOC_Entry TOC_ENTRY_ID="29" TITLE="" ENTITY_ID_REF="Pc00305" PAGE_NO="3" PAGE_LABEL="3" PRIM_ID_REF="Pc0030500" IS_IC="true"/></TOC_Entry><TOC_Entry TOC_ENTRY_ID="30" TITLE="" ENTITY_ID_REF="Ad00307" PAGE_NO="3" PAGE_LABEL="3" PRIM_ID_REF="Ad0030701" IS_IC="true"/><TOC_Entry TOC_ENTRY_ID="31" TITLE="White, Herbstreit Save OSU Tie With Badg..." ENTITY_ID_REF="Ar00400" PAGE_NO="4" PAGE_LABEL="4" PRIM_ID_REF="Ar0040000" IS_IC="true"><TOC_Entry TOC_ENTRY_ID="32" TITLE="" ENTITY_ID_REF="Pc00401" PAGE_NO="4" PAGE_LABEL="4" PRIM_ID_REF="Pc0040100" IS_IC="true"/><TOC_Entry TOC_ENTRY_ID="33" TITLE="" ENTITY_ID_REF="Pc00403" PAGE_NO="4" PAGE_LABEL="4" PRIM_ID_REF="Pc0040300" IS_IC="true"/><TOC_Entry TOC_ENTRY_ID="34" TITLE="" ENTITY_ID_REF="Pc00405" PAGE_NO="4" PAGE_LABEL="4" PRIM_ID_REF="Pc0040500" IS_IC="true"/><TOC_Entry TOC_ENTRY_ID="35" TITLE="" ENTITY_ID_REF="Pc00402" PAGE_NO="4" PAGE_LABEL="4" PRIM_ID_REF="Pc0040200" IS_IC="true"/><TOC_Entry TOC_ENTRY_ID="36" TITLE="" ENTITY_ID_REF="Pc00404" PAGE_NO="4" PAGE_LABEL="4" PRIM_ID_REF="Pc0040400" IS_IC="true"/></TOC_Entry><TOC_Entry TOC_ENTRY_ID="37" TITLE="LANTERN PHOTOS BY JOHN ORAVEC LOU COPITS..." ENTITY_ID_REF="Ar00406" PAGE_NO="4" PAGE_LABEL="4" PRIM_ID_REF="Ar0040600" IS_IC="true"/><TOC_Entry TOC_ENTRY_ID="38" TITLE="Hero or Goat?" ENTITY_ID_REF="Ar00500" PAGE_NO="5" PAGE_LABEL="5" PRIM_ID_REF="Ar0050000" IS_IC="true"><TOC_Entry TOC_ENTRY_ID="39" TITLE="" ENTITY_ID_REF="Pc00501" PAGE_NO="5" PAGE_LABEL="5" PRIM_ID_REF="Pc0050100" IS_IC="true"/></TOC_Entry><TOC_Entry TOC_ENTRY_ID="40" TITLE="Kenyon Soccer Team Ties Bucks On Soggy F..." ENTITY_ID_REF="Ar00502" PAGE_NO="5" PAGE_LABEL="5" PRIM_ID_REF="Ar0050200" IS_IC="true"/><TOC_Entry TOC_ENTRY_ID="41" TITLE="" ENTITY_ID_REF="Ad00503" PAGE_NO="5" PAGE_LABEL="5" PRIM_ID_REF="Ad0050308" IS_IC="true"/><TOC_Entry TOC_ENTRY_ID="42" TITLE="Wildcat Game on TV" ENTITY_ID_REF="Ar00504" PAGE_NO="5" PAGE_LABEL="5" PRIM_ID_REF="Ar0050400" IS_IC="true"/><TOC_Entry TOC_ENTRY_ID="43" TITLE="SPORTS QUIZ" ENTITY_ID_REF="Ar00506" PAGE_NO="5" PAGE_LABEL="5" PRIM_ID_REF="Ar0050600" IS_IC="true"/><TOC_Entry TOC_ENTRY_ID="44" TITLE="" ENTITY_ID_REF="Ad00505" PAGE_NO="5" PAGE_LABEL="5" PRIM_ID_REF="Ad0050501" IS_IC="true"/><TOC_Entry TOC_ENTRY_ID="45" TITLE="OFFICIAL BULLETIN THE OHIO STATE UNIVERS..." ENTITY_ID_REF="Ar00600" PAGE_NO="6" PAGE_LABEL="6" PRIM_ID_REF="Ar0060000" IS_IC="true"/><TOC_Entry TOC_ENTRY_ID="46" TITLE="AM 820 Kilocycles FM 89.7 Megacycles MON..." ENTITY_ID_REF="Ar00608" PAGE_NO="6" PAGE_LABEL="6" PRIM_ID_REF="Ar0060800" IS_IC="true"><TOC_Entry TOC_ENTRY_ID="47" TITLE="" ENTITY_ID_REF="Pc00609" PAGE_NO="6" PAGE_LABEL="6" PRIM_ID_REF="Pc0060900" IS_IC="true"/></TOC_Entry><TOC_Entry TOC_ENTRY_ID="48" TITLE="One To ABor In Vodka Sand" ENTITY_ID_REF="Ar00601" PAGE_NO="6" PAGE_LABEL="6" PRIM_ID_REF="Ar0060100" IS_IC="true"/><TOC_Entry TOC_ENTRY_ID="49" TITLE="QloAM^isuL (Mv&amp;hlhAnq^ RATES Regular Cla..." ENTITY_ID_REF="Ar00610" PAGE_NO="6" PAGE_LABEL="6" PRIM_ID_REF="Ar0061000" IS_IC="true"/><TOC_Entry TOC_ENTRY_ID="50" TITLE="WANTED SALES PEOPLE. Part time. Local ar..." ENTITY_ID_REF="Ar00602" PAGE_NO="6" PAGE_LABEL="6" PRIM_ID_REF="Ar0060200" IS_IC="true"/><TOC_Entry TOC_ENTRY_ID="51" TITLE="" ENTITY_ID_REF="Ad00603" PAGE_NO="6" PAGE_LABEL="6" PRIM_ID_REF="Ad0060304" IS_IC="true"/><TOC_Entry TOC_ENTRY_ID="52" TITLE="" ENTITY_ID_REF="Ad00604" PAGE_NO="6" PAGE_LABEL="6" PRIM_ID_REF="Ad0060402" IS_IC="true"/><TOC_Entry TOC_ENTRY_ID="53" TITLE="TYPIST Term papers, theses, law briefs. ..." ENTITY_ID_REF="Ar00606" PAGE_NO="6" PAGE_LABEL="6" PRIM_ID_REF="Ar0060600" IS_IC="true"/><TOC_Entry TOC_ENTRY_ID="54" TITLE="" ENTITY_ID_REF="Ad00607" PAGE_NO="6" PAGE_LABEL="6" PRIM_ID_REF="Ad0060707" IS_IC="true"/><TOC_Entry TOC_ENTRY_ID="55" TITLE="" ENTITY_ID_REF="Ad00611" PAGE_NO="6" PAGE_LABEL="6" PRIM_ID_REF="Ad0061101" IS_IC="true"/><TOC_Entry TOC_ENTRY_ID="56" TITLE="" ENTITY_ID_REF="Ad00605" PAGE_NO="6" PAGE_LABEL="6" PRIM_ID_REF="Ad0060507" IS_IC="true"/><TOC_Entry TOC_ENTRY_ID="57" TITLE="++ spot a to A + +" ENTITY_ID_REF="Ar00700" PAGE_NO="7" PAGE_LABEL="7" PRIM_ID_REF="Ar0070000" IS_IC="true"/><TOC_Entry TOC_ENTRY_ID="58" TITLE="Speaker Set For Meeting" ENTITY_ID_REF="Ar00701" PAGE_NO="7" PAGE_LABEL="7" PRIM_ID_REF="Ar0070100" IS_IC="true"/><TOC_Entry TOC_ENTRY_ID="59" TITLE="" ENTITY_ID_REF="Ad00705" PAGE_NO="7" PAGE_LABEL="7" PRIM_ID_REF="Ad0070501" IS_IC="true"/><TOC_Entry TOC_ENTRY_ID="60" TITLE="Mirror of the Campus" ENTITY_ID_REF="Ar00702" PAGE_NO="7" PAGE_LABEL="7" PRIM_ID_REF="Ar0070200" IS_IC="true"/><TOC_Entry TOC_ENTRY_ID="61" TITLE="" ENTITY_ID_REF="Ad00703" PAGE_NO="7" PAGE_LABEL="7" PRIM_ID_REF="Ad0070314" IS_IC="true"/><TOC_Entry TOC_ENTRY_ID="62" TITLE="" ENTITY_ID_REF="Ad00704" PAGE_NO="7" PAGE_LABEL="7" PRIM_ID_REF="Ad0070401" IS_IC="true"/><TOC_Entry TOC_ENTRY_ID="63" TITLE="Departments Of UN Moke Forum Topic" ENTITY_ID_REF="Ar00800" PAGE_NO="8" PAGE_LABEL="8" PRIM_ID_REF="Ar0080000" IS_IC="true"/><TOC_Entry TOC_ENTRY_ID="64" TITLE="Pranks Add Color" ENTITY_ID_REF="Ar00801" PAGE_NO="8" PAGE_LABEL="8" PRIM_ID_REF="Ar0080100" IS_IC="true"><TOC_Entry TOC_ENTRY_ID="65" TITLE="" ENTITY_ID_REF="Pc00802" PAGE_NO="8" PAGE_LABEL="8" PRIM_ID_REF="Pc0080200" IS_IC="true"/></TOC_Entry><TOC_Entry TOC_ENTRY_ID="66" TITLE="Campaign Starts For A-Test Ban" ENTITY_ID_REF="Ar00803" PAGE_NO="8" PAGE_LABEL="8" PRIM_ID_REF="Ar0080300" IS_IC="true"/><TOC_Entry TOC_ENTRY_ID="67" TITLE="CHORUS OPENINGS" ENTITY_ID_REF="Ar00804" PAGE_NO="8" PAGE_LABEL="8" PRIM_ID_REF="Ar0080400" IS_IC="true"/><TOC_Entry TOC_ENTRY_ID="68" TITLE="" ENTITY_ID_REF="Ad00805" PAGE_NO="8" PAGE_LABEL="8" PRIM_ID_REF="Ad0080501" IS_IC="true"/></TOC_Entries></Logic_np></Xmd_toc>
