<?xml version="1.0" encoding="windows-1252" standalone="no"?>
<Xmd_toc REPOSITORY_FORMAT="1.0" PRXML_VER="2.2" PUBLICATION="OHI" PUBLICATION_DESCRIPTION="" ISSUE_DATE="03/06/1958" RELEASE_NO="060-OHI-1958-06-03-001-SINGLE-LANTERN_VOL-77_JUN20-JUN6_JUN_009" LANGUAGE="English">
	<Head_np>
		<Meta PAGES_NUMBER="8" SOURCE_TYPE="TIFF" SOURCE_RESOLUTION="72" IMAGES_RESOLUTION="160" PAGE_THUMBNAIL_RESOLUTION="72" PAGE_PREVIEW_RESOLUTION="15" DEFAULT_IMG_EXT="png" DEFAULT_PREVIEW_IMG_EXT="png" BASE_HREF="OHI/1958/06/03" PDF_DESTINATION_MAPPED="OLV0_Page_0001" TITLE_SNP_EXT="png" AD_SNP_EXT="png" IMAGE_SNP_EXT="jpg" MULTI_LAYER_PAGE_IMG="false" IS_SOLID="false" DOC_DATE="03/06/1958" DOC_UID="OHI_03/06/1958" DOC_VER="1" OCR_CONFIDENCE="1.000" TOTAL_CHARS_COUNT="58473" SUSPICIOUS_CHARS_COUNT="0">
			<Publisher XMD_VER="2.6.241.4" ACROBAT_VER="7.08" PUBLISHER="Olive" PROFILE_ID="W:\Batch\Profile\OHI-1958-06-03.ini">
				<PublishDate>Tue, 24 May 2011 15:40:48 UTC</PublishDate>
				<PublishSWFCompatible>false</PublishSWFCompatible>
			</Publisher>
			<Resolutions>
				<Resolution DEFAULT="true">72</Resolution>
			</Resolutions>
		</Meta>
		<Link SOURCE="060-OHI-1958-06-03-001-SINGLE-LANTERN_VOL-77_JUN20-JUN6_JUN_009.pdf"/>
		<DataFiles>
			<Files TYPE="DOC_PDF" PRESENT="1"/>
			<Files TYPE="PAGE_PDF" PRESENT="0"/>
			<Files TYPE="DOC_IMG" PRESENT="0"/>
			<Files TYPE="PAGE_IMG" PRESENT="0"/>
			<Files TYPE="PAGE_VIEW_IMG" PRESENT="1"/>
			<Files TYPE="PAGE_PREVIEW_IMG" PRESENT="1"/>
			<Files TYPE="PRIMITIVE_IMG" PRESENT="1"/>
			<Files TYPE="SNIPPET_IMG" PRESENT="1"/>
			<Files TYPE="SEGMENTATION" PRESENT="0"/>
		</DataFiles><Application_Data/></Head_np>
	<Body_np>
		<Section NAME="Front page">
			<Page PAGE_NO="1" NAME="" PAGE_LABEL="1" ID="Pg001" PAGE_TYPE="Single" PAGE_WIDTH="864" PAGE_HEIGHT="1238" CROP_BOX="0 0 863 1237" MEDIA_BOX="0 0 863 1237" HREF="/1/Pg001" TOTAL_CHARS_COUNT="8772" SUSPICIOUS_CHARS_COUNT="0">
				<Entity ENTITY_TYPE="Article" FIRST_TOC_ENTRY_ID="1" DEPTH_LEVEL="1" INDEX_IN_DOC="1" PAGE_NO="1" NAME="Marshall Airs Military Ties Of DeGaulle" ID="Ar00100" HREF="/1/Ar00100" SIZE="Medium" IMAGES_RESOLUTION="160" WORDCNT="306"/>
				<Entity ENTITY_TYPE="Article" FIRST_TOC_ENTRY_ID="2" DEPTH_LEVEL="1" INDEX_IN_DOC="2" PAGE_NO="1" NAME="Glee Club Set For Auditions" ID="Ar00101" HREF="/1/Ar00101" SIZE="Small" IMAGES_RESOLUTION="160" WORDCNT="175"/>
				<Entity ENTITY_TYPE="Picture" FIRST_TOC_ENTRY_ID="4" DEPTH_LEVEL="2" INDEX_IN_DOC="4" PAGE_NO="1" NAME="Untitled Picture" ID="Pc00102" HREF="/1/Pc00102" SIZE="Small" EMBEDDED_INTO="Ar00103" EMBEDDED_AFTER="Ar0010300" IMAGES_RESOLUTION="160" WORDCNT="0"/>
				<Entity ENTITY_TYPE="Article" FIRST_TOC_ENTRY_ID="3" DEPTH_LEVEL="1" INDEX_IN_DOC="3" PAGE_NO="1" NAME="Award Given To Engineer" ID="Ar00103" HREF="/1/Ar00103" SIZE="Medium" IMAGES_RESOLUTION="160" WORDCNT="234"/>
				<Entity ENTITY_TYPE="Article" FIRST_TOC_ENTRY_ID="9" DEPTH_LEVEL="1" INDEX_IN_DOC="9" PAGE_NO="1" NAME="Mexican Airliner Found Wrecked" ID="Ar00104" HREF="/1/Ar00104" SIZE="Medium" IMAGES_RESOLUTION="160" WORDCNT="337"/>
				<Entity ENTITY_TYPE="Article" FIRST_TOC_ENTRY_ID="5" DEPTH_LEVEL="1" INDEX_IN_DOC="5" PAGE_NO="1" NAME="Grads' Work Now Shown In Hayes Hall" ID="Ar00105" HREF="/1/Ar00105" SIZE="Small" IMAGES_RESOLUTION="160" WORDCNT="151"/>
				<Entity ENTITY_TYPE="Article" FIRST_TOC_ENTRY_ID="6" DEPTH_LEVEL="1" INDEX_IN_DOC="6" PAGE_NO="1" NAME="Taps to Sound" ID="Ar00106" HREF="/1/Ar00106" SIZE="Small" IMAGES_RESOLUTION="160" WORDCNT="142"/>
				<Entity ENTITY_TYPE="Picture" FIRST_TOC_ENTRY_ID="8" DEPTH_LEVEL="2" INDEX_IN_DOC="8" PAGE_NO="1" NAME="Untitled Picture" ID="Pc00107" HREF="/1/Pc00107" SIZE="Small" EMBEDDED_INTO="Ar00108" EMBEDDED_AFTER="Ar0010800" IMAGES_RESOLUTION="160" WORDCNT="0"/>
				<Entity ENTITY_TYPE="Article" FIRST_TOC_ENTRY_ID="7" DEPTH_LEVEL="1" INDEX_IN_DOC="7" PAGE_NO="1" NAME="27 Alumnus Wins Honors" ID="Ar00108" HREF="/1/Ar00108" SIZE="Medium" IMAGES_RESOLUTION="160" WORDCNT="237"/>
				<Entity ENTITY_TYPE="Article" FIRST_TOC_ENTRY_ID="12" DEPTH_LEVEL="1" INDEX_IN_DOC="12" PAGE_NO="1" NAME="Bands Offer Spring Finale" ID="Ar00109" HREF="/1/Ar00109" SIZE="Small" IMAGES_RESOLUTION="160" WORDCNT="200"/>
				<Entity ENTITY_TYPE="Article" FIRST_TOC_ENTRY_ID="10" DEPTH_LEVEL="1" INDEX_IN_DOC="10" PAGE_NO="1" NAME="Untitled Article" ID="Ar00110" HREF="/1/Ar00110" SIZE="Small" IMAGES_RESOLUTION="160" WORDCNT="28"/>
				<Entity ENTITY_TYPE="Article" FIRST_TOC_ENTRY_ID="11" DEPTH_LEVEL="1" INDEX_IN_DOC="11" PAGE_NO="1" NAME="Construction Work Resumes Today�At Least Temporarily" ID="Ar00111" HREF="/1/Ar00111" SIZE="Medium" IMAGES_RESOLUTION="160" WORDCNT="205"/>
				<Entity ENTITY_TYPE="Article" FIRST_TOC_ENTRY_ID="13" DEPTH_LEVEL="1" INDEX_IN_DOC="13" PAGE_NO="1" NAME="FIGHTING BREAKS OUT" ID="Ar00112" HREF="/1/Ar00112" SIZE="Small" IMAGES_RESOLUTION="160" WORDCNT="32"/>
			</Page>
		</Section>
		<Section NAME="None">
			<Page PAGE_NO="2" NAME="" PAGE_LABEL="2" ID="Pg002" PAGE_TYPE="Single" PAGE_WIDTH="886" PAGE_HEIGHT="1259" CROP_BOX="0 0 885 1258" MEDIA_BOX="0 0 885 1258" HREF="/2/Pg002" TOTAL_CHARS_COUNT="9439" SUSPICIOUS_CHARS_COUNT="0">
				<Entity ENTITY_TYPE="Article" FIRST_TOC_ENTRY_ID="14" DEPTH_LEVEL="1" INDEX_IN_DOC="14" PAGE_NO="2" NAME="Who's Fooling Who?" ID="Ar00200" HREF="/2/Ar00200" SIZE="Large" IMAGES_RESOLUTION="160" WORDCNT="338"/>
				<Entity ENTITY_TYPE="Article" FIRST_TOC_ENTRY_ID="15" DEPTH_LEVEL="1" INDEX_IN_DOC="15" PAGE_NO="2" NAME="Cheer Up, Flunkies" ID="Ar00201" HREF="/2/Ar00201" SIZE="Small" IMAGES_RESOLUTION="160" WORDCNT="172"/>
				<Entity ENTITY_TYPE="Article" FIRST_TOC_ENTRY_ID="16" DEPTH_LEVEL="1" INDEX_IN_DOC="16" PAGE_NO="2" NAME="Board Sets Up New Air Rules" ID="Ar00202" HREF="/2/Ar00202" SIZE="Medium" IMAGES_RESOLUTION="160" WORDCNT="326"/>
				<Entity ENTITY_TYPE="Article" FIRST_TOC_ENTRY_ID="17" DEPTH_LEVEL="1" INDEX_IN_DOC="17" PAGE_NO="2" NAME="Editors Mail Bag" ID="Ar00203" HREF="/2/Ar00203" SIZE="Medium" IMAGES_RESOLUTION="160" WORDCNT="371"/>
				<Entity ENTITY_TYPE="Article" FIRST_TOC_ENTRY_ID="18" DEPTH_LEVEL="1" INDEX_IN_DOC="18" PAGE_NO="2" NAME="Untitled Article" ID="Ar00204" HREF="/2/Ar00204" SIZE="Small" IMAGES_RESOLUTION="160" WORDCNT="226"/>
				<Entity ENTITY_TYPE="Article" FIRST_TOC_ENTRY_ID="19" DEPTH_LEVEL="1" INDEX_IN_DOC="19" PAGE_NO="2" NAME="LITTLE MAN ON CAMPUS" ID="Ar00205" HREF="/2/Ar00205" SIZE="Small" IMAGES_RESOLUTION="160" WORDCNT="10"/>
				<Entity ENTITY_TYPE="Picture" FIRST_TOC_ENTRY_ID="20" DEPTH_LEVEL="2" INDEX_IN_DOC="20" PAGE_NO="2" NAME="Untitled Picture" ID="Pc00206" HREF="/2/Pc00206" SIZE="Medium" EMBEDDED_INTO="Ar00205" EMBEDDED_AFTER="Ar0020500" IMAGES_RESOLUTION="160" WORDCNT="0"/>
				<Entity ENTITY_TYPE="Article" FIRST_TOC_ENTRY_ID="21" DEPTH_LEVEL="1" INDEX_IN_DOC="21" PAGE_NO="2" NAME="QolkqsL QhDMJwadtL" ID="Ar00207" HREF="/2/Ar00207" SIZE="Large" IMAGES_RESOLUTION="160" WORDCNT="651"/>
			</Page>
			<Page PAGE_NO="3" NAME="" PAGE_LABEL="3" ID="Pg003" PAGE_TYPE="Single" PAGE_WIDTH="878" PAGE_HEIGHT="1251" CROP_BOX="0 0 877 1250" MEDIA_BOX="0 0 877 1250" HREF="/3/Pg003" TOTAL_CHARS_COUNT="7818" SUSPICIOUS_CHARS_COUNT="0">
				<Entity ENTITY_TYPE="Article" FIRST_TOC_ENTRY_ID="22" DEPTH_LEVEL="1" INDEX_IN_DOC="22" PAGE_NO="3" NAME="Troubled Juveniles Find Help at J.D.C." ID="Ar00300" HREF="/3/Ar00300" SIZE="Large" IMAGES_RESOLUTION="160" WORDCNT="900"/>
				<Entity ENTITY_TYPE="Article" FIRST_TOC_ENTRY_ID="26" DEPTH_LEVEL="1" INDEX_IN_DOC="26" PAGE_NO="3" NAME="Recognition Tea Held To Honor Agencies" ID="Ar00301" HREF="/3/Ar00301" SIZE="Medium" IMAGES_RESOLUTION="160" WORDCNT="288"/>
				<Entity ENTITY_TYPE="Article" FIRST_TOC_ENTRY_ID="24" DEPTH_LEVEL="1" INDEX_IN_DOC="24" PAGE_NO="3" NAME="Mesches' Art On Exhibition This Month" ID="Ar00302" HREF="/3/Ar00302" SIZE="Medium" IMAGES_RESOLUTION="160" WORDCNT="233"/>
				<Entity ENTITY_TYPE="Article" FIRST_TOC_ENTRY_ID="28" DEPTH_LEVEL="1" INDEX_IN_DOC="28" PAGE_NO="3" NAME="Prof. Brown Retires After 45 Service Years" ID="Ar00303" HREF="/3/Ar00303" SIZE="Medium" IMAGES_RESOLUTION="160" WORDCNT="374"/>
				<Entity ENTITY_TYPE="Ad" FIRST_TOC_ENTRY_ID="27" DEPTH_LEVEL="1" INDEX_IN_DOC="27" PAGE_NO="3" NAME="Untitled Ad" ID="Ad00304" HREF="/3/Ad00304" SIZE="Small" IMAGES_RESOLUTION="160" WORDCNT="31"/>
				<Entity ENTITY_TYPE="Ad" FIRST_TOC_ENTRY_ID="23" DEPTH_LEVEL="1" INDEX_IN_DOC="23" PAGE_NO="3" NAME="Untitled Ad" ID="Ad00305" HREF="/3/Ad00305" SIZE="Small" IMAGES_RESOLUTION="160" WORDCNT="38"/>
				<Entity ENTITY_TYPE="Ad" FIRST_TOC_ENTRY_ID="30" DEPTH_LEVEL="1" INDEX_IN_DOC="30" PAGE_NO="3" NAME="Untitled Ad" ID="Ad00306" HREF="/3/Ad00306" SIZE="Large" IMAGES_RESOLUTION="160" WORDCNT="137"/>
				<Entity ENTITY_TYPE="Ad" FIRST_TOC_ENTRY_ID="29" DEPTH_LEVEL="1" INDEX_IN_DOC="29" PAGE_NO="3" NAME="Untitled Ad" ID="Ad00307" HREF="/3/Ad00307" SIZE="Small" IMAGES_RESOLUTION="160" WORDCNT="24"/>
				<Entity ENTITY_TYPE="Article" FIRST_TOC_ENTRY_ID="25" DEPTH_LEVEL="1" INDEX_IN_DOC="25" PAGE_NO="3" NAME="MISSILE IS LAUNCHED" ID="Ar00308" HREF="/3/Ar00308" SIZE="Small" IMAGES_RESOLUTION="160" WORDCNT="30"/>
			</Page>
			<Page PAGE_NO="4" NAME="" PAGE_LABEL="4" ID="Pg004" PAGE_TYPE="Single" PAGE_WIDTH="890" PAGE_HEIGHT="1259" CROP_BOX="0 0 889 1258" MEDIA_BOX="0 0 889 1258" HREF="/4/Pg004" TOTAL_CHARS_COUNT="11331" SUSPICIOUS_CHARS_COUNT="0">
				<Entity ENTITY_TYPE="Article" FIRST_TOC_ENTRY_ID="31" DEPTH_LEVEL="1" INDEX_IN_DOC="31" PAGE_NO="4" NAME="School Year Ends, Writer Looks Back" ID="Ar00400" HREF="/4/Ar00400" SIZE="Medium" IMAGES_RESOLUTION="160" WORDCNT="316"/>
				<Entity ENTITY_TYPE="Picture" FIRST_TOC_ENTRY_ID="32" DEPTH_LEVEL="2" INDEX_IN_DOC="32" PAGE_NO="4" NAME="Untitled Picture" ID="Pc00401" HREF="/4/Pc00401" SIZE="Small" EMBEDDED_INTO="Ar00400" EMBEDDED_AFTER="Ar0040003" IMAGES_RESOLUTION="160" WORDCNT="0"/>
				<Entity ENTITY_TYPE="Article" FIRST_TOC_ENTRY_ID="33" DEPTH_LEVEL="1" INDEX_IN_DOC="33" PAGE_NO="4" NAME="Plant Boosts Rocket Fuels" ID="Ar00402" HREF="/4/Ar00402" SIZE="Small" IMAGES_RESOLUTION="160" WORDCNT="226"/>
				<Entity ENTITY_TYPE="Article" FIRST_TOC_ENTRY_ID="34" DEPTH_LEVEL="1" INDEX_IN_DOC="34" PAGE_NO="4" NAME="DeGaullists Pose' Threat" ID="Ar00403" HREF="/4/Ar00403" SIZE="Medium" IMAGES_RESOLUTION="160" WORDCNT="489"/>
				<Entity ENTITY_TYPE="Article" FIRST_TOC_ENTRY_ID="35" DEPTH_LEVEL="1" INDEX_IN_DOC="35" PAGE_NO="4" NAME="Chem Group To Be Headed By Syverson" ID="Ar00404" HREF="/4/Ar00404" SIZE="Medium" IMAGES_RESOLUTION="160" WORDCNT="272"/>
				<Entity ENTITY_TYPE="Article" FIRST_TOC_ENTRY_ID="38" DEPTH_LEVEL="1" INDEX_IN_DOC="38" PAGE_NO="4" NAME="Mirror of the Campus" ID="Ar00405" HREF="/4/Ar00405" SIZE="Large" IMAGES_RESOLUTION="160" WORDCNT="788"/>
				<Entity ENTITY_TYPE="Article" FIRST_TOC_ENTRY_ID="36" DEPTH_LEVEL="1" INDEX_IN_DOC="36" PAGE_NO="4" NAME="' Sporty CrewTakes Over at R. R. Dorms" ID="Ar00406" HREF="/4/Ar00406" SIZE="Medium" IMAGES_RESOLUTION="160" WORDCNT="351"/>
				<Entity ENTITY_TYPE="Article" FIRST_TOC_ENTRY_ID="37" DEPTH_LEVEL="1" INDEX_IN_DOC="37" PAGE_NO="4" NAME="OSU Singers Give Program" ID="Ar00407" HREF="/4/Ar00407" SIZE="Small" IMAGES_RESOLUTION="160" WORDCNT="226"/>
			</Page>
			<Page PAGE_NO="5" NAME="" PAGE_LABEL="5" ID="Pg005" PAGE_TYPE="Single" PAGE_WIDTH="782" PAGE_HEIGHT="1181" CROP_BOX="0 0 781 1180" MEDIA_BOX="0 0 781 1180" HREF="/5/Pg005" TOTAL_CHARS_COUNT="724" SUSPICIOUS_CHARS_COUNT="0">
				<Entity ENTITY_TYPE="Article" FIRST_TOC_ENTRY_ID="39" DEPTH_LEVEL="1" INDEX_IN_DOC="39" PAGE_NO="5" NAME="Studying Habit Hits OSU Coeds" ID="Ar00500" HREF="/5/Ar00500" SIZE="XLarge" IMAGES_RESOLUTION="160" WORDCNT="177"/>
				<Entity ENTITY_TYPE="Picture" FIRST_TOC_ENTRY_ID="40" DEPTH_LEVEL="2" INDEX_IN_DOC="40" PAGE_NO="5" NAME="Untitled Picture" ID="Pc00501" HREF="/5/Pc00501" SIZE="Large" EMBEDDED_INTO="Ar00500" EMBEDDED_AFTER="Ar0050001" IMAGES_RESOLUTION="160" WORDCNT="0"/>
				<Entity ENTITY_TYPE="Picture" FIRST_TOC_ENTRY_ID="41" DEPTH_LEVEL="2" INDEX_IN_DOC="41" PAGE_NO="5" NAME="Untitled Picture" ID="Pc00502" HREF="/5/Pc00502" SIZE="Medium" EMBEDDED_INTO="Ar00500" EMBEDDED_AFTER="Ar0050002" IMAGES_RESOLUTION="160" WORDCNT="0"/>
				<Entity ENTITY_TYPE="Picture" FIRST_TOC_ENTRY_ID="42" DEPTH_LEVEL="2" INDEX_IN_DOC="42" PAGE_NO="5" NAME="Untitled Picture" ID="Pc00503" HREF="/5/Pc00503" SIZE="Medium" EMBEDDED_INTO="Ar00500" EMBEDDED_AFTER="Ar0050003" IMAGES_RESOLUTION="160" WORDCNT="0"/>
				<Entity ENTITY_TYPE="Picture" FIRST_TOC_ENTRY_ID="44" DEPTH_LEVEL="2" INDEX_IN_DOC="44" PAGE_NO="5" NAME="Untitled Picture" ID="Pc00504" HREF="/5/Pc00504" SIZE="Medium" EMBEDDED_INTO="Ar00500" EMBEDDED_AFTER="Ar0050006" IMAGES_RESOLUTION="160" WORDCNT="0"/>
				<Entity ENTITY_TYPE="Picture" FIRST_TOC_ENTRY_ID="43" DEPTH_LEVEL="2" INDEX_IN_DOC="43" PAGE_NO="5" NAME="Untitled Picture" ID="Pc00505" HREF="/5/Pc00505" SIZE="Medium" EMBEDDED_INTO="Ar00500" EMBEDDED_AFTER="Ar0050004" IMAGES_RESOLUTION="160" WORDCNT="0"/>
			</Page>
			<Page PAGE_NO="6" NAME="" PAGE_LABEL="6" ID="Pg006" PAGE_TYPE="Single" PAGE_WIDTH="881" PAGE_HEIGHT="1253" CROP_BOX="0 0 880 1252" MEDIA_BOX="0 0 880 1252" HREF="/6/Pg006" TOTAL_CHARS_COUNT="14543" SUSPICIOUS_CHARS_COUNT="0">
				<Entity ENTITY_TYPE="Article" FIRST_TOC_ENTRY_ID="45" DEPTH_LEVEL="1" INDEX_IN_DOC="45" PAGE_NO="6" NAME="Untitled Article" ID="Ar00600" HREF="/6/Ar00600" SIZE="Large" IMAGES_RESOLUTION="160" WORDCNT="1625"/>
				<Entity ENTITY_TYPE="Article" FIRST_TOC_ENTRY_ID="47" DEPTH_LEVEL="1" INDEX_IN_DOC="47" PAGE_NO="6" NAME="Untitled Article" ID="Ar00601" HREF="/6/Ar00601" SIZE="Large" IMAGES_RESOLUTION="160" WORDCNT="612"/>
				<Entity ENTITY_TYPE="Article" FIRST_TOC_ENTRY_ID="46" DEPTH_LEVEL="1" INDEX_IN_DOC="46" PAGE_NO="6" NAME="Five Awards To Be Given" ID="Ar00602" HREF="/6/Ar00602" SIZE="Small" IMAGES_RESOLUTION="160" WORDCNT="134"/>
				<Entity ENTITY_TYPE="Article" FIRST_TOC_ENTRY_ID="49" DEPTH_LEVEL="1" INDEX_IN_DOC="49" PAGE_NO="6" NAME="Untitled Article" ID="Ar00603" HREF="/6/Ar00603" SIZE="Large" IMAGES_RESOLUTION="160" WORDCNT="775"/>
				<Entity ENTITY_TYPE="Picture" FIRST_TOC_ENTRY_ID="50" DEPTH_LEVEL="2" INDEX_IN_DOC="50" PAGE_NO="6" NAME="Untitled Picture" ID="Pc00604" HREF="/6/Pc00604" SIZE="Small" EMBEDDED_INTO="Ar00603" EMBEDDED_AFTER="Ar0060300" IMAGES_RESOLUTION="160" WORDCNT="0"/>
				<Entity ENTITY_TYPE="Article" FIRST_TOC_ENTRY_ID="48" DEPTH_LEVEL="1" INDEX_IN_DOC="48" PAGE_NO="6" NAME="Untitled Article" ID="Ar00605" HREF="/6/Ar00605" SIZE="Large" IMAGES_RESOLUTION="160" WORDCNT="795"/>
			</Page>
			<Page PAGE_NO="7" NAME="" PAGE_LABEL="7" ID="Pg007" PAGE_TYPE="Single" PAGE_WIDTH="862" PAGE_HEIGHT="1236" CROP_BOX="0 0 861 1235" MEDIA_BOX="0 0 861 1235" HREF="/7/Pg007" TOTAL_CHARS_COUNT="5846" SUSPICIOUS_CHARS_COUNT="0">
				<Entity ENTITY_TYPE="Article" FIRST_TOC_ENTRY_ID="51" DEPTH_LEVEL="1" INDEX_IN_DOC="51" PAGE_NO="7" NAME="3 Bucks Land on All-Big 10 Squad" ID="Ar00700" HREF="/7/Ar00700" SIZE="Large" IMAGES_RESOLUTION="160" WORDCNT="458"/>
				<Entity ENTITY_TYPE="Article" FIRST_TOC_ENTRY_ID="55" DEPTH_LEVEL="1" INDEX_IN_DOC="55" PAGE_NO="7" NAME="Harvest Time Is Here For College Players" ID="Ar00701" HREF="/7/Ar00701" SIZE="Large" IMAGES_RESOLUTION="160" WORDCNT="581"/>
				<Entity ENTITY_TYPE="Picture" FIRST_TOC_ENTRY_ID="53" DEPTH_LEVEL="2" INDEX_IN_DOC="53" PAGE_NO="7" NAME="Untitled Picture" ID="Pc00702" HREF="/7/Pc00702" SIZE="Medium" EMBEDDED_INTO="Ar00700" EMBEDDED_AFTER="Ar0070004" IMAGES_RESOLUTION="160" WORDCNT="0"/>
				<Entity ENTITY_TYPE="Article" FIRST_TOC_ENTRY_ID="57" DEPTH_LEVEL="1" INDEX_IN_DOC="57" PAGE_NO="7" NAME="All-Big Ten Baseball'ream" ID="Ar00703" HREF="/7/Ar00703" SIZE="Small" IMAGES_RESOLUTION="160" WORDCNT="181"/>
				<Entity ENTITY_TYPE="Article" FIRST_TOC_ENTRY_ID="56" DEPTH_LEVEL="1" INDEX_IN_DOC="56" PAGE_NO="7" NAME="Storer to Lead OSU" ID="Ar00704" HREF="/7/Ar00704" SIZE="Small" IMAGES_RESOLUTION="160" WORDCNT="53"/>
				<Entity ENTITY_TYPE="Picture" FIRST_TOC_ENTRY_ID="52" DEPTH_LEVEL="2" INDEX_IN_DOC="52" PAGE_NO="7" NAME="Untitled Picture" ID="Pc00705" HREF="/7/Pc00705" SIZE="Medium" EMBEDDED_INTO="Ar00700" EMBEDDED_AFTER="Ar0070002" IMAGES_RESOLUTION="160" WORDCNT="0"/>
				<Entity ENTITY_TYPE="Picture" FIRST_TOC_ENTRY_ID="54" DEPTH_LEVEL="2" INDEX_IN_DOC="54" PAGE_NO="7" NAME="Untitled Picture" ID="Pc00706" HREF="/7/Pc00706" SIZE="Small" EMBEDDED_INTO="Ar00700" EMBEDDED_AFTER="Ar0070007" IMAGES_RESOLUTION="160" WORDCNT="0"/>
				<Entity ENTITY_TYPE="Article" FIRST_TOC_ENTRY_ID="58" DEPTH_LEVEL="1" INDEX_IN_DOC="58" PAGE_NO="7" NAME="iea wniiamstne WILLIAMS VISITS PRISONERS" ID="Ar00707" HREF="/7/Ar00707" SIZE="Small" IMAGES_RESOLUTION="160" WORDCNT="91"/>
			</Page>
			<Page PAGE_NO="8" NAME="" PAGE_LABEL="8" ID="Pg008" PAGE_TYPE="Single" PAGE_WIDTH="870" PAGE_HEIGHT="1226" CROP_BOX="0 0 869 1225" MEDIA_BOX="0 0 869 1225" HREF="/8/Pg008" TOTAL_CHARS_COUNT="0" SUSPICIOUS_CHARS_COUNT="0">
				<Entity ENTITY_TYPE="Ad" FIRST_TOC_ENTRY_ID="59" DEPTH_LEVEL="1" INDEX_IN_DOC="59" PAGE_NO="8" NAME="Untitled Ad" ID="Ad00800" HREF="/8/Ad00800" SIZE="XLarge" IMAGES_RESOLUTION="160" WORDCNT="38"/>
			</Page>
		</Section>
	</Body_np>
	<Logic_np><TOC_Entries><TOC_Entry TOC_ENTRY_ID="1" TITLE="Marshall Airs Military Ties Of DeGaulle" ENTITY_ID_REF="Ar00100" PAGE_NO="1" PAGE_LABEL="1" PRIM_ID_REF="Ar0010000" IS_IC="true"/><TOC_Entry TOC_ENTRY_ID="2" TITLE="Glee Club Set For Auditions" ENTITY_ID_REF="Ar00101" PAGE_NO="1" PAGE_LABEL="1" PRIM_ID_REF="Ar0010100" IS_IC="true"/><TOC_Entry TOC_ENTRY_ID="3" TITLE="Award Given To Engineer" ENTITY_ID_REF="Ar00103" PAGE_NO="1" PAGE_LABEL="1" PRIM_ID_REF="Ar0010300" IS_IC="true"><TOC_Entry TOC_ENTRY_ID="4" TITLE="" ENTITY_ID_REF="Pc00102" PAGE_NO="1" PAGE_LABEL="1" PRIM_ID_REF="Pc0010200" IS_IC="true"/></TOC_Entry><TOC_Entry TOC_ENTRY_ID="5" TITLE="Grads' Work Now Shown In Hayes Hall" ENTITY_ID_REF="Ar00105" PAGE_NO="1" PAGE_LABEL="1" PRIM_ID_REF="Ar0010500" IS_IC="true"/><TOC_Entry TOC_ENTRY_ID="6" TITLE="Taps to Sound" ENTITY_ID_REF="Ar00106" PAGE_NO="1" PAGE_LABEL="1" PRIM_ID_REF="Ar0010600" IS_IC="true"/><TOC_Entry TOC_ENTRY_ID="7" TITLE="27 Alumnus Wins Honors" ENTITY_ID_REF="Ar00108" PAGE_NO="1" PAGE_LABEL="1" PRIM_ID_REF="Ar0010800" IS_IC="true"><TOC_Entry TOC_ENTRY_ID="8" TITLE="" ENTITY_ID_REF="Pc00107" PAGE_NO="1" PAGE_LABEL="1" PRIM_ID_REF="Pc0010700" IS_IC="true"/></TOC_Entry><TOC_Entry TOC_ENTRY_ID="9" TITLE="Mexican Airliner Found Wrecked" ENTITY_ID_REF="Ar00104" PAGE_NO="1" PAGE_LABEL="1" PRIM_ID_REF="Ar0010400" IS_IC="true"/><TOC_Entry TOC_ENTRY_ID="10" TITLE="THE WEATHER Partly cloudy and cool today..." ENTITY_ID_REF="Ar00110" PAGE_NO="1" PAGE_LABEL="1" PRIM_ID_REF="Ar0011000" IS_IC="true"/><TOC_Entry TOC_ENTRY_ID="11" TITLE="Construction Work Resumes Today�At Least..." ENTITY_ID_REF="Ar00111" PAGE_NO="1" PAGE_LABEL="1" PRIM_ID_REF="Ar0011100" IS_IC="true"/><TOC_Entry TOC_ENTRY_ID="12" TITLE="Bands Offer Spring Finale" ENTITY_ID_REF="Ar00109" PAGE_NO="1" PAGE_LABEL="1" PRIM_ID_REF="Ar0010900" IS_IC="true"/><TOC_Entry TOC_ENTRY_ID="13" TITLE="FIGHTING BREAKS OUT" ENTITY_ID_REF="Ar00112" PAGE_NO="1" PAGE_LABEL="1" PRIM_ID_REF="Ar0011200" IS_IC="true"/><TOC_Entry TOC_ENTRY_ID="14" TITLE="Who's Fooling Who?" ENTITY_ID_REF="Ar00200" PAGE_NO="2" PAGE_LABEL="2" PRIM_ID_REF="Ar0020000" IS_IC="true"/><TOC_Entry TOC_ENTRY_ID="15" TITLE="Cheer Up, Flunkies" ENTITY_ID_REF="Ar00201" PAGE_NO="2" PAGE_LABEL="2" PRIM_ID_REF="Ar0020100" IS_IC="true"/><TOC_Entry TOC_ENTRY_ID="16" TITLE="Board Sets Up New Air Rules" ENTITY_ID_REF="Ar00202" PAGE_NO="2" PAGE_LABEL="2" PRIM_ID_REF="Ar0020200" IS_IC="true"/><TOC_Entry TOC_ENTRY_ID="17" TITLE="Editors Mail Bag" ENTITY_ID_REF="Ar00203" PAGE_NO="2" PAGE_LABEL="2" PRIM_ID_REF="Ar0020300" IS_IC="true"/><TOC_Entry TOC_ENTRY_ID="18" TITLE="JhsL Ohio ShtisL^. LANTERN STAFF Managin..." ENTITY_ID_REF="Ar00204" PAGE_NO="2" PAGE_LABEL="2" PRIM_ID_REF="Ar0020400" IS_IC="true"/><TOC_Entry TOC_ENTRY_ID="19" TITLE="LITTLE MAN ON CAMPUS" ENTITY_ID_REF="Ar00205" PAGE_NO="2" PAGE_LABEL="2" PRIM_ID_REF="Ar0020500" IS_IC="true"><TOC_Entry TOC_ENTRY_ID="20" TITLE="" ENTITY_ID_REF="Pc00206" PAGE_NO="2" PAGE_LABEL="2" PRIM_ID_REF="Pc0020600" IS_IC="true"/></TOC_Entry><TOC_Entry TOC_ENTRY_ID="21" TITLE="QolkqsL QhDMJwadtL" ENTITY_ID_REF="Ar00207" PAGE_NO="2" PAGE_LABEL="2" PRIM_ID_REF="Ar0020700" IS_IC="true"/><TOC_Entry TOC_ENTRY_ID="22" TITLE="Troubled Juveniles Find Help at J.D.C." ENTITY_ID_REF="Ar00300" PAGE_NO="3" PAGE_LABEL="3" PRIM_ID_REF="Ar0030000" IS_IC="true"/><TOC_Entry TOC_ENTRY_ID="23" TITLE="" ENTITY_ID_REF="Ad00305" PAGE_NO="3" PAGE_LABEL="3" PRIM_ID_REF="Ad0030501" IS_IC="true"/><TOC_Entry TOC_ENTRY_ID="24" TITLE="Mesches' Art On Exhibition This Month" ENTITY_ID_REF="Ar00302" PAGE_NO="3" PAGE_LABEL="3" PRIM_ID_REF="Ar0030200" IS_IC="true"/><TOC_Entry TOC_ENTRY_ID="25" TITLE="MISSILE IS LAUNCHED" ENTITY_ID_REF="Ar00308" PAGE_NO="3" PAGE_LABEL="3" PRIM_ID_REF="Ar0030800" IS_IC="true"/><TOC_Entry TOC_ENTRY_ID="26" TITLE="Recognition Tea Held To Honor Agencies" ENTITY_ID_REF="Ar00301" PAGE_NO="3" PAGE_LABEL="3" PRIM_ID_REF="Ar0030100" IS_IC="true"/><TOC_Entry TOC_ENTRY_ID="27" TITLE="" ENTITY_ID_REF="Ad00304" PAGE_NO="3" PAGE_LABEL="3" PRIM_ID_REF="Ad0030401" IS_IC="true"/><TOC_Entry TOC_ENTRY_ID="28" TITLE="Prof. Brown Retires After 45 Service Yea..." ENTITY_ID_REF="Ar00303" PAGE_NO="3" PAGE_LABEL="3" PRIM_ID_REF="Ar0030300" IS_IC="true"/><TOC_Entry TOC_ENTRY_ID="29" TITLE="" ENTITY_ID_REF="Ad00307" PAGE_NO="3" PAGE_LABEL="3" PRIM_ID_REF="Ad0030701" IS_IC="true"/><TOC_Entry TOC_ENTRY_ID="30" TITLE="" ENTITY_ID_REF="Ad00306" PAGE_NO="3" PAGE_LABEL="3" PRIM_ID_REF="Ad0030601" IS_IC="true"/><TOC_Entry TOC_ENTRY_ID="31" TITLE="School Year Ends, Writer Looks Back" ENTITY_ID_REF="Ar00400" PAGE_NO="4" PAGE_LABEL="4" PRIM_ID_REF="Ar0040000" IS_IC="true"><TOC_Entry TOC_ENTRY_ID="32" TITLE="" ENTITY_ID_REF="Pc00401" PAGE_NO="4" PAGE_LABEL="4" PRIM_ID_REF="Pc0040100" IS_IC="true"/></TOC_Entry><TOC_Entry TOC_ENTRY_ID="33" TITLE="Plant Boosts Rocket Fuels" ENTITY_ID_REF="Ar00402" PAGE_NO="4" PAGE_LABEL="4" PRIM_ID_REF="Ar0040200" IS_IC="true"/><TOC_Entry TOC_ENTRY_ID="34" TITLE="DeGaullists Pose' Threat" ENTITY_ID_REF="Ar00403" PAGE_NO="4" PAGE_LABEL="4" PRIM_ID_REF="Ar0040300" IS_IC="true"/><TOC_Entry TOC_ENTRY_ID="35" TITLE="Chem Group To Be Headed By Syverson" ENTITY_ID_REF="Ar00404" PAGE_NO="4" PAGE_LABEL="4" PRIM_ID_REF="Ar0040400" IS_IC="true"/><TOC_Entry TOC_ENTRY_ID="36" TITLE="' Sporty CrewTakes Over at R. R. Dorms" ENTITY_ID_REF="Ar00406" PAGE_NO="4" PAGE_LABEL="4" PRIM_ID_REF="Ar0040600" IS_IC="true"/><TOC_Entry TOC_ENTRY_ID="37" TITLE="OSU Singers Give Program" ENTITY_ID_REF="Ar00407" PAGE_NO="4" PAGE_LABEL="4" PRIM_ID_REF="Ar0040700" IS_IC="true"/><TOC_Entry TOC_ENTRY_ID="38" TITLE="Mirror of the Campus" ENTITY_ID_REF="Ar00405" PAGE_NO="4" PAGE_LABEL="4" PRIM_ID_REF="Ar0040500" IS_IC="true"/><TOC_Entry TOC_ENTRY_ID="39" TITLE="Studying Habit Hits OSU Coeds" ENTITY_ID_REF="Ar00500" PAGE_NO="5" PAGE_LABEL="5" PRIM_ID_REF="Ar0050000" IS_IC="true"><TOC_Entry TOC_ENTRY_ID="40" TITLE="" ENTITY_ID_REF="Pc00501" PAGE_NO="5" PAGE_LABEL="5" PRIM_ID_REF="Pc0050100" IS_IC="true"/><TOC_Entry TOC_ENTRY_ID="41" TITLE="" ENTITY_ID_REF="Pc00502" PAGE_NO="5" PAGE_LABEL="5" PRIM_ID_REF="Pc0050200" IS_IC="true"/><TOC_Entry TOC_ENTRY_ID="42" TITLE="" ENTITY_ID_REF="Pc00503" PAGE_NO="5" PAGE_LABEL="5" PRIM_ID_REF="Pc0050300" IS_IC="true"/><TOC_Entry TOC_ENTRY_ID="43" TITLE="" ENTITY_ID_REF="Pc00505" PAGE_NO="5" PAGE_LABEL="5" PRIM_ID_REF="Pc0050500" IS_IC="true"/><TOC_Entry TOC_ENTRY_ID="44" TITLE="" ENTITY_ID_REF="Pc00504" PAGE_NO="5" PAGE_LABEL="5" PRIM_ID_REF="Pc0050400" IS_IC="true"/></TOC_Entry><TOC_Entry TOC_ENTRY_ID="45" TITLE="OFFICIAL BULLETIN THE OHIO STATE UNIVERS..." ENTITY_ID_REF="Ar00600" PAGE_NO="6" PAGE_LABEL="6" PRIM_ID_REF="Ar0060000" IS_IC="true"/><TOC_Entry TOC_ENTRY_ID="46" TITLE="Five Awards To Be Given" ENTITY_ID_REF="Ar00602" PAGE_NO="6" PAGE_LABEL="6" PRIM_ID_REF="Ar0060200" IS_IC="true"/><TOC_Entry TOC_ENTRY_ID="47" TITLE="Final Examination Schedule" ENTITY_ID_REF="Ar00601" PAGE_NO="6" PAGE_LABEL="6" PRIM_ID_REF="Ar0060100" IS_IC="true"/><TOC_Entry TOC_ENTRY_ID="48" TITLE="QlabubiflwdA DEADLINE 1 P. M., DAY PRECE..." ENTITY_ID_REF="Ar00605" PAGE_NO="6" PAGE_LABEL="6" PRIM_ID_REF="Ar0060500" IS_IC="true"/><TOC_Entry TOC_ENTRY_ID="49" TITLE="AM 820 Kilocycles FM 89.7 Megacycles TUE..." ENTITY_ID_REF="Ar00603" PAGE_NO="6" PAGE_LABEL="6" PRIM_ID_REF="Ar0060300" IS_IC="true"><TOC_Entry TOC_ENTRY_ID="50" TITLE="" ENTITY_ID_REF="Pc00604" PAGE_NO="6" PAGE_LABEL="6" PRIM_ID_REF="Pc0060400" IS_IC="true"/></TOC_Entry><TOC_Entry TOC_ENTRY_ID="51" TITLE="3 Bucks Land on All-Big 10 Squad" ENTITY_ID_REF="Ar00700" PAGE_NO="7" PAGE_LABEL="7" PRIM_ID_REF="Ar0070000" IS_IC="true"><TOC_Entry TOC_ENTRY_ID="52" TITLE="" ENTITY_ID_REF="Pc00705" PAGE_NO="7" PAGE_LABEL="7" PRIM_ID_REF="Pc0070500" IS_IC="true"/><TOC_Entry TOC_ENTRY_ID="53" TITLE="" ENTITY_ID_REF="Pc00702" PAGE_NO="7" PAGE_LABEL="7" PRIM_ID_REF="Pc0070200" IS_IC="true"/><TOC_Entry TOC_ENTRY_ID="54" TITLE="" ENTITY_ID_REF="Pc00706" PAGE_NO="7" PAGE_LABEL="7" PRIM_ID_REF="Pc0070600" IS_IC="true"/></TOC_Entry><TOC_Entry TOC_ENTRY_ID="55" TITLE="Harvest Time Is Here For College Players" ENTITY_ID_REF="Ar00701" PAGE_NO="7" PAGE_LABEL="7" PRIM_ID_REF="Ar0070100" IS_IC="true"/><TOC_Entry TOC_ENTRY_ID="56" TITLE="Storer to Lead OSU" ENTITY_ID_REF="Ar00704" PAGE_NO="7" PAGE_LABEL="7" PRIM_ID_REF="Ar0070400" IS_IC="true"/><TOC_Entry TOC_ENTRY_ID="57" TITLE="All-Big Ten Baseball'ream" ENTITY_ID_REF="Ar00703" PAGE_NO="7" PAGE_LABEL="7" PRIM_ID_REF="Ar0070300" IS_IC="true"/><TOC_Entry TOC_ENTRY_ID="58" TITLE="iea wniiamstne WILLIAMS VISITS PRISONERS" ENTITY_ID_REF="Ar00707" PAGE_NO="7" PAGE_LABEL="7" PRIM_ID_REF="Ar0070700" IS_IC="true"/><TOC_Entry TOC_ENTRY_ID="59" TITLE="" ENTITY_ID_REF="Ad00800" PAGE_NO="8" PAGE_LABEL="8" PRIM_ID_REF="Ad0080001" IS_IC="true"/></TOC_Entries></Logic_np></Xmd_toc>
