<?xml version="1.0" encoding="windows-1252" standalone="no"?>
<Xmd_toc REPOSITORY_FORMAT="1.0" PRXML_VER="2.2" PUBLICATION="OHI" PUBLICATION_DESCRIPTION="" ISSUE_DATE="02/05/1958" RELEASE_NO="060-OHI-1958-05-02-001-SINGLE-LANTERN_VOL-77_JUN20-JUN6_MAY_009" LANGUAGE="English">
	<Head_np>
		<Meta PAGES_NUMBER="8" SOURCE_TYPE="TIFF" SOURCE_RESOLUTION="72" IMAGES_RESOLUTION="160" PAGE_THUMBNAIL_RESOLUTION="72" PAGE_PREVIEW_RESOLUTION="15" DEFAULT_IMG_EXT="png" DEFAULT_PREVIEW_IMG_EXT="png" BASE_HREF="OHI/1958/05/02" PDF_DESTINATION_MAPPED="OLV0_Page_0001" TITLE_SNP_EXT="png" AD_SNP_EXT="png" IMAGE_SNP_EXT="jpg" MULTI_LAYER_PAGE_IMG="false" IS_SOLID="false" DOC_DATE="02/05/1958" DOC_UID="OHI_02/05/1958" DOC_VER="1" OCR_CONFIDENCE="1.000" TOTAL_CHARS_COUNT="70501" SUSPICIOUS_CHARS_COUNT="0">
			<Publisher XMD_VER="2.6.241.4" ACROBAT_VER="7.08" PUBLISHER="Olive" PROFILE_ID="W:\Batch\Profile\OHI-1958-05-02.ini">
				<PublishDate>Tue, 24 May 2011 15:35:30 UTC</PublishDate>
				<PublishSWFCompatible>false</PublishSWFCompatible>
			</Publisher>
			<Resolutions>
				<Resolution DEFAULT="true">72</Resolution>
			</Resolutions>
		</Meta>
		<Link SOURCE="060-OHI-1958-05-02-001-SINGLE-LANTERN_VOL-77_JUN20-JUN6_MAY_009.pdf"/>
		<DataFiles>
			<Files TYPE="DOC_PDF" PRESENT="1"/>
			<Files TYPE="PAGE_PDF" PRESENT="0"/>
			<Files TYPE="DOC_IMG" PRESENT="0"/>
			<Files TYPE="PAGE_IMG" PRESENT="0"/>
			<Files TYPE="PAGE_VIEW_IMG" PRESENT="1"/>
			<Files TYPE="PAGE_PREVIEW_IMG" PRESENT="1"/>
			<Files TYPE="PRIMITIVE_IMG" PRESENT="1"/>
			<Files TYPE="SNIPPET_IMG" PRESENT="1"/>
			<Files TYPE="SEGMENTATION" PRESENT="0"/>
		</DataFiles><Application_Data/></Head_np>
	<Body_np>
		<Section NAME="Front page">
			<Page PAGE_NO="1" NAME="" PAGE_LABEL="1" ID="Pg001" PAGE_TYPE="Single" PAGE_WIDTH="862" PAGE_HEIGHT="1236" CROP_BOX="0 0 861 1235" MEDIA_BOX="0 0 861 1235" HREF="/1/Pg001" TOTAL_CHARS_COUNT="7558" SUSPICIOUS_CHARS_COUNT="0">
				<Entity ENTITY_TYPE="Article" FIRST_TOC_ENTRY_ID="1" DEPTH_LEVEL="1" INDEX_IN_DOC="1" PAGE_NO="1" NAME="Ohio State Scientists Study Space Radiation" ID="Ar00100" HREF="/1/Ar00100" SIZE="Large" IMAGES_RESOLUTION="160" WORDCNT="487"/>
				<Entity ENTITY_TYPE="Picture" FIRST_TOC_ENTRY_ID="9" DEPTH_LEVEL="2" INDEX_IN_DOC="9" PAGE_NO="1" NAME="Untitled Picture" ID="Pc00101" HREF="/1/Pc00101" SIZE="Small" EMBEDDED_INTO="Ar00108" EMBEDDED_AFTER="Ar0010800" IMAGES_RESOLUTION="160" WORDCNT="0"/>
				<Entity ENTITY_TYPE="Picture" FIRST_TOC_ENTRY_ID="3" DEPTH_LEVEL="2" INDEX_IN_DOC="3" PAGE_NO="1" NAME="Untitled Picture" ID="Pc00102" HREF="/1/Pc00102" SIZE="Medium" EMBEDDED_INTO="Ar00103" EMBEDDED_AFTER="Ar0010300" IMAGES_RESOLUTION="160" WORDCNT="0"/>
				<Entity ENTITY_TYPE="Article" FIRST_TOC_ENTRY_ID="2" DEPTH_LEVEL="1" INDEX_IN_DOC="2" PAGE_NO="1" NAME="Untitled Article" ID="Ar00103" HREF="/1/Ar00103" SIZE="Small" IMAGES_RESOLUTION="160" WORDCNT="43"/>
				<Entity ENTITY_TYPE="Article" FIRST_TOC_ENTRY_ID="4" DEPTH_LEVEL="1" INDEX_IN_DOC="4" PAGE_NO="1" NAME="Raids, Dunks Discouraged" ID="Ar00104" HREF="/1/Ar00104" SIZE="Small" IMAGES_RESOLUTION="160" WORDCNT="177"/>
				<Entity ENTITY_TYPE="Article" FIRST_TOC_ENTRY_ID="5" DEPTH_LEVEL="1" INDEX_IN_DOC="5" PAGE_NO="1" NAME="Letter Spells 'Raid' Ruling" ID="Ar00105" HREF="/1/Ar00105" SIZE="Small" IMAGES_RESOLUTION="160" WORDCNT="173"/>
				<Entity ENTITY_TYPE="Article" FIRST_TOC_ENTRY_ID="10" DEPTH_LEVEL="1" INDEX_IN_DOC="10" PAGE_NO="1" NAME="OSU Fees Re-examined; Future May See Raises" ID="Ar00106" HREF="/1/Ar00106" SIZE="Large" IMAGES_RESOLUTION="160" WORDCNT="338"/>
				<Entity ENTITY_TYPE="Article" FIRST_TOC_ENTRY_ID="7" DEPTH_LEVEL="1" INDEX_IN_DOC="7" PAGE_NO="1" NAME="Gen. Medaris Defines Space Age Problems" ID="Ar00107" HREF="/1/Ar00107" SIZE="Medium" IMAGES_RESOLUTION="160" WORDCNT="216"/>
				<Entity ENTITY_TYPE="Article" FIRST_TOC_ENTRY_ID="8" DEPTH_LEVEL="1" INDEX_IN_DOC="8" PAGE_NO="1" NAME="THE WEATHER" ID="Ar00108" HREF="/1/Ar00108" SIZE="Small" IMAGES_RESOLUTION="160" WORDCNT="30"/>
				<Entity ENTITY_TYPE="Article" FIRST_TOC_ENTRY_ID="6" DEPTH_LEVEL="1" INDEX_IN_DOC="6" PAGE_NO="1" NAME="An Editorial" ID="Ar00109" HREF="/1/Ar00109" SIZE="Medium" IMAGES_RESOLUTION="160" WORDCNT="288"/>
			</Page>
		</Section>
		<Section NAME="None">
			<Page PAGE_NO="2" NAME="" PAGE_LABEL="2" ID="Pg002" PAGE_TYPE="Single" PAGE_WIDTH="876" PAGE_HEIGHT="1249" CROP_BOX="0 0 875 1248" MEDIA_BOX="0 0 875 1248" HREF="/2/Pg002" TOTAL_CHARS_COUNT="10726" SUSPICIOUS_CHARS_COUNT="0">
				<Entity ENTITY_TYPE="Article" FIRST_TOC_ENTRY_ID="11" DEPTH_LEVEL="1" INDEX_IN_DOC="11" PAGE_NO="2" NAME="Good, Bad or . . ?" ID="Ar00200" HREF="/2/Ar00200" SIZE="Large" IMAGES_RESOLUTION="160" WORDCNT="651"/>
				<Entity ENTITY_TYPE="Article" FIRST_TOC_ENTRY_ID="13" DEPTH_LEVEL="1" INDEX_IN_DOC="13" PAGE_NO="2" NAME="THIMK" ID="Ar00201" HREF="/2/Ar00201" SIZE="Medium" IMAGES_RESOLUTION="160" WORDCNT="461"/>
				<Entity ENTITY_TYPE="Article" FIRST_TOC_ENTRY_ID="14" DEPTH_LEVEL="1" INDEX_IN_DOC="14" PAGE_NO="2" NAME="Trouble Unlikely, Believes Guthrie" ID="Ar00202" HREF="/2/Ar00202" SIZE="Small" IMAGES_RESOLUTION="160" WORDCNT="97"/>
				<Entity ENTITY_TYPE="Article" FIRST_TOC_ENTRY_ID="15" DEPTH_LEVEL="1" INDEX_IN_DOC="15" PAGE_NO="2" NAME="$Jba&amp;L Wajt&amp;A...." ID="Ar00203" HREF="/2/Ar00203" SIZE="Medium" IMAGES_RESOLUTION="160" WORDCNT="410"/>
				<Entity ENTITY_TYPE="Article" FIRST_TOC_ENTRY_ID="16" DEPTH_LEVEL="1" INDEX_IN_DOC="16" PAGE_NO="2" NAME="Economy Aids Differ" ID="Ar00204" HREF="/2/Ar00204" SIZE="Medium" IMAGES_RESOLUTION="160" WORDCNT="469"/>
				<Entity ENTITY_TYPE="Article" FIRST_TOC_ENTRY_ID="17" DEPTH_LEVEL="1" INDEX_IN_DOC="17" PAGE_NO="2" NAME="Untitled Article" ID="Ar00205" HREF="/2/Ar00205" SIZE="Small" IMAGES_RESOLUTION="160" WORDCNT="253"/>
				<Entity ENTITY_TYPE="Article" FIRST_TOC_ENTRY_ID="12" DEPTH_LEVEL="1" INDEX_IN_DOC="12" PAGE_NO="2" NAME="The Important Thing" ID="Ar00206" HREF="/2/Ar00206" SIZE="Small" IMAGES_RESOLUTION="160" WORDCNT="121"/>
			</Page>
			<Page PAGE_NO="3" NAME="" PAGE_LABEL="3" ID="Pg003" PAGE_TYPE="Single" PAGE_WIDTH="862" PAGE_HEIGHT="1243" CROP_BOX="0 0 861 1242" MEDIA_BOX="0 0 861 1242" HREF="/3/Pg003" TOTAL_CHARS_COUNT="5736" SUSPICIOUS_CHARS_COUNT="0">
				<Entity ENTITY_TYPE="Article" FIRST_TOC_ENTRY_ID="18" DEPTH_LEVEL="1" INDEX_IN_DOC="18" PAGE_NO="3" NAME="Riot's Fun Unknown To Israeli Students" ID="Ar00300" HREF="/3/Ar00300" SIZE="Large" IMAGES_RESOLUTION="160" WORDCNT="553"/>
				<Entity ENTITY_TYPE="Article" FIRST_TOC_ENTRY_ID="21" DEPTH_LEVEL="1" INDEX_IN_DOC="21" PAGE_NO="3" NAME="Visa For Brilty's Wife Sought By Petitioners" ID="Ar00301" HREF="/3/Ar00301" SIZE="Medium" IMAGES_RESOLUTION="160" WORDCNT="384"/>
				<Entity ENTITY_TYPE="Article" FIRST_TOC_ENTRY_ID="22" DEPTH_LEVEL="1" INDEX_IN_DOC="22" PAGE_NO="3" NAME="Letter Rules Out-May Week 'Raids'" ID="Ar00302" HREF="/3/Ar00302" SIZE="Small" IMAGES_RESOLUTION="160" WORDCNT="156"/>
				<Entity ENTITY_TYPE="Article" FIRST_TOC_ENTRY_ID="19" DEPTH_LEVEL="1" INDEX_IN_DOC="19" PAGE_NO="3" NAME="Tell-A-Story Slides Used In Buildings" ID="Ar00303" HREF="/3/Ar00303" SIZE="Small" IMAGES_RESOLUTION="160" WORDCNT="147"/>
				<Entity ENTITY_TYPE="Article" FIRST_TOC_ENTRY_ID="20" DEPTH_LEVEL="1" INDEX_IN_DOC="20" PAGE_NO="3" NAME="PETITION DEADLINE" ID="Ar00304" HREF="/3/Ar00304" SIZE="Small" IMAGES_RESOLUTION="160" WORDCNT="89"/>
				<Entity ENTITY_TYPE="Ad" FIRST_TOC_ENTRY_ID="23" DEPTH_LEVEL="1" INDEX_IN_DOC="23" PAGE_NO="3" NAME="Untitled Ad" ID="Ad00305" HREF="/3/Ad00305" SIZE="XLarge" IMAGES_RESOLUTION="160" WORDCNT="222"/>
			</Page>
			<Page PAGE_NO="4" NAME="" PAGE_LABEL="4" ID="Pg004" PAGE_TYPE="Single" PAGE_WIDTH="875" PAGE_HEIGHT="1252" CROP_BOX="0 0 874 1251" MEDIA_BOX="0 0 874 1251" HREF="/4/Pg004" TOTAL_CHARS_COUNT="7522" SUSPICIOUS_CHARS_COUNT="0">
				<Entity ENTITY_TYPE="Article" FIRST_TOC_ENTRY_ID="24" DEPTH_LEVEL="1" INDEX_IN_DOC="24" PAGE_NO="4" NAME="Democrats Sponsor 'Great Issues' Forum" ID="Ar00400" HREF="/4/Ar00400" SIZE="Small" IMAGES_RESOLUTION="160" WORDCNT="26"/>
				<Entity ENTITY_TYPE="Picture" FIRST_TOC_ENTRY_ID="25" DEPTH_LEVEL="2" INDEX_IN_DOC="25" PAGE_NO="4" NAME="Untitled Picture" ID="Pc00401" HREF="/4/Pc00401" SIZE="Small" EMBEDDED_INTO="Ar00400" EMBEDDED_AFTER="Ar0040000" IMAGES_RESOLUTION="160" WORDCNT="0"/>
				<Entity ENTITY_TYPE="Article" FIRST_TOC_ENTRY_ID="30" DEPTH_LEVEL="1" INDEX_IN_DOC="30" PAGE_NO="4" NAME="Book Printed On Nonlinear Control Area" ID="Ar00402" HREF="/4/Ar00402" SIZE="Medium" IMAGES_RESOLUTION="160" WORDCNT="273"/>
				<Entity ENTITY_TYPE="Article" FIRST_TOC_ENTRY_ID="33" DEPTH_LEVEL="1" INDEX_IN_DOC="33" PAGE_NO="4" NAME="New President Named By Medical Association" ID="Ar00403" HREF="/4/Ar00403" SIZE="Medium" IMAGES_RESOLUTION="160" WORDCNT="199"/>
				<Entity ENTITY_TYPE="Picture" FIRST_TOC_ENTRY_ID="26" DEPTH_LEVEL="2" INDEX_IN_DOC="26" PAGE_NO="4" NAME="Untitled Picture" ID="Pc00404" HREF="/4/Pc00404" SIZE="Small" EMBEDDED_INTO="Ar00400" EMBEDDED_AFTER="Ar0040000" IMAGES_RESOLUTION="160" WORDCNT="0"/>
				<Entity ENTITY_TYPE="Article" FIRST_TOC_ENTRY_ID="31" DEPTH_LEVEL="1" INDEX_IN_DOC="31" PAGE_NO="4" NAME="Panel Lists Faculty Experts" ID="Ar00405" HREF="/4/Ar00405" SIZE="Medium" IMAGES_RESOLUTION="160" WORDCNT="439"/>
				<Entity ENTITY_TYPE="Picture" FIRST_TOC_ENTRY_ID="27" DEPTH_LEVEL="2" INDEX_IN_DOC="27" PAGE_NO="4" NAME="Untitled Picture" ID="Pc00406" HREF="/4/Pc00406" SIZE="Small" EMBEDDED_INTO="Ar00400" EMBEDDED_AFTER="Ar0040000" IMAGES_RESOLUTION="160" WORDCNT="0"/>
				<Entity ENTITY_TYPE="Article" FIRST_TOC_ENTRY_ID="34" DEPTH_LEVEL="1" INDEX_IN_DOC="34" PAGE_NO="4" NAME="Critical Mind Valued Most by Prof. Spitz" ID="Ar00407" HREF="/4/Ar00407" SIZE="Medium" IMAGES_RESOLUTION="160" WORDCNT="375"/>
				<Entity ENTITY_TYPE="Ad" FIRST_TOC_ENTRY_ID="35" DEPTH_LEVEL="1" INDEX_IN_DOC="35" PAGE_NO="4" NAME="Untitled Ad" ID="Ad00408" HREF="/4/Ad00408" SIZE="Small" IMAGES_RESOLUTION="160" WORDCNT="26"/>
				<Entity ENTITY_TYPE="Picture" FIRST_TOC_ENTRY_ID="28" DEPTH_LEVEL="2" INDEX_IN_DOC="28" PAGE_NO="4" NAME="Untitled Picture" ID="Pc00409" HREF="/4/Pc00409" SIZE="Small" EMBEDDED_INTO="Ar00400" EMBEDDED_AFTER="Ar0040000" IMAGES_RESOLUTION="160" WORDCNT="0"/>
				<Entity ENTITY_TYPE="Ad" FIRST_TOC_ENTRY_ID="36" DEPTH_LEVEL="1" INDEX_IN_DOC="36" PAGE_NO="4" NAME="Untitled Ad" ID="Ad00410" HREF="/4/Ad00410" SIZE="Small" IMAGES_RESOLUTION="160" WORDCNT="49"/>
				<Entity ENTITY_TYPE="Picture" FIRST_TOC_ENTRY_ID="29" DEPTH_LEVEL="2" INDEX_IN_DOC="29" PAGE_NO="4" NAME="Untitled Picture" ID="Pc00411" HREF="/4/Pc00411" SIZE="Small" EMBEDDED_INTO="Ar00400" EMBEDDED_AFTER="Ar0040000" IMAGES_RESOLUTION="160" WORDCNT="0"/>
				<Entity ENTITY_TYPE="Article" FIRST_TOC_ENTRY_ID="37" DEPTH_LEVEL="1" INDEX_IN_DOC="37" PAGE_NO="4" NAME="Air Service Is Chartered For Faculty" ID="Ar00412" HREF="/4/Ar00412" SIZE="Small" IMAGES_RESOLUTION="160" WORDCNT="148"/>
				<Entity ENTITY_TYPE="Ad" FIRST_TOC_ENTRY_ID="38" DEPTH_LEVEL="1" INDEX_IN_DOC="38" PAGE_NO="4" NAME="Untitled Ad" ID="Ad00413" HREF="/4/Ad00413" SIZE="Small" IMAGES_RESOLUTION="160" WORDCNT="163"/>
				<Entity ENTITY_TYPE="Ad" FIRST_TOC_ENTRY_ID="39" DEPTH_LEVEL="1" INDEX_IN_DOC="39" PAGE_NO="4" NAME="Untitled Ad" ID="Ad00414" HREF="/4/Ad00414" SIZE="Small" IMAGES_RESOLUTION="160" WORDCNT="60"/>
				<Entity ENTITY_TYPE="Article" FIRST_TOC_ENTRY_ID="32" DEPTH_LEVEL="1" INDEX_IN_DOC="32" PAGE_NO="4" NAME="'UN' Session Heads Named" ID="Ar00415" HREF="/4/Ar00415" SIZE="Small" IMAGES_RESOLUTION="160" WORDCNT="151"/>
			</Page>
			<Page PAGE_NO="5" NAME="" PAGE_LABEL="5" ID="Pg005" PAGE_TYPE="Single" PAGE_WIDTH="866" PAGE_HEIGHT="1238" CROP_BOX="0 0 865 1237" MEDIA_BOX="0 0 865 1237" HREF="/5/Pg005" TOTAL_CHARS_COUNT="4455" SUSPICIOUS_CHARS_COUNT="0">
				<Entity ENTITY_TYPE="Ad" FIRST_TOC_ENTRY_ID="44" DEPTH_LEVEL="1" INDEX_IN_DOC="44" PAGE_NO="5" NAME="Untitled Ad" ID="Ad00500" HREF="/5/Ad00500" SIZE="XLarge" IMAGES_RESOLUTION="160" WORDCNT="132"/>
				<Entity ENTITY_TYPE="Article" FIRST_TOC_ENTRY_ID="40" DEPTH_LEVEL="1" INDEX_IN_DOC="40" PAGE_NO="5" NAME="Enrollment Problem Eased at Fordham" ID="Ar00501" HREF="/5/Ar00501" SIZE="Medium" IMAGES_RESOLUTION="160" WORDCNT="376"/>
				<Entity ENTITY_TYPE="Article" FIRST_TOC_ENTRY_ID="41" DEPTH_LEVEL="1" INDEX_IN_DOC="41" PAGE_NO="5" NAME="Young Dems Pick Rickert" ID="Ar00502" HREF="/5/Ar00502" SIZE="Medium" IMAGES_RESOLUTION="160" WORDCNT="436"/>
				<Entity ENTITY_TYPE="Article" FIRST_TOC_ENTRY_ID="42" DEPTH_LEVEL="1" INDEX_IN_DOC="42" PAGE_NO="5" NAME="Two Receive Scholarship" ID="Ar00503" HREF="/5/Ar00503" SIZE="Small" IMAGES_RESOLUTION="160" WORDCNT="113"/>
				<Entity ENTITY_TYPE="Ad" FIRST_TOC_ENTRY_ID="43" DEPTH_LEVEL="1" INDEX_IN_DOC="43" PAGE_NO="5" NAME="Untitled Ad" ID="Ad00504" HREF="/5/Ad00504" SIZE="Small" IMAGES_RESOLUTION="160" WORDCNT="82"/>
			</Page>
			<Page PAGE_NO="6" NAME="" PAGE_LABEL="6" ID="Pg006" PAGE_TYPE="Single" PAGE_WIDTH="874" PAGE_HEIGHT="1258" CROP_BOX="0 0 873 1257" MEDIA_BOX="0 0 873 1257" HREF="/6/Pg006" TOTAL_CHARS_COUNT="18334" SUSPICIOUS_CHARS_COUNT="0">
				<Entity ENTITY_TYPE="Article" FIRST_TOC_ENTRY_ID="45" DEPTH_LEVEL="1" INDEX_IN_DOC="45" PAGE_NO="6" NAME="Untitled Article" ID="Ar00600" HREF="/6/Ar00600" SIZE="XLarge" IMAGES_RESOLUTION="160" WORDCNT="4411"/>
				<Entity ENTITY_TYPE="Picture" FIRST_TOC_ENTRY_ID="47" DEPTH_LEVEL="2" INDEX_IN_DOC="47" PAGE_NO="6" NAME="Untitled Picture" ID="Pc00601" HREF="/6/Pc00601" SIZE="Small" EMBEDDED_INTO="Ar00602" EMBEDDED_AFTER="Ar0060200" IMAGES_RESOLUTION="160" WORDCNT="0"/>
				<Entity ENTITY_TYPE="Article" FIRST_TOC_ENTRY_ID="46" DEPTH_LEVEL="1" INDEX_IN_DOC="46" PAGE_NO="6" NAME="Untitled Article" ID="Ar00602" HREF="/6/Ar00602" SIZE="Large" IMAGES_RESOLUTION="160" WORDCNT="753"/>
			</Page>
			<Page PAGE_NO="7" NAME="" PAGE_LABEL="7" ID="Pg007" PAGE_TYPE="Single" PAGE_WIDTH="862" PAGE_HEIGHT="1238" CROP_BOX="0 0 861 1237" MEDIA_BOX="0 0 861 1237" HREF="/7/Pg007" TOTAL_CHARS_COUNT="6783" SUSPICIOUS_CHARS_COUNT="0">
				<Entity ENTITY_TYPE="Article" FIRST_TOC_ENTRY_ID="48" DEPTH_LEVEL="1" INDEX_IN_DOC="48" PAGE_NO="7" NAME="Hayes Parades Talent Tomorrdw" ID="Ar00700" HREF="/7/Ar00700" SIZE="Large" IMAGES_RESOLUTION="160" WORDCNT="530"/>
				<Entity ENTITY_TYPE="Picture" FIRST_TOC_ENTRY_ID="49" DEPTH_LEVEL="2" INDEX_IN_DOC="49" PAGE_NO="7" NAME="Untitled Picture" ID="Pc00701" HREF="/7/Pc00701" SIZE="Medium" EMBEDDED_INTO="Ar00700" EMBEDDED_AFTER="Ar0070002" IMAGES_RESOLUTION="160" WORDCNT="0"/>
				<Entity ENTITY_TYPE="Article" FIRST_TOC_ENTRY_ID="51" DEPTH_LEVEL="1" INDEX_IN_DOC="51" PAGE_NO="7" NAME="This Week in Sports at OSU" ID="Ar00702" HREF="/7/Ar00702" SIZE="Small" IMAGES_RESOLUTION="160" WORDCNT="77"/>
				<Entity ENTITY_TYPE="Article" FIRST_TOC_ENTRY_ID="52" DEPTH_LEVEL="1" INDEX_IN_DOC="52" PAGE_NO="7" NAME="SPORTS QUIZ" ID="Ar00703" HREF="/7/Ar00703" SIZE="Small" IMAGES_RESOLUTION="160" WORDCNT="195"/>
				<Entity ENTITY_TYPE="Article" FIRST_TOC_ENTRY_ID="54" DEPTH_LEVEL="1" INDEX_IN_DOC="54" PAGE_NO="7" NAME="Buckeyes Rank Third In Big Ten Titles" ID="Ar00704" HREF="/7/Ar00704" SIZE="Medium" IMAGES_RESOLUTION="160" WORDCNT="181"/>
				<Entity ENTITY_TYPE="Article" FIRST_TOC_ENTRY_ID="53" DEPTH_LEVEL="1" INDEX_IN_DOC="53" PAGE_NO="7" NAME="O' Scholars To Be Guest At Banquet'" ID="Ar00705" HREF="/7/Ar00705" SIZE="Medium" IMAGES_RESOLUTION="160" WORDCNT="254"/>
				<Entity ENTITY_TYPE="Picture" FIRST_TOC_ENTRY_ID="55" DEPTH_LEVEL="2" INDEX_IN_DOC="55" PAGE_NO="7" NAME="Untitled Picture" ID="Pc00706" HREF="/7/Pc00706" SIZE="Small" EMBEDDED_INTO="Ar00704" EMBEDDED_AFTER="Ar0070403" IMAGES_RESOLUTION="160" WORDCNT="0"/>
				<Entity ENTITY_TYPE="Picture" FIRST_TOC_ENTRY_ID="50" DEPTH_LEVEL="2" INDEX_IN_DOC="50" PAGE_NO="7" NAME="Untitled Picture" ID="Pc00707" HREF="/7/Pc00707" SIZE="Medium" EMBEDDED_INTO="Ar00700" EMBEDDED_AFTER="Ar0070007" IMAGES_RESOLUTION="160" WORDCNT="0"/>
				<Entity ENTITY_TYPE="Article" FIRST_TOC_ENTRY_ID="56" DEPTH_LEVEL="1" INDEX_IN_DOC="56" PAGE_NO="7" NAME="Stickmen At Home, Karowmen On Road" ID="Ar00708" HREF="/7/Ar00708" SIZE="Medium" IMAGES_RESOLUTION="160" WORDCNT="240"/>
				<Entity ENTITY_TYPE="Article" FIRST_TOC_ENTRY_ID="57" DEPTH_LEVEL="1" INDEX_IN_DOC="57" PAGE_NO="7" NAME="Track Team Hosts Wisconsin Today" ID="Ar00709" HREF="/7/Ar00709" SIZE="Small" IMAGES_RESOLUTION="160" WORDCNT="99"/>
				<Entity ENTITY_TYPE="Article" FIRST_TOC_ENTRY_ID="58" DEPTH_LEVEL="1" INDEX_IN_DOC="58" PAGE_NO="7" NAME="Sports" ID="Ar00710" HREF="/7/Ar00710" SIZE="Small" IMAGES_RESOLUTION="160" WORDCNT="90"/>
			</Page>
			<Page PAGE_NO="8" NAME="" PAGE_LABEL="8" ID="Pg008" PAGE_TYPE="Single" PAGE_WIDTH="873" PAGE_HEIGHT="1259" CROP_BOX="0 0 872 1258" MEDIA_BOX="0 0 872 1258" HREF="/8/Pg008" TOTAL_CHARS_COUNT="9387" SUSPICIOUS_CHARS_COUNT="0">
				<Entity ENTITY_TYPE="Article" FIRST_TOC_ENTRY_ID="59" DEPTH_LEVEL="1" INDEX_IN_DOC="59" PAGE_NO="8" NAME="Top Scholars Take Awards At Luncheon" ID="Ar00800" HREF="/8/Ar00800" SIZE="Medium" IMAGES_RESOLUTION="160" WORDCNT="225"/>
				<Entity ENTITY_TYPE="Article" FIRST_TOC_ENTRY_ID="60" DEPTH_LEVEL="1" INDEX_IN_DOC="60" PAGE_NO="8" NAME="Untitled Article" ID="Ar00801" HREF="/8/Ar00801" SIZE="Medium" IMAGES_RESOLUTION="160" WORDCNT="380"/>
				<Entity ENTITY_TYPE="Picture" FIRST_TOC_ENTRY_ID="62" DEPTH_LEVEL="2" INDEX_IN_DOC="62" PAGE_NO="8" NAME="Untitled Picture" ID="Pc00802" HREF="/8/Pc00802" SIZE="Small" EMBEDDED_INTO="Ar00810" EMBEDDED_AFTER="Ar0081000" IMAGES_RESOLUTION="160" WORDCNT="0"/>
				<Entity ENTITY_TYPE="Article" FIRST_TOC_ENTRY_ID="63" DEPTH_LEVEL="1" INDEX_IN_DOC="63" PAGE_NO="8" NAME="Student Senate Passes May Week Resolutions" ID="Ar00803" HREF="/8/Ar00803" SIZE="Large" IMAGES_RESOLUTION="160" WORDCNT="488"/>
				<Entity ENTITY_TYPE="Ad" FIRST_TOC_ENTRY_ID="65" DEPTH_LEVEL="1" INDEX_IN_DOC="65" PAGE_NO="8" NAME="Untitled Ad" ID="Ad00804" HREF="/8/Ad00804" SIZE="Medium" IMAGES_RESOLUTION="160" WORDCNT="232"/>
				<Entity ENTITY_TYPE="Article" FIRST_TOC_ENTRY_ID="66" DEPTH_LEVEL="1" INDEX_IN_DOC="66" PAGE_NO="8" NAME="Panel Members Take Sides on Fluoridation" ID="Ar00805" HREF="/8/Ar00805" SIZE="Large" IMAGES_RESOLUTION="160" WORDCNT="469"/>
				<Entity ENTITY_TYPE="Article" FIRST_TOC_ENTRY_ID="67" DEPTH_LEVEL="1" INDEX_IN_DOC="67" PAGE_NO="8" NAME="Harvard Dean At University For Law Day" ID="Ar00806" HREF="/8/Ar00806" SIZE="Small" IMAGES_RESOLUTION="160" WORDCNT="212"/>
				<Entity ENTITY_TYPE="Ad" FIRST_TOC_ENTRY_ID="69" DEPTH_LEVEL="1" INDEX_IN_DOC="69" PAGE_NO="8" NAME="Untitled Ad" ID="Ad00807" HREF="/8/Ad00807" SIZE="Small" IMAGES_RESOLUTION="160" WORDCNT="89"/>
				<Entity ENTITY_TYPE="Ad" FIRST_TOC_ENTRY_ID="70" DEPTH_LEVEL="1" INDEX_IN_DOC="70" PAGE_NO="8" NAME="Untitled Ad" ID="Ad00808" HREF="/8/Ad00808" SIZE="Medium" IMAGES_RESOLUTION="160" WORDCNT="114"/>
				<Entity ENTITY_TYPE="Ad" FIRST_TOC_ENTRY_ID="68" DEPTH_LEVEL="1" INDEX_IN_DOC="68" PAGE_NO="8" NAME="Untitled Ad" ID="Ad00809" HREF="/8/Ad00809" SIZE="Small" IMAGES_RESOLUTION="160" WORDCNT="141"/>
				<Entity ENTITY_TYPE="Article" FIRST_TOC_ENTRY_ID="61" DEPTH_LEVEL="1" INDEX_IN_DOC="61" PAGE_NO="8" NAME="Untitled Article" ID="Ar00810" HREF="/8/Ar00810" SIZE="Small" IMAGES_RESOLUTION="160" WORDCNT="79"/>
				<Entity ENTITY_TYPE="Article" FIRST_TOC_ENTRY_ID="64" DEPTH_LEVEL="1" INDEX_IN_DOC="64" PAGE_NO="8" NAME="Drop in Revenue Tightens Budget" ID="Ar00811" HREF="/8/Ar00811" SIZE="Small" IMAGES_RESOLUTION="160" WORDCNT="111"/>
			</Page>
		</Section>
	</Body_np>
	<Logic_np><TOC_Entries><TOC_Entry TOC_ENTRY_ID="1" TITLE="Ohio State Scientists Study Space Radiat..." ENTITY_ID_REF="Ar00100" PAGE_NO="1" PAGE_LABEL="1" PRIM_ID_REF="Ar0010000" IS_IC="true"/><TOC_Entry TOC_ENTRY_ID="2" TITLE="�LANTERN photo by Art Radwin PREPARE REV..." ENTITY_ID_REF="Ar00103" PAGE_NO="1" PAGE_LABEL="1" PRIM_ID_REF="Ar0010300" IS_IC="true"><TOC_Entry TOC_ENTRY_ID="3" TITLE="" ENTITY_ID_REF="Pc00102" PAGE_NO="1" PAGE_LABEL="1" PRIM_ID_REF="Pc0010200" IS_IC="true"/></TOC_Entry><TOC_Entry TOC_ENTRY_ID="4" TITLE="Raids, Dunks Discouraged" ENTITY_ID_REF="Ar00104" PAGE_NO="1" PAGE_LABEL="1" PRIM_ID_REF="Ar0010400" IS_IC="true"/><TOC_Entry TOC_ENTRY_ID="5" TITLE="Letter Spells 'Raid' Ruling" ENTITY_ID_REF="Ar00105" PAGE_NO="1" PAGE_LABEL="1" PRIM_ID_REF="Ar0010500" IS_IC="true"/><TOC_Entry TOC_ENTRY_ID="6" TITLE="An Editorial" ENTITY_ID_REF="Ar00109" PAGE_NO="1" PAGE_LABEL="1" PRIM_ID_REF="Ar0010900" IS_IC="true"/><TOC_Entry TOC_ENTRY_ID="7" TITLE="Gen. Medaris Defines Space Age Problems" ENTITY_ID_REF="Ar00107" PAGE_NO="1" PAGE_LABEL="1" PRIM_ID_REF="Ar0010700" IS_IC="true"/><TOC_Entry TOC_ENTRY_ID="8" TITLE="THE WEATHER" ENTITY_ID_REF="Ar00108" PAGE_NO="1" PAGE_LABEL="1" PRIM_ID_REF="Ar0010800" IS_IC="true"><TOC_Entry TOC_ENTRY_ID="9" TITLE="" ENTITY_ID_REF="Pc00101" PAGE_NO="1" PAGE_LABEL="1" PRIM_ID_REF="Pc0010100" IS_IC="true"/></TOC_Entry><TOC_Entry TOC_ENTRY_ID="10" TITLE="OSU Fees Re-examined; Future May See Rai..." ENTITY_ID_REF="Ar00106" PAGE_NO="1" PAGE_LABEL="1" PRIM_ID_REF="Ar0010600" IS_IC="true"/><TOC_Entry TOC_ENTRY_ID="11" TITLE="Good, Bad or . . ?" ENTITY_ID_REF="Ar00200" PAGE_NO="2" PAGE_LABEL="2" PRIM_ID_REF="Ar0020000" IS_IC="true"/><TOC_Entry TOC_ENTRY_ID="12" TITLE="The Important Thing" ENTITY_ID_REF="Ar00206" PAGE_NO="2" PAGE_LABEL="2" PRIM_ID_REF="Ar0020600" IS_IC="true"/><TOC_Entry TOC_ENTRY_ID="13" TITLE="THIMK" ENTITY_ID_REF="Ar00201" PAGE_NO="2" PAGE_LABEL="2" PRIM_ID_REF="Ar0020100" IS_IC="true"/><TOC_Entry TOC_ENTRY_ID="14" TITLE="Trouble Unlikely, Believes Guthrie" ENTITY_ID_REF="Ar00202" PAGE_NO="2" PAGE_LABEL="2" PRIM_ID_REF="Ar0020200" IS_IC="true"/><TOC_Entry TOC_ENTRY_ID="15" TITLE="$Jba&amp;L Wajt&amp;A...." ENTITY_ID_REF="Ar00203" PAGE_NO="2" PAGE_LABEL="2" PRIM_ID_REF="Ar0020300" IS_IC="true"/><TOC_Entry TOC_ENTRY_ID="16" TITLE="Economy Aids Differ" ENTITY_ID_REF="Ar00204" PAGE_NO="2" PAGE_LABEL="2" PRIM_ID_REF="Ar0020400" IS_IC="true"/><TOC_Entry TOC_ENTRY_ID="17" TITLE="JhsL Ohio SJtatsL*.. LANTERN Student Ass..." ENTITY_ID_REF="Ar00205" PAGE_NO="2" PAGE_LABEL="2" PRIM_ID_REF="Ar0020500" IS_IC="true"/><TOC_Entry TOC_ENTRY_ID="18" TITLE="Riot's Fun Unknown To Israeli Students" ENTITY_ID_REF="Ar00300" PAGE_NO="3" PAGE_LABEL="3" PRIM_ID_REF="Ar0030000" IS_IC="true"/><TOC_Entry TOC_ENTRY_ID="19" TITLE="Tell-A-Story Slides Used In Buildings" ENTITY_ID_REF="Ar00303" PAGE_NO="3" PAGE_LABEL="3" PRIM_ID_REF="Ar0030300" IS_IC="true"/><TOC_Entry TOC_ENTRY_ID="20" TITLE="PETITION DEADLINE" ENTITY_ID_REF="Ar00304" PAGE_NO="3" PAGE_LABEL="3" PRIM_ID_REF="Ar0030400" IS_IC="true"/><TOC_Entry TOC_ENTRY_ID="21" TITLE="Visa For Brilty's Wife Sought By Petitio..." ENTITY_ID_REF="Ar00301" PAGE_NO="3" PAGE_LABEL="3" PRIM_ID_REF="Ar0030100" IS_IC="true"/><TOC_Entry TOC_ENTRY_ID="22" TITLE="Letter Rules Out-May Week 'Raids'" ENTITY_ID_REF="Ar00302" PAGE_NO="3" PAGE_LABEL="3" PRIM_ID_REF="Ar0030200" IS_IC="true"/><TOC_Entry TOC_ENTRY_ID="23" TITLE="" ENTITY_ID_REF="Ad00305" PAGE_NO="3" PAGE_LABEL="3" PRIM_ID_REF="Ad0030501" IS_IC="true"/><TOC_Entry TOC_ENTRY_ID="24" TITLE="Democrats Sponsor 'Great Issues' Forum" ENTITY_ID_REF="Ar00400" PAGE_NO="4" PAGE_LABEL="4" PRIM_ID_REF="Ar0040000" IS_IC="true"><TOC_Entry TOC_ENTRY_ID="25" TITLE="" ENTITY_ID_REF="Pc00401" PAGE_NO="4" PAGE_LABEL="4" PRIM_ID_REF="Pc0040100" IS_IC="true"/><TOC_Entry TOC_ENTRY_ID="26" TITLE="" ENTITY_ID_REF="Pc00404" PAGE_NO="4" PAGE_LABEL="4" PRIM_ID_REF="Pc0040400" IS_IC="true"/><TOC_Entry TOC_ENTRY_ID="27" TITLE="" ENTITY_ID_REF="Pc00406" PAGE_NO="4" PAGE_LABEL="4" PRIM_ID_REF="Pc0040600" IS_IC="true"/><TOC_Entry TOC_ENTRY_ID="28" TITLE="" ENTITY_ID_REF="Pc00409" PAGE_NO="4" PAGE_LABEL="4" PRIM_ID_REF="Pc0040900" IS_IC="true"/><TOC_Entry TOC_ENTRY_ID="29" TITLE="" ENTITY_ID_REF="Pc00411" PAGE_NO="4" PAGE_LABEL="4" PRIM_ID_REF="Pc0041100" IS_IC="true"/></TOC_Entry><TOC_Entry TOC_ENTRY_ID="30" TITLE="Book Printed On Nonlinear Control Area" ENTITY_ID_REF="Ar00402" PAGE_NO="4" PAGE_LABEL="4" PRIM_ID_REF="Ar0040200" IS_IC="true"/><TOC_Entry TOC_ENTRY_ID="31" TITLE="Panel Lists Faculty Experts" ENTITY_ID_REF="Ar00405" PAGE_NO="4" PAGE_LABEL="4" PRIM_ID_REF="Ar0040500" IS_IC="true"/><TOC_Entry TOC_ENTRY_ID="32" TITLE="'UN' Session Heads Named" ENTITY_ID_REF="Ar00415" PAGE_NO="4" PAGE_LABEL="4" PRIM_ID_REF="Ar0041500" IS_IC="true"/><TOC_Entry TOC_ENTRY_ID="33" TITLE="New President Named By Medical Associati..." ENTITY_ID_REF="Ar00403" PAGE_NO="4" PAGE_LABEL="4" PRIM_ID_REF="Ar0040300" IS_IC="true"/><TOC_Entry TOC_ENTRY_ID="34" TITLE="Critical Mind Valued Most by Prof. Spitz" ENTITY_ID_REF="Ar00407" PAGE_NO="4" PAGE_LABEL="4" PRIM_ID_REF="Ar0040700" IS_IC="true"/><TOC_Entry TOC_ENTRY_ID="35" TITLE="" ENTITY_ID_REF="Ad00408" PAGE_NO="4" PAGE_LABEL="4" PRIM_ID_REF="Ad0040805" IS_IC="true"/><TOC_Entry TOC_ENTRY_ID="36" TITLE="" ENTITY_ID_REF="Ad00410" PAGE_NO="4" PAGE_LABEL="4" PRIM_ID_REF="Ad0041003" IS_IC="true"/><TOC_Entry TOC_ENTRY_ID="37" TITLE="Air Service Is Chartered For Faculty" ENTITY_ID_REF="Ar00412" PAGE_NO="4" PAGE_LABEL="4" PRIM_ID_REF="Ar0041200" IS_IC="true"/><TOC_Entry TOC_ENTRY_ID="38" TITLE="" ENTITY_ID_REF="Ad00413" PAGE_NO="4" PAGE_LABEL="4" PRIM_ID_REF="Ad0041302" IS_IC="true"/><TOC_Entry TOC_ENTRY_ID="39" TITLE="" ENTITY_ID_REF="Ad00414" PAGE_NO="4" PAGE_LABEL="4" PRIM_ID_REF="Ad0041406" IS_IC="true"/><TOC_Entry TOC_ENTRY_ID="40" TITLE="Enrollment Problem Eased at Fordham" ENTITY_ID_REF="Ar00501" PAGE_NO="5" PAGE_LABEL="5" PRIM_ID_REF="Ar0050100" IS_IC="true"/><TOC_Entry TOC_ENTRY_ID="41" TITLE="Young Dems Pick Rickert" ENTITY_ID_REF="Ar00502" PAGE_NO="5" PAGE_LABEL="5" PRIM_ID_REF="Ar0050200" IS_IC="true"/><TOC_Entry TOC_ENTRY_ID="42" TITLE="Two Receive Scholarship" ENTITY_ID_REF="Ar00503" PAGE_NO="5" PAGE_LABEL="5" PRIM_ID_REF="Ar0050300" IS_IC="true"/><TOC_Entry TOC_ENTRY_ID="43" TITLE="" ENTITY_ID_REF="Ad00504" PAGE_NO="5" PAGE_LABEL="5" PRIM_ID_REF="Ad0050401" IS_IC="true"/><TOC_Entry TOC_ENTRY_ID="44" TITLE="" ENTITY_ID_REF="Ad00500" PAGE_NO="5" PAGE_LABEL="5" PRIM_ID_REF="Ad0050006" IS_IC="true"/><TOC_Entry TOC_ENTRY_ID="45" TITLE="OFFICIAL BULLETIN THE OHIO STATE UNIVERS..." ENTITY_ID_REF="Ar00600" PAGE_NO="6" PAGE_LABEL="6" PRIM_ID_REF="Ar0060000" IS_IC="true"/><TOC_Entry TOC_ENTRY_ID="46" TITLE="AM 820 Kilocycles FM 89.7 Megacycles FRI..." ENTITY_ID_REF="Ar00602" PAGE_NO="6" PAGE_LABEL="6" PRIM_ID_REF="Ar0060200" IS_IC="true"><TOC_Entry TOC_ENTRY_ID="47" TITLE="" ENTITY_ID_REF="Pc00601" PAGE_NO="6" PAGE_LABEL="6" PRIM_ID_REF="Pc0060100" IS_IC="true"/></TOC_Entry><TOC_Entry TOC_ENTRY_ID="48" TITLE="Hayes Parades Talent Tomorrdw" ENTITY_ID_REF="Ar00700" PAGE_NO="7" PAGE_LABEL="7" PRIM_ID_REF="Ar0070000" IS_IC="true"><TOC_Entry TOC_ENTRY_ID="49" TITLE="" ENTITY_ID_REF="Pc00701" PAGE_NO="7" PAGE_LABEL="7" PRIM_ID_REF="Pc0070100" IS_IC="true"/><TOC_Entry TOC_ENTRY_ID="50" TITLE="" ENTITY_ID_REF="Pc00707" PAGE_NO="7" PAGE_LABEL="7" PRIM_ID_REF="Pc0070700" IS_IC="true"/></TOC_Entry><TOC_Entry TOC_ENTRY_ID="51" TITLE="This Week in Sports at OSU" ENTITY_ID_REF="Ar00702" PAGE_NO="7" PAGE_LABEL="7" PRIM_ID_REF="Ar0070200" IS_IC="true"/><TOC_Entry TOC_ENTRY_ID="52" TITLE="SPORTS QUIZ" ENTITY_ID_REF="Ar00703" PAGE_NO="7" PAGE_LABEL="7" PRIM_ID_REF="Ar0070300" IS_IC="true"/><TOC_Entry TOC_ENTRY_ID="53" TITLE="O' Scholars To Be Guest At Banquet'" ENTITY_ID_REF="Ar00705" PAGE_NO="7" PAGE_LABEL="7" PRIM_ID_REF="Ar0070500" IS_IC="true"/><TOC_Entry TOC_ENTRY_ID="54" TITLE="Buckeyes Rank Third In Big Ten Titles" ENTITY_ID_REF="Ar00704" PAGE_NO="7" PAGE_LABEL="7" PRIM_ID_REF="Ar0070400" IS_IC="true"><TOC_Entry TOC_ENTRY_ID="55" TITLE="" ENTITY_ID_REF="Pc00706" PAGE_NO="7" PAGE_LABEL="7" PRIM_ID_REF="Pc0070600" IS_IC="true"/></TOC_Entry><TOC_Entry TOC_ENTRY_ID="56" TITLE="Stickmen At Home, Karowmen On Road" ENTITY_ID_REF="Ar00708" PAGE_NO="7" PAGE_LABEL="7" PRIM_ID_REF="Ar0070800" IS_IC="true"/><TOC_Entry TOC_ENTRY_ID="57" TITLE="Track Team Hosts Wisconsin Today" ENTITY_ID_REF="Ar00709" PAGE_NO="7" PAGE_LABEL="7" PRIM_ID_REF="Ar0070900" IS_IC="true"/><TOC_Entry TOC_ENTRY_ID="58" TITLE="Sports" ENTITY_ID_REF="Ar00710" PAGE_NO="7" PAGE_LABEL="7" PRIM_ID_REF="Ar0071000" IS_IC="true"/><TOC_Entry TOC_ENTRY_ID="59" TITLE="Top Scholars Take Awards At Luncheon" ENTITY_ID_REF="Ar00800" PAGE_NO="8" PAGE_LABEL="8" PRIM_ID_REF="Ar0080000" IS_IC="true"/><TOC_Entry TOC_ENTRY_ID="60" TITLE="Qla&amp;M^isdA TYPIST Term papers, law brief..." ENTITY_ID_REF="Ar00801" PAGE_NO="8" PAGE_LABEL="8" PRIM_ID_REF="Ar0080100" IS_IC="true"/><TOC_Entry TOC_ENTRY_ID="61" TITLE="SCHOLARS RECOGNIZED�Dick Turner, A-3 (le..." ENTITY_ID_REF="Ar00810" PAGE_NO="8" PAGE_LABEL="8" PRIM_ID_REF="Ar0081000" IS_IC="true"><TOC_Entry TOC_ENTRY_ID="62" TITLE="" ENTITY_ID_REF="Pc00802" PAGE_NO="8" PAGE_LABEL="8" PRIM_ID_REF="Pc0080200" IS_IC="true"/></TOC_Entry><TOC_Entry TOC_ENTRY_ID="63" TITLE="Student Senate Passes May Week Resolutio..." ENTITY_ID_REF="Ar00803" PAGE_NO="8" PAGE_LABEL="8" PRIM_ID_REF="Ar0080300" IS_IC="true"/><TOC_Entry TOC_ENTRY_ID="64" TITLE="Drop in Revenue Tightens Budget" ENTITY_ID_REF="Ar00811" PAGE_NO="8" PAGE_LABEL="8" PRIM_ID_REF="Ar0081100" IS_IC="true"/><TOC_Entry TOC_ENTRY_ID="65" TITLE="" ENTITY_ID_REF="Ad00804" PAGE_NO="8" PAGE_LABEL="8" PRIM_ID_REF="Ad0080404" IS_IC="true"/><TOC_Entry TOC_ENTRY_ID="66" TITLE="Panel Members Take Sides on Fluoridation" ENTITY_ID_REF="Ar00805" PAGE_NO="8" PAGE_LABEL="8" PRIM_ID_REF="Ar0080500" IS_IC="true"/><TOC_Entry TOC_ENTRY_ID="67" TITLE="Harvard Dean At University For Law Day" ENTITY_ID_REF="Ar00806" PAGE_NO="8" PAGE_LABEL="8" PRIM_ID_REF="Ar0080600" IS_IC="true"/><TOC_Entry TOC_ENTRY_ID="68" TITLE="" ENTITY_ID_REF="Ad00809" PAGE_NO="8" PAGE_LABEL="8" PRIM_ID_REF="Ad0080905" IS_IC="true"/><TOC_Entry TOC_ENTRY_ID="69" TITLE="" ENTITY_ID_REF="Ad00807" PAGE_NO="8" PAGE_LABEL="8" PRIM_ID_REF="Ad0080703" IS_IC="true"/><TOC_Entry TOC_ENTRY_ID="70" TITLE="" ENTITY_ID_REF="Ad00808" PAGE_NO="8" PAGE_LABEL="8" PRIM_ID_REF="Ad0080805" IS_IC="true"/></TOC_Entries></Logic_np></Xmd_toc>
