<?xml version="1.0" encoding="windows-1252" standalone="no"?>
<Xmd_toc REPOSITORY_FORMAT="1.0" PRXML_VER="2.2" PUBLICATION="OHI" PUBLICATION_DESCRIPTION="" ISSUE_DATE="01/10/1958" RELEASE_NO="060-OHI-1958-10-01-001-SINGLE-LANTERN_VOL-78_JUN26-JUN8_OCT_001" LANGUAGE="English">
	<Head_np>
		<Meta PAGES_NUMBER="8" SOURCE_TYPE="TIFF" SOURCE_RESOLUTION="72" IMAGES_RESOLUTION="160" PAGE_THUMBNAIL_RESOLUTION="72" PAGE_PREVIEW_RESOLUTION="15" DEFAULT_IMG_EXT="png" DEFAULT_PREVIEW_IMG_EXT="png" BASE_HREF="OHI/1958/10/01" PDF_DESTINATION_MAPPED="OLV0_Page_0001" TITLE_SNP_EXT="png" AD_SNP_EXT="png" IMAGE_SNP_EXT="jpg" MULTI_LAYER_PAGE_IMG="false" IS_SOLID="false" DOC_DATE="01/10/1958" DOC_UID="OHI_01/10/1958" DOC_VER="1" OCR_CONFIDENCE="1.000" TOTAL_CHARS_COUNT="45625" SUSPICIOUS_CHARS_COUNT="0">
			<Publisher XMD_VER="2.6.241.4" ACROBAT_VER="7.08" PUBLISHER="Olive" PROFILE_ID="W:\Batch\Profile\OHI-1958-10-01.ini">
				<PublishDate>Tue, 24 May 2011 14:46:03 UTC</PublishDate>
				<PublishSWFCompatible>false</PublishSWFCompatible>
			</Publisher>
			<Resolutions>
				<Resolution DEFAULT="true">72</Resolution>
			</Resolutions>
		</Meta>
		<Link SOURCE="060-OHI-1958-10-01-001-SINGLE-LANTERN_VOL-78_JUN26-JUN8_OCT_001.pdf"/>
		<DataFiles>
			<Files TYPE="DOC_PDF" PRESENT="1"/>
			<Files TYPE="PAGE_PDF" PRESENT="0"/>
			<Files TYPE="DOC_IMG" PRESENT="0"/>
			<Files TYPE="PAGE_IMG" PRESENT="0"/>
			<Files TYPE="PAGE_VIEW_IMG" PRESENT="1"/>
			<Files TYPE="PAGE_PREVIEW_IMG" PRESENT="1"/>
			<Files TYPE="PRIMITIVE_IMG" PRESENT="1"/>
			<Files TYPE="SNIPPET_IMG" PRESENT="1"/>
			<Files TYPE="SEGMENTATION" PRESENT="0"/>
		</DataFiles><Application_Data/></Head_np>
	<Body_np>
		<Section NAME="Front page">
			<Page PAGE_NO="1" NAME="" PAGE_LABEL="1" ID="Pg001" PAGE_TYPE="Single" PAGE_WIDTH="869" PAGE_HEIGHT="1253" CROP_BOX="0 0 868 1252" MEDIA_BOX="0 0 868 1252" HREF="/1/Pg001" TOTAL_CHARS_COUNT="8485" SUSPICIOUS_CHARS_COUNT="0">
				<Entity ENTITY_TYPE="Picture" FIRST_TOC_ENTRY_ID="2" DEPTH_LEVEL="2" INDEX_IN_DOC="2" PAGE_NO="1" NAME="Untitled Picture" ID="Pc00100" HREF="/1/Pc00100" SIZE="Small" EMBEDDED_INTO="Ar00101" EMBEDDED_AFTER="Ar0010100" IMAGES_RESOLUTION="160" WORDCNT="0"/>
				<Entity ENTITY_TYPE="Article" FIRST_TOC_ENTRY_ID="1" DEPTH_LEVEL="1" INDEX_IN_DOC="1" PAGE_NO="1" NAME="Deans Given New Posts" ID="Ar00101" HREF="/1/Ar00101" SIZE="Medium" IMAGES_RESOLUTION="160" WORDCNT="315"/>
				<Entity ENTITY_TYPE="Article" FIRST_TOC_ENTRY_ID="5" DEPTH_LEVEL="1" INDEX_IN_DOC="5" PAGE_NO="1" NAME="Beta Pledges Win Trophy" ID="Ar00102" HREF="/1/Ar00102" SIZE="Small" IMAGES_RESOLUTION="160" WORDCNT="120"/>
				<Entity ENTITY_TYPE="Article" FIRST_TOC_ENTRY_ID="7" DEPTH_LEVEL="1" INDEX_IN_DOC="7" PAGE_NO="1" NAME="Death Almost Comes Twice to Dan McGrew" ID="Ar00103" HREF="/1/Ar00103" SIZE="Medium" IMAGES_RESOLUTION="160" WORDCNT="221"/>
				<Entity ENTITY_TYPE="Picture" FIRST_TOC_ENTRY_ID="3" DEPTH_LEVEL="2" INDEX_IN_DOC="3" PAGE_NO="1" NAME="Untitled Picture" ID="Pc00104" HREF="/1/Pc00104" SIZE="Small" EMBEDDED_INTO="Ar00101" EMBEDDED_AFTER="Ar0010100" IMAGES_RESOLUTION="160" WORDCNT="0"/>
				<Entity ENTITY_TYPE="Article" FIRST_TOC_ENTRY_ID="6" DEPTH_LEVEL="1" INDEX_IN_DOC="6" PAGE_NO="1" NAME="'55 Graduate Named Fraternity Adviser" ID="Ar00105" HREF="/1/Ar00105" SIZE="Medium" IMAGES_RESOLUTION="160" WORDCNT="389"/>
				<Entity ENTITY_TYPE="Picture" FIRST_TOC_ENTRY_ID="4" DEPTH_LEVEL="2" INDEX_IN_DOC="4" PAGE_NO="1" NAME="Untitled Picture" ID="Pc00106" HREF="/1/Pc00106" SIZE="Small" EMBEDDED_INTO="Ar00101" EMBEDDED_AFTER="Ar0010100" IMAGES_RESOLUTION="160" WORDCNT="0"/>
				<Entity ENTITY_TYPE="Article" FIRST_TOC_ENTRY_ID="9" DEPTH_LEVEL="1" INDEX_IN_DOC="9" PAGE_NO="1" NAME="Death Spurs Study Of City Heater Law" ID="Ar00107" HREF="/1/Ar00107" SIZE="Large" IMAGES_RESOLUTION="160" WORDCNT="524"/>
				<Entity ENTITY_TYPE="Article" FIRST_TOC_ENTRY_ID="11" DEPTH_LEVEL="1" INDEX_IN_DOC="11" PAGE_NO="1" NAME="We're Glad! We're Sorry" ID="Ar00108" HREF="/1/Ar00108" SIZE="Small" IMAGES_RESOLUTION="160" WORDCNT="248"/>
				<Entity ENTITY_TYPE="Article" FIRST_TOC_ENTRY_ID="8" DEPTH_LEVEL="1" INDEX_IN_DOC="8" PAGE_NO="1" NAME="Untitled Article" ID="Ar00109" HREF="/1/Ar00109" SIZE="Small" IMAGES_RESOLUTION="160" WORDCNT="22"/>
				<Entity ENTITY_TYPE="Article" FIRST_TOC_ENTRY_ID="10" DEPTH_LEVEL="1" INDEX_IN_DOC="10" PAGE_NO="1" NAME="BULLETINS" ID="Ar00110" HREF="/1/Ar00110" SIZE="Small" IMAGES_RESOLUTION="160" WORDCNT="186"/>
			</Page>
		</Section>
		<Section NAME="None">
			<Page PAGE_NO="2" NAME="" PAGE_LABEL="2" ID="Pg002" PAGE_TYPE="Single" PAGE_WIDTH="872" PAGE_HEIGHT="1246" CROP_BOX="0 0 871 1245" MEDIA_BOX="0 0 871 1245" HREF="/2/Pg002" TOTAL_CHARS_COUNT="8847" SUSPICIOUS_CHARS_COUNT="0">
				<Entity ENTITY_TYPE="Article" FIRST_TOC_ENTRY_ID="12" DEPTH_LEVEL="1" INDEX_IN_DOC="12" PAGE_NO="2" NAME="Anniversary" ID="Ar00200" HREF="/2/Ar00200" SIZE="Medium" IMAGES_RESOLUTION="160" WORDCNT="240"/>
				<Entity ENTITY_TYPE="Article" FIRST_TOC_ENTRY_ID="13" DEPTH_LEVEL="1" INDEX_IN_DOC="13" PAGE_NO="2" NAME="In Tribute" ID="Ar00201" HREF="/2/Ar00201" SIZE="Medium" IMAGES_RESOLUTION="160" WORDCNT="258"/>
				<Entity ENTITY_TYPE="Article" FIRST_TOC_ENTRY_ID="14" DEPTH_LEVEL="1" INDEX_IN_DOC="14" PAGE_NO="2" NAME="Thanks Again" ID="Ar00202" HREF="/2/Ar00202" SIZE="Small" IMAGES_RESOLUTION="160" WORDCNT="76"/>
				<Entity ENTITY_TYPE="Article" FIRST_TOC_ENTRY_ID="15" DEPTH_LEVEL="1" INDEX_IN_DOC="15" PAGE_NO="2" NAME="Remote Programs Televised by Bus" ID="Ar00203" HREF="/2/Ar00203" SIZE="Small" IMAGES_RESOLUTION="160" WORDCNT="154"/>
				<Entity ENTITY_TYPE="Article" FIRST_TOC_ENTRY_ID="16" DEPTH_LEVEL="1" INDEX_IN_DOC="16" PAGE_NO="2" NAME="GermansTake Trolley Car To Freedom" ID="Ar00204" HREF="/2/Ar00204" SIZE="Large" IMAGES_RESOLUTION="160" WORDCNT="560"/>
				<Entity ENTITY_TYPE="Article" FIRST_TOC_ENTRY_ID="19" DEPTH_LEVEL="1" INDEX_IN_DOC="19" PAGE_NO="2" NAME="Red China Chief s Prestige Soars Since 1957 Meeting" ID="Ar00205" HREF="/2/Ar00205" SIZE="Large" IMAGES_RESOLUTION="160" WORDCNT="497"/>
				<Entity ENTITY_TYPE="Article" FIRST_TOC_ENTRY_ID="17" DEPTH_LEVEL="1" INDEX_IN_DOC="17" PAGE_NO="2" NAME="LITTLE MAN ON CAMPUS" ID="Ar00206" HREF="/2/Ar00206" SIZE="Small" IMAGES_RESOLUTION="160" WORDCNT="11"/>
				<Entity ENTITY_TYPE="Picture" FIRST_TOC_ENTRY_ID="18" DEPTH_LEVEL="2" INDEX_IN_DOC="18" PAGE_NO="2" NAME="Untitled Picture" ID="Pc00207" HREF="/2/Pc00207" SIZE="Medium" EMBEDDED_INTO="Ar00206" EMBEDDED_AFTER="Ar0020600" IMAGES_RESOLUTION="160" WORDCNT="0"/>
				<Entity ENTITY_TYPE="Article" FIRST_TOC_ENTRY_ID="20" DEPTH_LEVEL="1" INDEX_IN_DOC="20" PAGE_NO="2" NAME="Untitled Article" ID="Ar00208" HREF="/2/Ar00208" SIZE="Small" IMAGES_RESOLUTION="160" WORDCNT="225"/>
			</Page>
			<Page PAGE_NO="3" NAME="" PAGE_LABEL="3" ID="Pg003" PAGE_TYPE="Single" PAGE_WIDTH="874" PAGE_HEIGHT="1239" CROP_BOX="0 0 873 1238" MEDIA_BOX="0 0 873 1238" HREF="/3/Pg003" TOTAL_CHARS_COUNT="1354" SUSPICIOUS_CHARS_COUNT="0">
				<Entity ENTITY_TYPE="Article" FIRST_TOC_ENTRY_ID="21" DEPTH_LEVEL="1" INDEX_IN_DOC="21" PAGE_NO="3" NAME="Officers Named" ID="Ar00300" HREF="/3/Ar00300" SIZE="Medium" IMAGES_RESOLUTION="160" WORDCNT="267"/>
				<Entity ENTITY_TYPE="Article" FIRST_TOC_ENTRY_ID="23" DEPTH_LEVEL="1" INDEX_IN_DOC="23" PAGE_NO="3" NAME="Rabbit's Eye View" ID="Ar00301" HREF="/3/Ar00301" SIZE="Small" IMAGES_RESOLUTION="160" WORDCNT="83"/>
				<Entity ENTITY_TYPE="Picture" FIRST_TOC_ENTRY_ID="22" DEPTH_LEVEL="2" INDEX_IN_DOC="22" PAGE_NO="3" NAME="Untitled Picture" ID="Pc00302" HREF="/3/Pc00302" SIZE="Medium" EMBEDDED_INTO="Ar00300" EMBEDDED_AFTER="Ar0030001" IMAGES_RESOLUTION="160" WORDCNT="0"/>
				<Entity ENTITY_TYPE="Ad" FIRST_TOC_ENTRY_ID="25" DEPTH_LEVEL="1" INDEX_IN_DOC="25" PAGE_NO="3" NAME="Untitled Ad" ID="Ad00303" HREF="/3/Ad00303" SIZE="XLarge" IMAGES_RESOLUTION="160" WORDCNT="35"/>
				<Entity ENTITY_TYPE="Picture" FIRST_TOC_ENTRY_ID="24" DEPTH_LEVEL="2" INDEX_IN_DOC="24" PAGE_NO="3" NAME="Untitled Picture" ID="Pc00304" HREF="/3/Pc00304" SIZE="Large" EMBEDDED_INTO="Ar00301" EMBEDDED_AFTER="Ar0030100" IMAGES_RESOLUTION="160" WORDCNT="0"/>
			</Page>
			<Page PAGE_NO="4" NAME="" PAGE_LABEL="4" ID="Pg004" PAGE_TYPE="Single" PAGE_WIDTH="873" PAGE_HEIGHT="1245" CROP_BOX="0 0 872 1244" MEDIA_BOX="0 0 872 1244" HREF="/4/Pg004" TOTAL_CHARS_COUNT="3840" SUSPICIOUS_CHARS_COUNT="0">
				<Entity ENTITY_TYPE="Article" FIRST_TOC_ENTRY_ID="29" DEPTH_LEVEL="1" INDEX_IN_DOC="29" PAGE_NO="4" NAME="Intramural Football Begins" ID="Ar00400" HREF="/4/Ar00400" SIZE="Medium" IMAGES_RESOLUTION="160" WORDCNT="347"/>
				<Entity ENTITY_TYPE="Article" FIRST_TOC_ENTRY_ID="26" DEPTH_LEVEL="1" INDEX_IN_DOC="26" PAGE_NO="4" NAME="Untitled Article" ID="Ar00401" HREF="/4/Ar00401" SIZE="Small" IMAGES_RESOLUTION="160" WORDCNT="62"/>
				<Entity ENTITY_TYPE="Article" FIRST_TOC_ENTRY_ID="28" DEPTH_LEVEL="1" INDEX_IN_DOC="28" PAGE_NO="4" NAME="Life Can Be Beautiful" ID="Ar00402" HREF="/4/Ar00402" SIZE="Small" IMAGES_RESOLUTION="160" WORDCNT="132"/>
				<Entity ENTITY_TYPE="Ad" FIRST_TOC_ENTRY_ID="32" DEPTH_LEVEL="1" INDEX_IN_DOC="32" PAGE_NO="4" NAME="Untitled Ad" ID="Ad00403" HREF="/4/Ad00403" SIZE="Medium" IMAGES_RESOLUTION="160" WORDCNT="150"/>
				<Entity ENTITY_TYPE="Ad" FIRST_TOC_ENTRY_ID="33" DEPTH_LEVEL="1" INDEX_IN_DOC="33" PAGE_NO="4" NAME="Untitled Ad" ID="Ad00404" HREF="/4/Ad00404" SIZE="Large" IMAGES_RESOLUTION="160" WORDCNT="238"/>
				<Entity ENTITY_TYPE="Picture" FIRST_TOC_ENTRY_ID="27" DEPTH_LEVEL="2" INDEX_IN_DOC="27" PAGE_NO="4" NAME="Untitled Picture" ID="Pc00405" HREF="/4/Pc00405" SIZE="Large" EMBEDDED_INTO="Ar00401" EMBEDDED_AFTER="Ar0040100" IMAGES_RESOLUTION="160" WORDCNT="0"/>
				<Entity ENTITY_TYPE="Ad" FIRST_TOC_ENTRY_ID="31" DEPTH_LEVEL="1" INDEX_IN_DOC="31" PAGE_NO="4" NAME="Untitled Ad" ID="Ad00406" HREF="/4/Ad00406" SIZE="Large" IMAGES_RESOLUTION="160" WORDCNT="190"/>
				<Entity ENTITY_TYPE="Article" FIRST_TOC_ENTRY_ID="30" DEPTH_LEVEL="1" INDEX_IN_DOC="30" PAGE_NO="4" NAME="SPORTS QUIZ" ID="Ar00407" HREF="/4/Ar00407" SIZE="Medium" IMAGES_RESOLUTION="160" WORDCNT="244"/>
			</Page>
			<Page PAGE_NO="5" NAME="" PAGE_LABEL="5" ID="Pg005" PAGE_TYPE="Single" PAGE_WIDTH="864" PAGE_HEIGHT="1238" CROP_BOX="0 0 863 1237" MEDIA_BOX="0 0 863 1237" HREF="/5/Pg005" TOTAL_CHARS_COUNT="6380" SUSPICIOUS_CHARS_COUNT="0">
				<Entity ENTITY_TYPE="Picture" FIRST_TOC_ENTRY_ID="35" DEPTH_LEVEL="2" INDEX_IN_DOC="35" PAGE_NO="5" NAME="Untitled Picture" ID="Pc00500" HREF="/5/Pc00500" SIZE="Medium" EMBEDDED_INTO="Ar00501" EMBEDDED_AFTER="Ar0050101" IMAGES_RESOLUTION="160" WORDCNT="0"/>
				<Entity ENTITY_TYPE="Article" FIRST_TOC_ENTRY_ID="34" DEPTH_LEVEL="1" INDEX_IN_DOC="34" PAGE_NO="5" NAME="Lacrosse Meeting Thursday" ID="Ar00501" HREF="/5/Ar00501" SIZE="Small" IMAGES_RESOLUTION="160" WORDCNT="84"/>
				<Entity ENTITY_TYPE="Article" FIRST_TOC_ENTRY_ID="36" DEPTH_LEVEL="1" INDEX_IN_DOC="36" PAGE_NO="5" NAME="Series Is Here" ID="Ar00502" HREF="/5/Ar00502" SIZE="Large" IMAGES_RESOLUTION="160" WORDCNT="477"/>
				<Entity ENTITY_TYPE="Article" FIRST_TOC_ENTRY_ID="37" DEPTH_LEVEL="1" INDEX_IN_DOC="37" PAGE_NO="5" NAME="Student Grid Tickets Still Available" ID="Ar00503" HREF="/5/Ar00503" SIZE="Small" IMAGES_RESOLUTION="160" WORDCNT="122"/>
				<Entity ENTITY_TYPE="Article" FIRST_TOC_ENTRY_ID="38" DEPTH_LEVEL="1" INDEX_IN_DOC="38" PAGE_NO="5" NAME="Ford, Spahn Set to Hurl Today's Game" ID="Ar00504" HREF="/5/Ar00504" SIZE="Medium" IMAGES_RESOLUTION="160" WORDCNT="355"/>
				<Entity ENTITY_TYPE="Article" FIRST_TOC_ENTRY_ID="40" DEPTH_LEVEL="1" INDEX_IN_DOC="40" PAGE_NO="5" NAME="Stokes Still Hospitalized" ID="Ar00505" HREF="/5/Ar00505" SIZE="Small" IMAGES_RESOLUTION="160" WORDCNT="171"/>
				<Entity ENTITY_TYPE="Article" FIRST_TOC_ENTRY_ID="41" DEPTH_LEVEL="1" INDEX_IN_DOC="41" PAGE_NO="5" NAME="Mile-Run Top Track Event" ID="Ar00506" HREF="/5/Ar00506" SIZE="Small" IMAGES_RESOLUTION="160" WORDCNT="200"/>
				<Entity ENTITY_TYPE="Article" FIRST_TOC_ENTRY_ID="42" DEPTH_LEVEL="1" INDEX_IN_DOC="42" PAGE_NO="5" NAME="Poor Band" ID="Ar00507" HREF="/5/Ar00507" SIZE="Small" IMAGES_RESOLUTION="160" WORDCNT="70"/>
				<Entity ENTITY_TYPE="Ad" FIRST_TOC_ENTRY_ID="43" DEPTH_LEVEL="1" INDEX_IN_DOC="43" PAGE_NO="5" NAME="Untitled Ad" ID="Ad00508" HREF="/5/Ad00508" SIZE="Small" IMAGES_RESOLUTION="160" WORDCNT="210"/>
				<Entity ENTITY_TYPE="Ad" FIRST_TOC_ENTRY_ID="44" DEPTH_LEVEL="1" INDEX_IN_DOC="44" PAGE_NO="5" NAME="Untitled Ad" ID="Ad00509" HREF="/5/Ad00509" SIZE="Large" IMAGES_RESOLUTION="160" WORDCNT="95"/>
				<Entity ENTITY_TYPE="Article" FIRST_TOC_ENTRY_ID="39" DEPTH_LEVEL="1" INDEX_IN_DOC="39" PAGE_NO="5" NAME="Series on TV" ID="Ar00510" HREF="/5/Ar00510" SIZE="Small" IMAGES_RESOLUTION="160" WORDCNT="37"/>
			</Page>
			<Page PAGE_NO="6" NAME="" PAGE_LABEL="6" ID="Pg006" PAGE_TYPE="Single" PAGE_WIDTH="876" PAGE_HEIGHT="1249" CROP_BOX="0 0 875 1248" MEDIA_BOX="0 0 875 1248" HREF="/6/Pg006" TOTAL_CHARS_COUNT="9654" SUSPICIOUS_CHARS_COUNT="0">
				<Entity ENTITY_TYPE="Article" FIRST_TOC_ENTRY_ID="45" DEPTH_LEVEL="1" INDEX_IN_DOC="45" PAGE_NO="6" NAME="Untitled Article" ID="Ar00600" HREF="/6/Ar00600" SIZE="Medium" IMAGES_RESOLUTION="160" WORDCNT="902"/>
				<Entity ENTITY_TYPE="Article" FIRST_TOC_ENTRY_ID="48" DEPTH_LEVEL="1" INDEX_IN_DOC="48" PAGE_NO="6" NAME="Can't Always Tryst X-rays, Medics Told" ID="Ar00601" HREF="/6/Ar00601" SIZE="Medium" IMAGES_RESOLUTION="160" WORDCNT="417"/>
				<Entity ENTITY_TYPE="Article" FIRST_TOC_ENTRY_ID="49" DEPTH_LEVEL="1" INDEX_IN_DOC="49" PAGE_NO="6" NAME="NEEDS LISTED" ID="Ar00602" HREF="/6/Ar00602" SIZE="Small" IMAGES_RESOLUTION="160" WORDCNT="119"/>
				<Entity ENTITY_TYPE="Picture" FIRST_TOC_ENTRY_ID="51" DEPTH_LEVEL="2" INDEX_IN_DOC="51" PAGE_NO="6" NAME="Untitled Picture" ID="Pc00603" HREF="/6/Pc00603" SIZE="Small" EMBEDDED_INTO="Ar00604" EMBEDDED_AFTER="Ar0060401" IMAGES_RESOLUTION="160" WORDCNT="0"/>
				<Entity ENTITY_TYPE="Article" FIRST_TOC_ENTRY_ID="50" DEPTH_LEVEL="1" INDEX_IN_DOC="50" PAGE_NO="6" NAME="NEW RECRUITS" ID="Ar00604" HREF="/6/Ar00604" SIZE="Small" IMAGES_RESOLUTION="160" WORDCNT="91"/>
				<Entity ENTITY_TYPE="Article" FIRST_TOC_ENTRY_ID="52" DEPTH_LEVEL="1" INDEX_IN_DOC="52" PAGE_NO="6" NAME="Today in History" ID="Ar00605" HREF="/6/Ar00605" SIZE="Medium" IMAGES_RESOLUTION="160" WORDCNT="230"/>
				<Entity ENTITY_TYPE="Article" FIRST_TOC_ENTRY_ID="46" DEPTH_LEVEL="1" INDEX_IN_DOC="46" PAGE_NO="6" NAME="Untitled Article" ID="Ar00606" HREF="/6/Ar00606" SIZE="Medium" IMAGES_RESOLUTION="160" WORDCNT="454"/>
				<Entity ENTITY_TYPE="Article" FIRST_TOC_ENTRY_ID="47" DEPTH_LEVEL="1" INDEX_IN_DOC="47" PAGE_NO="6" NAME="Untitled Article" ID="Ar00607" HREF="/6/Ar00607" SIZE="Medium" IMAGES_RESOLUTION="160" WORDCNT="362"/>
				<Entity ENTITY_TYPE="Ad" FIRST_TOC_ENTRY_ID="53" DEPTH_LEVEL="1" INDEX_IN_DOC="53" PAGE_NO="6" NAME="Untitled Ad" ID="Ad00608" HREF="/6/Ad00608" SIZE="Large" IMAGES_RESOLUTION="160" WORDCNT="391"/>
			</Page>
			<Page PAGE_NO="7" NAME="" PAGE_LABEL="7" ID="Pg007" PAGE_TYPE="Single" PAGE_WIDTH="871" PAGE_HEIGHT="1246" CROP_BOX="0 0 870 1245" MEDIA_BOX="0 0 870 1245" HREF="/7/Pg007" TOTAL_CHARS_COUNT="2932" SUSPICIOUS_CHARS_COUNT="0">
				<Entity ENTITY_TYPE="Article" FIRST_TOC_ENTRY_ID="59" DEPTH_LEVEL="1" INDEX_IN_DOC="59" PAGE_NO="7" NAME="Economy Climbing Upward - - E conomist" ID="Ar00700" HREF="/7/Ar00700" SIZE="Medium" IMAGES_RESOLUTION="160" WORDCNT="201"/>
				<Entity ENTITY_TYPE="Article" FIRST_TOC_ENTRY_ID="54" DEPTH_LEVEL="1" INDEX_IN_DOC="54" PAGE_NO="7" NAME="Untitled Article" ID="Ar00701" HREF="/7/Ar00701" SIZE="Small" IMAGES_RESOLUTION="160" WORDCNT="54"/>
				<Entity ENTITY_TYPE="Article" FIRST_TOC_ENTRY_ID="56" DEPTH_LEVEL="1" INDEX_IN_DOC="56" PAGE_NO="7" NAME="ieorgia Man Ives Lives or Pastime" ID="Ar00702" HREF="/7/Ar00702" SIZE="Medium" IMAGES_RESOLUTION="160" WORDCNT="303"/>
				<Entity ENTITY_TYPE="Article" FIRST_TOC_ENTRY_ID="57" DEPTH_LEVEL="1" INDEX_IN_DOC="57" PAGE_NO="7" NAME="Exchange Gives Aid" ID="Ar00703" HREF="/7/Ar00703" SIZE="Small" IMAGES_RESOLUTION="160" WORDCNT="138"/>
				<Entity ENTITY_TYPE="Picture" FIRST_TOC_ENTRY_ID="55" DEPTH_LEVEL="2" INDEX_IN_DOC="55" PAGE_NO="7" NAME="Untitled Picture" ID="Pc00704" HREF="/7/Pc00704" SIZE="Large" EMBEDDED_INTO="Ar00701" EMBEDDED_AFTER="Ar0070100" IMAGES_RESOLUTION="160" WORDCNT="0"/>
				<Entity ENTITY_TYPE="Ad" FIRST_TOC_ENTRY_ID="60" DEPTH_LEVEL="1" INDEX_IN_DOC="60" PAGE_NO="7" NAME="Untitled Ad" ID="Ad00705" HREF="/7/Ad00705" SIZE="Large" IMAGES_RESOLUTION="160" WORDCNT="197"/>
				<Entity ENTITY_TYPE="Ad" FIRST_TOC_ENTRY_ID="58" DEPTH_LEVEL="1" INDEX_IN_DOC="58" PAGE_NO="7" NAME="Untitled Ad" ID="Ad00706" HREF="/7/Ad00706" SIZE="Medium" IMAGES_RESOLUTION="160" WORDCNT="87"/>
			</Page>
			<Page PAGE_NO="8" NAME="" PAGE_LABEL="8" ID="Pg008" PAGE_TYPE="Single" PAGE_WIDTH="874" PAGE_HEIGHT="1248" CROP_BOX="0 0 873 1247" MEDIA_BOX="0 0 873 1247" HREF="/8/Pg008" TOTAL_CHARS_COUNT="4133" SUSPICIOUS_CHARS_COUNT="0">
				<Entity ENTITY_TYPE="Article" FIRST_TOC_ENTRY_ID="61" DEPTH_LEVEL="1" INDEX_IN_DOC="61" PAGE_NO="8" NAME="Writer Worried By Red Schemes" ID="Ar00800" HREF="/8/Ar00800" SIZE="Large" IMAGES_RESOLUTION="160" WORDCNT="548"/>
				<Entity ENTITY_TYPE="Picture" FIRST_TOC_ENTRY_ID="63" DEPTH_LEVEL="2" INDEX_IN_DOC="63" PAGE_NO="8" NAME="Untitled Picture" ID="Pc00801" HREF="/8/Pc00801" SIZE="Medium" EMBEDDED_INTO="Ar00803" EMBEDDED_AFTER="Ar0080301" IMAGES_RESOLUTION="160" WORDCNT="0"/>
				<Entity ENTITY_TYPE="Article" FIRST_TOC_ENTRY_ID="64" DEPTH_LEVEL="1" INDEX_IN_DOC="64" PAGE_NO="8" NAME="Elvis Due; German Cops Wary" ID="Ar00802" HREF="/8/Ar00802" SIZE="Medium" IMAGES_RESOLUTION="160" WORDCNT="356"/>
				<Entity ENTITY_TYPE="Article" FIRST_TOC_ENTRY_ID="62" DEPTH_LEVEL="1" INDEX_IN_DOC="62" PAGE_NO="8" NAME="The Dorms Shoot Up!" ID="Ar00803" HREF="/8/Ar00803" SIZE="Small" IMAGES_RESOLUTION="160" WORDCNT="54"/>
				<Entity ENTITY_TYPE="Ad" FIRST_TOC_ENTRY_ID="65" DEPTH_LEVEL="1" INDEX_IN_DOC="65" PAGE_NO="8" NAME="Untitled Ad" ID="Ad00804" HREF="/8/Ad00804" SIZE="XLarge" IMAGES_RESOLUTION="160" WORDCNT="630"/>
			</Page>
		</Section>
	</Body_np>
	<Logic_np><TOC_Entries><TOC_Entry TOC_ENTRY_ID="1" TITLE="Deans Given New Posts" ENTITY_ID_REF="Ar00101" PAGE_NO="1" PAGE_LABEL="1" PRIM_ID_REF="Ar0010100" IS_IC="true"><TOC_Entry TOC_ENTRY_ID="2" TITLE="" ENTITY_ID_REF="Pc00100" PAGE_NO="1" PAGE_LABEL="1" PRIM_ID_REF="Pc0010000" IS_IC="true"/><TOC_Entry TOC_ENTRY_ID="3" TITLE="" ENTITY_ID_REF="Pc00104" PAGE_NO="1" PAGE_LABEL="1" PRIM_ID_REF="Pc0010400" IS_IC="true"/><TOC_Entry TOC_ENTRY_ID="4" TITLE="" ENTITY_ID_REF="Pc00106" PAGE_NO="1" PAGE_LABEL="1" PRIM_ID_REF="Pc0010600" IS_IC="true"/></TOC_Entry><TOC_Entry TOC_ENTRY_ID="5" TITLE="Beta Pledges Win Trophy" ENTITY_ID_REF="Ar00102" PAGE_NO="1" PAGE_LABEL="1" PRIM_ID_REF="Ar0010200" IS_IC="true"/><TOC_Entry TOC_ENTRY_ID="6" TITLE="'55 Graduate Named Fraternity Adviser" ENTITY_ID_REF="Ar00105" PAGE_NO="1" PAGE_LABEL="1" PRIM_ID_REF="Ar0010500" IS_IC="true"/><TOC_Entry TOC_ENTRY_ID="7" TITLE="Death Almost Comes Twice to Dan McGrew" ENTITY_ID_REF="Ar00103" PAGE_NO="1" PAGE_LABEL="1" PRIM_ID_REF="Ar0010300" IS_IC="true"/><TOC_Entry TOC_ENTRY_ID="8" TITLE="THE WEATHER Partly cloudy, cool today. H..." ENTITY_ID_REF="Ar00109" PAGE_NO="1" PAGE_LABEL="1" PRIM_ID_REF="Ar0010900" IS_IC="true"/><TOC_Entry TOC_ENTRY_ID="9" TITLE="Death Spurs Study Of City Heater Law" ENTITY_ID_REF="Ar00107" PAGE_NO="1" PAGE_LABEL="1" PRIM_ID_REF="Ar0010700" IS_IC="true"/><TOC_Entry TOC_ENTRY_ID="10" TITLE="BULLETINS" ENTITY_ID_REF="Ar00110" PAGE_NO="1" PAGE_LABEL="1" PRIM_ID_REF="Ar0011000" IS_IC="true"/><TOC_Entry TOC_ENTRY_ID="11" TITLE="We're Glad! We're Sorry" ENTITY_ID_REF="Ar00108" PAGE_NO="1" PAGE_LABEL="1" PRIM_ID_REF="Ar0010800" IS_IC="true"/><TOC_Entry TOC_ENTRY_ID="12" TITLE="Anniversary" ENTITY_ID_REF="Ar00200" PAGE_NO="2" PAGE_LABEL="2" PRIM_ID_REF="Ar0020000" IS_IC="true"/><TOC_Entry TOC_ENTRY_ID="13" TITLE="In Tribute" ENTITY_ID_REF="Ar00201" PAGE_NO="2" PAGE_LABEL="2" PRIM_ID_REF="Ar0020100" IS_IC="true"/><TOC_Entry TOC_ENTRY_ID="14" TITLE="Thanks Again" ENTITY_ID_REF="Ar00202" PAGE_NO="2" PAGE_LABEL="2" PRIM_ID_REF="Ar0020200" IS_IC="true"/><TOC_Entry TOC_ENTRY_ID="15" TITLE="Remote Programs Televised by Bus" ENTITY_ID_REF="Ar00203" PAGE_NO="2" PAGE_LABEL="2" PRIM_ID_REF="Ar0020300" IS_IC="true"/><TOC_Entry TOC_ENTRY_ID="16" TITLE="GermansTake Trolley Car To Freedom" ENTITY_ID_REF="Ar00204" PAGE_NO="2" PAGE_LABEL="2" PRIM_ID_REF="Ar0020400" IS_IC="true"/><TOC_Entry TOC_ENTRY_ID="17" TITLE="LITTLE MAN ON CAMPUS" ENTITY_ID_REF="Ar00206" PAGE_NO="2" PAGE_LABEL="2" PRIM_ID_REF="Ar0020600" IS_IC="true"><TOC_Entry TOC_ENTRY_ID="18" TITLE="" ENTITY_ID_REF="Pc00207" PAGE_NO="2" PAGE_LABEL="2" PRIM_ID_REF="Pc0020700" IS_IC="true"/></TOC_Entry><TOC_Entry TOC_ENTRY_ID="19" TITLE="Red China Chief s Prestige Soars Since 1..." ENTITY_ID_REF="Ar00205" PAGE_NO="2" PAGE_LABEL="2" PRIM_ID_REF="Ar0020500" IS_IC="true"/><TOC_Entry TOC_ENTRY_ID="20" TITLE="JhsL Ohio SicdbL... LANTERN STAFF Managi..." ENTITY_ID_REF="Ar00208" PAGE_NO="2" PAGE_LABEL="2" PRIM_ID_REF="Ar0020800" IS_IC="true"/><TOC_Entry TOC_ENTRY_ID="21" TITLE="Officers Named" ENTITY_ID_REF="Ar00300" PAGE_NO="3" PAGE_LABEL="3" PRIM_ID_REF="Ar0030000" IS_IC="true"><TOC_Entry TOC_ENTRY_ID="22" TITLE="" ENTITY_ID_REF="Pc00302" PAGE_NO="3" PAGE_LABEL="3" PRIM_ID_REF="Pc0030200" IS_IC="true"/></TOC_Entry><TOC_Entry TOC_ENTRY_ID="23" TITLE="Rabbit's Eye View" ENTITY_ID_REF="Ar00301" PAGE_NO="3" PAGE_LABEL="3" PRIM_ID_REF="Ar0030100" IS_IC="true"><TOC_Entry TOC_ENTRY_ID="24" TITLE="" ENTITY_ID_REF="Pc00304" PAGE_NO="3" PAGE_LABEL="3" PRIM_ID_REF="Pc0030400" IS_IC="true"/></TOC_Entry><TOC_Entry TOC_ENTRY_ID="25" TITLE="" ENTITY_ID_REF="Ad00303" PAGE_NO="3" PAGE_LABEL="3" PRIM_ID_REF="Ad0030301" IS_IC="true"/><TOC_Entry TOC_ENTRY_ID="26" TITLE="TIMBER�The Buckeyes' two smallest men, J..." ENTITY_ID_REF="Ar00401" PAGE_NO="4" PAGE_LABEL="4" PRIM_ID_REF="Ar0040100" IS_IC="true"><TOC_Entry TOC_ENTRY_ID="27" TITLE="" ENTITY_ID_REF="Pc00405" PAGE_NO="4" PAGE_LABEL="4" PRIM_ID_REF="Pc0040500" IS_IC="true"/></TOC_Entry><TOC_Entry TOC_ENTRY_ID="28" TITLE="Life Can Be Beautiful" ENTITY_ID_REF="Ar00402" PAGE_NO="4" PAGE_LABEL="4" PRIM_ID_REF="Ar0040200" IS_IC="true"/><TOC_Entry TOC_ENTRY_ID="29" TITLE="Intramural Football Begins" ENTITY_ID_REF="Ar00400" PAGE_NO="4" PAGE_LABEL="4" PRIM_ID_REF="Ar0040000" IS_IC="true"/><TOC_Entry TOC_ENTRY_ID="30" TITLE="SPORTS QUIZ" ENTITY_ID_REF="Ar00407" PAGE_NO="4" PAGE_LABEL="4" PRIM_ID_REF="Ar0040700" IS_IC="true"/><TOC_Entry TOC_ENTRY_ID="31" TITLE="" ENTITY_ID_REF="Ad00406" PAGE_NO="4" PAGE_LABEL="4" PRIM_ID_REF="Ad0040601" IS_IC="true"/><TOC_Entry TOC_ENTRY_ID="32" TITLE="" ENTITY_ID_REF="Ad00403" PAGE_NO="4" PAGE_LABEL="4" PRIM_ID_REF="Ad0040306" IS_IC="true"/><TOC_Entry TOC_ENTRY_ID="33" TITLE="" ENTITY_ID_REF="Ad00404" PAGE_NO="4" PAGE_LABEL="4" PRIM_ID_REF="Ad0040415" IS_IC="true"/><TOC_Entry TOC_ENTRY_ID="34" TITLE="Lacrosse Meeting Thursday" ENTITY_ID_REF="Ar00501" PAGE_NO="5" PAGE_LABEL="5" PRIM_ID_REF="Ar0050100" IS_IC="true"><TOC_Entry TOC_ENTRY_ID="35" TITLE="" ENTITY_ID_REF="Pc00500" PAGE_NO="5" PAGE_LABEL="5" PRIM_ID_REF="Pc0050000" IS_IC="true"/></TOC_Entry><TOC_Entry TOC_ENTRY_ID="36" TITLE="Series Is Here" ENTITY_ID_REF="Ar00502" PAGE_NO="5" PAGE_LABEL="5" PRIM_ID_REF="Ar0050200" IS_IC="true"/><TOC_Entry TOC_ENTRY_ID="37" TITLE="Student Grid Tickets Still Available" ENTITY_ID_REF="Ar00503" PAGE_NO="5" PAGE_LABEL="5" PRIM_ID_REF="Ar0050300" IS_IC="true"/><TOC_Entry TOC_ENTRY_ID="38" TITLE="Ford, Spahn Set to Hurl Today's Game" ENTITY_ID_REF="Ar00504" PAGE_NO="5" PAGE_LABEL="5" PRIM_ID_REF="Ar0050400" IS_IC="true"/><TOC_Entry TOC_ENTRY_ID="39" TITLE="Series on TV" ENTITY_ID_REF="Ar00510" PAGE_NO="5" PAGE_LABEL="5" PRIM_ID_REF="Ar0051000" IS_IC="true"/><TOC_Entry TOC_ENTRY_ID="40" TITLE="Stokes Still Hospitalized" ENTITY_ID_REF="Ar00505" PAGE_NO="5" PAGE_LABEL="5" PRIM_ID_REF="Ar0050500" IS_IC="true"/><TOC_Entry TOC_ENTRY_ID="41" TITLE="Mile-Run Top Track Event" ENTITY_ID_REF="Ar00506" PAGE_NO="5" PAGE_LABEL="5" PRIM_ID_REF="Ar0050600" IS_IC="true"/><TOC_Entry TOC_ENTRY_ID="42" TITLE="Poor Band" ENTITY_ID_REF="Ar00507" PAGE_NO="5" PAGE_LABEL="5" PRIM_ID_REF="Ar0050700" IS_IC="true"/><TOC_Entry TOC_ENTRY_ID="43" TITLE="" ENTITY_ID_REF="Ad00508" PAGE_NO="5" PAGE_LABEL="5" PRIM_ID_REF="Ad0050804" IS_IC="true"/><TOC_Entry TOC_ENTRY_ID="44" TITLE="" ENTITY_ID_REF="Ad00509" PAGE_NO="5" PAGE_LABEL="5" PRIM_ID_REF="Ad0050901" IS_IC="true"/><TOC_Entry TOC_ENTRY_ID="45" TITLE="OFFICIAL BULLETIN THE OHIO STATE UNIVERS..." ENTITY_ID_REF="Ar00600" PAGE_NO="6" PAGE_LABEL="6" PRIM_ID_REF="Ar0060000" IS_IC="true"/><TOC_Entry TOC_ENTRY_ID="46" TITLE="Qla/L&amp;J$isuL (Mv&amp;dmnq* RATES Regular Cla..." ENTITY_ID_REF="Ar00606" PAGE_NO="6" PAGE_LABEL="6" PRIM_ID_REF="Ar0060600" IS_IC="true"/><TOC_Entry TOC_ENTRY_ID="47" TITLE="FOR SALE Henry Esmond, Milton, Plato, Ar..." ENTITY_ID_REF="Ar00607" PAGE_NO="6" PAGE_LABEL="6" PRIM_ID_REF="Ar0060700" IS_IC="true"/><TOC_Entry TOC_ENTRY_ID="48" TITLE="Can't Always Tryst X-rays, Medics Told" ENTITY_ID_REF="Ar00601" PAGE_NO="6" PAGE_LABEL="6" PRIM_ID_REF="Ar0060100" IS_IC="true"/><TOC_Entry TOC_ENTRY_ID="49" TITLE="NEEDS LISTED" ENTITY_ID_REF="Ar00602" PAGE_NO="6" PAGE_LABEL="6" PRIM_ID_REF="Ar0060200" IS_IC="true"/><TOC_Entry TOC_ENTRY_ID="50" TITLE="NEW RECRUITS" ENTITY_ID_REF="Ar00604" PAGE_NO="6" PAGE_LABEL="6" PRIM_ID_REF="Ar0060400" IS_IC="true"><TOC_Entry TOC_ENTRY_ID="51" TITLE="" ENTITY_ID_REF="Pc00603" PAGE_NO="6" PAGE_LABEL="6" PRIM_ID_REF="Pc0060300" IS_IC="true"/></TOC_Entry><TOC_Entry TOC_ENTRY_ID="52" TITLE="Today in History" ENTITY_ID_REF="Ar00605" PAGE_NO="6" PAGE_LABEL="6" PRIM_ID_REF="Ar0060500" IS_IC="true"/><TOC_Entry TOC_ENTRY_ID="53" TITLE="" ENTITY_ID_REF="Ad00608" PAGE_NO="6" PAGE_LABEL="6" PRIM_ID_REF="Ad0060801" IS_IC="true"/><TOC_Entry TOC_ENTRY_ID="54" TITLE="APPIEST MOMENT for Buckeye cheerleaders ..." ENTITY_ID_REF="Ar00701" PAGE_NO="7" PAGE_LABEL="7" PRIM_ID_REF="Ar0070100" IS_IC="true"><TOC_Entry TOC_ENTRY_ID="55" TITLE="" ENTITY_ID_REF="Pc00704" PAGE_NO="7" PAGE_LABEL="7" PRIM_ID_REF="Pc0070400" IS_IC="true"/></TOC_Entry><TOC_Entry TOC_ENTRY_ID="56" TITLE="ieorgia Man Ives Lives or Pastime" ENTITY_ID_REF="Ar00702" PAGE_NO="7" PAGE_LABEL="7" PRIM_ID_REF="Ar0070200" IS_IC="true"/><TOC_Entry TOC_ENTRY_ID="57" TITLE="Exchange Gives Aid" ENTITY_ID_REF="Ar00703" PAGE_NO="7" PAGE_LABEL="7" PRIM_ID_REF="Ar0070300" IS_IC="true"/><TOC_Entry TOC_ENTRY_ID="58" TITLE="" ENTITY_ID_REF="Ad00706" PAGE_NO="7" PAGE_LABEL="7" PRIM_ID_REF="Ad0070601" IS_IC="true"/><TOC_Entry TOC_ENTRY_ID="59" TITLE="Economy Climbing Upward - - E conomist" ENTITY_ID_REF="Ar00700" PAGE_NO="7" PAGE_LABEL="7" PRIM_ID_REF="Ar0070000" IS_IC="true"/><TOC_Entry TOC_ENTRY_ID="60" TITLE="" ENTITY_ID_REF="Ad00705" PAGE_NO="7" PAGE_LABEL="7" PRIM_ID_REF="Ad0070501" IS_IC="true"/><TOC_Entry TOC_ENTRY_ID="61" TITLE="Writer Worried By Red Schemes" ENTITY_ID_REF="Ar00800" PAGE_NO="8" PAGE_LABEL="8" PRIM_ID_REF="Ar0080000" IS_IC="true"/><TOC_Entry TOC_ENTRY_ID="62" TITLE="The Dorms Shoot Up!" ENTITY_ID_REF="Ar00803" PAGE_NO="8" PAGE_LABEL="8" PRIM_ID_REF="Ar0080300" IS_IC="true"><TOC_Entry TOC_ENTRY_ID="63" TITLE="" ENTITY_ID_REF="Pc00801" PAGE_NO="8" PAGE_LABEL="8" PRIM_ID_REF="Pc0080100" IS_IC="true"/></TOC_Entry><TOC_Entry TOC_ENTRY_ID="64" TITLE="Elvis Due; German Cops Wary" ENTITY_ID_REF="Ar00802" PAGE_NO="8" PAGE_LABEL="8" PRIM_ID_REF="Ar0080200" IS_IC="true"/><TOC_Entry TOC_ENTRY_ID="65" TITLE="" ENTITY_ID_REF="Ad00804" PAGE_NO="8" PAGE_LABEL="8" PRIM_ID_REF="Ad0080401" IS_IC="true"/></TOC_Entries></Logic_np></Xmd_toc>
