<?xml version="1.0" encoding="windows-1252" standalone="no"?>
<Xmd_toc REPOSITORY_FORMAT="1.0" PRXML_VER="2.2" PUBLICATION="OHI" PUBLICATION_DESCRIPTION="" ISSUE_DATE="09/10/1958" RELEASE_NO="060-OHI-1958-10-09-001-SINGLE-LANTERN_VOL-78_JUN26-JUN8_OCT_049" LANGUAGE="English">
	<Head_np>
		<Meta PAGES_NUMBER="8" SOURCE_TYPE="TIFF" SOURCE_RESOLUTION="72" IMAGES_RESOLUTION="160" PAGE_THUMBNAIL_RESOLUTION="72" PAGE_PREVIEW_RESOLUTION="15" DEFAULT_IMG_EXT="png" DEFAULT_PREVIEW_IMG_EXT="png" BASE_HREF="OHI/1958/10/09" PDF_DESTINATION_MAPPED="OLV0_Page_0001" TITLE_SNP_EXT="png" AD_SNP_EXT="png" IMAGE_SNP_EXT="jpg" MULTI_LAYER_PAGE_IMG="false" IS_SOLID="false" DOC_DATE="09/10/1958" DOC_UID="OHI_09/10/1958" DOC_VER="1" OCR_CONFIDENCE="1.000" TOTAL_CHARS_COUNT="56709" SUSPICIOUS_CHARS_COUNT="0">
			<Publisher XMD_VER="2.6.241.4" ACROBAT_VER="7.08" PUBLISHER="Olive" PROFILE_ID="W:\Batch\Profile\OHI-1958-10-09.ini">
				<PublishDate>Tue, 24 May 2011 14:54:20 UTC</PublishDate>
				<PublishSWFCompatible>false</PublishSWFCompatible>
			</Publisher>
			<Resolutions>
				<Resolution DEFAULT="true">72</Resolution>
			</Resolutions>
		</Meta>
		<Link SOURCE="060-OHI-1958-10-09-001-SINGLE-LANTERN_VOL-78_JUN26-JUN8_OCT_049.pdf"/>
		<DataFiles>
			<Files TYPE="DOC_PDF" PRESENT="1"/>
			<Files TYPE="PAGE_PDF" PRESENT="0"/>
			<Files TYPE="DOC_IMG" PRESENT="0"/>
			<Files TYPE="PAGE_IMG" PRESENT="0"/>
			<Files TYPE="PAGE_VIEW_IMG" PRESENT="1"/>
			<Files TYPE="PAGE_PREVIEW_IMG" PRESENT="1"/>
			<Files TYPE="PRIMITIVE_IMG" PRESENT="1"/>
			<Files TYPE="SNIPPET_IMG" PRESENT="1"/>
			<Files TYPE="SEGMENTATION" PRESENT="0"/>
		</DataFiles><Application_Data/></Head_np>
	<Body_np>
		<Section NAME="Front page">
			<Page PAGE_NO="1" NAME="" PAGE_LABEL="1" ID="Pg001" PAGE_TYPE="Single" PAGE_WIDTH="874" PAGE_HEIGHT="1248" CROP_BOX="0 0 873 1247" MEDIA_BOX="0 0 873 1247" HREF="/1/Pg001" TOTAL_CHARS_COUNT="7328" SUSPICIOUS_CHARS_COUNT="0">
				<Entity ENTITY_TYPE="Article" FIRST_TOC_ENTRY_ID="6" DEPTH_LEVEL="1" INDEX_IN_DOC="6" PAGE_NO="1" NAME="'Pope of Peace' Is Dead" ID="Ar00100" HREF="/1/Ar00100" SIZE="Medium" IMAGES_RESOLUTION="160" WORDCNT="265"/>
				<Entity ENTITY_TYPE="Article" FIRST_TOC_ENTRY_ID="1" DEPTH_LEVEL="1" INDEX_IN_DOC="1" PAGE_NO="1" NAME="PETITIONS AVAILABLE" ID="Ar00101" HREF="/1/Ar00101" SIZE="Small" IMAGES_RESOLUTION="160" WORDCNT="49"/>
				<Entity ENTITY_TYPE="Article" FIRST_TOC_ENTRY_ID="2" DEPTH_LEVEL="1" INDEX_IN_DOC="2" PAGE_NO="1" NAME="WSGA Sees Home Movie" ID="Ar00102" HREF="/1/Ar00102" SIZE="Small" IMAGES_RESOLUTION="160" WORDCNT="184"/>
				<Entity ENTITY_TYPE="Picture" FIRST_TOC_ENTRY_ID="7" DEPTH_LEVEL="2" INDEX_IN_DOC="7" PAGE_NO="1" NAME="Untitled Picture" ID="Pc00103" HREF="/1/Pc00103" SIZE="Medium" EMBEDDED_INTO="Ar00100" EMBEDDED_AFTER="Ar0010003" IMAGES_RESOLUTION="160" WORDCNT="0"/>
				<Entity ENTITY_TYPE="Article" FIRST_TOC_ENTRY_ID="3" DEPTH_LEVEL="1" INDEX_IN_DOC="3" PAGE_NO="1" NAME="Sub-Committee Seats Required By OSPA" ID="Ar00104" HREF="/1/Ar00104" SIZE="Medium" IMAGES_RESOLUTION="160" WORDCNT="261"/>
				<Entity ENTITY_TYPE="Article" FIRST_TOC_ENTRY_ID="4" DEPTH_LEVEL="1" INDEX_IN_DOC="4" PAGE_NO="1" NAME="VANDALS BURN STATUE" ID="Ar00105" HREF="/1/Ar00105" SIZE="Small" IMAGES_RESOLUTION="160" WORDCNT="76"/>
				<Entity ENTITY_TYPE="Article" FIRST_TOC_ENTRY_ID="9" DEPTH_LEVEL="1" INDEX_IN_DOC="9" PAGE_NO="1" NAME="Collegiennes Denied Trip To New York" ID="Ar00106" HREF="/1/Ar00106" SIZE="Medium" IMAGES_RESOLUTION="160" WORDCNT="364"/>
				<Entity ENTITY_TYPE="Article" FIRST_TOC_ENTRY_ID="10" DEPTH_LEVEL="1" INDEX_IN_DOC="10" PAGE_NO="1" NAME="ADAMS RETURNS RUG" ID="Ar00107" HREF="/1/Ar00107" SIZE="Small" IMAGES_RESOLUTION="160" WORDCNT="76"/>
				<Entity ENTITY_TYPE="Article" FIRST_TOC_ENTRY_ID="5" DEPTH_LEVEL="1" INDEX_IN_DOC="5" PAGE_NO="1" NAME="Untitled Article" ID="Ar00108" HREF="/1/Ar00108" SIZE="Small" IMAGES_RESOLUTION="160" WORDCNT="19"/>
				<Entity ENTITY_TYPE="Article" FIRST_TOC_ENTRY_ID="8" DEPTH_LEVEL="1" INDEX_IN_DOC="8" PAGE_NO="1" NAME="Catholic World Mourns Pontiff" ID="Ar00109" HREF="/1/Ar00109" SIZE="Medium" IMAGES_RESOLUTION="160" WORDCNT="484"/>
			</Page>
		</Section>
		<Section NAME="None">
			<Page PAGE_NO="2" NAME="" PAGE_LABEL="2" ID="Pg002" PAGE_TYPE="Single" PAGE_WIDTH="860" PAGE_HEIGHT="1252" CROP_BOX="0 0 859 1251" MEDIA_BOX="0 0 859 1251" HREF="/2/Pg002" TOTAL_CHARS_COUNT="8550" SUSPICIOUS_CHARS_COUNT="0">
				<Entity ENTITY_TYPE="Article" FIRST_TOC_ENTRY_ID="11" DEPTH_LEVEL="1" INDEX_IN_DOC="11" PAGE_NO="2" NAME="Lost Freedom" ID="Ar00200" HREF="/2/Ar00200" SIZE="Large" IMAGES_RESOLUTION="160" WORDCNT="453"/>
				<Entity ENTITY_TYPE="Article" FIRST_TOC_ENTRY_ID="12" DEPTH_LEVEL="1" INDEX_IN_DOC="12" PAGE_NO="2" NAME="Youth March" ID="Ar00201" HREF="/2/Ar00201" SIZE="Medium" IMAGES_RESOLUTION="160" WORDCNT="143"/>
				<Entity ENTITY_TYPE="Article" FIRST_TOC_ENTRY_ID="13" DEPTH_LEVEL="1" INDEX_IN_DOC="13" PAGE_NO="2" NAME="Blast for Blast" ID="Ar00202" HREF="/2/Ar00202" SIZE="Small" IMAGES_RESOLUTION="160" WORDCNT="111"/>
				<Entity ENTITY_TYPE="Article" FIRST_TOC_ENTRY_ID="14" DEPTH_LEVEL="1" INDEX_IN_DOC="14" PAGE_NO="2" NAME="Solon Scoffs At Republican Campaigning" ID="Ar00203" HREF="/2/Ar00203" SIZE="Medium" IMAGES_RESOLUTION="160" WORDCNT="324"/>
				<Entity ENTITY_TYPE="Article" FIRST_TOC_ENTRY_ID="16" DEPTH_LEVEL="1" INDEX_IN_DOC="16" PAGE_NO="2" NAME="QolkqsL ChoAAhoaddu" ID="Ar00204" HREF="/2/Ar00204" SIZE="Large" IMAGES_RESOLUTION="160" WORDCNT="633"/>
				<Entity ENTITY_TYPE="Article" FIRST_TOC_ENTRY_ID="17" DEPTH_LEVEL="1" INDEX_IN_DOC="17" PAGE_NO="2" NAME="LITTLE MAN ON CAMPUS" ID="Ar00205" HREF="/2/Ar00205" SIZE="Small" IMAGES_RESOLUTION="160" WORDCNT="10"/>
				<Entity ENTITY_TYPE="Picture" FIRST_TOC_ENTRY_ID="18" DEPTH_LEVEL="2" INDEX_IN_DOC="18" PAGE_NO="2" NAME="Untitled Picture" ID="Pc00206" HREF="/2/Pc00206" SIZE="Medium" EMBEDDED_INTO="Ar00205" EMBEDDED_AFTER="Ar0020500" IMAGES_RESOLUTION="160" WORDCNT="0"/>
				<Entity ENTITY_TYPE="Article" FIRST_TOC_ENTRY_ID="15" DEPTH_LEVEL="1" INDEX_IN_DOC="15" PAGE_NO="2" NAME="Untitled Article" ID="Ar00207" HREF="/2/Ar00207" SIZE="Small" IMAGES_RESOLUTION="160" WORDCNT="236"/>
			</Page>
			<Page PAGE_NO="3" NAME="" PAGE_LABEL="3" ID="Pg003" PAGE_TYPE="Single" PAGE_WIDTH="867" PAGE_HEIGHT="1243" CROP_BOX="0 0 866 1242" MEDIA_BOX="0 0 866 1242" HREF="/3/Pg003" TOTAL_CHARS_COUNT="4260" SUSPICIOUS_CHARS_COUNT="0">
				<Entity ENTITY_TYPE="Article" FIRST_TOC_ENTRY_ID="23" DEPTH_LEVEL="1" INDEX_IN_DOC="23" PAGE_NO="3" NAME="Frankfurter Raps Actions By Arkansas" ID="Ar00300" HREF="/3/Ar00300" SIZE="Large" IMAGES_RESOLUTION="160" WORDCNT="553"/>
				<Entity ENTITY_TYPE="Article" FIRST_TOC_ENTRY_ID="19" DEPTH_LEVEL="1" INDEX_IN_DOC="19" PAGE_NO="3" NAME="Soccer Squad Beats Bishops" ID="Ar00301" HREF="/3/Ar00301" SIZE="Large" IMAGES_RESOLUTION="160" WORDCNT="405"/>
				<Entity ENTITY_TYPE="Picture" FIRST_TOC_ENTRY_ID="21" DEPTH_LEVEL="2" INDEX_IN_DOC="21" PAGE_NO="3" NAME="Untitled Picture" ID="Pc00302" HREF="/3/Pc00302" SIZE="Medium" EMBEDDED_INTO="Ar00301" EMBEDDED_AFTER="Ar0030105" IMAGES_RESOLUTION="160" WORDCNT="0"/>
				<Entity ENTITY_TYPE="Picture" FIRST_TOC_ENTRY_ID="20" DEPTH_LEVEL="2" INDEX_IN_DOC="20" PAGE_NO="3" NAME="Untitled Picture" ID="Pc00303" HREF="/3/Pc00303" SIZE="Large" EMBEDDED_INTO="Ar00301" EMBEDDED_AFTER="Ar0030101" IMAGES_RESOLUTION="160" WORDCNT="0"/>
				<Entity ENTITY_TYPE="Picture" FIRST_TOC_ENTRY_ID="22" DEPTH_LEVEL="2" INDEX_IN_DOC="22" PAGE_NO="3" NAME="Untitled Picture" ID="Pc00304" HREF="/3/Pc00304" SIZE="Medium" EMBEDDED_INTO="Ar00301" EMBEDDED_AFTER="Ar0030105" IMAGES_RESOLUTION="160" WORDCNT="0"/>
			</Page>
			<Page PAGE_NO="4" NAME="" PAGE_LABEL="4" ID="Pg004" PAGE_TYPE="Single" PAGE_WIDTH="876" PAGE_HEIGHT="1245" CROP_BOX="0 0 875 1244" MEDIA_BOX="0 0 875 1244" HREF="/4/Pg004" TOTAL_CHARS_COUNT="7797" SUSPICIOUS_CHARS_COUNT="0">
				<Entity ENTITY_TYPE="Article" FIRST_TOC_ENTRY_ID="25" DEPTH_LEVEL="1" INDEX_IN_DOC="25" PAGE_NO="4" NAME="Dames Plan Activities for Coming Year" ID="Ar00400" HREF="/4/Ar00400" SIZE="Medium" IMAGES_RESOLUTION="160" WORDCNT="426"/>
				<Entity ENTITY_TYPE="Article" FIRST_TOC_ENTRY_ID="26" DEPTH_LEVEL="1" INDEX_IN_DOC="26" PAGE_NO="4" NAME="BIT PARTS" ID="Ar00401" HREF="/4/Ar00401" SIZE="Small" IMAGES_RESOLUTION="160" WORDCNT="90"/>
				<Entity ENTITY_TYPE="Article" FIRST_TOC_ENTRY_ID="27" DEPTH_LEVEL="1" INDEX_IN_DOC="27" PAGE_NO="4" NAME="Color Is Key To '58 Fashions" ID="Ar00402" HREF="/4/Ar00402" SIZE="Large" IMAGES_RESOLUTION="160" WORDCNT="457"/>
				<Entity ENTITY_TYPE="Picture" FIRST_TOC_ENTRY_ID="28" DEPTH_LEVEL="2" INDEX_IN_DOC="28" PAGE_NO="4" NAME="Untitled Picture" ID="Pc00403" HREF="/4/Pc00403" SIZE="Large" EMBEDDED_INTO="Ar00402" EMBEDDED_AFTER="Ar0040200" IMAGES_RESOLUTION="160" WORDCNT="0"/>
				<Entity ENTITY_TYPE="Article" FIRST_TOC_ENTRY_ID="29" DEPTH_LEVEL="1" INDEX_IN_DOC="29" PAGE_NO="4" NAME="Mary Stevens Knows Answers But Questions Keep Her Busy" ID="Ar00404" HREF="/4/Ar00404" SIZE="Large" IMAGES_RESOLUTION="160" WORDCNT="541"/>
				<Entity ENTITY_TYPE="Article" FIRST_TOC_ENTRY_ID="30" DEPTH_LEVEL="1" INDEX_IN_DOC="30" PAGE_NO="4" NAME="SHOE BAG DESIGNED" ID="Ar00405" HREF="/4/Ar00405" SIZE="Small" IMAGES_RESOLUTION="160" WORDCNT="59"/>
				<Entity ENTITY_TYPE="Article" FIRST_TOC_ENTRY_ID="31" DEPTH_LEVEL="1" INDEX_IN_DOC="31" PAGE_NO="4" NAME="Mademoiselle Sets Contest" ID="Ar00406" HREF="/4/Ar00406" SIZE="Small" IMAGES_RESOLUTION="160" WORDCNT="178"/>
				<Entity ENTITY_TYPE="Article" FIRST_TOC_ENTRY_ID="32" DEPTH_LEVEL="1" INDEX_IN_DOC="32" PAGE_NO="4" NAME="Big Handbags Are Popular" ID="Ar00407" HREF="/4/Ar00407" SIZE="Small" IMAGES_RESOLUTION="160" WORDCNT="183"/>
				<Entity ENTITY_TYPE="Article" FIRST_TOC_ENTRY_ID="24" DEPTH_LEVEL="1" INDEX_IN_DOC="24" PAGE_NO="4" NAME="Untitled Article" ID="Ar00408" HREF="/4/Ar00408" SIZE="Small" IMAGES_RESOLUTION="160" WORDCNT="1"/>
			</Page>
			<Page PAGE_NO="5" NAME="" PAGE_LABEL="5" ID="Pg005" PAGE_TYPE="Single" PAGE_WIDTH="868" PAGE_HEIGHT="1240" CROP_BOX="0 0 867 1239" MEDIA_BOX="0 0 867 1239" HREF="/5/Pg005" TOTAL_CHARS_COUNT="5455" SUSPICIOUS_CHARS_COUNT="0">
				<Entity ENTITY_TYPE="Article" FIRST_TOC_ENTRY_ID="33" DEPTH_LEVEL="1" INDEX_IN_DOC="33" PAGE_NO="5" NAME="Buckeye Eleven Invades Illinois" ID="Ar00500" HREF="/5/Ar00500" SIZE="Large" IMAGES_RESOLUTION="160" WORDCNT="556"/>
				<Entity ENTITY_TYPE="Article" FIRST_TOC_ENTRY_ID="34" DEPTH_LEVEL="1" INDEX_IN_DOC="34" PAGE_NO="5" NAME="Buck Coaches Featured At First Smoker" ID="Ar00501" HREF="/5/Ar00501" SIZE="Medium" IMAGES_RESOLUTION="160" WORDCNT="338"/>
				<Entity ENTITY_TYPE="Ad" FIRST_TOC_ENTRY_ID="37" DEPTH_LEVEL="1" INDEX_IN_DOC="37" PAGE_NO="5" NAME="Untitled Ad" ID="Ad00502" HREF="/5/Ad00502" SIZE="Small" IMAGES_RESOLUTION="160" WORDCNT="34"/>
				<Entity ENTITY_TYPE="Article" FIRST_TOC_ENTRY_ID="35" DEPTH_LEVEL="1" INDEX_IN_DOC="35" PAGE_NO="5" NAME="Braves' Outlook Is Gloomy for Finale" ID="Ar00503" HREF="/5/Ar00503" SIZE="Medium" IMAGES_RESOLUTION="160" WORDCNT="351"/>
				<Entity ENTITY_TYPE="Article" FIRST_TOC_ENTRY_ID="36" DEPTH_LEVEL="1" INDEX_IN_DOC="36" PAGE_NO="5" NAME="BASKETBALL MEET" ID="Ar00504" HREF="/5/Ar00504" SIZE="Small" IMAGES_RESOLUTION="160" WORDCNT="61"/>
				<Entity ENTITY_TYPE="Ad" FIRST_TOC_ENTRY_ID="38" DEPTH_LEVEL="1" INDEX_IN_DOC="38" PAGE_NO="5" NAME="Untitled Ad" ID="Ad00505" HREF="/5/Ad00505" SIZE="Medium" IMAGES_RESOLUTION="160" WORDCNT="125"/>
				<Entity ENTITY_TYPE="Ad" FIRST_TOC_ENTRY_ID="39" DEPTH_LEVEL="1" INDEX_IN_DOC="39" PAGE_NO="5" NAME="Untitled Ad" ID="Ad00506" HREF="/5/Ad00506" SIZE="Medium" IMAGES_RESOLUTION="160" WORDCNT="110"/>
				<Entity ENTITY_TYPE="Ad" FIRST_TOC_ENTRY_ID="40" DEPTH_LEVEL="1" INDEX_IN_DOC="40" PAGE_NO="5" NAME="Untitled Ad" ID="Ad00507" HREF="/5/Ad00507" SIZE="Large" IMAGES_RESOLUTION="160" WORDCNT="257"/>
			</Page>
			<Page PAGE_NO="6" NAME="" PAGE_LABEL="6" ID="Pg006" PAGE_TYPE="Single" PAGE_WIDTH="877" PAGE_HEIGHT="1248" CROP_BOX="0 0 876 1247" MEDIA_BOX="0 0 876 1247" HREF="/6/Pg006" TOTAL_CHARS_COUNT="12292" SUSPICIOUS_CHARS_COUNT="0">
				<Entity ENTITY_TYPE="Article" FIRST_TOC_ENTRY_ID="41" DEPTH_LEVEL="1" INDEX_IN_DOC="41" PAGE_NO="6" NAME="Untitled Article" ID="Ar00600" HREF="/6/Ar00600" SIZE="Large" IMAGES_RESOLUTION="160" WORDCNT="1811"/>
				<Entity ENTITY_TYPE="Article" FIRST_TOC_ENTRY_ID="42" DEPTH_LEVEL="1" INDEX_IN_DOC="42" PAGE_NO="6" NAME="WOSU Airs Africa Talks" ID="Ar00601" HREF="/6/Ar00601" SIZE="Small" IMAGES_RESOLUTION="160" WORDCNT="180"/>
				<Entity ENTITY_TYPE="Article" FIRST_TOC_ENTRY_ID="45" DEPTH_LEVEL="1" INDEX_IN_DOC="45" PAGE_NO="6" NAME="Red Truce Talks Called 'WarRuse'" ID="Ar00602" HREF="/6/Ar00602" SIZE="Large" IMAGES_RESOLUTION="160" WORDCNT="630"/>
				<Entity ENTITY_TYPE="Article" FIRST_TOC_ENTRY_ID="43" DEPTH_LEVEL="1" INDEX_IN_DOC="43" PAGE_NO="6" NAME="Untitled Article" ID="Ar00603" HREF="/6/Ar00603" SIZE="Medium" IMAGES_RESOLUTION="160" WORDCNT="557"/>
				<Entity ENTITY_TYPE="Ad" FIRST_TOC_ENTRY_ID="46" DEPTH_LEVEL="1" INDEX_IN_DOC="46" PAGE_NO="6" NAME="Untitled Ad" ID="Ad00604" HREF="/6/Ad00604" SIZE="Small" IMAGES_RESOLUTION="160" WORDCNT="181"/>
				<Entity ENTITY_TYPE="Article" FIRST_TOC_ENTRY_ID="44" DEPTH_LEVEL="1" INDEX_IN_DOC="44" PAGE_NO="6" NAME="Placement- Office Announces Tests" ID="Ar00605" HREF="/6/Ar00605" SIZE="Small" IMAGES_RESOLUTION="160" WORDCNT="117"/>
				<Entity ENTITY_TYPE="Ad" FIRST_TOC_ENTRY_ID="47" DEPTH_LEVEL="1" INDEX_IN_DOC="47" PAGE_NO="6" NAME="Untitled Ad" ID="Ad00606" HREF="/6/Ad00606" SIZE="Medium" IMAGES_RESOLUTION="160" WORDCNT="200"/>
			</Page>
			<Page PAGE_NO="7" NAME="" PAGE_LABEL="7" ID="Pg007" PAGE_TYPE="Single" PAGE_WIDTH="872" PAGE_HEIGHT="1248" CROP_BOX="0 0 871 1247" MEDIA_BOX="0 0 871 1247" HREF="/7/Pg007" TOTAL_CHARS_COUNT="4586" SUSPICIOUS_CHARS_COUNT="0">
				<Entity ENTITY_TYPE="Ad" FIRST_TOC_ENTRY_ID="55" DEPTH_LEVEL="1" INDEX_IN_DOC="55" PAGE_NO="7" NAME="Untitled Ad" ID="Ad00700" HREF="/7/Ad00700" SIZE="Large" IMAGES_RESOLUTION="160" WORDCNT="114"/>
				<Entity ENTITY_TYPE="Ad" FIRST_TOC_ENTRY_ID="54" DEPTH_LEVEL="1" INDEX_IN_DOC="54" PAGE_NO="7" NAME="Untitled Ad" ID="Ad00701" HREF="/7/Ad00701" SIZE="Small" IMAGES_RESOLUTION="160" WORDCNT="37"/>
				<Entity ENTITY_TYPE="Article" FIRST_TOC_ENTRY_ID="48" DEPTH_LEVEL="1" INDEX_IN_DOC="48" PAGE_NO="7" NAME="Mitochondria Explained by Biochemist" ID="Ar00702" HREF="/7/Ar00702" SIZE="Medium" IMAGES_RESOLUTION="160" WORDCNT="248"/>
				<Entity ENTITY_TYPE="Article" FIRST_TOC_ENTRY_ID="49" DEPTH_LEVEL="1" INDEX_IN_DOC="49" PAGE_NO="7" NAME="If It s Spongy It's a Squash" ID="Ar00703" HREF="/7/Ar00703" SIZE="Small" IMAGES_RESOLUTION="160" WORDCNT="167"/>
				<Entity ENTITY_TYPE="Article" FIRST_TOC_ENTRY_ID="51" DEPTH_LEVEL="1" INDEX_IN_DOC="51" PAGE_NO="7" NAME="Propensity For Math Shown by Freshmen" ID="Ar00704" HREF="/7/Ar00704" SIZE="Medium" IMAGES_RESOLUTION="160" WORDCNT="347"/>
				<Entity ENTITY_TYPE="Article" FIRST_TOC_ENTRY_ID="52" DEPTH_LEVEL="1" INDEX_IN_DOC="52" PAGE_NO="7" NAME="Research Set On Vibration" ID="Ar00705" HREF="/7/Ar00705" SIZE="Small" IMAGES_RESOLUTION="160" WORDCNT="160"/>
				<Entity ENTITY_TYPE="Ad" FIRST_TOC_ENTRY_ID="56" DEPTH_LEVEL="1" INDEX_IN_DOC="56" PAGE_NO="7" NAME="Untitled Ad" ID="Ad00706" HREF="/7/Ad00706" SIZE="XLarge" IMAGES_RESOLUTION="160" WORDCNT="208"/>
				<Entity ENTITY_TYPE="Ad" FIRST_TOC_ENTRY_ID="50" DEPTH_LEVEL="1" INDEX_IN_DOC="50" PAGE_NO="7" NAME="Untitled Ad" ID="Ad00707" HREF="/7/Ad00707" SIZE="Small" IMAGES_RESOLUTION="160" WORDCNT="139"/>
				<Entity ENTITY_TYPE="Article" FIRST_TOC_ENTRY_ID="53" DEPTH_LEVEL="1" INDEX_IN_DOC="53" PAGE_NO="7" NAME="Untitled Article" ID="Ar00708" HREF="/7/Ar00708" SIZE="Small" IMAGES_RESOLUTION="160" WORDCNT="28"/>
			</Page>
			<Page PAGE_NO="8" NAME="" PAGE_LABEL="8" ID="Pg008" PAGE_TYPE="Single" PAGE_WIDTH="875" PAGE_HEIGHT="1254" CROP_BOX="0 0 874 1253" MEDIA_BOX="0 0 874 1253" HREF="/8/Pg008" TOTAL_CHARS_COUNT="6441" SUSPICIOUS_CHARS_COUNT="0">
				<Entity ENTITY_TYPE="Picture" FIRST_TOC_ENTRY_ID="58" DEPTH_LEVEL="2" INDEX_IN_DOC="58" PAGE_NO="8" NAME="Untitled Picture" ID="Pc00800" HREF="/8/Pc00800" SIZE="Medium" EMBEDDED_INTO="Ar00801" EMBEDDED_AFTER="Ar0080100" IMAGES_RESOLUTION="160" WORDCNT="0"/>
				<Entity ENTITY_TYPE="Article" FIRST_TOC_ENTRY_ID="57" DEPTH_LEVEL="1" INDEX_IN_DOC="57" PAGE_NO="8" NAME="Untitled Article" ID="Ar00801" HREF="/8/Ar00801" SIZE="Small" IMAGES_RESOLUTION="160" WORDCNT="82"/>
				<Entity ENTITY_TYPE="Article" FIRST_TOC_ENTRY_ID="59" DEPTH_LEVEL="1" INDEX_IN_DOC="59" PAGE_NO="8" NAME="Four Senate Posts Open" ID="Ar00802" HREF="/8/Ar00802" SIZE="Small" IMAGES_RESOLUTION="160" WORDCNT="173"/>
				<Entity ENTITY_TYPE="Article" FIRST_TOC_ENTRY_ID="61" DEPTH_LEVEL="1" INDEX_IN_DOC="61" PAGE_NO="8" NAME="Coed Cadet Corps" ID="Ar00803" HREF="/8/Ar00803" SIZE="Small" IMAGES_RESOLUTION="160" WORDCNT="68"/>
				<Entity ENTITY_TYPE="Picture" FIRST_TOC_ENTRY_ID="62" DEPTH_LEVEL="2" INDEX_IN_DOC="62" PAGE_NO="8" NAME="Untitled Picture" ID="Pc00804" HREF="/8/Pc00804" SIZE="Large" EMBEDDED_INTO="Ar00803" EMBEDDED_AFTER="Ar0080300" IMAGES_RESOLUTION="160" WORDCNT="0"/>
				<Entity ENTITY_TYPE="Article" FIRST_TOC_ENTRY_ID="60" DEPTH_LEVEL="1" INDEX_IN_DOC="60" PAGE_NO="8" NAME="Space Radiation Discovery High Ugh ts IG Y Experimen ts" ID="Ar00805" HREF="/8/Ar00805" SIZE="XLarge" IMAGES_RESOLUTION="160" WORDCNT="1074"/>
			</Page>
		</Section>
	</Body_np>
	<Logic_np><TOC_Entries><TOC_Entry TOC_ENTRY_ID="1" TITLE="PETITIONS AVAILABLE" ENTITY_ID_REF="Ar00101" PAGE_NO="1" PAGE_LABEL="1" PRIM_ID_REF="Ar0010100" IS_IC="true"/><TOC_Entry TOC_ENTRY_ID="2" TITLE="WSGA Sees Home Movie" ENTITY_ID_REF="Ar00102" PAGE_NO="1" PAGE_LABEL="1" PRIM_ID_REF="Ar0010200" IS_IC="true"/><TOC_Entry TOC_ENTRY_ID="3" TITLE="Sub-Committee Seats Required By OSPA" ENTITY_ID_REF="Ar00104" PAGE_NO="1" PAGE_LABEL="1" PRIM_ID_REF="Ar0010400" IS_IC="true"/><TOC_Entry TOC_ENTRY_ID="4" TITLE="VANDALS BURN STATUE" ENTITY_ID_REF="Ar00105" PAGE_NO="1" PAGE_LABEL="1" PRIM_ID_REF="Ar0010500" IS_IC="true"/><TOC_Entry TOC_ENTRY_ID="5" TITLE="THE WEATHER Partly cloudy and warm today..." ENTITY_ID_REF="Ar00108" PAGE_NO="1" PAGE_LABEL="1" PRIM_ID_REF="Ar0010800" IS_IC="true"/><TOC_Entry TOC_ENTRY_ID="6" TITLE="'Pope of Peace' Is Dead" ENTITY_ID_REF="Ar00100" PAGE_NO="1" PAGE_LABEL="1" PRIM_ID_REF="Ar0010000" IS_IC="true"><TOC_Entry TOC_ENTRY_ID="7" TITLE="" ENTITY_ID_REF="Pc00103" PAGE_NO="1" PAGE_LABEL="1" PRIM_ID_REF="Pc0010300" IS_IC="true"/></TOC_Entry><TOC_Entry TOC_ENTRY_ID="8" TITLE="Catholic World Mourns Pontiff" ENTITY_ID_REF="Ar00109" PAGE_NO="1" PAGE_LABEL="1" PRIM_ID_REF="Ar0010900" IS_IC="true"/><TOC_Entry TOC_ENTRY_ID="9" TITLE="Collegiennes Denied Trip To New York" ENTITY_ID_REF="Ar00106" PAGE_NO="1" PAGE_LABEL="1" PRIM_ID_REF="Ar0010600" IS_IC="true"/><TOC_Entry TOC_ENTRY_ID="10" TITLE="ADAMS RETURNS RUG" ENTITY_ID_REF="Ar00107" PAGE_NO="1" PAGE_LABEL="1" PRIM_ID_REF="Ar0010700" IS_IC="true"/><TOC_Entry TOC_ENTRY_ID="11" TITLE="Lost Freedom" ENTITY_ID_REF="Ar00200" PAGE_NO="2" PAGE_LABEL="2" PRIM_ID_REF="Ar0020000" IS_IC="true"/><TOC_Entry TOC_ENTRY_ID="12" TITLE="Youth March" ENTITY_ID_REF="Ar00201" PAGE_NO="2" PAGE_LABEL="2" PRIM_ID_REF="Ar0020100" IS_IC="true"/><TOC_Entry TOC_ENTRY_ID="13" TITLE="Blast for Blast" ENTITY_ID_REF="Ar00202" PAGE_NO="2" PAGE_LABEL="2" PRIM_ID_REF="Ar0020200" IS_IC="true"/><TOC_Entry TOC_ENTRY_ID="14" TITLE="Solon Scoffs At Republican Campaigning" ENTITY_ID_REF="Ar00203" PAGE_NO="2" PAGE_LABEL="2" PRIM_ID_REF="Ar0020300" IS_IC="true"/><TOC_Entry TOC_ENTRY_ID="15" TITLE="J/ UL Ohio Stated... LANTERN STAFF Manag..." ENTITY_ID_REF="Ar00207" PAGE_NO="2" PAGE_LABEL="2" PRIM_ID_REF="Ar0020700" IS_IC="true"/><TOC_Entry TOC_ENTRY_ID="16" TITLE="QolkqsL ChoAAhoaddu" ENTITY_ID_REF="Ar00204" PAGE_NO="2" PAGE_LABEL="2" PRIM_ID_REF="Ar0020400" IS_IC="true"/><TOC_Entry TOC_ENTRY_ID="17" TITLE="LITTLE MAN ON CAMPUS" ENTITY_ID_REF="Ar00205" PAGE_NO="2" PAGE_LABEL="2" PRIM_ID_REF="Ar0020500" IS_IC="true"><TOC_Entry TOC_ENTRY_ID="18" TITLE="" ENTITY_ID_REF="Pc00206" PAGE_NO="2" PAGE_LABEL="2" PRIM_ID_REF="Pc0020600" IS_IC="true"/></TOC_Entry><TOC_Entry TOC_ENTRY_ID="19" TITLE="Soccer Squad Beats Bishops" ENTITY_ID_REF="Ar00301" PAGE_NO="3" PAGE_LABEL="3" PRIM_ID_REF="Ar0030100" IS_IC="true"><TOC_Entry TOC_ENTRY_ID="20" TITLE="" ENTITY_ID_REF="Pc00303" PAGE_NO="3" PAGE_LABEL="3" PRIM_ID_REF="Pc0030300" IS_IC="true"/><TOC_Entry TOC_ENTRY_ID="21" TITLE="" ENTITY_ID_REF="Pc00302" PAGE_NO="3" PAGE_LABEL="3" PRIM_ID_REF="Pc0030200" IS_IC="true"/><TOC_Entry TOC_ENTRY_ID="22" TITLE="" ENTITY_ID_REF="Pc00304" PAGE_NO="3" PAGE_LABEL="3" PRIM_ID_REF="Pc0030400" IS_IC="true"/></TOC_Entry><TOC_Entry TOC_ENTRY_ID="23" TITLE="Frankfurter Raps Actions By Arkansas" ENTITY_ID_REF="Ar00300" PAGE_NO="3" PAGE_LABEL="3" PRIM_ID_REF="Ar0030000" IS_IC="true"/><TOC_Entry TOC_ENTRY_ID="24" TITLE="WOMEN'S IE" ENTITY_ID_REF="Ar00408" PAGE_NO="4" PAGE_LABEL="4" PRIM_ID_REF="Ar0040800" IS_IC="true"/><TOC_Entry TOC_ENTRY_ID="25" TITLE="Dames Plan Activities for Coming Year" ENTITY_ID_REF="Ar00400" PAGE_NO="4" PAGE_LABEL="4" PRIM_ID_REF="Ar0040000" IS_IC="true"/><TOC_Entry TOC_ENTRY_ID="26" TITLE="BIT PARTS" ENTITY_ID_REF="Ar00401" PAGE_NO="4" PAGE_LABEL="4" PRIM_ID_REF="Ar0040100" IS_IC="true"/><TOC_Entry TOC_ENTRY_ID="27" TITLE="Color Is Key To '58 Fashions" ENTITY_ID_REF="Ar00402" PAGE_NO="4" PAGE_LABEL="4" PRIM_ID_REF="Ar0040200" IS_IC="true"><TOC_Entry TOC_ENTRY_ID="28" TITLE="" ENTITY_ID_REF="Pc00403" PAGE_NO="4" PAGE_LABEL="4" PRIM_ID_REF="Pc0040300" IS_IC="true"/></TOC_Entry><TOC_Entry TOC_ENTRY_ID="29" TITLE="Mary Stevens Knows Answers But Questions..." ENTITY_ID_REF="Ar00404" PAGE_NO="4" PAGE_LABEL="4" PRIM_ID_REF="Ar0040400" IS_IC="true"/><TOC_Entry TOC_ENTRY_ID="30" TITLE="SHOE BAG DESIGNED" ENTITY_ID_REF="Ar00405" PAGE_NO="4" PAGE_LABEL="4" PRIM_ID_REF="Ar0040500" IS_IC="true"/><TOC_Entry TOC_ENTRY_ID="31" TITLE="Mademoiselle Sets Contest" ENTITY_ID_REF="Ar00406" PAGE_NO="4" PAGE_LABEL="4" PRIM_ID_REF="Ar0040600" IS_IC="true"/><TOC_Entry TOC_ENTRY_ID="32" TITLE="Big Handbags Are Popular" ENTITY_ID_REF="Ar00407" PAGE_NO="4" PAGE_LABEL="4" PRIM_ID_REF="Ar0040700" IS_IC="true"/><TOC_Entry TOC_ENTRY_ID="33" TITLE="Buckeye Eleven Invades Illinois" ENTITY_ID_REF="Ar00500" PAGE_NO="5" PAGE_LABEL="5" PRIM_ID_REF="Ar0050000" IS_IC="true"/><TOC_Entry TOC_ENTRY_ID="34" TITLE="Buck Coaches Featured At First Smoker" ENTITY_ID_REF="Ar00501" PAGE_NO="5" PAGE_LABEL="5" PRIM_ID_REF="Ar0050100" IS_IC="true"/><TOC_Entry TOC_ENTRY_ID="35" TITLE="Braves' Outlook Is Gloomy for Finale" ENTITY_ID_REF="Ar00503" PAGE_NO="5" PAGE_LABEL="5" PRIM_ID_REF="Ar0050300" IS_IC="true"/><TOC_Entry TOC_ENTRY_ID="36" TITLE="BASKETBALL MEET" ENTITY_ID_REF="Ar00504" PAGE_NO="5" PAGE_LABEL="5" PRIM_ID_REF="Ar0050400" IS_IC="true"/><TOC_Entry TOC_ENTRY_ID="37" TITLE="" ENTITY_ID_REF="Ad00502" PAGE_NO="5" PAGE_LABEL="5" PRIM_ID_REF="Ad0050204" IS_IC="true"/><TOC_Entry TOC_ENTRY_ID="38" TITLE="" ENTITY_ID_REF="Ad00505" PAGE_NO="5" PAGE_LABEL="5" PRIM_ID_REF="Ad0050514" IS_IC="true"/><TOC_Entry TOC_ENTRY_ID="39" TITLE="" ENTITY_ID_REF="Ad00506" PAGE_NO="5" PAGE_LABEL="5" PRIM_ID_REF="Ad0050601" IS_IC="true"/><TOC_Entry TOC_ENTRY_ID="40" TITLE="" ENTITY_ID_REF="Ad00507" PAGE_NO="5" PAGE_LABEL="5" PRIM_ID_REF="Ad0050701" IS_IC="true"/><TOC_Entry TOC_ENTRY_ID="41" TITLE="OFFICIAL BULLETIN THE OHIO STATE UNIVERS..." ENTITY_ID_REF="Ar00600" PAGE_NO="6" PAGE_LABEL="6" PRIM_ID_REF="Ar0060000" IS_IC="true"/><TOC_Entry TOC_ENTRY_ID="42" TITLE="WOSU Airs Africa Talks" ENTITY_ID_REF="Ar00601" PAGE_NO="6" PAGE_LABEL="6" PRIM_ID_REF="Ar0060100" IS_IC="true"/><TOC_Entry TOC_ENTRY_ID="43" TITLE="QlaAMfi&amp;dA RATES Regular Classified 4&lt;f ..." ENTITY_ID_REF="Ar00603" PAGE_NO="6" PAGE_LABEL="6" PRIM_ID_REF="Ar0060300" IS_IC="true"/><TOC_Entry TOC_ENTRY_ID="44" TITLE="Placement- Office Announces Tests" ENTITY_ID_REF="Ar00605" PAGE_NO="6" PAGE_LABEL="6" PRIM_ID_REF="Ar0060500" IS_IC="true"/><TOC_Entry TOC_ENTRY_ID="45" TITLE="Red Truce Talks Called 'WarRuse'" ENTITY_ID_REF="Ar00602" PAGE_NO="6" PAGE_LABEL="6" PRIM_ID_REF="Ar0060200" IS_IC="true"/><TOC_Entry TOC_ENTRY_ID="46" TITLE="" ENTITY_ID_REF="Ad00604" PAGE_NO="6" PAGE_LABEL="6" PRIM_ID_REF="Ad0060403" IS_IC="true"/><TOC_Entry TOC_ENTRY_ID="47" TITLE="" ENTITY_ID_REF="Ad00606" PAGE_NO="6" PAGE_LABEL="6" PRIM_ID_REF="Ad0060601" IS_IC="true"/><TOC_Entry TOC_ENTRY_ID="48" TITLE="Mitochondria Explained by Biochemist" ENTITY_ID_REF="Ar00702" PAGE_NO="7" PAGE_LABEL="7" PRIM_ID_REF="Ar0070200" IS_IC="true"/><TOC_Entry TOC_ENTRY_ID="49" TITLE="If It s Spongy It's a Squash" ENTITY_ID_REF="Ar00703" PAGE_NO="7" PAGE_LABEL="7" PRIM_ID_REF="Ar0070300" IS_IC="true"/><TOC_Entry TOC_ENTRY_ID="50" TITLE="" ENTITY_ID_REF="Ad00707" PAGE_NO="7" PAGE_LABEL="7" PRIM_ID_REF="Ad0070701" IS_IC="true"/><TOC_Entry TOC_ENTRY_ID="51" TITLE="Propensity For Math Shown by Freshmen" ENTITY_ID_REF="Ar00704" PAGE_NO="7" PAGE_LABEL="7" PRIM_ID_REF="Ar0070400" IS_IC="true"/><TOC_Entry TOC_ENTRY_ID="52" TITLE="Research Set On Vibration" ENTITY_ID_REF="Ar00705" PAGE_NO="7" PAGE_LABEL="7" PRIM_ID_REF="Ar0070500" IS_IC="true"/><TOC_Entry TOC_ENTRY_ID="53" TITLE="Dayton is the location of the Wright-Pat..." ENTITY_ID_REF="Ar00708" PAGE_NO="7" PAGE_LABEL="7" PRIM_ID_REF="Ar0070800" IS_IC="true"/><TOC_Entry TOC_ENTRY_ID="54" TITLE="" ENTITY_ID_REF="Ad00701" PAGE_NO="7" PAGE_LABEL="7" PRIM_ID_REF="Ad0070106" IS_IC="true"/><TOC_Entry TOC_ENTRY_ID="55" TITLE="" ENTITY_ID_REF="Ad00700" PAGE_NO="7" PAGE_LABEL="7" PRIM_ID_REF="Ad0070007" IS_IC="true"/><TOC_Entry TOC_ENTRY_ID="56" TITLE="" ENTITY_ID_REF="Ad00706" PAGE_NO="7" PAGE_LABEL="7" PRIM_ID_REF="Ad0070601" IS_IC="true"/><TOC_Entry TOC_ENTRY_ID="57" TITLE="�Photo�Dept. of Photography GOV. C. WILL..." ENTITY_ID_REF="Ar00801" PAGE_NO="8" PAGE_LABEL="8" PRIM_ID_REF="Ar0080100" IS_IC="true"><TOC_Entry TOC_ENTRY_ID="58" TITLE="" ENTITY_ID_REF="Pc00800" PAGE_NO="8" PAGE_LABEL="8" PRIM_ID_REF="Pc0080000" IS_IC="true"/></TOC_Entry><TOC_Entry TOC_ENTRY_ID="59" TITLE="Four Senate Posts Open" ENTITY_ID_REF="Ar00802" PAGE_NO="8" PAGE_LABEL="8" PRIM_ID_REF="Ar0080200" IS_IC="true"/><TOC_Entry TOC_ENTRY_ID="60" TITLE="Space Radiation Discovery High Ugh ts IG..." ENTITY_ID_REF="Ar00805" PAGE_NO="8" PAGE_LABEL="8" PRIM_ID_REF="Ar0080500" IS_IC="true"/><TOC_Entry TOC_ENTRY_ID="61" TITLE="Coed Cadet Corps" ENTITY_ID_REF="Ar00803" PAGE_NO="8" PAGE_LABEL="8" PRIM_ID_REF="Ar0080300" IS_IC="true"><TOC_Entry TOC_ENTRY_ID="62" TITLE="" ENTITY_ID_REF="Pc00804" PAGE_NO="8" PAGE_LABEL="8" PRIM_ID_REF="Pc0080400" IS_IC="true"/></TOC_Entry></TOC_Entries></Logic_np></Xmd_toc>
