<?xml version="1.0" encoding="windows-1252" standalone="no"?>
<Xmd_toc REPOSITORY_FORMAT="1.0" PRXML_VER="2.2" PUBLICATION="OHI" PUBLICATION_DESCRIPTION="" ISSUE_DATE="02/06/1958" RELEASE_NO="060-OHI-1958-06-02-001-SINGLE-LANTERN_VOL-77_JUN20-JUN6_JUN_001" LANGUAGE="English">
	<Head_np>
		<Meta PAGES_NUMBER="8" SOURCE_TYPE="TIFF" SOURCE_RESOLUTION="72" IMAGES_RESOLUTION="160" PAGE_THUMBNAIL_RESOLUTION="72" PAGE_PREVIEW_RESOLUTION="15" DEFAULT_IMG_EXT="png" DEFAULT_PREVIEW_IMG_EXT="png" BASE_HREF="OHI/1958/06/02" PDF_DESTINATION_MAPPED="OLV0_Page_0001" TITLE_SNP_EXT="png" AD_SNP_EXT="png" IMAGE_SNP_EXT="jpg" MULTI_LAYER_PAGE_IMG="false" IS_SOLID="false" DOC_DATE="02/06/1958" DOC_UID="OHI_02/06/1958" DOC_VER="1" OCR_CONFIDENCE="1.000" TOTAL_CHARS_COUNT="60305" SUSPICIOUS_CHARS_COUNT="0">
			<Publisher XMD_VER="2.6.241.42" ACROBAT_VER="8.00" PUBLISHER="Olive" PROFILE_ID="W:\Batch\Profile\OHI-1958-06-02.ini">
				<PublishDate>Tue, 24 May 2011 15:41:03 UTC</PublishDate>
				<PublishSWFCompatible>false</PublishSWFCompatible>
			</Publisher>
			<Resolutions>
				<Resolution DEFAULT="true">72</Resolution>
			</Resolutions>
		</Meta>
		<Link SOURCE="060-OHI-1958-06-02-001-SINGLE-LANTERN_VOL-77_JUN20-JUN6_JUN_001.pdf"/>
		<DataFiles>
			<Files TYPE="DOC_PDF" PRESENT="1"/>
			<Files TYPE="PAGE_PDF" PRESENT="0"/>
			<Files TYPE="DOC_IMG" PRESENT="0"/>
			<Files TYPE="PAGE_IMG" PRESENT="0"/>
			<Files TYPE="PAGE_VIEW_IMG" PRESENT="1"/>
			<Files TYPE="PAGE_PREVIEW_IMG" PRESENT="1"/>
			<Files TYPE="PRIMITIVE_IMG" PRESENT="1"/>
			<Files TYPE="SNIPPET_IMG" PRESENT="1"/>
			<Files TYPE="SEGMENTATION" PRESENT="0"/>
			<Files TYPE="PAGINATION_TEMPLATE_BACKGROUND" PRESENT="0"/>
			<Files TYPE="EXTERNAL_FONTS" PRESENT="0"/>
		</DataFiles>
	</Head_np>
	<Body_np>
		<Section NAME="Front page">
			<Page PAGE_NO="1" NAME="" PAGE_LABEL="1" ID="Pg001" PAGE_TYPE="Single" PAGE_WIDTH="881" PAGE_HEIGHT="1253" CROP_BOX="0 0 880 1252" MEDIA_BOX="0 0 880 1252" HREF="/1/Pg001" TOTAL_CHARS_COUNT="8177" SUSPICIOUS_CHARS_COUNT="0">
				<Entity ENTITY_TYPE="Article" FIRST_TOC_ENTRY_ID="1" DEPTH_LEVEL="1" INDEX_IN_DOC="1" PAGE_NO="1" NAME="School Year Increased By Three Days" ID="Ar00100" HREF="/1/Ar00100" SIZE="Medium" IMAGES_RESOLUTION="160" WORDCNT="316"/>
				<Entity ENTITY_TYPE="Article" FIRST_TOC_ENTRY_ID="2" DEPTH_LEVEL="1" INDEX_IN_DOC="2" PAGE_NO="1" NAME="Meet Hosts Heimberger" ID="Ar00101" HREF="/1/Ar00101" SIZE="Small" IMAGES_RESOLUTION="160" WORDCNT="94"/>
				<Entity ENTITY_TYPE="Article" FIRST_TOC_ENTRY_ID="7" DEPTH_LEVEL="1" INDEX_IN_DOC="7" PAGE_NO="1" NAME="Dulles, Nielsen to Visit Russia In Cultural Exchange Program" ID="Ar00102" HREF="/1/Ar00102" SIZE="Large" IMAGES_RESOLUTION="160" WORDCNT="453"/>
				<Entity ENTITY_TYPE="Article" FIRST_TOC_ENTRY_ID="10" DEPTH_LEVEL="1" INDEX_IN_DOC="10" PAGE_NO="1" NAME="French Boss Faces Fight-In Assembly" ID="Ar00103" HREF="/1/Ar00103" SIZE="Medium" IMAGES_RESOLUTION="160" WORDCNT="264"/>
				<Entity ENTITY_TYPE="Picture" FIRST_TOC_ENTRY_ID="8" DEPTH_LEVEL="2" INDEX_IN_DOC="8" PAGE_NO="1" NAME="Untitled Picture" ID="Pc00104" HREF="/1/Pc00104" SIZE="Small" EMBEDDED_INTO="Ar00102" EMBEDDED_AFTER="Ar0010202" EMBEDDED_ABOVE="1" IMAGES_RESOLUTION="160" WORDCNT="0"/>
				<Entity ENTITY_TYPE="Article" FIRST_TOC_ENTRY_ID="11" DEPTH_LEVEL="1" INDEX_IN_DOC="11" PAGE_NO="1" NAME="Attention oi oi &quot;INCOMPLETES&quot;" ID="Ar00105" HREF="/1/Ar00105" SIZE="Small" IMAGES_RESOLUTION="160" WORDCNT="128"/>
				<Entity ENTITY_TYPE="Article" FIRST_TOC_ENTRY_ID="12" DEPTH_LEVEL="1" INDEX_IN_DOC="12" PAGE_NO="1" NAME="Picket Injunction Sought by IBEW" ID="Ar00106" HREF="/1/Ar00106" SIZE="Small" IMAGES_RESOLUTION="160" WORDCNT="107"/>
				<Entity ENTITY_TYPE="Picture" FIRST_TOC_ENTRY_ID="9" DEPTH_LEVEL="2" INDEX_IN_DOC="9" PAGE_NO="1" NAME="Untitled Picture" ID="Pc00107" HREF="/1/Pc00107" SIZE="Small" EMBEDDED_INTO="Ar00102" EMBEDDED_AFTER="Ar0010205" EMBEDDED_ABOVE="1" IMAGES_RESOLUTION="160" WORDCNT="0"/>
				<Entity ENTITY_TYPE="Article" FIRST_TOC_ENTRY_ID="13" DEPTH_LEVEL="1" INDEX_IN_DOC="13" PAGE_NO="1" NAME="Senior Wins Subscription" ID="Ar00108" HREF="/1/Ar00108" SIZE="Small" IMAGES_RESOLUTION="160" WORDCNT="144"/>
				<Entity ENTITY_TYPE="Article" FIRST_TOC_ENTRY_ID="6" DEPTH_LEVEL="1" INDEX_IN_DOC="6" PAGE_NO="1" NAME="Untitled Article" ID="Ar00109" HREF="/1/Ar00109" SIZE="Small" IMAGES_RESOLUTION="160" WORDCNT="22"/>
				<Entity ENTITY_TYPE="Article" FIRST_TOC_ENTRY_ID="5" DEPTH_LEVEL="1" INDEX_IN_DOC="5" PAGE_NO="1" NAME="Nome Queen Of Redheads" ID="Ar00110" HREF="/1/Ar00110" SIZE="Small" IMAGES_RESOLUTION="160" WORDCNT="200"/>
				<Entity ENTITY_TYPE="Article" FIRST_TOC_ENTRY_ID="3" DEPTH_LEVEL="1" INDEX_IN_DOC="3" PAGE_NO="1" NAME="GRADES DUE" ID="Ar00111" HREF="/1/Ar00111" SIZE="Small" IMAGES_RESOLUTION="160" WORDCNT="41"/>
				<Entity ENTITY_TYPE="Article" FIRST_TOC_ENTRY_ID="4" DEPTH_LEVEL="1" INDEX_IN_DOC="4" PAGE_NO="1" NAME="Baseball Bulletin" ID="Ar00112" HREF="/1/Ar00112" SIZE="Small" IMAGES_RESOLUTION="160" WORDCNT="74"/>
			</Page>
		</Section>
		<Section NAME="None">
			<Page PAGE_NO="2" NAME="" PAGE_LABEL="2" ID="Pg002" PAGE_TYPE="Single" PAGE_WIDTH="878" PAGE_HEIGHT="1257" CROP_BOX="0 0 877 1256" MEDIA_BOX="0 0 877 1256" HREF="/2/Pg002" TOTAL_CHARS_COUNT="10921" SUSPICIOUS_CHARS_COUNT="0">
				<Entity ENTITY_TYPE="Article" FIRST_TOC_ENTRY_ID="14" DEPTH_LEVEL="1" INDEX_IN_DOC="14" PAGE_NO="2" NAME="Movies Score Hit" ID="Ar00200" HREF="/2/Ar00200" SIZE="Large" IMAGES_RESOLUTION="160" WORDCNT="566"/>
				<Entity ENTITY_TYPE="Article" FIRST_TOC_ENTRY_ID="15" DEPTH_LEVEL="1" INDEX_IN_DOC="15" PAGE_NO="2" NAME="Luxury Grants" ID="Ar00201" HREF="/2/Ar00201" SIZE="Small" IMAGES_RESOLUTION="160" WORDCNT="96"/>
				<Entity ENTITY_TYPE="Article" FIRST_TOC_ENTRY_ID="16" DEPTH_LEVEL="1" INDEX_IN_DOC="16" PAGE_NO="2" NAME="Armory Razing Subject of Letter" ID="Ar00202" HREF="/2/Ar00202" SIZE="Small" IMAGES_RESOLUTION="160" WORDCNT="101"/>
				<Entity ENTITY_TYPE="Article" FIRST_TOC_ENTRY_ID="17" DEPTH_LEVEL="1" INDEX_IN_DOC="17" PAGE_NO="2" NAME="Editor's Mail Bag" ID="Ar00203" HREF="/2/Ar00203" SIZE="XLarge" IMAGES_RESOLUTION="160" WORDCNT="1495"/>
				<Entity ENTITY_TYPE="Article" FIRST_TOC_ENTRY_ID="18" DEPTH_LEVEL="1" INDEX_IN_DOC="18" PAGE_NO="2" NAME="Untitled Article" ID="Ar00204" HREF="/2/Ar00204" SIZE="Small" IMAGES_RESOLUTION="160" WORDCNT="224"/>
			</Page>
			<Page PAGE_NO="3" NAME="" PAGE_LABEL="3" ID="Pg003" PAGE_TYPE="Single" PAGE_WIDTH="864" PAGE_HEIGHT="1238" CROP_BOX="0 0 863 1237" MEDIA_BOX="0 0 863 1237" HREF="/3/Pg003" TOTAL_CHARS_COUNT="8879" SUSPICIOUS_CHARS_COUNT="0">
				<Entity ENTITY_TYPE="Article" FIRST_TOC_ENTRY_ID="19" DEPTH_LEVEL="1" INDEX_IN_DOC="19" PAGE_NO="3" NAME="TV Cameras May Bring Oxford Courses To OSU" ID="Ar00300" HREF="/3/Ar00300" SIZE="Large" IMAGES_RESOLUTION="160" WORDCNT="744"/>
				<Entity ENTITY_TYPE="Article" FIRST_TOC_ENTRY_ID="20" DEPTH_LEVEL="1" INDEX_IN_DOC="20" PAGE_NO="3" NAME="Fifteen Get Scholarships" ID="Ar00301" HREF="/3/Ar00301" SIZE="Small" IMAGES_RESOLUTION="160" WORDCNT="151"/>
				<Entity ENTITY_TYPE="Article" FIRST_TOC_ENTRY_ID="21" DEPTH_LEVEL="1" INDEX_IN_DOC="21" PAGE_NO="3" NAME="Senior Honorary Selects Officers" ID="Ar00302" HREF="/3/Ar00302" SIZE="Small" IMAGES_RESOLUTION="160" WORDCNT="87"/>
				<Entity ENTITY_TYPE="Article" FIRST_TOC_ENTRY_ID="22" DEPTH_LEVEL="1" INDEX_IN_DOC="22" PAGE_NO="3" NAME="Fraternities Take Part In OSU Building Boom" ID="Ar00303" HREF="/3/Ar00303" SIZE="Medium" IMAGES_RESOLUTION="160" WORDCNT="300"/>
				<Entity ENTITY_TYPE="Article" FIRST_TOC_ENTRY_ID="26" DEPTH_LEVEL="1" INDEX_IN_DOC="26" PAGE_NO="3" NAME="Ag9 Home Economics May Merge This Fall" ID="Ar00304" HREF="/3/Ar00304" SIZE="Medium" IMAGES_RESOLUTION="160" WORDCNT="290"/>
				<Entity ENTITY_TYPE="Article" FIRST_TOC_ENTRY_ID="27" DEPTH_LEVEL="1" INDEX_IN_DOC="27" PAGE_NO="3" NAME="Book Discussion Slated for Hillel" ID="Ar00305" HREF="/3/Ar00305" SIZE="Small" IMAGES_RESOLUTION="160" WORDCNT="117"/>
				<Entity ENTITY_TYPE="Article" FIRST_TOC_ENTRY_ID="29" DEPTH_LEVEL="1" INDEX_IN_DOC="29" PAGE_NO="3" NAME="UPI Official Hits Charges Of Kefauver" ID="Ar00306" HREF="/3/Ar00306" SIZE="Medium" IMAGES_RESOLUTION="160" WORDCNT="198"/>
				<Entity ENTITY_TYPE="Ad" FIRST_TOC_ENTRY_ID="23" DEPTH_LEVEL="1" INDEX_IN_DOC="23" PAGE_NO="3" NAME="Untitled Ad" ID="Ad00307" HREF="/3/Ad00307" SIZE="Small" IMAGES_RESOLUTION="160" WORDCNT="91"/>
				<Entity ENTITY_TYPE="Ad" FIRST_TOC_ENTRY_ID="25" DEPTH_LEVEL="1" INDEX_IN_DOC="25" PAGE_NO="3" NAME="Untitled Ad" ID="Ad00308" HREF="/3/Ad00308" SIZE="Small" IMAGES_RESOLUTION="160" WORDCNT="22"/>
				<Entity ENTITY_TYPE="Article" FIRST_TOC_ENTRY_ID="24" DEPTH_LEVEL="1" INDEX_IN_DOC="24" PAGE_NO="3" NAME="FATALITIES ARE HIGH" ID="Ar00309" HREF="/3/Ar00309" SIZE="Small" IMAGES_RESOLUTION="160" WORDCNT="43"/>
				<Entity ENTITY_TYPE="Ad" FIRST_TOC_ENTRY_ID="28" DEPTH_LEVEL="1" INDEX_IN_DOC="28" PAGE_NO="3" NAME="Untitled Ad" ID="Ad00310" HREF="/3/Ad00310" SIZE="Small" IMAGES_RESOLUTION="160" WORDCNT="22"/>
				<Entity ENTITY_TYPE="Ad" FIRST_TOC_ENTRY_ID="31" DEPTH_LEVEL="1" INDEX_IN_DOC="31" PAGE_NO="3" NAME="Untitled Ad" ID="Ad00311" HREF="/3/Ad00311" SIZE="Small" IMAGES_RESOLUTION="160" WORDCNT="29"/>
				<Entity ENTITY_TYPE="Ad" FIRST_TOC_ENTRY_ID="30" DEPTH_LEVEL="1" INDEX_IN_DOC="30" PAGE_NO="3" NAME="Untitled Ad" ID="Ad00312" HREF="/3/Ad00312" SIZE="Small" IMAGES_RESOLUTION="160" WORDCNT="21"/>
			</Page>
			<Page PAGE_NO="4" NAME="" PAGE_LABEL="4" ID="Pg004" PAGE_TYPE="Single" PAGE_WIDTH="881" PAGE_HEIGHT="1253" CROP_BOX="0 0 880 1252" MEDIA_BOX="0 0 880 1252" HREF="/4/Pg004" TOTAL_CHARS_COUNT="603" SUSPICIOUS_CHARS_COUNT="0">
				<Entity ENTITY_TYPE="Article" FIRST_TOC_ENTRY_ID="32" DEPTH_LEVEL="1" INDEX_IN_DOC="32" PAGE_NO="4" NAME="Construction A bstracts" ID="Ar00400" HREF="/4/Ar00400" SIZE="Medium" IMAGES_RESOLUTION="160" WORDCNT="128"/>
				<Entity ENTITY_TYPE="Picture" FIRST_TOC_ENTRY_ID="33" DEPTH_LEVEL="2" INDEX_IN_DOC="33" PAGE_NO="4" NAME="Untitled Picture" ID="Pc00401" HREF="/4/Pc00401" SIZE="Large" EMBEDDED_INTO="Ar00400" EMBEDDED_AFTER="Ar0040002" EMBEDDED_ABOVE="1" IMAGES_RESOLUTION="160" WORDCNT="0"/>
				<Entity ENTITY_TYPE="Picture" FIRST_TOC_ENTRY_ID="35" DEPTH_LEVEL="2" INDEX_IN_DOC="35" PAGE_NO="4" NAME="Untitled Picture" ID="Pc00402" HREF="/4/Pc00402" SIZE="XLarge" EMBEDDED_INTO="Ar00400" EMBEDDED_AFTER="Ar0040005" EMBEDDED_ABOVE="1" IMAGES_RESOLUTION="160" WORDCNT="0"/>
				<Entity ENTITY_TYPE="Picture" FIRST_TOC_ENTRY_ID="36" DEPTH_LEVEL="2" INDEX_IN_DOC="36" PAGE_NO="4" NAME="Untitled Picture" ID="Pc00403" HREF="/4/Pc00403" SIZE="Large" EMBEDDED_INTO="Ar00400" EMBEDDED_AFTER="Ar0040006" EMBEDDED_ABOVE="1" IMAGES_RESOLUTION="160" WORDCNT="0"/>
				<Entity ENTITY_TYPE="Picture" FIRST_TOC_ENTRY_ID="34" DEPTH_LEVEL="2" INDEX_IN_DOC="34" PAGE_NO="4" NAME="Untitled Picture" ID="Pc00404" HREF="/4/Pc00404" SIZE="Medium" EMBEDDED_INTO="Ar00400" EMBEDDED_AFTER="Ar0040003" EMBEDDED_ABOVE="1" IMAGES_RESOLUTION="160" WORDCNT="0"/>
			</Page>
			<Page PAGE_NO="5" NAME="" PAGE_LABEL="5" ID="Pg005" PAGE_TYPE="Single" PAGE_WIDTH="867" PAGE_HEIGHT="1245" CROP_BOX="0 0 866 1244" MEDIA_BOX="0 0 866 1244" HREF="/5/Pg005" TOTAL_CHARS_COUNT="0" SUSPICIOUS_CHARS_COUNT="0">
				<Entity ENTITY_TYPE="Ad" FIRST_TOC_ENTRY_ID="37" DEPTH_LEVEL="1" INDEX_IN_DOC="37" PAGE_NO="5" NAME="Untitled Ad" ID="Ad00500" HREF="/5/Ad00500" SIZE="XLarge" IMAGES_RESOLUTION="160" WORDCNT="65"/>
			</Page>
			<Page PAGE_NO="6" NAME="" PAGE_LABEL="6" ID="Pg006" PAGE_TYPE="Single" PAGE_WIDTH="883" PAGE_HEIGHT="1254" CROP_BOX="0 0 882 1253" MEDIA_BOX="0 0 882 1253" HREF="/6/Pg006" TOTAL_CHARS_COUNT="13254" SUSPICIOUS_CHARS_COUNT="0">
				<Entity ENTITY_TYPE="Article" FIRST_TOC_ENTRY_ID="38" DEPTH_LEVEL="1" INDEX_IN_DOC="38" PAGE_NO="6" NAME="Untitled Article" ID="Ar00600" HREF="/6/Ar00600" SIZE="Large" IMAGES_RESOLUTION="160" WORDCNT="1330"/>
				<Entity ENTITY_TYPE="Article" FIRST_TOC_ENTRY_ID="39" DEPTH_LEVEL="1" INDEX_IN_DOC="39" PAGE_NO="6" NAME="Dr. Hochfield Is Italy-Bound" ID="Ar00601" HREF="/6/Ar00601" SIZE="Small" IMAGES_RESOLUTION="160" WORDCNT="128"/>
				<Entity ENTITY_TYPE="Article" FIRST_TOC_ENTRY_ID="40" DEPTH_LEVEL="1" INDEX_IN_DOC="40" PAGE_NO="6" NAME="LATE NEWS BULLETINS" ID="Ar00602" HREF="/6/Ar00602" SIZE="Small" IMAGES_RESOLUTION="160" WORDCNT="197"/>
				<Entity ENTITY_TYPE="Article" FIRST_TOC_ENTRY_ID="41" DEPTH_LEVEL="1" INDEX_IN_DOC="41" PAGE_NO="6" NAME="Writer Suggests Cures For 'Willies'" ID="Ar00603" HREF="/6/Ar00603" SIZE="Medium" IMAGES_RESOLUTION="160" WORDCNT="490"/>
				<Entity ENTITY_TYPE="Article" FIRST_TOC_ENTRY_ID="42" DEPTH_LEVEL="1" INDEX_IN_DOC="42" PAGE_NO="6" NAME="Englishmen Find Filters Rather Jolly" ID="Ar00604" HREF="/6/Ar00604" SIZE="Medium" IMAGES_RESOLUTION="160" WORDCNT="280"/>
				<Entity ENTITY_TYPE="Article" FIRST_TOC_ENTRY_ID="43" DEPTH_LEVEL="1" INDEX_IN_DOC="43" PAGE_NO="6" NAME="Economist Speaks On WOSU Series" ID="Ar00605" HREF="/6/Ar00605" SIZE="Small" IMAGES_RESOLUTION="160" WORDCNT="136"/>
				<Entity ENTITY_TYPE="Article" FIRST_TOC_ENTRY_ID="44" DEPTH_LEVEL="1" INDEX_IN_DOC="44" PAGE_NO="6" NAME="Wilhelm Elected To Med Position" ID="Ar00606" HREF="/6/Ar00606" SIZE="Small" IMAGES_RESOLUTION="160" WORDCNT="88"/>
				<Entity ENTITY_TYPE="Article" FIRST_TOC_ENTRY_ID="45" DEPTH_LEVEL="1" INDEX_IN_DOC="45" PAGE_NO="6" NAME="ELKINS NEW PRESIDENT" ID="Ar00607" HREF="/6/Ar00607" SIZE="Small" IMAGES_RESOLUTION="160" WORDCNT="103"/>
				<Entity ENTITY_TYPE="Picture" FIRST_TOC_ENTRY_ID="47" DEPTH_LEVEL="2" INDEX_IN_DOC="47" PAGE_NO="6" NAME="Untitled Picture" ID="Pc00608" HREF="/6/Pc00608" SIZE="Small" EMBEDDED_INTO="Ar00609" EMBEDDED_AFTER="Ar0060900" EMBEDDED_ABOVE="1" IMAGES_RESOLUTION="160" WORDCNT="0"/>
				<Entity ENTITY_TYPE="Article" FIRST_TOC_ENTRY_ID="46" DEPTH_LEVEL="1" INDEX_IN_DOC="46" PAGE_NO="6" NAME="Untitled Article" ID="Ar00609" HREF="/6/Ar00609" SIZE="Large" IMAGES_RESOLUTION="160" WORDCNT="657"/>
			</Page>
			<Page PAGE_NO="7" NAME="" PAGE_LABEL="7" ID="Pg007" PAGE_TYPE="Single" PAGE_WIDTH="862" PAGE_HEIGHT="1236" CROP_BOX="0 0 861 1235" MEDIA_BOX="0 0 861 1235" HREF="/7/Pg007" TOTAL_CHARS_COUNT="5932" SUSPICIOUS_CHARS_COUNT="0">
				<Entity ENTITY_TYPE="Article" FIRST_TOC_ENTRY_ID="50" DEPTH_LEVEL="1" INDEX_IN_DOC="50" PAGE_NO="7" NAME="'Congratulations Glenn" ID="Ar00700" HREF="/7/Ar00700" SIZE="Small" IMAGES_RESOLUTION="160" WORDCNT="95"/>
				<Entity ENTITY_TYPE="Article" FIRST_TOC_ENTRY_ID="48" DEPTH_LEVEL="1" INDEX_IN_DOC="48" PAGE_NO="7" NAME="' Athlete of Year Award Won by Davis" ID="Ar00701" HREF="/7/Ar00701" SIZE="Large" IMAGES_RESOLUTION="160" WORDCNT="727"/>
				<Entity ENTITY_TYPE="Article" FIRST_TOC_ENTRY_ID="52" DEPTH_LEVEL="1" INDEX_IN_DOC="52" PAGE_NO="7" NAME="Niseh Makes All-Star Team" ID="Ar00702" HREF="/7/Ar00702" SIZE="Medium" IMAGES_RESOLUTION="160" WORDCNT="429"/>
				<Entity ENTITY_TYPE="Picture" FIRST_TOC_ENTRY_ID="49" DEPTH_LEVEL="2" INDEX_IN_DOC="49" PAGE_NO="7" NAME="Untitled Picture" ID="Pc00703" HREF="/7/Pc00703" SIZE="Small" EMBEDDED_INTO="Ar00701" EMBEDDED_AFTER="Ar0070102" EMBEDDED_BELOW="1" IMAGES_RESOLUTION="160" WORDCNT="0"/>
				<Entity ENTITY_TYPE="Picture" FIRST_TOC_ENTRY_ID="53" DEPTH_LEVEL="2" INDEX_IN_DOC="53" PAGE_NO="7" NAME="Untitled Picture" ID="Pc00704" HREF="/7/Pc00704" SIZE="Small" EMBEDDED_INTO="Ar00702" EMBEDDED_AFTER="Ar0070204" EMBEDDED_BELOW="1" IMAGES_RESOLUTION="160" WORDCNT="0"/>
				<Entity ENTITY_TYPE="Picture" FIRST_TOC_ENTRY_ID="51" DEPTH_LEVEL="2" INDEX_IN_DOC="51" PAGE_NO="7" NAME="Untitled Picture" ID="Pc00705" HREF="/7/Pc00705" SIZE="Large" EMBEDDED_INTO="Ar00700" EMBEDDED_AFTER="Ar0070001" EMBEDDED_ABOVE="1" IMAGES_RESOLUTION="160" WORDCNT="0"/>
				<Entity ENTITY_TYPE="Article" FIRST_TOC_ENTRY_ID="54" DEPTH_LEVEL="1" INDEX_IN_DOC="54" PAGE_NO="7" NAME="Sports..." ID="Ar00706" HREF="/7/Ar00706" SIZE="Medium" IMAGES_RESOLUTION="160" WORDCNT="227"/>
			</Page>
			<Page PAGE_NO="8" NAME="" PAGE_LABEL="8" ID="Pg008" PAGE_TYPE="Single" PAGE_WIDTH="879" PAGE_HEIGHT="1260" CROP_BOX="0 0 878 1259" MEDIA_BOX="0 0 878 1259" HREF="/8/Pg008" TOTAL_CHARS_COUNT="12539" SUSPICIOUS_CHARS_COUNT="0">
				<Entity ENTITY_TYPE="Article" FIRST_TOC_ENTRY_ID="55" DEPTH_LEVEL="1" INDEX_IN_DOC="55" PAGE_NO="8" NAME="Competition Opens For Scholarships" ID="Ar00800" HREF="/8/Ar00800" SIZE="Large" IMAGES_RESOLUTION="160" WORDCNT="488"/>
				<Entity ENTITY_TYPE="Article" FIRST_TOC_ENTRY_ID="59" DEPTH_LEVEL="1" INDEX_IN_DOC="59" PAGE_NO="8" NAME="Numerous Experts Denounce Fluoridation" ID="Ar00801" HREF="/8/Ar00801" SIZE="XLarge" IMAGES_RESOLUTION="160" WORDCNT="1091"/>
				<Entity ENTITY_TYPE="Article" FIRST_TOC_ENTRY_ID="56" DEPTH_LEVEL="1" INDEX_IN_DOC="56" PAGE_NO="8" NAME="WOSU-TV Storts New Sound Idea" ID="Ar00802" HREF="/8/Ar00802" SIZE="Small" IMAGES_RESOLUTION="160" WORDCNT="214"/>
				<Entity ENTITY_TYPE="Article" FIRST_TOC_ENTRY_ID="57" DEPTH_LEVEL="1" INDEX_IN_DOC="57" PAGE_NO="8" NAME="COLUMNIST ERRORED" ID="Ar00803" HREF="/8/Ar00803" SIZE="Small" IMAGES_RESOLUTION="160" WORDCNT="49"/>
				<Entity ENTITY_TYPE="Article" FIRST_TOC_ENTRY_ID="58" DEPTH_LEVEL="1" INDEX_IN_DOC="58" PAGE_NO="8" NAME="Margaret Truman Is Enigma to Press" ID="Ar00804" HREF="/8/Ar00804" SIZE="Medium" IMAGES_RESOLUTION="160" WORDCNT="467"/>
				<Entity ENTITY_TYPE="Article" FIRST_TOC_ENTRY_ID="60" DEPTH_LEVEL="1" INDEX_IN_DOC="60" PAGE_NO="8" NAME="Untitled Article" ID="Ar00805" HREF="/8/Ar00805" SIZE="Medium" IMAGES_RESOLUTION="160" WORDCNT="545"/>
			</Page>
		</Section>
	</Body_np>
	<Logic_np><TOC_Entries><TOC_Entry TOC_ENTRY_ID="1" TITLE="School Year Increased By Three Days" ENTITY_ID_REF="Ar00100" PAGE_NO="1" PAGE_LABEL="1" PRIM_ID_REF="Ar0010000" IS_IC="true"/><TOC_Entry TOC_ENTRY_ID="2" TITLE="Meet Hosts Heimberger" ENTITY_ID_REF="Ar00101" PAGE_NO="1" PAGE_LABEL="1" PRIM_ID_REF="Ar0010100" IS_IC="true"/><TOC_Entry TOC_ENTRY_ID="3" TITLE="GRADES DUE" ENTITY_ID_REF="Ar00111" PAGE_NO="1" PAGE_LABEL="1" PRIM_ID_REF="Ar0011100" IS_IC="true"/><TOC_Entry TOC_ENTRY_ID="4" TITLE="Baseball Bulletin" ENTITY_ID_REF="Ar00112" PAGE_NO="1" PAGE_LABEL="1" PRIM_ID_REF="Ar0011200" IS_IC="true"/><TOC_Entry TOC_ENTRY_ID="5" TITLE="Nome Queen Of Redheads" ENTITY_ID_REF="Ar00110" PAGE_NO="1" PAGE_LABEL="1" PRIM_ID_REF="Ar0011000" IS_IC="true"/><TOC_Entry TOC_ENTRY_ID="6" TITLE="THE WEATHER Clearing today and remaining..." ENTITY_ID_REF="Ar00109" PAGE_NO="1" PAGE_LABEL="1" PRIM_ID_REF="Ar0010900" IS_IC="true"/><TOC_Entry TOC_ENTRY_ID="7" TITLE="Dulles, Nielsen to Visit Russia In Cultu..." ENTITY_ID_REF="Ar00102" PAGE_NO="1" PAGE_LABEL="1" PRIM_ID_REF="Ar0010200" IS_IC="true"><TOC_Entry TOC_ENTRY_ID="8" TITLE="" ENTITY_ID_REF="Pc00104" PAGE_NO="1" PAGE_LABEL="1" PRIM_ID_REF="Pc0010400" IS_IC="true"/><TOC_Entry TOC_ENTRY_ID="9" TITLE="" ENTITY_ID_REF="Pc00107" PAGE_NO="1" PAGE_LABEL="1" PRIM_ID_REF="Pc0010700" IS_IC="true"/></TOC_Entry><TOC_Entry TOC_ENTRY_ID="10" TITLE="French Boss Faces Fight-In Assembly" ENTITY_ID_REF="Ar00103" PAGE_NO="1" PAGE_LABEL="1" PRIM_ID_REF="Ar0010300" IS_IC="true"/><TOC_Entry TOC_ENTRY_ID="11" TITLE="Attention oi oi &quot;INCOMPLETES&quot;" ENTITY_ID_REF="Ar00105" PAGE_NO="1" PAGE_LABEL="1" PRIM_ID_REF="Ar0010500" IS_IC="true"/><TOC_Entry TOC_ENTRY_ID="12" TITLE="Picket Injunction Sought by IBEW" ENTITY_ID_REF="Ar00106" PAGE_NO="1" PAGE_LABEL="1" PRIM_ID_REF="Ar0010600" IS_IC="true"/><TOC_Entry TOC_ENTRY_ID="13" TITLE="Senior Wins Subscription" ENTITY_ID_REF="Ar00108" PAGE_NO="1" PAGE_LABEL="1" PRIM_ID_REF="Ar0010800" IS_IC="true"/><TOC_Entry TOC_ENTRY_ID="14" TITLE="Movies Score Hit" ENTITY_ID_REF="Ar00200" PAGE_NO="2" PAGE_LABEL="2" PRIM_ID_REF="Ar0020000" IS_IC="true"/><TOC_Entry TOC_ENTRY_ID="15" TITLE="Luxury Grants" ENTITY_ID_REF="Ar00201" PAGE_NO="2" PAGE_LABEL="2" PRIM_ID_REF="Ar0020100" IS_IC="true"/><TOC_Entry TOC_ENTRY_ID="16" TITLE="Armory Razing Subject of Letter" ENTITY_ID_REF="Ar00202" PAGE_NO="2" PAGE_LABEL="2" PRIM_ID_REF="Ar0020200" IS_IC="true"/><TOC_Entry TOC_ENTRY_ID="17" TITLE="Editor's Mail Bag" ENTITY_ID_REF="Ar00203" PAGE_NO="2" PAGE_LABEL="2" PRIM_ID_REF="Ar0020300" IS_IC="true"/><TOC_Entry TOC_ENTRY_ID="18" TITLE="JJ ISL Ohio StcrffLm LANTERNSTAFF Managi..." ENTITY_ID_REF="Ar00204" PAGE_NO="2" PAGE_LABEL="2" PRIM_ID_REF="Ar0020400" IS_IC="true"/><TOC_Entry TOC_ENTRY_ID="19" TITLE="TV Cameras May Bring Oxford Courses To O..." ENTITY_ID_REF="Ar00300" PAGE_NO="3" PAGE_LABEL="3" PRIM_ID_REF="Ar0030000" IS_IC="true"/><TOC_Entry TOC_ENTRY_ID="20" TITLE="Fifteen Get Scholarships" ENTITY_ID_REF="Ar00301" PAGE_NO="3" PAGE_LABEL="3" PRIM_ID_REF="Ar0030100" IS_IC="true"/><TOC_Entry TOC_ENTRY_ID="21" TITLE="Senior Honorary Selects Officers" ENTITY_ID_REF="Ar00302" PAGE_NO="3" PAGE_LABEL="3" PRIM_ID_REF="Ar0030200" IS_IC="true"/><TOC_Entry TOC_ENTRY_ID="22" TITLE="Fraternities Take Part In OSU Building B..." ENTITY_ID_REF="Ar00303" PAGE_NO="3" PAGE_LABEL="3" PRIM_ID_REF="Ar0030300" IS_IC="true"/><TOC_Entry TOC_ENTRY_ID="23" TITLE="" ENTITY_ID_REF="Ad00307" PAGE_NO="3" PAGE_LABEL="3" PRIM_ID_REF="Ad0030701" IS_IC="true"/><TOC_Entry TOC_ENTRY_ID="24" TITLE="FATALITIES ARE HIGH" ENTITY_ID_REF="Ar00309" PAGE_NO="3" PAGE_LABEL="3" PRIM_ID_REF="Ar0030900" IS_IC="true"/><TOC_Entry TOC_ENTRY_ID="25" TITLE="" ENTITY_ID_REF="Ad00308" PAGE_NO="3" PAGE_LABEL="3" PRIM_ID_REF="Ad0030801" IS_IC="true"/><TOC_Entry TOC_ENTRY_ID="26" TITLE="Ag9 Home Economics May Merge This Fall" ENTITY_ID_REF="Ar00304" PAGE_NO="3" PAGE_LABEL="3" PRIM_ID_REF="Ar0030400" IS_IC="true"/><TOC_Entry TOC_ENTRY_ID="27" TITLE="Book Discussion Slated for Hillel" ENTITY_ID_REF="Ar00305" PAGE_NO="3" PAGE_LABEL="3" PRIM_ID_REF="Ar0030500" IS_IC="true"/><TOC_Entry TOC_ENTRY_ID="28" TITLE="" ENTITY_ID_REF="Ad00310" PAGE_NO="3" PAGE_LABEL="3" PRIM_ID_REF="Ad0031001" IS_IC="true"/><TOC_Entry TOC_ENTRY_ID="29" TITLE="UPI Official Hits Charges Of Kefauver" ENTITY_ID_REF="Ar00306" PAGE_NO="3" PAGE_LABEL="3" PRIM_ID_REF="Ar0030600" IS_IC="true"/><TOC_Entry TOC_ENTRY_ID="30" TITLE="" ENTITY_ID_REF="Ad00312" PAGE_NO="3" PAGE_LABEL="3" PRIM_ID_REF="Ad0031201" IS_IC="true"/><TOC_Entry TOC_ENTRY_ID="31" TITLE="" ENTITY_ID_REF="Ad00311" PAGE_NO="3" PAGE_LABEL="3" PRIM_ID_REF="Ad0031101" IS_IC="true"/><TOC_Entry TOC_ENTRY_ID="32" TITLE="Construction A bstracts" ENTITY_ID_REF="Ar00400" PAGE_NO="4" PAGE_LABEL="4" PRIM_ID_REF="Ar0040000" IS_IC="true"><TOC_Entry TOC_ENTRY_ID="33" TITLE="" ENTITY_ID_REF="Pc00401" PAGE_NO="4" PAGE_LABEL="4" PRIM_ID_REF="Pc0040100" IS_IC="true"/><TOC_Entry TOC_ENTRY_ID="34" TITLE="" ENTITY_ID_REF="Pc00404" PAGE_NO="4" PAGE_LABEL="4" PRIM_ID_REF="Pc0040400" IS_IC="true"/><TOC_Entry TOC_ENTRY_ID="35" TITLE="" ENTITY_ID_REF="Pc00402" PAGE_NO="4" PAGE_LABEL="4" PRIM_ID_REF="Pc0040200" IS_IC="true"/><TOC_Entry TOC_ENTRY_ID="36" TITLE="" ENTITY_ID_REF="Pc00403" PAGE_NO="4" PAGE_LABEL="4" PRIM_ID_REF="Pc0040300" IS_IC="true"/></TOC_Entry><TOC_Entry TOC_ENTRY_ID="37" TITLE="" ENTITY_ID_REF="Ad00500" PAGE_NO="5" PAGE_LABEL="5" PRIM_ID_REF="Ad0050001" IS_IC="true"/><TOC_Entry TOC_ENTRY_ID="38" TITLE="OFFICIALBULLETINTHE OHIO STATE UNIVERSIT..." ENTITY_ID_REF="Ar00600" PAGE_NO="6" PAGE_LABEL="6" PRIM_ID_REF="Ar0060000" IS_IC="true"/><TOC_Entry TOC_ENTRY_ID="39" TITLE="Dr. Hochfield Is Italy-Bound" ENTITY_ID_REF="Ar00601" PAGE_NO="6" PAGE_LABEL="6" PRIM_ID_REF="Ar0060100" IS_IC="true"/><TOC_Entry TOC_ENTRY_ID="40" TITLE="LATE NEWS BULLETINS" ENTITY_ID_REF="Ar00602" PAGE_NO="6" PAGE_LABEL="6" PRIM_ID_REF="Ar0060200" IS_IC="true"/><TOC_Entry TOC_ENTRY_ID="41" TITLE="Writer Suggests Cures For 'Willies'" ENTITY_ID_REF="Ar00603" PAGE_NO="6" PAGE_LABEL="6" PRIM_ID_REF="Ar0060300" IS_IC="true"/><TOC_Entry TOC_ENTRY_ID="42" TITLE="Englishmen Find Filters Rather Jolly" ENTITY_ID_REF="Ar00604" PAGE_NO="6" PAGE_LABEL="6" PRIM_ID_REF="Ar0060400" IS_IC="true"/><TOC_Entry TOC_ENTRY_ID="43" TITLE="Economist Speaks On WOSU Series" ENTITY_ID_REF="Ar00605" PAGE_NO="6" PAGE_LABEL="6" PRIM_ID_REF="Ar0060500" IS_IC="true"/><TOC_Entry TOC_ENTRY_ID="44" TITLE="Wilhelm Elected To Med Position" ENTITY_ID_REF="Ar00606" PAGE_NO="6" PAGE_LABEL="6" PRIM_ID_REF="Ar0060600" IS_IC="true"/><TOC_Entry TOC_ENTRY_ID="45" TITLE="ELKINS NEW PRESIDENT" ENTITY_ID_REF="Ar00607" PAGE_NO="6" PAGE_LABEL="6" PRIM_ID_REF="Ar0060700" IS_IC="true"/><TOC_Entry TOC_ENTRY_ID="46" TITLE="AM 820 Kilocycles FM 89.7 Megacycles MON..." ENTITY_ID_REF="Ar00609" PAGE_NO="6" PAGE_LABEL="6" PRIM_ID_REF="Ar0060900" IS_IC="true"><TOC_Entry TOC_ENTRY_ID="47" TITLE="" ENTITY_ID_REF="Pc00608" PAGE_NO="6" PAGE_LABEL="6" PRIM_ID_REF="Pc0060800" IS_IC="true"/></TOC_Entry><TOC_Entry TOC_ENTRY_ID="48" TITLE="' Athlete of Year Award Won by Davis" ENTITY_ID_REF="Ar00701" PAGE_NO="7" PAGE_LABEL="7" PRIM_ID_REF="Ar0070100" IS_IC="true"><TOC_Entry TOC_ENTRY_ID="49" TITLE="" ENTITY_ID_REF="Pc00703" PAGE_NO="7" PAGE_LABEL="7" PRIM_ID_REF="Pc0070300" IS_IC="true"/></TOC_Entry><TOC_Entry TOC_ENTRY_ID="50" TITLE="'Congratulations Glenn" ENTITY_ID_REF="Ar00700" PAGE_NO="7" PAGE_LABEL="7" PRIM_ID_REF="Ar0070000" IS_IC="true"><TOC_Entry TOC_ENTRY_ID="51" TITLE="" ENTITY_ID_REF="Pc00705" PAGE_NO="7" PAGE_LABEL="7" PRIM_ID_REF="Pc0070500" IS_IC="true"/></TOC_Entry><TOC_Entry TOC_ENTRY_ID="52" TITLE="Niseh Makes All-Star Team" ENTITY_ID_REF="Ar00702" PAGE_NO="7" PAGE_LABEL="7" PRIM_ID_REF="Ar0070200" IS_IC="true"><TOC_Entry TOC_ENTRY_ID="53" TITLE="" ENTITY_ID_REF="Pc00704" PAGE_NO="7" PAGE_LABEL="7" PRIM_ID_REF="Pc0070400" IS_IC="true"/></TOC_Entry><TOC_Entry TOC_ENTRY_ID="54" TITLE="Sports..." ENTITY_ID_REF="Ar00706" PAGE_NO="7" PAGE_LABEL="7" PRIM_ID_REF="Ar0070600" IS_IC="true"/><TOC_Entry TOC_ENTRY_ID="55" TITLE="Competition Opens For Scholarships" ENTITY_ID_REF="Ar00800" PAGE_NO="8" PAGE_LABEL="8" PRIM_ID_REF="Ar0080000" IS_IC="true"/><TOC_Entry TOC_ENTRY_ID="56" TITLE="WOSU-TV Storts New Sound Idea" ENTITY_ID_REF="Ar00802" PAGE_NO="8" PAGE_LABEL="8" PRIM_ID_REF="Ar0080200" IS_IC="true"/><TOC_Entry TOC_ENTRY_ID="57" TITLE="COLUMNIST ERRORED" ENTITY_ID_REF="Ar00803" PAGE_NO="8" PAGE_LABEL="8" PRIM_ID_REF="Ar0080300" IS_IC="true"/><TOC_Entry TOC_ENTRY_ID="58" TITLE="Margaret Truman Is Enigma to Press" ENTITY_ID_REF="Ar00804" PAGE_NO="8" PAGE_LABEL="8" PRIM_ID_REF="Ar0080400" IS_IC="true"/><TOC_Entry TOC_ENTRY_ID="59" TITLE="Numerous Experts Denounce Fluoridation" ENTITY_ID_REF="Ar00801" PAGE_NO="8" PAGE_LABEL="8" PRIM_ID_REF="Ar0080100" IS_IC="true"/><TOC_Entry TOC_ENTRY_ID="60" TITLE="�lczAAifciQ.d&amp;.BATES Regular Classified ..." ENTITY_ID_REF="Ar00805" PAGE_NO="8" PAGE_LABEL="8" PRIM_ID_REF="Ar0080500" IS_IC="true"/></TOC_Entries></Logic_np></Xmd_toc>
