<?xml version="1.0" encoding="windows-1252" standalone="no"?>
<Xmd_toc REPOSITORY_FORMAT="1.0" PRXML_VER="2.2" PUBLICATION="OHI" PUBLICATION_DESCRIPTION="" ISSUE_DATE="03/10/1958" RELEASE_NO="060-OHI-1958-10-03-001-SINGLE-LANTERN_VOL-78_JUN26-JUN8_OCT_017" LANGUAGE="English">
	<Head_np>
		<Meta PAGES_NUMBER="8" SOURCE_TYPE="TIFF" SOURCE_RESOLUTION="72" IMAGES_RESOLUTION="160" PAGE_THUMBNAIL_RESOLUTION="72" PAGE_PREVIEW_RESOLUTION="15" DEFAULT_IMG_EXT="png" DEFAULT_PREVIEW_IMG_EXT="png" BASE_HREF="OHI/1958/10/03" PDF_DESTINATION_MAPPED="OLV0_Page_0001" TITLE_SNP_EXT="png" AD_SNP_EXT="png" IMAGE_SNP_EXT="jpg" MULTI_LAYER_PAGE_IMG="false" IS_SOLID="false" DOC_DATE="03/10/1958" DOC_UID="OHI_03/10/1958" DOC_VER="1" OCR_CONFIDENCE="1.000" TOTAL_CHARS_COUNT="43684" SUSPICIOUS_CHARS_COUNT="0">
			<Publisher XMD_VER="2.6.241.4" ACROBAT_VER="7.08" PUBLISHER="Olive" PROFILE_ID="W:\Batch\Profile\OHI-1958-10-03.ini">
				<PublishDate>Tue, 24 May 2011 14:46:08 UTC</PublishDate>
				<PublishSWFCompatible>false</PublishSWFCompatible>
			</Publisher>
			<Resolutions>
				<Resolution DEFAULT="true">72</Resolution>
			</Resolutions>
		</Meta>
		<Link SOURCE="060-OHI-1958-10-03-001-SINGLE-LANTERN_VOL-78_JUN26-JUN8_OCT_017.pdf"/>
		<DataFiles>
			<Files TYPE="DOC_PDF" PRESENT="1"/>
			<Files TYPE="PAGE_PDF" PRESENT="0"/>
			<Files TYPE="DOC_IMG" PRESENT="0"/>
			<Files TYPE="PAGE_IMG" PRESENT="0"/>
			<Files TYPE="PAGE_VIEW_IMG" PRESENT="1"/>
			<Files TYPE="PAGE_PREVIEW_IMG" PRESENT="1"/>
			<Files TYPE="PRIMITIVE_IMG" PRESENT="1"/>
			<Files TYPE="SNIPPET_IMG" PRESENT="1"/>
			<Files TYPE="SEGMENTATION" PRESENT="0"/>
		</DataFiles><Application_Data/></Head_np>
	<Body_np>
		<Section NAME="Front page">
			<Page PAGE_NO="1" NAME="" PAGE_LABEL="1" ID="Pg001" PAGE_TYPE="Single" PAGE_WIDTH="867" PAGE_HEIGHT="1245" CROP_BOX="0 0 866 1244" MEDIA_BOX="0 0 866 1244" HREF="/1/Pg001" TOTAL_CHARS_COUNT="6461" SUSPICIOUS_CHARS_COUNT="0">
				<Entity ENTITY_TYPE="Picture" FIRST_TOC_ENTRY_ID="2" DEPTH_LEVEL="2" INDEX_IN_DOC="2" PAGE_NO="1" NAME="Untitled Picture" ID="Pc00100" HREF="/1/Pc00100" SIZE="Large" EMBEDDED_INTO="Ar00108" EMBEDDED_AFTER="Ar0010800" IMAGES_RESOLUTION="160" WORDCNT="0"/>
				<Entity ENTITY_TYPE="Article" FIRST_TOC_ENTRY_ID="3" DEPTH_LEVEL="1" INDEX_IN_DOC="3" PAGE_NO="1" NAME="Dean Guthrie Outlines Room Inspection Code" ID="Ar00101" HREF="/1/Ar00101" SIZE="Medium" IMAGES_RESOLUTION="160" WORDCNT="239"/>
				<Entity ENTITY_TYPE="Article" FIRST_TOC_ENTRY_ID="5" DEPTH_LEVEL="1" INDEX_IN_DOC="5" PAGE_NO="1" NAME="Fields Ready to Lead Bucks Against Huskies" ID="Ar00102" HREF="/1/Ar00102" SIZE="Large" IMAGES_RESOLUTION="160" WORDCNT="462"/>
				<Entity ENTITY_TYPE="Article" FIRST_TOC_ENTRY_ID="9" DEPTH_LEVEL="1" INDEX_IN_DOC="9" PAGE_NO="1" NAME="LATE NEWS BULLETINS" ID="Ar00103" HREF="/1/Ar00103" SIZE="Medium" IMAGES_RESOLUTION="160" WORDCNT="339"/>
				<Entity ENTITY_TYPE="Article" FIRST_TOC_ENTRY_ID="6" DEPTH_LEVEL="1" INDEX_IN_DOC="6" PAGE_NO="1" NAME="Video to Air Grid Glossies" ID="Ar00104" HREF="/1/Ar00104" SIZE="Small" IMAGES_RESOLUTION="160" WORDCNT="159"/>
				<Entity ENTITY_TYPE="Article" FIRST_TOC_ENTRY_ID="7" DEPTH_LEVEL="1" INDEX_IN_DOC="7" PAGE_NO="1" NAME="Lee Lestock Named New Senate Veep" ID="Ar00105" HREF="/1/Ar00105" SIZE="Medium" IMAGES_RESOLUTION="160" WORDCNT="225"/>
				<Entity ENTITY_TYPE="Article" FIRST_TOC_ENTRY_ID="8" DEPTH_LEVEL="1" INDEX_IN_DOC="8" PAGE_NO="1" NAME="OPEN HOUSE" ID="Ar00106" HREF="/1/Ar00106" SIZE="Small" IMAGES_RESOLUTION="160" WORDCNT="56"/>
				<Entity ENTITY_TYPE="Article" FIRST_TOC_ENTRY_ID="4" DEPTH_LEVEL="1" INDEX_IN_DOC="4" PAGE_NO="1" NAME="Untitled Article" ID="Ar00107" HREF="/1/Ar00107" SIZE="Small" IMAGES_RESOLUTION="160" WORDCNT="25"/>
				<Entity ENTITY_TYPE="Article" FIRST_TOC_ENTRY_ID="1" DEPTH_LEVEL="1" INDEX_IN_DOC="1" PAGE_NO="1" NAME="Filling Frank's Shoes" ID="Ar00108" HREF="/1/Ar00108" SIZE="Small" IMAGES_RESOLUTION="160" WORDCNT="13"/>
			</Page>
		</Section>
		<Section NAME="None">
			<Page PAGE_NO="2" NAME="" PAGE_LABEL="2" ID="Pg002" PAGE_TYPE="Single" PAGE_WIDTH="875" PAGE_HEIGHT="1251" CROP_BOX="0 0 874 1250" MEDIA_BOX="0 0 874 1250" HREF="/2/Pg002" TOTAL_CHARS_COUNT="8562" SUSPICIOUS_CHARS_COUNT="0">
				<Entity ENTITY_TYPE="Article" FIRST_TOC_ENTRY_ID="10" DEPTH_LEVEL="1" INDEX_IN_DOC="10" PAGE_NO="2" NAME="Accuracy" ID="Ar00200" HREF="/2/Ar00200" SIZE="Large" IMAGES_RESOLUTION="160" WORDCNT="366"/>
				<Entity ENTITY_TYPE="Article" FIRST_TOC_ENTRY_ID="11" DEPTH_LEVEL="1" INDEX_IN_DOC="11" PAGE_NO="2" NAME="Press Standards" ID="Ar00201" HREF="/2/Ar00201" SIZE="Large" IMAGES_RESOLUTION="160" WORDCNT="316"/>
				<Entity ENTITY_TYPE="Article" FIRST_TOC_ENTRY_ID="12" DEPTH_LEVEL="1" INDEX_IN_DOC="12" PAGE_NO="2" NAME="Russia May OrbitManned Sputnik Soon" ID="Ar00202" HREF="/2/Ar00202" SIZE="Large" IMAGES_RESOLUTION="160" WORDCNT="511"/>
				<Entity ENTITY_TYPE="Article" FIRST_TOC_ENTRY_ID="15" DEPTH_LEVEL="1" INDEX_IN_DOC="15" PAGE_NO="2" NAME="Solon Congratulates Work of Free Press" ID="Ar00203" HREF="/2/Ar00203" SIZE="Large" IMAGES_RESOLUTION="160" WORDCNT="451"/>
				<Entity ENTITY_TYPE="Picture" FIRST_TOC_ENTRY_ID="14" DEPTH_LEVEL="2" INDEX_IN_DOC="14" PAGE_NO="2" NAME="Untitled Picture" ID="Pc00204" HREF="/2/Pc00204" SIZE="Medium" EMBEDDED_INTO="Ar00205" EMBEDDED_AFTER="Ar0020500" IMAGES_RESOLUTION="160" WORDCNT="0"/>
				<Entity ENTITY_TYPE="Article" FIRST_TOC_ENTRY_ID="13" DEPTH_LEVEL="1" INDEX_IN_DOC="13" PAGE_NO="2" NAME="LITTLE MAN ON CAMPUS" ID="Ar00205" HREF="/2/Ar00205" SIZE="Small" IMAGES_RESOLUTION="160" WORDCNT="10"/>
				<Entity ENTITY_TYPE="Article" FIRST_TOC_ENTRY_ID="16" DEPTH_LEVEL="1" INDEX_IN_DOC="16" PAGE_NO="2" NAME="Untitled Article" ID="Ar00206" HREF="/2/Ar00206" SIZE="Small" IMAGES_RESOLUTION="160" WORDCNT="226"/>
			</Page>
			<Page PAGE_NO="3" NAME="" PAGE_LABEL="3" ID="Pg003" PAGE_TYPE="Single" PAGE_WIDTH="872" PAGE_HEIGHT="1242" CROP_BOX="0 0 871 1241" MEDIA_BOX="0 0 871 1241" HREF="/3/Pg003" TOTAL_CHARS_COUNT="3194" SUSPICIOUS_CHARS_COUNT="0">
				<Entity ENTITY_TYPE="Article" FIRST_TOC_ENTRY_ID="17" DEPTH_LEVEL="1" INDEX_IN_DOC="17" PAGE_NO="3" NAME="German Video Lessons Will Begin Again" ID="Ar00300" HREF="/3/Ar00300" SIZE="Medium" IMAGES_RESOLUTION="160" WORDCNT="225"/>
				<Entity ENTITY_TYPE="Article" FIRST_TOC_ENTRY_ID="18" DEPTH_LEVEL="1" INDEX_IN_DOC="18" PAGE_NO="3" NAME="DIRECTORY CARDS" ID="Ar00301" HREF="/3/Ar00301" SIZE="Small" IMAGES_RESOLUTION="160" WORDCNT="48"/>
				<Entity ENTITY_TYPE="Ad" FIRST_TOC_ENTRY_ID="21" DEPTH_LEVEL="1" INDEX_IN_DOC="21" PAGE_NO="3" NAME="Untitled Ad" ID="Ad00302" HREF="/3/Ad00302" SIZE="XLarge" IMAGES_RESOLUTION="160" WORDCNT="97"/>
				<Entity ENTITY_TYPE="Article" FIRST_TOC_ENTRY_ID="19" DEPTH_LEVEL="1" INDEX_IN_DOC="19" PAGE_NO="3" NAME="Personnel Research Board Honored" ID="Ar00303" HREF="/3/Ar00303" SIZE="Medium" IMAGES_RESOLUTION="160" WORDCNT="397"/>
				<Entity ENTITY_TYPE="Ad" FIRST_TOC_ENTRY_ID="20" DEPTH_LEVEL="1" INDEX_IN_DOC="20" PAGE_NO="3" NAME="Untitled Ad" ID="Ad00304" HREF="/3/Ad00304" SIZE="Large" IMAGES_RESOLUTION="160" WORDCNT="204"/>
			</Page>
			<Page PAGE_NO="4" NAME="" PAGE_LABEL="4" ID="Pg004" PAGE_TYPE="Single" PAGE_WIDTH="882" PAGE_HEIGHT="1253" CROP_BOX="0 0 881 1252" MEDIA_BOX="0 0 881 1252" HREF="/4/Pg004" TOTAL_CHARS_COUNT="4694" SUSPICIOUS_CHARS_COUNT="0">
				<Entity ENTITY_TYPE="Article" FIRST_TOC_ENTRY_ID="22" DEPTH_LEVEL="1" INDEX_IN_DOC="22" PAGE_NO="4" NAME="Football Gets in Full Swing SMU-ND Ready for Battle" ID="Ar00400" HREF="/4/Ar00400" SIZE="Medium" IMAGES_RESOLUTION="160" WORDCNT="255"/>
				<Entity ENTITY_TYPE="Article" FIRST_TOC_ENTRY_ID="23" DEPTH_LEVEL="1" INDEX_IN_DOC="23" PAGE_NO="4" NAME="Braves Favored" ID="Ar00401" HREF="/4/Ar00401" SIZE="Small" IMAGES_RESOLUTION="160" WORDCNT="60"/>
				<Entity ENTITY_TYPE="Article" FIRST_TOC_ENTRY_ID="24" DEPTH_LEVEL="1" INDEX_IN_DOC="24" PAGE_NO="4" NAME="SMU Fan Lauds Buckeyes" ID="Ar00402" HREF="/4/Ar00402" SIZE="Medium" IMAGES_RESOLUTION="160" WORDCNT="215"/>
				<Entity ENTITY_TYPE="Ad" FIRST_TOC_ENTRY_ID="29" DEPTH_LEVEL="1" INDEX_IN_DOC="29" PAGE_NO="4" NAME="Untitled Ad" ID="Ad00403" HREF="/4/Ad00403" SIZE="XLarge" IMAGES_RESOLUTION="160" WORDCNT="258"/>
				<Entity ENTITY_TYPE="Article" FIRST_TOC_ENTRY_ID="25" DEPTH_LEVEL="1" INDEX_IN_DOC="25" PAGE_NO="4" NAME="Woody Praises Squad" ID="Ar00404" HREF="/4/Ar00404" SIZE="Medium" IMAGES_RESOLUTION="160" WORDCNT="238"/>
				<Entity ENTITY_TYPE="Article" FIRST_TOC_ENTRY_ID="27" DEPTH_LEVEL="1" INDEX_IN_DOC="27" PAGE_NO="4" NAME="Sports Shorts" ID="Ar00405" HREF="/4/Ar00405" SIZE="Medium" IMAGES_RESOLUTION="160" WORDCNT="208"/>
				<Entity ENTITY_TYPE="Ad" FIRST_TOC_ENTRY_ID="28" DEPTH_LEVEL="1" INDEX_IN_DOC="28" PAGE_NO="4" NAME="Untitled Ad" ID="Ad00406" HREF="/4/Ad00406" SIZE="Large" IMAGES_RESOLUTION="160" WORDCNT="146"/>
				<Entity ENTITY_TYPE="Picture" FIRST_TOC_ENTRY_ID="26" DEPTH_LEVEL="2" INDEX_IN_DOC="26" PAGE_NO="4" NAME="Untitled Picture" ID="Pc00407" HREF="/4/Pc00407" SIZE="Small" EMBEDDED_INTO="Ar00404" EMBEDDED_AFTER="Ar0040403" IMAGES_RESOLUTION="160" WORDCNT="0"/>
			</Page>
			<Page PAGE_NO="5" NAME="" PAGE_LABEL="5" ID="Pg005" PAGE_TYPE="Single" PAGE_WIDTH="869" PAGE_HEIGHT="1241" CROP_BOX="0 0 868 1240" MEDIA_BOX="0 0 868 1240" HREF="/5/Pg005" TOTAL_CHARS_COUNT="4511" SUSPICIOUS_CHARS_COUNT="0">
				<Entity ENTITY_TYPE="Article" FIRST_TOC_ENTRY_ID="30" DEPTH_LEVEL="1" INDEX_IN_DOC="30" PAGE_NO="5" NAME="MSU-MU Kickoff Big Ten Opener" ID="Ar00500" HREF="/5/Ar00500" SIZE="Large" IMAGES_RESOLUTION="160" WORDCNT="391"/>
				<Entity ENTITY_TYPE="Ad" FIRST_TOC_ENTRY_ID="35" DEPTH_LEVEL="1" INDEX_IN_DOC="35" PAGE_NO="5" NAME="Untitled Ad" ID="Ad00501" HREF="/5/Ad00501" SIZE="XLarge" IMAGES_RESOLUTION="160" WORDCNT="250"/>
				<Entity ENTITY_TYPE="Article" FIRST_TOC_ENTRY_ID="31" DEPTH_LEVEL="1" INDEX_IN_DOC="31" PAGE_NO="5" NAME="Ten Pin Play Starts Oct. 211" ID="Ar00502" HREF="/5/Ar00502" SIZE="Medium" IMAGES_RESOLUTION="160" WORDCNT="313"/>
				<Entity ENTITY_TYPE="Article" FIRST_TOC_ENTRY_ID="32" DEPTH_LEVEL="1" INDEX_IN_DOC="32" PAGE_NO="5" NAME="INTRAMURAL OFFICE SEEKS REFEREES" ID="Ar00503" HREF="/5/Ar00503" SIZE="Small" IMAGES_RESOLUTION="160" WORDCNT="61"/>
				<Entity ENTITY_TYPE="Article" FIRST_TOC_ENTRY_ID="33" DEPTH_LEVEL="1" INDEX_IN_DOC="33" PAGE_NO="5" NAME="Intramural Grid Meeting Oct. 8" ID="Ar00504" HREF="/5/Ar00504" SIZE="Small" IMAGES_RESOLUTION="160" WORDCNT="152"/>
				<Entity ENTITY_TYPE="Ad" FIRST_TOC_ENTRY_ID="34" DEPTH_LEVEL="1" INDEX_IN_DOC="34" PAGE_NO="5" NAME="Untitled Ad" ID="Ad00505" HREF="/5/Ad00505" SIZE="Medium" IMAGES_RESOLUTION="160" WORDCNT="210"/>
			</Page>
			<Page PAGE_NO="6" NAME="" PAGE_LABEL="6" ID="Pg006" PAGE_TYPE="Single" PAGE_WIDTH="875" PAGE_HEIGHT="1252" CROP_BOX="0 0 874 1251" MEDIA_BOX="0 0 874 1251" HREF="/6/Pg006" TOTAL_CHARS_COUNT="8957" SUSPICIOUS_CHARS_COUNT="0">
				<Entity ENTITY_TYPE="Article" FIRST_TOC_ENTRY_ID="36" DEPTH_LEVEL="1" INDEX_IN_DOC="36" PAGE_NO="6" NAME="Untitled Article" ID="Ar00600" HREF="/6/Ar00600" SIZE="Large" IMAGES_RESOLUTION="160" WORDCNT="1548"/>
				<Entity ENTITY_TYPE="Ad" FIRST_TOC_ENTRY_ID="40" DEPTH_LEVEL="1" INDEX_IN_DOC="40" PAGE_NO="6" NAME="Untitled Ad" ID="Ad00601" HREF="/6/Ad00601" SIZE="Small" IMAGES_RESOLUTION="160" WORDCNT="67"/>
				<Entity ENTITY_TYPE="Article" FIRST_TOC_ENTRY_ID="38" DEPTH_LEVEL="1" INDEX_IN_DOC="38" PAGE_NO="6" NAME="Untitled Article" ID="Ar00602" HREF="/6/Ar00602" SIZE="Medium" IMAGES_RESOLUTION="160" WORDCNT="548"/>
				<Entity ENTITY_TYPE="Article" FIRST_TOC_ENTRY_ID="41" DEPTH_LEVEL="1" INDEX_IN_DOC="41" PAGE_NO="6" NAME="BLUE FOR BICYCLES" ID="Ar00603" HREF="/6/Ar00603" SIZE="Small" IMAGES_RESOLUTION="160" WORDCNT="109"/>
				<Entity ENTITY_TYPE="Ad" FIRST_TOC_ENTRY_ID="42" DEPTH_LEVEL="1" INDEX_IN_DOC="42" PAGE_NO="6" NAME="Untitled Ad" ID="Ad00604" HREF="/6/Ad00604" SIZE="Medium" IMAGES_RESOLUTION="160" WORDCNT="87"/>
				<Entity ENTITY_TYPE="Article" FIRST_TOC_ENTRY_ID="37" DEPTH_LEVEL="1" INDEX_IN_DOC="37" PAGE_NO="6" NAME="DULLES POLICY UNCHANGED" ID="Ar00605" HREF="/6/Ar00605" SIZE="Small" IMAGES_RESOLUTION="160" WORDCNT="71"/>
				<Entity ENTITY_TYPE="Ad" FIRST_TOC_ENTRY_ID="39" DEPTH_LEVEL="1" INDEX_IN_DOC="39" PAGE_NO="6" NAME="Untitled Ad" ID="Ad00606" HREF="/6/Ad00606" SIZE="Small" IMAGES_RESOLUTION="160" WORDCNT="58"/>
				<Entity ENTITY_TYPE="Ad" FIRST_TOC_ENTRY_ID="43" DEPTH_LEVEL="1" INDEX_IN_DOC="43" PAGE_NO="6" NAME="Untitled Ad" ID="Ad00607" HREF="/6/Ad00607" SIZE="Large" IMAGES_RESOLUTION="160" WORDCNT="226"/>
			</Page>
			<Page PAGE_NO="7" NAME="" PAGE_LABEL="7" ID="Pg007" PAGE_TYPE="Single" PAGE_WIDTH="876" PAGE_HEIGHT="1249" CROP_BOX="0 0 875 1248" MEDIA_BOX="0 0 875 1248" HREF="/7/Pg007" TOTAL_CHARS_COUNT="3022" SUSPICIOUS_CHARS_COUNT="0">
				<Entity ENTITY_TYPE="Article" FIRST_TOC_ENTRY_ID="44" DEPTH_LEVEL="1" INDEX_IN_DOC="44" PAGE_NO="7" NAME="Hillel Opens Luncheon Talks" ID="Ar00700" HREF="/7/Ar00700" SIZE="Small" IMAGES_RESOLUTION="160" WORDCNT="195"/>
				<Entity ENTITY_TYPE="Article" FIRST_TOC_ENTRY_ID="45" DEPTH_LEVEL="1" INDEX_IN_DOC="45" PAGE_NO="7" NAME="With The Churches" ID="Ar00701" HREF="/7/Ar00701" SIZE="Medium" IMAGES_RESOLUTION="160" WORDCNT="501"/>
				<Entity ENTITY_TYPE="Ad" FIRST_TOC_ENTRY_ID="47" DEPTH_LEVEL="1" INDEX_IN_DOC="47" PAGE_NO="7" NAME="Untitled Ad" ID="Ad00702" HREF="/7/Ad00702" SIZE="Medium" IMAGES_RESOLUTION="160" WORDCNT="113"/>
				<Entity ENTITY_TYPE="Ad" FIRST_TOC_ENTRY_ID="48" DEPTH_LEVEL="1" INDEX_IN_DOC="48" PAGE_NO="7" NAME="Untitled Ad" ID="Ad00703" HREF="/7/Ad00703" SIZE="Medium" IMAGES_RESOLUTION="160" WORDCNT="178"/>
				<Entity ENTITY_TYPE="Ad" FIRST_TOC_ENTRY_ID="49" DEPTH_LEVEL="1" INDEX_IN_DOC="49" PAGE_NO="7" NAME="Untitled Ad" ID="Ad00704" HREF="/7/Ad00704" SIZE="Medium" IMAGES_RESOLUTION="160" WORDCNT="39"/>
				<Entity ENTITY_TYPE="Ad" FIRST_TOC_ENTRY_ID="50" DEPTH_LEVEL="1" INDEX_IN_DOC="50" PAGE_NO="7" NAME="Untitled Ad" ID="Ad00705" HREF="/7/Ad00705" SIZE="XLarge" IMAGES_RESOLUTION="160" WORDCNT="395"/>
				<Entity ENTITY_TYPE="Ad" FIRST_TOC_ENTRY_ID="46" DEPTH_LEVEL="1" INDEX_IN_DOC="46" PAGE_NO="7" NAME="Untitled Ad" ID="Ad00706" HREF="/7/Ad00706" SIZE="Small" IMAGES_RESOLUTION="160" WORDCNT="79"/>
			</Page>
			<Page PAGE_NO="8" NAME="" PAGE_LABEL="8" ID="Pg008" PAGE_TYPE="Single" PAGE_WIDTH="871" PAGE_HEIGHT="1246" CROP_BOX="0 0 870 1245" MEDIA_BOX="0 0 870 1245" HREF="/8/Pg008" TOTAL_CHARS_COUNT="4283" SUSPICIOUS_CHARS_COUNT="0">
				<Entity ENTITY_TYPE="Article" FIRST_TOC_ENTRY_ID="51" DEPTH_LEVEL="1" INDEX_IN_DOC="51" PAGE_NO="8" NAME="THE WEEK'S NEWS IN REVIEW" ID="Ar00800" HREF="/8/Ar00800" SIZE="XLarge" IMAGES_RESOLUTION="160" WORDCNT="986"/>
				<Entity ENTITY_TYPE="Ad" FIRST_TOC_ENTRY_ID="52" DEPTH_LEVEL="1" INDEX_IN_DOC="52" PAGE_NO="8" NAME="Untitled Ad" ID="Ad00801" HREF="/8/Ad00801" SIZE="XLarge" IMAGES_RESOLUTION="160" WORDCNT="186"/>
			</Page>
		</Section>
	</Body_np>
	<Logic_np><TOC_Entries><TOC_Entry TOC_ENTRY_ID="1" TITLE="Filling Frank's Shoes" ENTITY_ID_REF="Ar00108" PAGE_NO="1" PAGE_LABEL="1" PRIM_ID_REF="Ar0010800" IS_IC="true"><TOC_Entry TOC_ENTRY_ID="2" TITLE="" ENTITY_ID_REF="Pc00100" PAGE_NO="1" PAGE_LABEL="1" PRIM_ID_REF="Pc0010000" IS_IC="true"/></TOC_Entry><TOC_Entry TOC_ENTRY_ID="3" TITLE="Dean Guthrie Outlines Room Inspection Co..." ENTITY_ID_REF="Ar00101" PAGE_NO="1" PAGE_LABEL="1" PRIM_ID_REF="Ar0010100" IS_IC="true"/><TOC_Entry TOC_ENTRY_ID="4" TITLE="THE WEATHER Friday clear and warmer. Low..." ENTITY_ID_REF="Ar00107" PAGE_NO="1" PAGE_LABEL="1" PRIM_ID_REF="Ar0010700" IS_IC="true"/><TOC_Entry TOC_ENTRY_ID="5" TITLE="Fields Ready to Lead Bucks Against Huski..." ENTITY_ID_REF="Ar00102" PAGE_NO="1" PAGE_LABEL="1" PRIM_ID_REF="Ar0010200" IS_IC="true"/><TOC_Entry TOC_ENTRY_ID="6" TITLE="Video to Air Grid Glossies" ENTITY_ID_REF="Ar00104" PAGE_NO="1" PAGE_LABEL="1" PRIM_ID_REF="Ar0010400" IS_IC="true"/><TOC_Entry TOC_ENTRY_ID="7" TITLE="Lee Lestock Named New Senate Veep" ENTITY_ID_REF="Ar00105" PAGE_NO="1" PAGE_LABEL="1" PRIM_ID_REF="Ar0010500" IS_IC="true"/><TOC_Entry TOC_ENTRY_ID="8" TITLE="OPEN HOUSE" ENTITY_ID_REF="Ar00106" PAGE_NO="1" PAGE_LABEL="1" PRIM_ID_REF="Ar0010600" IS_IC="true"/><TOC_Entry TOC_ENTRY_ID="9" TITLE="LATE NEWS BULLETINS" ENTITY_ID_REF="Ar00103" PAGE_NO="1" PAGE_LABEL="1" PRIM_ID_REF="Ar0010300" IS_IC="true"/><TOC_Entry TOC_ENTRY_ID="10" TITLE="Accuracy" ENTITY_ID_REF="Ar00200" PAGE_NO="2" PAGE_LABEL="2" PRIM_ID_REF="Ar0020000" IS_IC="true"/><TOC_Entry TOC_ENTRY_ID="11" TITLE="Press Standards" ENTITY_ID_REF="Ar00201" PAGE_NO="2" PAGE_LABEL="2" PRIM_ID_REF="Ar0020100" IS_IC="true"/><TOC_Entry TOC_ENTRY_ID="12" TITLE="Russia May OrbitManned Sputnik Soon" ENTITY_ID_REF="Ar00202" PAGE_NO="2" PAGE_LABEL="2" PRIM_ID_REF="Ar0020200" IS_IC="true"/><TOC_Entry TOC_ENTRY_ID="13" TITLE="LITTLE MAN ON CAMPUS" ENTITY_ID_REF="Ar00205" PAGE_NO="2" PAGE_LABEL="2" PRIM_ID_REF="Ar0020500" IS_IC="true"><TOC_Entry TOC_ENTRY_ID="14" TITLE="" ENTITY_ID_REF="Pc00204" PAGE_NO="2" PAGE_LABEL="2" PRIM_ID_REF="Pc0020400" IS_IC="true"/></TOC_Entry><TOC_Entry TOC_ENTRY_ID="15" TITLE="Solon Congratulates Work of Free Press" ENTITY_ID_REF="Ar00203" PAGE_NO="2" PAGE_LABEL="2" PRIM_ID_REF="Ar0020300" IS_IC="true"/><TOC_Entry TOC_ENTRY_ID="16" TITLE="JhsL Ohio SlaJtsL... LANTERN STAFF Manag..." ENTITY_ID_REF="Ar00206" PAGE_NO="2" PAGE_LABEL="2" PRIM_ID_REF="Ar0020600" IS_IC="true"/><TOC_Entry TOC_ENTRY_ID="17" TITLE="German Video Lessons Will Begin Again" ENTITY_ID_REF="Ar00300" PAGE_NO="3" PAGE_LABEL="3" PRIM_ID_REF="Ar0030000" IS_IC="true"/><TOC_Entry TOC_ENTRY_ID="18" TITLE="DIRECTORY CARDS" ENTITY_ID_REF="Ar00301" PAGE_NO="3" PAGE_LABEL="3" PRIM_ID_REF="Ar0030100" IS_IC="true"/><TOC_Entry TOC_ENTRY_ID="19" TITLE="Personnel Research Board Honored" ENTITY_ID_REF="Ar00303" PAGE_NO="3" PAGE_LABEL="3" PRIM_ID_REF="Ar0030300" IS_IC="true"/><TOC_Entry TOC_ENTRY_ID="20" TITLE="" ENTITY_ID_REF="Ad00304" PAGE_NO="3" PAGE_LABEL="3" PRIM_ID_REF="Ad0030401" IS_IC="true"/><TOC_Entry TOC_ENTRY_ID="21" TITLE="" ENTITY_ID_REF="Ad00302" PAGE_NO="3" PAGE_LABEL="3" PRIM_ID_REF="Ad0030205" IS_IC="true"/><TOC_Entry TOC_ENTRY_ID="22" TITLE="Football Gets in Full Swing SMU-ND Ready..." ENTITY_ID_REF="Ar00400" PAGE_NO="4" PAGE_LABEL="4" PRIM_ID_REF="Ar0040000" IS_IC="true"/><TOC_Entry TOC_ENTRY_ID="23" TITLE="Braves Favored" ENTITY_ID_REF="Ar00401" PAGE_NO="4" PAGE_LABEL="4" PRIM_ID_REF="Ar0040100" IS_IC="true"/><TOC_Entry TOC_ENTRY_ID="24" TITLE="SMU Fan Lauds Buckeyes" ENTITY_ID_REF="Ar00402" PAGE_NO="4" PAGE_LABEL="4" PRIM_ID_REF="Ar0040200" IS_IC="true"/><TOC_Entry TOC_ENTRY_ID="25" TITLE="Woody Praises Squad" ENTITY_ID_REF="Ar00404" PAGE_NO="4" PAGE_LABEL="4" PRIM_ID_REF="Ar0040400" IS_IC="true"><TOC_Entry TOC_ENTRY_ID="26" TITLE="" ENTITY_ID_REF="Pc00407" PAGE_NO="4" PAGE_LABEL="4" PRIM_ID_REF="Pc0040700" IS_IC="true"/></TOC_Entry><TOC_Entry TOC_ENTRY_ID="27" TITLE="Sports Shorts" ENTITY_ID_REF="Ar00405" PAGE_NO="4" PAGE_LABEL="4" PRIM_ID_REF="Ar0040500" IS_IC="true"/><TOC_Entry TOC_ENTRY_ID="28" TITLE="" ENTITY_ID_REF="Ad00406" PAGE_NO="4" PAGE_LABEL="4" PRIM_ID_REF="Ad0040606" IS_IC="true"/><TOC_Entry TOC_ENTRY_ID="29" TITLE="" ENTITY_ID_REF="Ad00403" PAGE_NO="4" PAGE_LABEL="4" PRIM_ID_REF="Ad0040312" IS_IC="true"/><TOC_Entry TOC_ENTRY_ID="30" TITLE="MSU-MU Kickoff Big Ten Opener" ENTITY_ID_REF="Ar00500" PAGE_NO="5" PAGE_LABEL="5" PRIM_ID_REF="Ar0050000" IS_IC="true"/><TOC_Entry TOC_ENTRY_ID="31" TITLE="Ten Pin Play Starts Oct. 211" ENTITY_ID_REF="Ar00502" PAGE_NO="5" PAGE_LABEL="5" PRIM_ID_REF="Ar0050200" IS_IC="true"/><TOC_Entry TOC_ENTRY_ID="32" TITLE="INTRAMURAL OFFICE SEEKS REFEREES" ENTITY_ID_REF="Ar00503" PAGE_NO="5" PAGE_LABEL="5" PRIM_ID_REF="Ar0050300" IS_IC="true"/><TOC_Entry TOC_ENTRY_ID="33" TITLE="Intramural Grid Meeting Oct. 8" ENTITY_ID_REF="Ar00504" PAGE_NO="5" PAGE_LABEL="5" PRIM_ID_REF="Ar0050400" IS_IC="true"/><TOC_Entry TOC_ENTRY_ID="34" TITLE="" ENTITY_ID_REF="Ad00505" PAGE_NO="5" PAGE_LABEL="5" PRIM_ID_REF="Ad0050501" IS_IC="true"/><TOC_Entry TOC_ENTRY_ID="35" TITLE="" ENTITY_ID_REF="Ad00501" PAGE_NO="5" PAGE_LABEL="5" PRIM_ID_REF="Ad0050107" IS_IC="true"/><TOC_Entry TOC_ENTRY_ID="36" TITLE="OFFICIAL BULLETIN. THE OHIO STATE UNIVER..." ENTITY_ID_REF="Ar00600" PAGE_NO="6" PAGE_LABEL="6" PRIM_ID_REF="Ar0060000" IS_IC="true"/><TOC_Entry TOC_ENTRY_ID="37" TITLE="DULLES POLICY UNCHANGED" ENTITY_ID_REF="Ar00605" PAGE_NO="6" PAGE_LABEL="6" PRIM_ID_REF="Ar0060500" IS_IC="true"/><TOC_Entry TOC_ENTRY_ID="38" TITLE="QlahhiffadA. RATES Regular Classified 40..." ENTITY_ID_REF="Ar00602" PAGE_NO="6" PAGE_LABEL="6" PRIM_ID_REF="Ar0060200" IS_IC="true"/><TOC_Entry TOC_ENTRY_ID="39" TITLE="" ENTITY_ID_REF="Ad00606" PAGE_NO="6" PAGE_LABEL="6" PRIM_ID_REF="Ad0060601" IS_IC="true"/><TOC_Entry TOC_ENTRY_ID="40" TITLE="" ENTITY_ID_REF="Ad00601" PAGE_NO="6" PAGE_LABEL="6" PRIM_ID_REF="Ad0060105" IS_IC="true"/><TOC_Entry TOC_ENTRY_ID="41" TITLE="BLUE FOR BICYCLES" ENTITY_ID_REF="Ar00603" PAGE_NO="6" PAGE_LABEL="6" PRIM_ID_REF="Ar0060300" IS_IC="true"/><TOC_Entry TOC_ENTRY_ID="42" TITLE="" ENTITY_ID_REF="Ad00604" PAGE_NO="6" PAGE_LABEL="6" PRIM_ID_REF="Ad0060405" IS_IC="true"/><TOC_Entry TOC_ENTRY_ID="43" TITLE="" ENTITY_ID_REF="Ad00607" PAGE_NO="6" PAGE_LABEL="6" PRIM_ID_REF="Ad0060701" IS_IC="true"/><TOC_Entry TOC_ENTRY_ID="44" TITLE="Hillel Opens Luncheon Talks" ENTITY_ID_REF="Ar00700" PAGE_NO="7" PAGE_LABEL="7" PRIM_ID_REF="Ar0070000" IS_IC="true"/><TOC_Entry TOC_ENTRY_ID="45" TITLE="With The Churches" ENTITY_ID_REF="Ar00701" PAGE_NO="7" PAGE_LABEL="7" PRIM_ID_REF="Ar0070100" IS_IC="true"/><TOC_Entry TOC_ENTRY_ID="46" TITLE="" ENTITY_ID_REF="Ad00706" PAGE_NO="7" PAGE_LABEL="7" PRIM_ID_REF="Ad0070601" IS_IC="true"/><TOC_Entry TOC_ENTRY_ID="47" TITLE="" ENTITY_ID_REF="Ad00702" PAGE_NO="7" PAGE_LABEL="7" PRIM_ID_REF="Ad0070206" IS_IC="true"/><TOC_Entry TOC_ENTRY_ID="48" TITLE="" ENTITY_ID_REF="Ad00703" PAGE_NO="7" PAGE_LABEL="7" PRIM_ID_REF="Ad0070304" IS_IC="true"/><TOC_Entry TOC_ENTRY_ID="49" TITLE="" ENTITY_ID_REF="Ad00704" PAGE_NO="7" PAGE_LABEL="7" PRIM_ID_REF="Ad0070404" IS_IC="true"/><TOC_Entry TOC_ENTRY_ID="50" TITLE="" ENTITY_ID_REF="Ad00705" PAGE_NO="7" PAGE_LABEL="7" PRIM_ID_REF="Ad0070501" IS_IC="true"/><TOC_Entry TOC_ENTRY_ID="51" TITLE="THE WEEK'S NEWS IN REVIEW" ENTITY_ID_REF="Ar00800" PAGE_NO="8" PAGE_LABEL="8" PRIM_ID_REF="Ar0080000" IS_IC="true"/><TOC_Entry TOC_ENTRY_ID="52" TITLE="" ENTITY_ID_REF="Ad00801" PAGE_NO="8" PAGE_LABEL="8" PRIM_ID_REF="Ad0080101" IS_IC="true"/></TOC_Entries></Logic_np></Xmd_toc>
