<?xml version="1.0" encoding="windows-1252" standalone="no"?>
<Xmd_toc REPOSITORY_FORMAT="1.0" PRXML_VER="2.2" PUBLICATION="OHI" PUBLICATION_DESCRIPTION="" ISSUE_DATE="07/11/1958" RELEASE_NO="060-OHI-1958-11-07-001-SINGLE-LANTERN_VOL-78_JUN26-JUN8_NOV_033" LANGUAGE="English">
	<Head_np>
		<Meta PAGES_NUMBER="8" SOURCE_TYPE="TIFF" SOURCE_RESOLUTION="72" IMAGES_RESOLUTION="160" PAGE_THUMBNAIL_RESOLUTION="72" PAGE_PREVIEW_RESOLUTION="15" DEFAULT_IMG_EXT="png" DEFAULT_PREVIEW_IMG_EXT="png" BASE_HREF="OHI/1958/11/07" PDF_DESTINATION_MAPPED="OLV0_Page_0001" TITLE_SNP_EXT="png" AD_SNP_EXT="png" IMAGE_SNP_EXT="jpg" MULTI_LAYER_PAGE_IMG="false" IS_SOLID="false" DOC_DATE="07/11/1958" DOC_UID="OHI_07/11/1958" DOC_VER="1" OCR_CONFIDENCE="1.000" TOTAL_CHARS_COUNT="37735" SUSPICIOUS_CHARS_COUNT="0">
			<Publisher XMD_VER="2.6.241.15" ACROBAT_VER="8.00" PUBLISHER="Olive" PROFILE_ID="W:\Batch\Profile\OHI-1958-11-07.ini">
				<PublishDate>Tue, 24 May 2011 15:02:09 UTC</PublishDate>
				<PublishSWFCompatible>false</PublishSWFCompatible>
			</Publisher>
			<Resolutions>
				<Resolution DEFAULT="true">72</Resolution>
			</Resolutions>
		</Meta>
		<Link SOURCE="060-OHI-1958-11-07-001-SINGLE-LANTERN_VOL-78_JUN26-JUN8_NOV_033.pdf"/>
		<DataFiles>
			<Files TYPE="DOC_PDF" PRESENT="1"/>
			<Files TYPE="PAGE_PDF" PRESENT="0"/>
			<Files TYPE="DOC_IMG" PRESENT="0"/>
			<Files TYPE="PAGE_IMG" PRESENT="0"/>
			<Files TYPE="PAGE_VIEW_IMG" PRESENT="1"/>
			<Files TYPE="PAGE_PREVIEW_IMG" PRESENT="1"/>
			<Files TYPE="PRIMITIVE_IMG" PRESENT="1"/>
			<Files TYPE="SNIPPET_IMG" PRESENT="1"/>
			<Files TYPE="SEGMENTATION" PRESENT="0"/>
		</DataFiles><Application_Data/></Head_np>
	<Body_np>
		<Section NAME="Front page">
			<Page PAGE_NO="1" NAME="" PAGE_LABEL="1" ID="Pg001" PAGE_TYPE="Single" PAGE_WIDTH="147" PAGE_HEIGHT="199" CROP_BOX="0 0 146 198" MEDIA_BOX="0 0 146 198" HREF="/1/Pg001" TOTAL_CHARS_COUNT="25" SUSPICIOUS_CHARS_COUNT="0">
				<Entity ENTITY_TYPE="Article" FIRST_TOC_ENTRY_ID="1" DEPTH_LEVEL="1" INDEX_IN_DOC="1" PAGE_NO="1" NAME="Untitled Article" ID="Ar00100" HREF="/1/Ar00100" SIZE="XLarge" IMAGES_RESOLUTION="160" WORDCNT="5"/>
			</Page>
		</Section>
		<Section NAME="None">
			<Page PAGE_NO="2" NAME="" PAGE_LABEL="2" ID="Pg002" PAGE_TYPE="Single" PAGE_WIDTH="147" PAGE_HEIGHT="199" CROP_BOX="0 0 146 198" MEDIA_BOX="0 0 146 198" HREF="/2/Pg002" TOTAL_CHARS_COUNT="25" SUSPICIOUS_CHARS_COUNT="0">
				<Entity ENTITY_TYPE="Article" FIRST_TOC_ENTRY_ID="2" DEPTH_LEVEL="1" INDEX_IN_DOC="2" PAGE_NO="2" NAME="Untitled Article" ID="Ar00200" HREF="/2/Ar00200" SIZE="XLarge" IMAGES_RESOLUTION="160" WORDCNT="7"/>
			</Page>
			<Page PAGE_NO="3" NAME="" PAGE_LABEL="3" ID="Pg003" PAGE_TYPE="Single" PAGE_WIDTH="870" PAGE_HEIGHT="1236" CROP_BOX="0 0 869 1235" MEDIA_BOX="0 0 869 1235" HREF="/3/Pg003" TOTAL_CHARS_COUNT="3342" SUSPICIOUS_CHARS_COUNT="0">
				<Entity ENTITY_TYPE="Article" FIRST_TOC_ENTRY_ID="3" DEPTH_LEVEL="1" INDEX_IN_DOC="3" PAGE_NO="3" NAME="Coeds to Present Half time Program" ID="Ar00300" HREF="/3/Ar00300" SIZE="Large" IMAGES_RESOLUTION="160" WORDCNT="475"/>
				<Entity ENTITY_TYPE="Picture" FIRST_TOC_ENTRY_ID="5" DEPTH_LEVEL="2" INDEX_IN_DOC="5" PAGE_NO="3" NAME="Untitled Picture" ID="Pc00301" HREF="/3/Pc00301" SIZE="Medium" EMBEDDED_INTO="Ar00302" EMBEDDED_AFTER="Ar0030200" IMAGES_RESOLUTION="160" WORDCNT="0"/>
				<Entity ENTITY_TYPE="Article" FIRST_TOC_ENTRY_ID="4" DEPTH_LEVEL="1" INDEX_IN_DOC="4" PAGE_NO="3" NAME="Untitled Article" ID="Ar00302" HREF="/3/Ar00302" SIZE="Small" IMAGES_RESOLUTION="160" WORDCNT="30"/>
				<Entity ENTITY_TYPE="Article" FIRST_TOC_ENTRY_ID="6" DEPTH_LEVEL="1" INDEX_IN_DOC="6" PAGE_NO="3" NAME="Dad of Dads Reigns Tomorrow" ID="Ar00303" HREF="/3/Ar00303" SIZE="Medium" IMAGES_RESOLUTION="160" WORDCNT="300"/>
				<Entity ENTITY_TYPE="Ad" FIRST_TOC_ENTRY_ID="7" DEPTH_LEVEL="1" INDEX_IN_DOC="7" PAGE_NO="3" NAME="Untitled Ad" ID="Ad00304" HREF="/3/Ad00304" SIZE="XLarge" IMAGES_RESOLUTION="160" WORDCNT="51"/>
			</Page>
			<Page PAGE_NO="4" NAME="" PAGE_LABEL="4" ID="Pg004" PAGE_TYPE="Single" PAGE_WIDTH="875" PAGE_HEIGHT="1249" CROP_BOX="0 0 874 1248" MEDIA_BOX="0 0 874 1248" HREF="/4/Pg004" TOTAL_CHARS_COUNT="6133" SUSPICIOUS_CHARS_COUNT="0">
				<Entity ENTITY_TYPE="Ad" FIRST_TOC_ENTRY_ID="12" DEPTH_LEVEL="1" INDEX_IN_DOC="12" PAGE_NO="4" NAME="Untitled Ad" ID="Ad00400" HREF="/4/Ad00400" SIZE="XLarge" IMAGES_RESOLUTION="160" WORDCNT="473"/>
				<Entity ENTITY_TYPE="Article" FIRST_TOC_ENTRY_ID="10" DEPTH_LEVEL="1" INDEX_IN_DOC="10" PAGE_NO="4" NAME="Budks Ready For Purdue" ID="Ar00401" HREF="/4/Ar00401" SIZE="Large" IMAGES_RESOLUTION="160" WORDCNT="513"/>
				<Entity ENTITY_TYPE="Article" FIRST_TOC_ENTRY_ID="8" DEPTH_LEVEL="1" INDEX_IN_DOC="8" PAGE_NO="4" NAME="'We 11 Do Better. . . Peppe" ID="Ar00402" HREF="/4/Ar00402" SIZE="Large" IMAGES_RESOLUTION="160" WORDCNT="604"/>
				<Entity ENTITY_TYPE="Picture" FIRST_TOC_ENTRY_ID="9" DEPTH_LEVEL="2" INDEX_IN_DOC="9" PAGE_NO="4" NAME="Untitled Picture" ID="Pc00403" HREF="/4/Pc00403" SIZE="Medium" EMBEDDED_INTO="Ar00402" EMBEDDED_AFTER="Ar0040201" IMAGES_RESOLUTION="160" WORDCNT="0"/>
				<Entity ENTITY_TYPE="Article" FIRST_TOC_ENTRY_ID="11" DEPTH_LEVEL="1" INDEX_IN_DOC="11" PAGE_NO="4" NAME="Faculty Bowling League" ID="Ar00404" HREF="/4/Ar00404" SIZE="Medium" IMAGES_RESOLUTION="160" WORDCNT="236"/>
			</Page>
			<Page PAGE_NO="5" NAME="" PAGE_LABEL="5" ID="Pg005" PAGE_TYPE="Single" PAGE_WIDTH="863" PAGE_HEIGHT="1234" CROP_BOX="0 0 862 1233" MEDIA_BOX="0 0 862 1233" HREF="/5/Pg005" TOTAL_CHARS_COUNT="3891" SUSPICIOUS_CHARS_COUNT="0">
				<Entity ENTITY_TYPE="Article" FIRST_TOC_ENTRY_ID="13" DEPTH_LEVEL="1" INDEX_IN_DOC="13" PAGE_NO="5" NAME="Football Predictions" ID="Ar00500" HREF="/5/Ar00500" SIZE="Large" IMAGES_RESOLUTION="160" WORDCNT="147"/>
				<Entity ENTITY_TYPE="Article" FIRST_TOC_ENTRY_ID="14" DEPTH_LEVEL="1" INDEX_IN_DOC="14" PAGE_NO="5" NAME="Buck Soccer Squad Hosts Pittsburgh" ID="Ar00501" HREF="/5/Ar00501" SIZE="Medium" IMAGES_RESOLUTION="160" WORDCNT="295"/>
				<Entity ENTITY_TYPE="Ad" FIRST_TOC_ENTRY_ID="16" DEPTH_LEVEL="1" INDEX_IN_DOC="16" PAGE_NO="5" NAME="Untitled Ad" ID="Ad00502" HREF="/5/Ad00502" SIZE="Medium" IMAGES_RESOLUTION="160" WORDCNT="110"/>
				<Entity ENTITY_TYPE="Article" FIRST_TOC_ENTRY_ID="15" DEPTH_LEVEL="1" INDEX_IN_DOC="15" PAGE_NO="5" NAME="Sports" ID="Ar00503" HREF="/5/Ar00503" SIZE="Small" IMAGES_RESOLUTION="160" WORDCNT="174"/>
				<Entity ENTITY_TYPE="Article" FIRST_TOC_ENTRY_ID="17" DEPTH_LEVEL="1" INDEX_IN_DOC="17" PAGE_NO="5" NAME="IM's In Final Games" ID="Ar00504" HREF="/5/Ar00504" SIZE="Small" IMAGES_RESOLUTION="160" WORDCNT="180"/>
				<Entity ENTITY_TYPE="Ad" FIRST_TOC_ENTRY_ID="18" DEPTH_LEVEL="1" INDEX_IN_DOC="18" PAGE_NO="5" NAME="Untitled Ad" ID="Ad00505" HREF="/5/Ad00505" SIZE="Medium" IMAGES_RESOLUTION="160" WORDCNT="119"/>
				<Entity ENTITY_TYPE="Ad" FIRST_TOC_ENTRY_ID="19" DEPTH_LEVEL="1" INDEX_IN_DOC="19" PAGE_NO="5" NAME="Untitled Ad" ID="Ad00506" HREF="/5/Ad00506" SIZE="XLarge" IMAGES_RESOLUTION="160" WORDCNT="184"/>
			</Page>
			<Page PAGE_NO="6" NAME="" PAGE_LABEL="6" ID="Pg006" PAGE_TYPE="Single" PAGE_WIDTH="875" PAGE_HEIGHT="1254" CROP_BOX="0 0 874 1253" MEDIA_BOX="0 0 874 1253" HREF="/6/Pg006" TOTAL_CHARS_COUNT="12290" SUSPICIOUS_CHARS_COUNT="0">
				<Entity ENTITY_TYPE="Article" FIRST_TOC_ENTRY_ID="20" DEPTH_LEVEL="1" INDEX_IN_DOC="20" PAGE_NO="6" NAME="Untitled Article" ID="Ar00600" HREF="/6/Ar00600" SIZE="XLarge" IMAGES_RESOLUTION="160" WORDCNT="2318"/>
				<Entity ENTITY_TYPE="Article" FIRST_TOC_ENTRY_ID="24" DEPTH_LEVEL="1" INDEX_IN_DOC="24" PAGE_NO="6" NAME="Untitled Article" ID="Ar00601" HREF="/6/Ar00601" SIZE="Medium" IMAGES_RESOLUTION="160" WORDCNT="355"/>
				<Entity ENTITY_TYPE="Ad" FIRST_TOC_ENTRY_ID="26" DEPTH_LEVEL="1" INDEX_IN_DOC="26" PAGE_NO="6" NAME="Untitled Ad" ID="Ad00602" HREF="/6/Ad00602" SIZE="Medium" IMAGES_RESOLUTION="160" WORDCNT="0"/>
				<Entity ENTITY_TYPE="Ad" FIRST_TOC_ENTRY_ID="27" DEPTH_LEVEL="1" INDEX_IN_DOC="27" PAGE_NO="6" NAME="Untitled Ad" ID="Ad00603" HREF="/6/Ad00603" SIZE="Medium" IMAGES_RESOLUTION="160" WORDCNT="144"/>
				<Entity ENTITY_TYPE="Article" FIRST_TOC_ENTRY_ID="21" DEPTH_LEVEL="1" INDEX_IN_DOC="21" PAGE_NO="6" NAME="Untitled Article" ID="Ar00604" HREF="/6/Ar00604" SIZE="Medium" IMAGES_RESOLUTION="160" WORDCNT="440"/>
				<Entity ENTITY_TYPE="Picture" FIRST_TOC_ENTRY_ID="22" DEPTH_LEVEL="2" INDEX_IN_DOC="22" PAGE_NO="6" NAME="Untitled Picture" ID="Pc00605" HREF="/6/Pc00605" SIZE="Small" EMBEDDED_INTO="Ar00604" EMBEDDED_AFTER="Ar0060400" IMAGES_RESOLUTION="160" WORDCNT="0"/>
				<Entity ENTITY_TYPE="Article" FIRST_TOC_ENTRY_ID="23" DEPTH_LEVEL="1" INDEX_IN_DOC="23" PAGE_NO="6" NAME="Untitled Article" ID="Ar00606" HREF="/6/Ar00606" SIZE="Small" IMAGES_RESOLUTION="160" WORDCNT="54"/>
				<Entity ENTITY_TYPE="Article" FIRST_TOC_ENTRY_ID="25" DEPTH_LEVEL="1" INDEX_IN_DOC="25" PAGE_NO="6" NAME="Untitled Article" ID="Ar00607" HREF="/6/Ar00607" SIZE="Medium" IMAGES_RESOLUTION="160" WORDCNT="259"/>
			</Page>
			<Page PAGE_NO="7" NAME="" PAGE_LABEL="7" ID="Pg007" PAGE_TYPE="Single" PAGE_WIDTH="863" PAGE_HEIGHT="1234" CROP_BOX="0 0 862 1233" MEDIA_BOX="0 0 862 1233" HREF="/7/Pg007" TOTAL_CHARS_COUNT="3981" SUSPICIOUS_CHARS_COUNT="0">
				<Entity ENTITY_TYPE="Article" FIRST_TOC_ENTRY_ID="28" DEPTH_LEVEL="1" INDEX_IN_DOC="28" PAGE_NO="7" NAME="Students Active in Election Drama" ID="Ar00700" HREF="/7/Ar00700" SIZE="Medium" IMAGES_RESOLUTION="160" WORDCNT="431"/>
				<Entity ENTITY_TYPE="Article" FIRST_TOC_ENTRY_ID="29" DEPTH_LEVEL="1" INDEX_IN_DOC="29" PAGE_NO="7" NAME="OSU Legion Post To Honor Vets" ID="Ar00701" HREF="/7/Ar00701" SIZE="Small" IMAGES_RESOLUTION="160" WORDCNT="205"/>
				<Entity ENTITY_TYPE="Ad" FIRST_TOC_ENTRY_ID="32" DEPTH_LEVEL="1" INDEX_IN_DOC="32" PAGE_NO="7" NAME="Untitled Ad" ID="Ad00702" HREF="/7/Ad00702" SIZE="Medium" IMAGES_RESOLUTION="160" WORDCNT="80"/>
				<Entity ENTITY_TYPE="Article" FIRST_TOC_ENTRY_ID="30" DEPTH_LEVEL="1" INDEX_IN_DOC="30" PAGE_NO="7" NAME="Live TV Drama Opens Christmas Seal Campaign" ID="Ar00703" HREF="/7/Ar00703" SIZE="Small" IMAGES_RESOLUTION="160" WORDCNT="164"/>
				<Entity ENTITY_TYPE="Ad" FIRST_TOC_ENTRY_ID="31" DEPTH_LEVEL="1" INDEX_IN_DOC="31" PAGE_NO="7" NAME="Untitled Ad" ID="Ad00704" HREF="/7/Ad00704" SIZE="Medium" IMAGES_RESOLUTION="160" WORDCNT="157"/>
				<Entity ENTITY_TYPE="Ad" FIRST_TOC_ENTRY_ID="34" DEPTH_LEVEL="1" INDEX_IN_DOC="34" PAGE_NO="7" NAME="Untitled Ad" ID="Ad00705" HREF="/7/Ad00705" SIZE="Small" IMAGES_RESOLUTION="160" WORDCNT="47"/>
				<Entity ENTITY_TYPE="Ad" FIRST_TOC_ENTRY_ID="33" DEPTH_LEVEL="1" INDEX_IN_DOC="33" PAGE_NO="7" NAME="Untitled Ad" ID="Ad00706" HREF="/7/Ad00706" SIZE="Small" IMAGES_RESOLUTION="160" WORDCNT="50"/>
				<Entity ENTITY_TYPE="Ad" FIRST_TOC_ENTRY_ID="36" DEPTH_LEVEL="1" INDEX_IN_DOC="36" PAGE_NO="7" NAME="Untitled Ad" ID="Ad00707" HREF="/7/Ad00707" SIZE="XLarge" IMAGES_RESOLUTION="160" WORDCNT="229"/>
				<Entity ENTITY_TYPE="Ad" FIRST_TOC_ENTRY_ID="35" DEPTH_LEVEL="1" INDEX_IN_DOC="35" PAGE_NO="7" NAME="Untitled Ad" ID="Ad00708" HREF="/7/Ad00708" SIZE="Small" IMAGES_RESOLUTION="160" WORDCNT="88"/>
			</Page>
			<Page PAGE_NO="8" NAME="" PAGE_LABEL="8" ID="Pg008" PAGE_TYPE="Single" PAGE_WIDTH="873" PAGE_HEIGHT="1250" CROP_BOX="0 0 872 1249" MEDIA_BOX="0 0 872 1249" HREF="/8/Pg008" TOTAL_CHARS_COUNT="8048" SUSPICIOUS_CHARS_COUNT="0">
				<Entity ENTITY_TYPE="Article" FIRST_TOC_ENTRY_ID="37" DEPTH_LEVEL="1" INDEX_IN_DOC="37" PAGE_NO="8" NAME="THE WEEK'S NEWS IN REVIEW" ID="Ar00800" HREF="/8/Ar00800" SIZE="XLarge" IMAGES_RESOLUTION="160" WORDCNT="1518"/>
				<Entity ENTITY_TYPE="Article" FIRST_TOC_ENTRY_ID="38" DEPTH_LEVEL="1" INDEX_IN_DOC="38" PAGE_NO="8" NAME="Never Say Die" ID="Ar00801" HREF="/8/Ar00801" SIZE="Small" IMAGES_RESOLUTION="160" WORDCNT="93"/>
				<Entity ENTITY_TYPE="Picture" FIRST_TOC_ENTRY_ID="39" DEPTH_LEVEL="2" INDEX_IN_DOC="39" PAGE_NO="8" NAME="Untitled Picture" ID="Pc00802" HREF="/8/Pc00802" SIZE="Large" EMBEDDED_INTO="Ar00801" EMBEDDED_AFTER="Ar0080100" IMAGES_RESOLUTION="160" WORDCNT="0"/>
				<Entity ENTITY_TYPE="Article" FIRST_TOC_ENTRY_ID="40" DEPTH_LEVEL="1" INDEX_IN_DOC="40" PAGE_NO="8" NAME="Death Makes Fine Subject" ID="Ar00803" HREF="/8/Ar00803" SIZE="Small" IMAGES_RESOLUTION="160" WORDCNT="105"/>
				<Entity ENTITY_TYPE="Article" FIRST_TOC_ENTRY_ID="41" DEPTH_LEVEL="1" INDEX_IN_DOC="41" PAGE_NO="8" NAME="The Weekend Brings These" ID="Ar00804" HREF="/8/Ar00804" SIZE="Small" IMAGES_RESOLUTION="160" WORDCNT="162"/>
				<Entity ENTITY_TYPE="Ad" FIRST_TOC_ENTRY_ID="42" DEPTH_LEVEL="1" INDEX_IN_DOC="42" PAGE_NO="8" NAME="Untitled Ad" ID="Ad00805" HREF="/8/Ad00805" SIZE="Small" IMAGES_RESOLUTION="160" WORDCNT="64"/>
			</Page>
		</Section>
	</Body_np>
	<Logic_np><TOC_Entries><TOC_Entry TOC_ENTRY_ID="1" TITLE="Place holder for Nov 71958 P-1" ENTITY_ID_REF="Ar00100" PAGE_NO="1" PAGE_LABEL="1" PRIM_ID_REF="Ar0010000" IS_IC="true"/><TOC_Entry TOC_ENTRY_ID="2" TITLE="Place holder for Nov 71958 p.2" ENTITY_ID_REF="Ar00200" PAGE_NO="2" PAGE_LABEL="2" PRIM_ID_REF="Ar0020000" IS_IC="true"/><TOC_Entry TOC_ENTRY_ID="3" TITLE="Coeds to Present Half time Program" ENTITY_ID_REF="Ar00300" PAGE_NO="3" PAGE_LABEL="3" PRIM_ID_REF="Ar0030000" IS_IC="true"/><TOC_Entry TOC_ENTRY_ID="4" TITLE="BUCKEYE COLLEGIENNES, precision march- ,..." ENTITY_ID_REF="Ar00302" PAGE_NO="3" PAGE_LABEL="3" PRIM_ID_REF="Ar0030200" IS_IC="true"><TOC_Entry TOC_ENTRY_ID="5" TITLE="" ENTITY_ID_REF="Pc00301" PAGE_NO="3" PAGE_LABEL="3" PRIM_ID_REF="Pc0030100" IS_IC="true"/></TOC_Entry><TOC_Entry TOC_ENTRY_ID="6" TITLE="Dad of Dads Reigns Tomorrow" ENTITY_ID_REF="Ar00303" PAGE_NO="3" PAGE_LABEL="3" PRIM_ID_REF="Ar0030300" IS_IC="true"/><TOC_Entry TOC_ENTRY_ID="7" TITLE="" ENTITY_ID_REF="Ad00304" PAGE_NO="3" PAGE_LABEL="3" PRIM_ID_REF="Ad0030401" IS_IC="true"/><TOC_Entry TOC_ENTRY_ID="8" TITLE="'We 11 Do Better. . . Peppe" ENTITY_ID_REF="Ar00402" PAGE_NO="4" PAGE_LABEL="4" PRIM_ID_REF="Ar0040200" IS_IC="true"><TOC_Entry TOC_ENTRY_ID="9" TITLE="" ENTITY_ID_REF="Pc00403" PAGE_NO="4" PAGE_LABEL="4" PRIM_ID_REF="Pc0040300" IS_IC="true"/></TOC_Entry><TOC_Entry TOC_ENTRY_ID="10" TITLE="Budks Ready For Purdue" ENTITY_ID_REF="Ar00401" PAGE_NO="4" PAGE_LABEL="4" PRIM_ID_REF="Ar0040100" IS_IC="true"/><TOC_Entry TOC_ENTRY_ID="11" TITLE="Faculty Bowling League" ENTITY_ID_REF="Ar00404" PAGE_NO="4" PAGE_LABEL="4" PRIM_ID_REF="Ar0040400" IS_IC="true"/><TOC_Entry TOC_ENTRY_ID="12" TITLE="" ENTITY_ID_REF="Ad00400" PAGE_NO="4" PAGE_LABEL="4" PRIM_ID_REF="Ad0040024" IS_IC="true"/><TOC_Entry TOC_ENTRY_ID="13" TITLE="Football Predictions" ENTITY_ID_REF="Ar00500" PAGE_NO="5" PAGE_LABEL="5" PRIM_ID_REF="Ar0050000" IS_IC="true"/><TOC_Entry TOC_ENTRY_ID="14" TITLE="Buck Soccer Squad Hosts Pittsburgh" ENTITY_ID_REF="Ar00501" PAGE_NO="5" PAGE_LABEL="5" PRIM_ID_REF="Ar0050100" IS_IC="true"/><TOC_Entry TOC_ENTRY_ID="15" TITLE="Sports" ENTITY_ID_REF="Ar00503" PAGE_NO="5" PAGE_LABEL="5" PRIM_ID_REF="Ar0050300" IS_IC="true"/><TOC_Entry TOC_ENTRY_ID="16" TITLE="" ENTITY_ID_REF="Ad00502" PAGE_NO="5" PAGE_LABEL="5" PRIM_ID_REF="Ad0050203" IS_IC="true"/><TOC_Entry TOC_ENTRY_ID="17" TITLE="IM's In Final Games" ENTITY_ID_REF="Ar00504" PAGE_NO="5" PAGE_LABEL="5" PRIM_ID_REF="Ar0050400" IS_IC="true"/><TOC_Entry TOC_ENTRY_ID="18" TITLE="" ENTITY_ID_REF="Ad00505" PAGE_NO="5" PAGE_LABEL="5" PRIM_ID_REF="Ad0050502" IS_IC="true"/><TOC_Entry TOC_ENTRY_ID="19" TITLE="" ENTITY_ID_REF="Ad00506" PAGE_NO="5" PAGE_LABEL="5" PRIM_ID_REF="Ad0050601" IS_IC="true"/><TOC_Entry TOC_ENTRY_ID="20" TITLE="TODAY ON CAMPUS OHIO STATE OFFICIAL BULL..." ENTITY_ID_REF="Ar00600" PAGE_NO="6" PAGE_LABEL="6" PRIM_ID_REF="Ar0060000" IS_IC="true"/><TOC_Entry TOC_ENTRY_ID="21" TITLE="AM 820 Kilocycles FM 89.7 Megacycles FRI..." ENTITY_ID_REF="Ar00604" PAGE_NO="6" PAGE_LABEL="6" PRIM_ID_REF="Ar0060400" IS_IC="true"><TOC_Entry TOC_ENTRY_ID="22" TITLE="" ENTITY_ID_REF="Pc00605" PAGE_NO="6" PAGE_LABEL="6" PRIM_ID_REF="Pc0060500" IS_IC="true"/></TOC_Entry><TOC_Entry TOC_ENTRY_ID="23" TITLE="gfaA&amp;J$hcL (Idv&amp;dhljnq* RATES Regular Cl..." ENTITY_ID_REF="Ar00606" PAGE_NO="6" PAGE_LABEL="6" PRIM_ID_REF="Ar0060600" IS_IC="true"/><TOC_Entry TOC_ENTRY_ID="24" TITLE="FOR SALE Books�You Need Them, I've Got T..." ENTITY_ID_REF="Ar00601" PAGE_NO="6" PAGE_LABEL="6" PRIM_ID_REF="Ar0060100" IS_IC="true"/><TOC_Entry TOC_ENTRY_ID="25" TITLE="MISCELLANEOUS Will baby sit in my home. ..." ENTITY_ID_REF="Ar00607" PAGE_NO="6" PAGE_LABEL="6" PRIM_ID_REF="Ar0060700" IS_IC="true"/><TOC_Entry TOC_ENTRY_ID="26" TITLE="" ENTITY_ID_REF="Ad00602" PAGE_NO="6" PAGE_LABEL="6" PRIM_ID_REF="Ad0060200" IS_IC="true"/><TOC_Entry TOC_ENTRY_ID="27" TITLE="" ENTITY_ID_REF="Ad00603" PAGE_NO="6" PAGE_LABEL="6" PRIM_ID_REF="Ad0060306" IS_IC="true"/><TOC_Entry TOC_ENTRY_ID="28" TITLE="Students Active in Election Drama" ENTITY_ID_REF="Ar00700" PAGE_NO="7" PAGE_LABEL="7" PRIM_ID_REF="Ar0070000" IS_IC="true"/><TOC_Entry TOC_ENTRY_ID="29" TITLE="OSU Legion Post To Honor Vets" ENTITY_ID_REF="Ar00701" PAGE_NO="7" PAGE_LABEL="7" PRIM_ID_REF="Ar0070100" IS_IC="true"/><TOC_Entry TOC_ENTRY_ID="30" TITLE="Live TV Drama Opens Christmas Seal Campa..." ENTITY_ID_REF="Ar00703" PAGE_NO="7" PAGE_LABEL="7" PRIM_ID_REF="Ar0070300" IS_IC="true"/><TOC_Entry TOC_ENTRY_ID="31" TITLE="" ENTITY_ID_REF="Ad00704" PAGE_NO="7" PAGE_LABEL="7" PRIM_ID_REF="Ad0070409" IS_IC="true"/><TOC_Entry TOC_ENTRY_ID="32" TITLE="" ENTITY_ID_REF="Ad00702" PAGE_NO="7" PAGE_LABEL="7" PRIM_ID_REF="Ad0070207" IS_IC="true"/><TOC_Entry TOC_ENTRY_ID="33" TITLE="" ENTITY_ID_REF="Ad00706" PAGE_NO="7" PAGE_LABEL="7" PRIM_ID_REF="Ad0070601" IS_IC="true"/><TOC_Entry TOC_ENTRY_ID="34" TITLE="" ENTITY_ID_REF="Ad00705" PAGE_NO="7" PAGE_LABEL="7" PRIM_ID_REF="Ad0070506" IS_IC="true"/><TOC_Entry TOC_ENTRY_ID="35" TITLE="" ENTITY_ID_REF="Ad00708" PAGE_NO="7" PAGE_LABEL="7" PRIM_ID_REF="Ad0070801" IS_IC="true"/><TOC_Entry TOC_ENTRY_ID="36" TITLE="" ENTITY_ID_REF="Ad00707" PAGE_NO="7" PAGE_LABEL="7" PRIM_ID_REF="Ad0070701" IS_IC="true"/><TOC_Entry TOC_ENTRY_ID="37" TITLE="THE WEEK'S NEWS IN REVIEW" ENTITY_ID_REF="Ar00800" PAGE_NO="8" PAGE_LABEL="8" PRIM_ID_REF="Ar0080000" IS_IC="true"/><TOC_Entry TOC_ENTRY_ID="38" TITLE="Never Say Die" ENTITY_ID_REF="Ar00801" PAGE_NO="8" PAGE_LABEL="8" PRIM_ID_REF="Ar0080100" IS_IC="true"><TOC_Entry TOC_ENTRY_ID="39" TITLE="" ENTITY_ID_REF="Pc00802" PAGE_NO="8" PAGE_LABEL="8" PRIM_ID_REF="Pc0080200" IS_IC="true"/></TOC_Entry><TOC_Entry TOC_ENTRY_ID="40" TITLE="Death Makes Fine Subject" ENTITY_ID_REF="Ar00803" PAGE_NO="8" PAGE_LABEL="8" PRIM_ID_REF="Ar0080300" IS_IC="true"/><TOC_Entry TOC_ENTRY_ID="41" TITLE="The Weekend Brings These" ENTITY_ID_REF="Ar00804" PAGE_NO="8" PAGE_LABEL="8" PRIM_ID_REF="Ar0080400" IS_IC="true"/><TOC_Entry TOC_ENTRY_ID="42" TITLE="" ENTITY_ID_REF="Ad00805" PAGE_NO="8" PAGE_LABEL="8" PRIM_ID_REF="Ad0080508" IS_IC="true"/></TOC_Entries></Logic_np></Xmd_toc>
