<?xml version="1.0" encoding="windows-1252" standalone="no"?>
<Xmd_toc REPOSITORY_FORMAT="1.0" PRXML_VER="2.2" PUBLICATION="OHI" PUBLICATION_DESCRIPTION="" ISSUE_DATE="08/05/1958" RELEASE_NO="060-OHI-1958-05-08-001-SINGLE-LANTERN_VOL-77_JUN20-JUN6_MAY_049" LANGUAGE="English">
	<Head_np>
		<Meta PAGES_NUMBER="8" SOURCE_TYPE="TIFF" SOURCE_RESOLUTION="72" IMAGES_RESOLUTION="160" PAGE_THUMBNAIL_RESOLUTION="72" PAGE_PREVIEW_RESOLUTION="15" DEFAULT_IMG_EXT="png" DEFAULT_PREVIEW_IMG_EXT="png" BASE_HREF="OHI/1958/05/08" PDF_DESTINATION_MAPPED="OLV0_Page_0001" TITLE_SNP_EXT="png" AD_SNP_EXT="png" IMAGE_SNP_EXT="jpg" MULTI_LAYER_PAGE_IMG="false" IS_SOLID="false" DOC_DATE="08/05/1958" DOC_UID="OHI_08/05/1958" DOC_VER="1" OCR_CONFIDENCE="1.000" TOTAL_CHARS_COUNT="67894" SUSPICIOUS_CHARS_COUNT="0">
			<Publisher XMD_VER="2.6.241.15" ACROBAT_VER="8.00" PUBLISHER="Olive" PROFILE_ID="W:\Batch\Profile\OHI-1958-05-08.ini">
				<PublishDate>Tue, 24 May 2011 15:39:39 UTC</PublishDate>
				<PublishSWFCompatible>false</PublishSWFCompatible>
			</Publisher>
			<Resolutions>
				<Resolution DEFAULT="true">72</Resolution>
			</Resolutions>
		</Meta>
		<Link SOURCE="060-OHI-1958-05-08-001-SINGLE-LANTERN_VOL-77_JUN20-JUN6_MAY_049.pdf"/>
		<DataFiles>
			<Files TYPE="DOC_PDF" PRESENT="1"/>
			<Files TYPE="PAGE_PDF" PRESENT="0"/>
			<Files TYPE="DOC_IMG" PRESENT="0"/>
			<Files TYPE="PAGE_IMG" PRESENT="0"/>
			<Files TYPE="PAGE_VIEW_IMG" PRESENT="1"/>
			<Files TYPE="PAGE_PREVIEW_IMG" PRESENT="1"/>
			<Files TYPE="PRIMITIVE_IMG" PRESENT="1"/>
			<Files TYPE="SNIPPET_IMG" PRESENT="1"/>
			<Files TYPE="SEGMENTATION" PRESENT="0"/>
		</DataFiles><Application_Data/></Head_np>
	<Body_np>
		<Section NAME="Front page">
			<Page PAGE_NO="1" NAME="" PAGE_LABEL="1" ID="Pg001" PAGE_TYPE="Single" PAGE_WIDTH="859" PAGE_HEIGHT="1233" CROP_BOX="0 0 858 1232" MEDIA_BOX="0 0 858 1232" HREF="/1/Pg001" TOTAL_CHARS_COUNT="6490" SUSPICIOUS_CHARS_COUNT="0">
				<Entity ENTITY_TYPE="Article" FIRST_TOC_ENTRY_ID="1" DEPTH_LEVEL="1" INDEX_IN_DOC="1" PAGE_NO="1" NAME="Buckeye Leads in Campus Elections" ID="Ar00100" HREF="/1/Ar00100" SIZE="Large" IMAGES_RESOLUTION="160" WORDCNT="387"/>
				<Entity ENTITY_TYPE="Article" FIRST_TOC_ENTRY_ID="2" DEPTH_LEVEL="1" INDEX_IN_DOC="2" PAGE_NO="1" NAME="GoV Nineties Please Crowd At Carnival" ID="Ar00101" HREF="/1/Ar00101" SIZE="Medium" IMAGES_RESOLUTION="160" WORDCNT="428"/>
				<Entity ENTITY_TYPE="Article" FIRST_TOC_ENTRY_ID="6" DEPTH_LEVEL="1" INDEX_IN_DOC="6" PAGE_NO="1" NAME="Corps Day Honors Given" ID="Ar00102" HREF="/1/Ar00102" SIZE="Medium" IMAGES_RESOLUTION="160" WORDCNT="403"/>
				<Entity ENTITY_TYPE="Article" FIRST_TOC_ENTRY_ID="7" DEPTH_LEVEL="1" INDEX_IN_DOC="7" PAGE_NO="1" NAME="53 Tapped For Honorary" ID="Ar00103" HREF="/1/Ar00103" SIZE="Small" IMAGES_RESOLUTION="160" WORDCNT="221"/>
				<Entity ENTITY_TYPE="Picture" FIRST_TOC_ENTRY_ID="5" DEPTH_LEVEL="2" INDEX_IN_DOC="5" PAGE_NO="1" NAME="Untitled Picture" ID="Pc00104" HREF="/1/Pc00104" SIZE="Medium" EMBEDDED_INTO="Ar00106" EMBEDDED_AFTER="Ar0010600" IMAGES_RESOLUTION="160" WORDCNT="0"/>
				<Entity ENTITY_TYPE="Picture" FIRST_TOC_ENTRY_ID="3" DEPTH_LEVEL="2" INDEX_IN_DOC="3" PAGE_NO="1" NAME="Untitled Picture" ID="Pc00105" HREF="/1/Pc00105" SIZE="Medium" EMBEDDED_INTO="Ar00101" EMBEDDED_AFTER="Ar0010103" IMAGES_RESOLUTION="160" WORDCNT="0"/>
				<Entity ENTITY_TYPE="Article" FIRST_TOC_ENTRY_ID="4" DEPTH_LEVEL="1" INDEX_IN_DOC="4" PAGE_NO="1" NAME="Untitled Article" ID="Ar00106" HREF="/1/Ar00106" SIZE="Small" IMAGES_RESOLUTION="160" WORDCNT="69"/>
			</Page>
		</Section>
		<Section NAME="None">
			<Page PAGE_NO="2" NAME="" PAGE_LABEL="2" ID="Pg002" PAGE_TYPE="Single" PAGE_WIDTH="879" PAGE_HEIGHT="1248" CROP_BOX="0 0 878 1247" MEDIA_BOX="0 0 878 1247" HREF="/2/Pg002" TOTAL_CHARS_COUNT="10903" SUSPICIOUS_CHARS_COUNT="0">
				<Entity ENTITY_TYPE="Article" FIRST_TOC_ENTRY_ID="8" DEPTH_LEVEL="1" INDEX_IN_DOC="8" PAGE_NO="2" NAME="he Pot and 'he Kettle" ID="Ar00200" HREF="/2/Ar00200" SIZE="Large" IMAGES_RESOLUTION="160" WORDCNT="399"/>
				<Entity ENTITY_TYPE="Article" FIRST_TOC_ENTRY_ID="10" DEPTH_LEVEL="1" INDEX_IN_DOC="10" PAGE_NO="2" NAME="Sooth Youth With Music, Says Writer" ID="Ar00201" HREF="/2/Ar00201" SIZE="Large" IMAGES_RESOLUTION="160" WORDCNT="610"/>
				<Entity ENTITY_TYPE="Article" FIRST_TOC_ENTRY_ID="11" DEPTH_LEVEL="1" INDEX_IN_DOC="11" PAGE_NO="2" NAME="Canada Is Our Pal Most of the Time" ID="Ar00202" HREF="/2/Ar00202" SIZE="Large" IMAGES_RESOLUTION="160" WORDCNT="468"/>
				<Entity ENTITY_TYPE="Article" FIRST_TOC_ENTRY_ID="12" DEPTH_LEVEL="1" INDEX_IN_DOC="12" PAGE_NO="2" NAME="Untitled Article" ID="Ar00203" HREF="/2/Ar00203" SIZE="Small" IMAGES_RESOLUTION="160" WORDCNT="243"/>
				<Entity ENTITY_TYPE="Article" FIRST_TOC_ENTRY_ID="13" DEPTH_LEVEL="1" INDEX_IN_DOC="13" PAGE_NO="2" NAME="Gen. Bradley Upholds Ike's Defense Plan" ID="Ar00204" HREF="/2/Ar00204" SIZE="Medium" IMAGES_RESOLUTION="160" WORDCNT="272"/>
				<Entity ENTITY_TYPE="Article" FIRST_TOC_ENTRY_ID="14" DEPTH_LEVEL="1" INDEX_IN_DOC="14" PAGE_NO="2" NAME="Defense Scheme Meets Opposition" ID="Ar00205" HREF="/2/Ar00205" SIZE="Small" IMAGES_RESOLUTION="160" WORDCNT="92"/>
				<Entity ENTITY_TYPE="Article" FIRST_TOC_ENTRY_ID="9" DEPTH_LEVEL="1" INDEX_IN_DOC="9" PAGE_NO="2" NAME="Pros and Cons" ID="Ar00206" HREF="/2/Ar00206" SIZE="Large" IMAGES_RESOLUTION="160" WORDCNT="398"/>
			</Page>
			<Page PAGE_NO="3" NAME="" PAGE_LABEL="3" ID="Pg003" PAGE_TYPE="Single" PAGE_WIDTH="864" PAGE_HEIGHT="1228" CROP_BOX="0 0 863 1227" MEDIA_BOX="0 0 863 1227" HREF="/3/Pg003" TOTAL_CHARS_COUNT="6029" SUSPICIOUS_CHARS_COUNT="0">
				<Entity ENTITY_TYPE="Article" FIRST_TOC_ENTRY_ID="15" DEPTH_LEVEL="1" INDEX_IN_DOC="15" PAGE_NO="3" NAME="Winter Quarter Honor Students Announced" ID="Ar00300" HREF="/3/Ar00300" SIZE="Large" IMAGES_RESOLUTION="160" WORDCNT="1871"/>
				<Entity ENTITY_TYPE="Ad" FIRST_TOC_ENTRY_ID="17" DEPTH_LEVEL="1" INDEX_IN_DOC="17" PAGE_NO="3" NAME="Untitled Ad" ID="Ad00301" HREF="/3/Ad00301" SIZE="Large" IMAGES_RESOLUTION="160" WORDCNT="110"/>
				<Entity ENTITY_TYPE="Ad" FIRST_TOC_ENTRY_ID="18" DEPTH_LEVEL="1" INDEX_IN_DOC="18" PAGE_NO="3" NAME="Untitled Ad" ID="Ad00302" HREF="/3/Ad00302" SIZE="XLarge" IMAGES_RESOLUTION="160" WORDCNT="103"/>
				<Entity ENTITY_TYPE="Ad" FIRST_TOC_ENTRY_ID="16" DEPTH_LEVEL="1" INDEX_IN_DOC="16" PAGE_NO="3" NAME="Untitled Ad" ID="Ad00303" HREF="/3/Ad00303" SIZE="Small" IMAGES_RESOLUTION="160" WORDCNT="24"/>
			</Page>
			<Page PAGE_NO="4" NAME="" PAGE_LABEL="4" ID="Pg004" PAGE_TYPE="Single" PAGE_WIDTH="878" PAGE_HEIGHT="1257" CROP_BOX="0 0 877 1256" MEDIA_BOX="0 0 877 1256" HREF="/4/Pg004" TOTAL_CHARS_COUNT="12066" SUSPICIOUS_CHARS_COUNT="0">
				<Entity ENTITY_TYPE="Article" FIRST_TOC_ENTRY_ID="19" DEPTH_LEVEL="1" INDEX_IN_DOC="19" PAGE_NO="4" NAME="University Reveals Last Quarter's Honor Roll" ID="Ar00400" HREF="/4/Ar00400" SIZE="XLarge" IMAGES_RESOLUTION="160" WORDCNT="3520"/>
				<Entity ENTITY_TYPE="Ad" FIRST_TOC_ENTRY_ID="22" DEPTH_LEVEL="1" INDEX_IN_DOC="22" PAGE_NO="4" NAME="Untitled Ad" ID="Ad00401" HREF="/4/Ad00401" SIZE="XLarge" IMAGES_RESOLUTION="160" WORDCNT="96"/>
				<Entity ENTITY_TYPE="Ad" FIRST_TOC_ENTRY_ID="20" DEPTH_LEVEL="1" INDEX_IN_DOC="20" PAGE_NO="4" NAME="Untitled Ad" ID="Ad00402" HREF="/4/Ad00402" SIZE="Small" IMAGES_RESOLUTION="160" WORDCNT="136"/>
				<Entity ENTITY_TYPE="Ad" FIRST_TOC_ENTRY_ID="21" DEPTH_LEVEL="1" INDEX_IN_DOC="21" PAGE_NO="4" NAME="Untitled Ad" ID="Ad00403" HREF="/4/Ad00403" SIZE="Small" IMAGES_RESOLUTION="160" WORDCNT="49"/>
			</Page>
			<Page PAGE_NO="5" NAME="" PAGE_LABEL="5" ID="Pg005" PAGE_TYPE="Single" PAGE_WIDTH="865" PAGE_HEIGHT="1235" CROP_BOX="0 0 864 1234" MEDIA_BOX="0 0 864 1234" HREF="/5/Pg005" TOTAL_CHARS_COUNT="9099" SUSPICIOUS_CHARS_COUNT="0">
				<Entity ENTITY_TYPE="Article" FIRST_TOC_ENTRY_ID="23" DEPTH_LEVEL="1" INDEX_IN_DOC="23" PAGE_NO="5" NAME="Concert Introduces Novices To History, Sound of Jazz" ID="Ar00500" HREF="/5/Ar00500" SIZE="Large" IMAGES_RESOLUTION="160" WORDCNT="822"/>
				<Entity ENTITY_TYPE="Article" FIRST_TOC_ENTRY_ID="24" DEPTH_LEVEL="1" INDEX_IN_DOC="24" PAGE_NO="5" NAME="Fox Will Release O'Hara Film Show" ID="Ar00501" HREF="/5/Ar00501" SIZE="Small" IMAGES_RESOLUTION="160" WORDCNT="132"/>
				<Entity ENTITY_TYPE="Ad" FIRST_TOC_ENTRY_ID="26" DEPTH_LEVEL="1" INDEX_IN_DOC="26" PAGE_NO="5" NAME="Untitled Ad" ID="Ad00502" HREF="/5/Ad00502" SIZE="Medium" IMAGES_RESOLUTION="160" WORDCNT="106"/>
				<Entity ENTITY_TYPE="Article" FIRST_TOC_ENTRY_ID="25" DEPTH_LEVEL="1" INDEX_IN_DOC="25" PAGE_NO="5" NAME="Bob Crosby Will Replace Como on TV" ID="Ar00503" HREF="/5/Ar00503" SIZE="Medium" IMAGES_RESOLUTION="160" WORDCNT="545"/>
				<Entity ENTITY_TYPE="Article" FIRST_TOC_ENTRY_ID="27" DEPTH_LEVEL="1" INDEX_IN_DOC="27" PAGE_NO="5" NAME="Bacall Says Work Cures Uselessness" ID="Ar00504" HREF="/5/Ar00504" SIZE="Medium" IMAGES_RESOLUTION="160" WORDCNT="459"/>
				<Entity ENTITY_TYPE="Article" FIRST_TOC_ENTRY_ID="28" DEPTH_LEVEL="1" INDEX_IN_DOC="28" PAGE_NO="5" NAME="Freed's Show Causes Riot" ID="Ar00505" HREF="/5/Ar00505" SIZE="Small" IMAGES_RESOLUTION="160" WORDCNT="209"/>
				<Entity ENTITY_TYPE="Ad" FIRST_TOC_ENTRY_ID="30" DEPTH_LEVEL="1" INDEX_IN_DOC="30" PAGE_NO="5" NAME="Untitled Ad" ID="Ad00506" HREF="/5/Ad00506" SIZE="Medium" IMAGES_RESOLUTION="160" WORDCNT="147"/>
				<Entity ENTITY_TYPE="Ad" FIRST_TOC_ENTRY_ID="29" DEPTH_LEVEL="1" INDEX_IN_DOC="29" PAGE_NO="5" NAME="Untitled Ad" ID="Ad00507" HREF="/5/Ad00507" SIZE="Small" IMAGES_RESOLUTION="160" WORDCNT="124"/>
			</Page>
			<Page PAGE_NO="6" NAME="" PAGE_LABEL="6" ID="Pg006" PAGE_TYPE="Single" PAGE_WIDTH="879" PAGE_HEIGHT="1258" CROP_BOX="0 0 878 1257" MEDIA_BOX="0 0 878 1257" HREF="/6/Pg006" TOTAL_CHARS_COUNT="12582" SUSPICIOUS_CHARS_COUNT="0">
				<Entity ENTITY_TYPE="Article" FIRST_TOC_ENTRY_ID="31" DEPTH_LEVEL="1" INDEX_IN_DOC="31" PAGE_NO="6" NAME="Untitled Article" ID="Ar00600" HREF="/6/Ar00600" SIZE="Large" IMAGES_RESOLUTION="160" WORDCNT="1047"/>
				<Entity ENTITY_TYPE="Article" FIRST_TOC_ENTRY_ID="32" DEPTH_LEVEL="1" INDEX_IN_DOC="32" PAGE_NO="6" NAME="Graduates May Join Alumni 'Lost Legion'" ID="Ar00601" HREF="/6/Ar00601" SIZE="Large" IMAGES_RESOLUTION="160" WORDCNT="512"/>
				<Entity ENTITY_TYPE="Article" FIRST_TOC_ENTRY_ID="34" DEPTH_LEVEL="1" INDEX_IN_DOC="34" PAGE_NO="6" NAME="Collegiennes March Today" ID="Ar00602" HREF="/6/Ar00602" SIZE="Medium" IMAGES_RESOLUTION="160" WORDCNT="340"/>
				<Entity ENTITY_TYPE="Article" FIRST_TOC_ENTRY_ID="35" DEPTH_LEVEL="1" INDEX_IN_DOC="35" PAGE_NO="6" NAME="PETITIONS AVAILABLE" ID="Ar00603" HREF="/6/Ar00603" SIZE="Small" IMAGES_RESOLUTION="160" WORDCNT="52"/>
				<Entity ENTITY_TYPE="Picture" FIRST_TOC_ENTRY_ID="38" DEPTH_LEVEL="2" INDEX_IN_DOC="38" PAGE_NO="6" NAME="Untitled Picture" ID="Pc00604" HREF="/6/Pc00604" SIZE="Small" EMBEDDED_INTO="Ar00606" EMBEDDED_AFTER="Ar0060600" IMAGES_RESOLUTION="160" WORDCNT="0"/>
				<Entity ENTITY_TYPE="Article" FIRST_TOC_ENTRY_ID="33" DEPTH_LEVEL="1" INDEX_IN_DOC="33" PAGE_NO="6" NAME="Campus Comment" ID="Ar00605" HREF="/6/Ar00605" SIZE="Large" IMAGES_RESOLUTION="160" WORDCNT="506"/>
				<Entity ENTITY_TYPE="Article" FIRST_TOC_ENTRY_ID="37" DEPTH_LEVEL="1" INDEX_IN_DOC="37" PAGE_NO="6" NAME="Untitled Article" ID="Ar00606" HREF="/6/Ar00606" SIZE="Large" IMAGES_RESOLUTION="160" WORDCNT="827"/>
				<Entity ENTITY_TYPE="Ad" FIRST_TOC_ENTRY_ID="36" DEPTH_LEVEL="1" INDEX_IN_DOC="36" PAGE_NO="6" NAME="Untitled Ad" ID="Ad00607" HREF="/6/Ad00607" SIZE="Small" IMAGES_RESOLUTION="160" WORDCNT="34"/>
			</Page>
			<Page PAGE_NO="7" NAME="" PAGE_LABEL="7" ID="Pg007" PAGE_TYPE="Single" PAGE_WIDTH="863" PAGE_HEIGHT="1230" CROP_BOX="0 0 862 1229" MEDIA_BOX="0 0 862 1229" HREF="/7/Pg007" TOTAL_CHARS_COUNT="5080" SUSPICIOUS_CHARS_COUNT="0">
				<Entity ENTITY_TYPE="Article" FIRST_TOC_ENTRY_ID="42" DEPTH_LEVEL="1" INDEX_IN_DOC="42" PAGE_NO="7" NAME="Overhand Curve... St-erike" ID="Ar00700" HREF="/7/Ar00700" SIZE="Small" IMAGES_RESOLUTION="160" WORDCNT="69"/>
				<Entity ENTITY_TYPE="Article" FIRST_TOC_ENTRY_ID="39" DEPTH_LEVEL="1" INDEX_IN_DOC="39" PAGE_NO="7" NAME="Ex-Athletes Comment On Sports Program" ID="Ar00701" HREF="/7/Ar00701" SIZE="Medium" IMAGES_RESOLUTION="160" WORDCNT="269"/>
				<Entity ENTITY_TYPE="Article" FIRST_TOC_ENTRY_ID="40" DEPTH_LEVEL="1" INDEX_IN_DOC="40" PAGE_NO="7" NAME="Keller Leads Bucks To Win Over Bishops" ID="Ar00702" HREF="/7/Ar00702" SIZE="Medium" IMAGES_RESOLUTION="160" WORDCNT="460"/>
				<Entity ENTITY_TYPE="Picture" FIRST_TOC_ENTRY_ID="41" DEPTH_LEVEL="2" INDEX_IN_DOC="41" PAGE_NO="7" NAME="Untitled Picture" ID="Pc00703" HREF="/7/Pc00703" SIZE="Small" EMBEDDED_INTO="Ar00702" EMBEDDED_AFTER="Ar0070204" IMAGES_RESOLUTION="160" WORDCNT="0"/>
				<Entity ENTITY_TYPE="Article" FIRST_TOC_ENTRY_ID="44" DEPTH_LEVEL="1" INDEX_IN_DOC="44" PAGE_NO="7" NAME="MSU Leads in Statistics" ID="Ar00704" HREF="/7/Ar00704" SIZE="Large" IMAGES_RESOLUTION="160" WORDCNT="715"/>
				<Entity ENTITY_TYPE="Article" FIRST_TOC_ENTRY_ID="45" DEPTH_LEVEL="1" INDEX_IN_DOC="45" PAGE_NO="7" NAME="AIRCRAFT STRIKE" ID="Ar00705" HREF="/7/Ar00705" SIZE="Small" IMAGES_RESOLUTION="160" WORDCNT="61"/>
				<Entity ENTITY_TYPE="Picture" FIRST_TOC_ENTRY_ID="43" DEPTH_LEVEL="2" INDEX_IN_DOC="43" PAGE_NO="7" NAME="Untitled Picture" ID="Pc00706" HREF="/7/Pc00706" SIZE="Large" EMBEDDED_INTO="Ar00700" EMBEDDED_AFTER="Ar0070001" IMAGES_RESOLUTION="160" WORDCNT="0"/>
			</Page>
			<Page PAGE_NO="8" NAME="" PAGE_LABEL="8" ID="Pg008" PAGE_TYPE="Single" PAGE_WIDTH="894" PAGE_HEIGHT="1262" CROP_BOX="0 0 893 1261" MEDIA_BOX="0 0 893 1261" HREF="/8/Pg008" TOTAL_CHARS_COUNT="5645" SUSPICIOUS_CHARS_COUNT="0">
				<Entity ENTITY_TYPE="Article" FIRST_TOC_ENTRY_ID="46" DEPTH_LEVEL="1" INDEX_IN_DOC="46" PAGE_NO="8" NAME="African Finds Yankee Slang 'Beyond'Him" ID="Ar00800" HREF="/8/Ar00800" SIZE="Medium" IMAGES_RESOLUTION="160" WORDCNT="399"/>
				<Entity ENTITY_TYPE="Article" FIRST_TOC_ENTRY_ID="47" DEPTH_LEVEL="1" INDEX_IN_DOC="47" PAGE_NO="8" NAME="STUDENTS FEATURED" ID="Ar00801" HREF="/8/Ar00801" SIZE="Small" IMAGES_RESOLUTION="160" WORDCNT="73"/>
				<Entity ENTITY_TYPE="Article" FIRST_TOC_ENTRY_ID="49" DEPTH_LEVEL="1" INDEX_IN_DOC="49" PAGE_NO="8" NAME="Ike Wins Foreign Aid Support" ID="Ar00802" HREF="/8/Ar00802" SIZE="Medium" IMAGES_RESOLUTION="160" WORDCNT="392"/>
				<Entity ENTITY_TYPE="Ad" FIRST_TOC_ENTRY_ID="53" DEPTH_LEVEL="1" INDEX_IN_DOC="53" PAGE_NO="8" NAME="Untitled Ad" ID="Ad00803" HREF="/8/Ad00803" SIZE="XLarge" IMAGES_RESOLUTION="160" WORDCNT="71"/>
				<Entity ENTITY_TYPE="Article" FIRST_TOC_ENTRY_ID="50" DEPTH_LEVEL="1" INDEX_IN_DOC="50" PAGE_NO="8" NAME="Untitled Article" ID="Ar00804" HREF="/8/Ar00804" SIZE="Medium" IMAGES_RESOLUTION="160" WORDCNT="412"/>
				<Entity ENTITY_TYPE="Ad" FIRST_TOC_ENTRY_ID="48" DEPTH_LEVEL="1" INDEX_IN_DOC="48" PAGE_NO="8" NAME="Untitled Ad" ID="Ad00805" HREF="/8/Ad00805" SIZE="Small" IMAGES_RESOLUTION="160" WORDCNT="30"/>
				<Entity ENTITY_TYPE="Ad" FIRST_TOC_ENTRY_ID="51" DEPTH_LEVEL="1" INDEX_IN_DOC="51" PAGE_NO="8" NAME="Untitled Ad" ID="Ad00806" HREF="/8/Ad00806" SIZE="Medium" IMAGES_RESOLUTION="160" WORDCNT="125"/>
				<Entity ENTITY_TYPE="Ad" FIRST_TOC_ENTRY_ID="52" DEPTH_LEVEL="1" INDEX_IN_DOC="52" PAGE_NO="8" NAME="Untitled Ad" ID="Ad00807" HREF="/8/Ad00807" SIZE="Small" IMAGES_RESOLUTION="160" WORDCNT="15"/>
			</Page>
		</Section>
	</Body_np>
	<Logic_np><TOC_Entries><TOC_Entry TOC_ENTRY_ID="1" TITLE="Buckeye Leads in Campus Elections" ENTITY_ID_REF="Ar00100" PAGE_NO="1" PAGE_LABEL="1" PRIM_ID_REF="Ar0010000" IS_IC="true"/><TOC_Entry TOC_ENTRY_ID="2" TITLE="GoV Nineties Please Crowd At Carnival" ENTITY_ID_REF="Ar00101" PAGE_NO="1" PAGE_LABEL="1" PRIM_ID_REF="Ar0010100" IS_IC="true"><TOC_Entry TOC_ENTRY_ID="3" TITLE="" ENTITY_ID_REF="Pc00105" PAGE_NO="1" PAGE_LABEL="1" PRIM_ID_REF="Pc0010500" IS_IC="true"/></TOC_Entry><TOC_Entry TOC_ENTRY_ID="4" TITLE="SLAVES AUCTIONED�Paterson Hall's contrib..." ENTITY_ID_REF="Ar00106" PAGE_NO="1" PAGE_LABEL="1" PRIM_ID_REF="Ar0010600" IS_IC="true"><TOC_Entry TOC_ENTRY_ID="5" TITLE="" ENTITY_ID_REF="Pc00104" PAGE_NO="1" PAGE_LABEL="1" PRIM_ID_REF="Pc0010400" IS_IC="true"/></TOC_Entry><TOC_Entry TOC_ENTRY_ID="6" TITLE="Corps Day Honors Given" ENTITY_ID_REF="Ar00102" PAGE_NO="1" PAGE_LABEL="1" PRIM_ID_REF="Ar0010200" IS_IC="true"/><TOC_Entry TOC_ENTRY_ID="7" TITLE="53 Tapped For Honorary" ENTITY_ID_REF="Ar00103" PAGE_NO="1" PAGE_LABEL="1" PRIM_ID_REF="Ar0010300" IS_IC="true"/><TOC_Entry TOC_ENTRY_ID="8" TITLE="he Pot and 'he Kettle" ENTITY_ID_REF="Ar00200" PAGE_NO="2" PAGE_LABEL="2" PRIM_ID_REF="Ar0020000" IS_IC="true"/><TOC_Entry TOC_ENTRY_ID="9" TITLE="Pros and Cons" ENTITY_ID_REF="Ar00206" PAGE_NO="2" PAGE_LABEL="2" PRIM_ID_REF="Ar0020600" IS_IC="true"/><TOC_Entry TOC_ENTRY_ID="10" TITLE="Sooth Youth With Music, Says Writer" ENTITY_ID_REF="Ar00201" PAGE_NO="2" PAGE_LABEL="2" PRIM_ID_REF="Ar0020100" IS_IC="true"/><TOC_Entry TOC_ENTRY_ID="11" TITLE="Canada Is Our Pal Most of the Time" ENTITY_ID_REF="Ar00202" PAGE_NO="2" PAGE_LABEL="2" PRIM_ID_REF="Ar0020200" IS_IC="true"/><TOC_Entry TOC_ENTRY_ID="12" TITLE="J/ UL Ohib SbrfiL.� LANTERN NEW STAEF Ma..." ENTITY_ID_REF="Ar00203" PAGE_NO="2" PAGE_LABEL="2" PRIM_ID_REF="Ar0020300" IS_IC="true"/><TOC_Entry TOC_ENTRY_ID="13" TITLE="Gen. Bradley Upholds Ike's Defense Plan" ENTITY_ID_REF="Ar00204" PAGE_NO="2" PAGE_LABEL="2" PRIM_ID_REF="Ar0020400" IS_IC="true"/><TOC_Entry TOC_ENTRY_ID="14" TITLE="Defense Scheme Meets Opposition" ENTITY_ID_REF="Ar00205" PAGE_NO="2" PAGE_LABEL="2" PRIM_ID_REF="Ar0020500" IS_IC="true"/><TOC_Entry TOC_ENTRY_ID="15" TITLE="Winter Quarter Honor Students Announced" ENTITY_ID_REF="Ar00300" PAGE_NO="3" PAGE_LABEL="3" PRIM_ID_REF="Ar0030000" IS_IC="true"/><TOC_Entry TOC_ENTRY_ID="16" TITLE="" ENTITY_ID_REF="Ad00303" PAGE_NO="3" PAGE_LABEL="3" PRIM_ID_REF="Ad0030301" IS_IC="true"/><TOC_Entry TOC_ENTRY_ID="17" TITLE="" ENTITY_ID_REF="Ad00301" PAGE_NO="3" PAGE_LABEL="3" PRIM_ID_REF="Ad0030108" IS_IC="true"/><TOC_Entry TOC_ENTRY_ID="18" TITLE="" ENTITY_ID_REF="Ad00302" PAGE_NO="3" PAGE_LABEL="3" PRIM_ID_REF="Ad0030201" IS_IC="true"/><TOC_Entry TOC_ENTRY_ID="19" TITLE="University Reveals Last Quarter's Honor ..." ENTITY_ID_REF="Ar00400" PAGE_NO="4" PAGE_LABEL="4" PRIM_ID_REF="Ar0040000" IS_IC="true"/><TOC_Entry TOC_ENTRY_ID="20" TITLE="" ENTITY_ID_REF="Ad00402" PAGE_NO="4" PAGE_LABEL="4" PRIM_ID_REF="Ad0040204" IS_IC="true"/><TOC_Entry TOC_ENTRY_ID="21" TITLE="" ENTITY_ID_REF="Ad00403" PAGE_NO="4" PAGE_LABEL="4" PRIM_ID_REF="Ad0040301" IS_IC="true"/><TOC_Entry TOC_ENTRY_ID="22" TITLE="" ENTITY_ID_REF="Ad00401" PAGE_NO="4" PAGE_LABEL="4" PRIM_ID_REF="Ad0040106" IS_IC="true"/><TOC_Entry TOC_ENTRY_ID="23" TITLE="Concert Introduces Novices To History, S..." ENTITY_ID_REF="Ar00500" PAGE_NO="5" PAGE_LABEL="5" PRIM_ID_REF="Ar0050000" IS_IC="true"/><TOC_Entry TOC_ENTRY_ID="24" TITLE="Fox Will Release O'Hara Film Show" ENTITY_ID_REF="Ar00501" PAGE_NO="5" PAGE_LABEL="5" PRIM_ID_REF="Ar0050100" IS_IC="true"/><TOC_Entry TOC_ENTRY_ID="25" TITLE="Bob Crosby Will Replace Como on TV" ENTITY_ID_REF="Ar00503" PAGE_NO="5" PAGE_LABEL="5" PRIM_ID_REF="Ar0050300" IS_IC="true"/><TOC_Entry TOC_ENTRY_ID="26" TITLE="" ENTITY_ID_REF="Ad00502" PAGE_NO="5" PAGE_LABEL="5" PRIM_ID_REF="Ad0050207" IS_IC="true"/><TOC_Entry TOC_ENTRY_ID="27" TITLE="Bacall Says Work Cures Uselessness" ENTITY_ID_REF="Ar00504" PAGE_NO="5" PAGE_LABEL="5" PRIM_ID_REF="Ar0050400" IS_IC="true"/><TOC_Entry TOC_ENTRY_ID="28" TITLE="Freed's Show Causes Riot" ENTITY_ID_REF="Ar00505" PAGE_NO="5" PAGE_LABEL="5" PRIM_ID_REF="Ar0050500" IS_IC="true"/><TOC_Entry TOC_ENTRY_ID="29" TITLE="" ENTITY_ID_REF="Ad00507" PAGE_NO="5" PAGE_LABEL="5" PRIM_ID_REF="Ad0050701" IS_IC="true"/><TOC_Entry TOC_ENTRY_ID="30" TITLE="" ENTITY_ID_REF="Ad00506" PAGE_NO="5" PAGE_LABEL="5" PRIM_ID_REF="Ad0050608" IS_IC="true"/><TOC_Entry TOC_ENTRY_ID="31" TITLE="OFFICIAL BULLETIN THE OHIO STATE UNIVERS..." ENTITY_ID_REF="Ar00600" PAGE_NO="6" PAGE_LABEL="6" PRIM_ID_REF="Ar0060000" IS_IC="true"/><TOC_Entry TOC_ENTRY_ID="32" TITLE="Graduates May Join Alumni 'Lost Legion'" ENTITY_ID_REF="Ar00601" PAGE_NO="6" PAGE_LABEL="6" PRIM_ID_REF="Ar0060100" IS_IC="true"/><TOC_Entry TOC_ENTRY_ID="33" TITLE="Campus Comment" ENTITY_ID_REF="Ar00605" PAGE_NO="6" PAGE_LABEL="6" PRIM_ID_REF="Ar0060500" IS_IC="true"/><TOC_Entry TOC_ENTRY_ID="34" TITLE="Collegiennes March Today" ENTITY_ID_REF="Ar00602" PAGE_NO="6" PAGE_LABEL="6" PRIM_ID_REF="Ar0060200" IS_IC="true"/><TOC_Entry TOC_ENTRY_ID="35" TITLE="PETITIONS AVAILABLE" ENTITY_ID_REF="Ar00603" PAGE_NO="6" PAGE_LABEL="6" PRIM_ID_REF="Ar0060300" IS_IC="true"/><TOC_Entry TOC_ENTRY_ID="36" TITLE="" ENTITY_ID_REF="Ad00607" PAGE_NO="6" PAGE_LABEL="6" PRIM_ID_REF="Ad0060701" IS_IC="true"/><TOC_Entry TOC_ENTRY_ID="37" TITLE="AM 820 Kilocycles FM 89.7 Megacycles THU..." ENTITY_ID_REF="Ar00606" PAGE_NO="6" PAGE_LABEL="6" PRIM_ID_REF="Ar0060600" IS_IC="true"><TOC_Entry TOC_ENTRY_ID="38" TITLE="" ENTITY_ID_REF="Pc00604" PAGE_NO="6" PAGE_LABEL="6" PRIM_ID_REF="Pc0060400" IS_IC="true"/></TOC_Entry><TOC_Entry TOC_ENTRY_ID="39" TITLE="Ex-Athletes Comment On Sports Program" ENTITY_ID_REF="Ar00701" PAGE_NO="7" PAGE_LABEL="7" PRIM_ID_REF="Ar0070100" IS_IC="true"/><TOC_Entry TOC_ENTRY_ID="40" TITLE="Keller Leads Bucks To Win Over Bishops" ENTITY_ID_REF="Ar00702" PAGE_NO="7" PAGE_LABEL="7" PRIM_ID_REF="Ar0070200" IS_IC="true"><TOC_Entry TOC_ENTRY_ID="41" TITLE="" ENTITY_ID_REF="Pc00703" PAGE_NO="7" PAGE_LABEL="7" PRIM_ID_REF="Pc0070300" IS_IC="true"/></TOC_Entry><TOC_Entry TOC_ENTRY_ID="42" TITLE="Overhand Curve... St-erike" ENTITY_ID_REF="Ar00700" PAGE_NO="7" PAGE_LABEL="7" PRIM_ID_REF="Ar0070000" IS_IC="true"><TOC_Entry TOC_ENTRY_ID="43" TITLE="" ENTITY_ID_REF="Pc00706" PAGE_NO="7" PAGE_LABEL="7" PRIM_ID_REF="Pc0070600" IS_IC="true"/></TOC_Entry><TOC_Entry TOC_ENTRY_ID="44" TITLE="MSU Leads in Statistics" ENTITY_ID_REF="Ar00704" PAGE_NO="7" PAGE_LABEL="7" PRIM_ID_REF="Ar0070400" IS_IC="true"/><TOC_Entry TOC_ENTRY_ID="45" TITLE="AIRCRAFT STRIKE" ENTITY_ID_REF="Ar00705" PAGE_NO="7" PAGE_LABEL="7" PRIM_ID_REF="Ar0070500" IS_IC="true"/><TOC_Entry TOC_ENTRY_ID="46" TITLE="African Finds Yankee Slang 'Beyond'Him" ENTITY_ID_REF="Ar00800" PAGE_NO="8" PAGE_LABEL="8" PRIM_ID_REF="Ar0080000" IS_IC="true"/><TOC_Entry TOC_ENTRY_ID="47" TITLE="STUDENTS FEATURED" ENTITY_ID_REF="Ar00801" PAGE_NO="8" PAGE_LABEL="8" PRIM_ID_REF="Ar0080100" IS_IC="true"/><TOC_Entry TOC_ENTRY_ID="48" TITLE="" ENTITY_ID_REF="Ad00805" PAGE_NO="8" PAGE_LABEL="8" PRIM_ID_REF="Ad0080501" IS_IC="true"/><TOC_Entry TOC_ENTRY_ID="49" TITLE="Ike Wins Foreign Aid Support" ENTITY_ID_REF="Ar00802" PAGE_NO="8" PAGE_LABEL="8" PRIM_ID_REF="Ar0080200" IS_IC="true"/><TOC_Entry TOC_ENTRY_ID="50" TITLE="QLaAAi(JQdA RATES Regular Classified i&lt;f..." ENTITY_ID_REF="Ar00804" PAGE_NO="8" PAGE_LABEL="8" PRIM_ID_REF="Ar0080400" IS_IC="true"/><TOC_Entry TOC_ENTRY_ID="51" TITLE="" ENTITY_ID_REF="Ad00806" PAGE_NO="8" PAGE_LABEL="8" PRIM_ID_REF="Ad0080601" IS_IC="true"/><TOC_Entry TOC_ENTRY_ID="52" TITLE="" ENTITY_ID_REF="Ad00807" PAGE_NO="8" PAGE_LABEL="8" PRIM_ID_REF="Ad0080701" IS_IC="true"/><TOC_Entry TOC_ENTRY_ID="53" TITLE="" ENTITY_ID_REF="Ad00803" PAGE_NO="8" PAGE_LABEL="8" PRIM_ID_REF="Ad0080307" IS_IC="true"/></TOC_Entries></Logic_np></Xmd_toc>
