<?xml version="1.0" encoding="windows-1252" standalone="no"?>
<Xmd_toc REPOSITORY_FORMAT="1.0" PRXML_VER="2.2" PUBLICATION="OHI" PUBLICATION_DESCRIPTION="" ISSUE_DATE="21/11/1958" RELEASE_NO="060-OHI-1958-11-21-001-SINGLE-LANTERN_VOL-78_JUN26-JUN8_NOV_105" LANGUAGE="English">
	<Head_np>
		<Meta PAGES_NUMBER="8" SOURCE_TYPE="TIFF" SOURCE_RESOLUTION="72" IMAGES_RESOLUTION="160" PAGE_THUMBNAIL_RESOLUTION="72" PAGE_PREVIEW_RESOLUTION="15" DEFAULT_IMG_EXT="png" DEFAULT_PREVIEW_IMG_EXT="png" BASE_HREF="OHI/1958/11/21" PDF_DESTINATION_MAPPED="OLV0_Page_0001" TITLE_SNP_EXT="png" AD_SNP_EXT="png" IMAGE_SNP_EXT="jpg" MULTI_LAYER_PAGE_IMG="false" IS_SOLID="false" DOC_DATE="21/11/1958" DOC_UID="OHI_21/11/1958" DOC_VER="1" OCR_CONFIDENCE="1.000" TOTAL_CHARS_COUNT="46040" SUSPICIOUS_CHARS_COUNT="0">
			<Publisher XMD_VER="2.6.241.4" ACROBAT_VER="7.08" PUBLISHER="Olive" PROFILE_ID="W:\Batch\Profile\OHI-1958-11-21.ini">
				<PublishDate>Tue, 24 May 2011 15:00:27 UTC</PublishDate>
				<PublishSWFCompatible>false</PublishSWFCompatible>
			</Publisher>
			<Resolutions>
				<Resolution DEFAULT="true">72</Resolution>
			</Resolutions>
		</Meta>
		<Link SOURCE="060-OHI-1958-11-21-001-SINGLE-LANTERN_VOL-78_JUN26-JUN8_NOV_105.pdf"/>
		<DataFiles>
			<Files TYPE="DOC_PDF" PRESENT="1"/>
			<Files TYPE="PAGE_PDF" PRESENT="0"/>
			<Files TYPE="DOC_IMG" PRESENT="0"/>
			<Files TYPE="PAGE_IMG" PRESENT="0"/>
			<Files TYPE="PAGE_VIEW_IMG" PRESENT="1"/>
			<Files TYPE="PAGE_PREVIEW_IMG" PRESENT="1"/>
			<Files TYPE="PRIMITIVE_IMG" PRESENT="1"/>
			<Files TYPE="SNIPPET_IMG" PRESENT="1"/>
			<Files TYPE="SEGMENTATION" PRESENT="0"/>
		</DataFiles><Application_Data/></Head_np>
	<Body_np>
		<Section NAME="Front page">
			<Page PAGE_NO="1" NAME="" PAGE_LABEL="1" ID="Pg001" PAGE_TYPE="Single" PAGE_WIDTH="870" PAGE_HEIGHT="1236" CROP_BOX="0 0 869 1235" MEDIA_BOX="0 0 869 1235" HREF="/1/Pg001" TOTAL_CHARS_COUNT="6713" SUSPICIOUS_CHARS_COUNT="0">
				<Entity ENTITY_TYPE="Article" FIRST_TOC_ENTRY_ID="1" DEPTH_LEVEL="1" INDEX_IN_DOC="1" PAGE_NO="1" NAME="This Old House Is Tumbling, But Better Days Are Ahead" ID="Ar00100" HREF="/1/Ar00100" SIZE="Large" IMAGES_RESOLUTION="160" WORDCNT="386"/>
				<Entity ENTITY_TYPE="Article" FIRST_TOC_ENTRY_ID="5" DEPTH_LEVEL="1" INDEX_IN_DOC="5" PAGE_NO="1" NAME="Bulganin Critically III In Moscow Hospital" ID="Ar00101" HREF="/1/Ar00101" SIZE="Large" IMAGES_RESOLUTION="160" WORDCNT="355"/>
				<Entity ENTITY_TYPE="Article" FIRST_TOC_ENTRY_ID="8" DEPTH_LEVEL="1" INDEX_IN_DOC="8" PAGE_NO="1" NAME="Report Heard On Attacks" ID="Ar00102" HREF="/1/Ar00102" SIZE="Small" IMAGES_RESOLUTION="160" WORDCNT="190"/>
				<Entity ENTITY_TYPE="Article" FIRST_TOC_ENTRY_ID="7" DEPTH_LEVEL="1" INDEX_IN_DOC="7" PAGE_NO="1" NAME="Woody's Secret Weapon . . . Feed That Line" ID="Ar00103" HREF="/1/Ar00103" SIZE="Large" IMAGES_RESOLUTION="160" WORDCNT="567"/>
				<Entity ENTITY_TYPE="Article" FIRST_TOC_ENTRY_ID="9" DEPTH_LEVEL="1" INDEX_IN_DOC="9" PAGE_NO="1" NAME="Bands of World To Be Saluted" ID="Ar00104" HREF="/1/Ar00104" SIZE="Small" IMAGES_RESOLUTION="160" WORDCNT="92"/>
				<Entity ENTITY_TYPE="Picture" FIRST_TOC_ENTRY_ID="2" DEPTH_LEVEL="2" INDEX_IN_DOC="2" PAGE_NO="1" NAME="Untitled Picture" ID="Pc00105" HREF="/1/Pc00105" SIZE="Large" EMBEDDED_INTO="Ar00100" EMBEDDED_AFTER="Ar0010000" IMAGES_RESOLUTION="160" WORDCNT="0"/>
				<Entity ENTITY_TYPE="Article" FIRST_TOC_ENTRY_ID="6" DEPTH_LEVEL="1" INDEX_IN_DOC="6" PAGE_NO="1" NAME="Untitled Article" ID="Ar00106" HREF="/1/Ar00106" SIZE="Small" IMAGES_RESOLUTION="160" WORDCNT="23"/>
				<Entity ENTITY_TYPE="Article" FIRST_TOC_ENTRY_ID="3" DEPTH_LEVEL="1" INDEX_IN_DOC="3" PAGE_NO="1" NAME="WEATHER" ID="Ar00107" HREF="/1/Ar00107" SIZE="Small" IMAGES_RESOLUTION="160" WORDCNT="9"/>
				<Entity ENTITY_TYPE="Picture" FIRST_TOC_ENTRY_ID="4" DEPTH_LEVEL="2" INDEX_IN_DOC="4" PAGE_NO="1" NAME="Untitled Picture" ID="Pc00108" HREF="/1/Pc00108" SIZE="Small" EMBEDDED_INTO="Ar00107" EMBEDDED_AFTER="Ar0010700" IMAGES_RESOLUTION="160" WORDCNT="0"/>
			</Page>
		</Section>
		<Section NAME="None">
			<Page PAGE_NO="2" NAME="" PAGE_LABEL="2" ID="Pg002" PAGE_TYPE="Single" PAGE_WIDTH="876" PAGE_HEIGHT="1249" CROP_BOX="0 0 875 1248" MEDIA_BOX="0 0 875 1248" HREF="/2/Pg002" TOTAL_CHARS_COUNT="8374" SUSPICIOUS_CHARS_COUNT="0">
				<Entity ENTITY_TYPE="Article" FIRST_TOC_ENTRY_ID="10" DEPTH_LEVEL="1" INDEX_IN_DOC="10" PAGE_NO="2" NAME="Woody Hayes And Friends" ID="Ar00200" HREF="/2/Ar00200" SIZE="Large" IMAGES_RESOLUTION="160" WORDCNT="606"/>
				<Entity ENTITY_TYPE="Article" FIRST_TOC_ENTRY_ID="12" DEPTH_LEVEL="1" INDEX_IN_DOC="12" PAGE_NO="2" NAME="Bubbles Aid OSU Study Of Rockets" ID="Ar00201" HREF="/2/Ar00201" SIZE="Medium" IMAGES_RESOLUTION="160" WORDCNT="298"/>
				<Entity ENTITY_TYPE="Picture" FIRST_TOC_ENTRY_ID="15" DEPTH_LEVEL="2" INDEX_IN_DOC="15" PAGE_NO="2" NAME="Untitled Picture" ID="Pc00202" HREF="/2/Pc00202" SIZE="Medium" EMBEDDED_INTO="Ar00204" EMBEDDED_AFTER="Ar0020400" IMAGES_RESOLUTION="160" WORDCNT="0"/>
				<Entity ENTITY_TYPE="Article" FIRST_TOC_ENTRY_ID="16" DEPTH_LEVEL="1" INDEX_IN_DOC="16" PAGE_NO="2" NAME="Untitled Article" ID="Ar00203" HREF="/2/Ar00203" SIZE="Small" IMAGES_RESOLUTION="160" WORDCNT="224"/>
				<Entity ENTITY_TYPE="Article" FIRST_TOC_ENTRY_ID="14" DEPTH_LEVEL="1" INDEX_IN_DOC="14" PAGE_NO="2" NAME="LITTLE MAN ON CAMPUS" ID="Ar00204" HREF="/2/Ar00204" SIZE="Small" IMAGES_RESOLUTION="160" WORDCNT="26"/>
				<Entity ENTITY_TYPE="Article" FIRST_TOC_ENTRY_ID="11" DEPTH_LEVEL="1" INDEX_IN_DOC="11" PAGE_NO="2" NAME="Good Luck, Bennie" ID="Ar00205" HREF="/2/Ar00205" SIZE="Medium" IMAGES_RESOLUTION="160" WORDCNT="174"/>
				<Entity ENTITY_TYPE="Article" FIRST_TOC_ENTRY_ID="13" DEPTH_LEVEL="1" INDEX_IN_DOC="13" PAGE_NO="2" NAME="ColblJCUL QhoMJwadA," ID="Ar00206" HREF="/2/Ar00206" SIZE="Large" IMAGES_RESOLUTION="160" WORDCNT="665"/>
			</Page>
			<Page PAGE_NO="3" NAME="" PAGE_LABEL="3" ID="Pg003" PAGE_TYPE="Single" PAGE_WIDTH="871" PAGE_HEIGHT="1246" CROP_BOX="0 0 870 1245" MEDIA_BOX="0 0 870 1245" HREF="/3/Pg003" TOTAL_CHARS_COUNT="3298" SUSPICIOUS_CHARS_COUNT="0">
				<Entity ENTITY_TYPE="Article" FIRST_TOC_ENTRY_ID="17" DEPTH_LEVEL="1" INDEX_IN_DOC="17" PAGE_NO="3" NAME="Play Within A Play As Cast Rehearses" ID="Ar00300" HREF="/3/Ar00300" SIZE="Medium" IMAGES_RESOLUTION="160" WORDCNT="420"/>
				<Entity ENTITY_TYPE="Article" FIRST_TOC_ENTRY_ID="18" DEPTH_LEVEL="1" INDEX_IN_DOC="18" PAGE_NO="3" NAME="OSU Grads Lauded for Advancement" ID="Ar00301" HREF="/3/Ar00301" SIZE="Small" IMAGES_RESOLUTION="160" WORDCNT="183"/>
				<Entity ENTITY_TYPE="Article" FIRST_TOC_ENTRY_ID="20" DEPTH_LEVEL="1" INDEX_IN_DOC="20" PAGE_NO="3" NAME="Mirror of the Campus" ID="Ar00302" HREF="/3/Ar00302" SIZE="Small" IMAGES_RESOLUTION="160" WORDCNT="168"/>
				<Entity ENTITY_TYPE="Ad" FIRST_TOC_ENTRY_ID="19" DEPTH_LEVEL="1" INDEX_IN_DOC="19" PAGE_NO="3" NAME="Untitled Ad" ID="Ad00303" HREF="/3/Ad00303" SIZE="Medium" IMAGES_RESOLUTION="160" WORDCNT="73"/>
				<Entity ENTITY_TYPE="Ad" FIRST_TOC_ENTRY_ID="21" DEPTH_LEVEL="1" INDEX_IN_DOC="21" PAGE_NO="3" NAME="Untitled Ad" ID="Ad00304" HREF="/3/Ad00304" SIZE="Large" IMAGES_RESOLUTION="160" WORDCNT="73"/>
				<Entity ENTITY_TYPE="Ad" FIRST_TOC_ENTRY_ID="22" DEPTH_LEVEL="1" INDEX_IN_DOC="22" PAGE_NO="3" NAME="Untitled Ad" ID="Ad00305" HREF="/3/Ad00305" SIZE="Large" IMAGES_RESOLUTION="160" WORDCNT="65"/>
			</Page>
			<Page PAGE_NO="4" NAME="" PAGE_LABEL="4" ID="Pg004" PAGE_TYPE="Single" PAGE_WIDTH="874" PAGE_HEIGHT="1243" CROP_BOX="0 0 873 1242" MEDIA_BOX="0 0 873 1242" HREF="/4/Pg004" TOTAL_CHARS_COUNT="4763" SUSPICIOUS_CHARS_COUNT="0">
				<Entity ENTITY_TYPE="Article" FIRST_TOC_ENTRY_ID="23" DEPTH_LEVEL="1" INDEX_IN_DOC="23" PAGE_NO="4" NAME="17 Bucks In Grid Finale" ID="Ar00400" HREF="/4/Ar00400" SIZE="Large" IMAGES_RESOLUTION="160" WORDCNT="532"/>
				<Entity ENTITY_TYPE="Article" FIRST_TOC_ENTRY_ID="36" DEPTH_LEVEL="1" INDEX_IN_DOC="36" PAGE_NO="4" NAME="Soccer Boss Named" ID="Ar00401" HREF="/4/Ar00401" SIZE="Medium" IMAGES_RESOLUTION="160" WORDCNT="204"/>
				<Entity ENTITY_TYPE="Article" FIRST_TOC_ENTRY_ID="37" DEPTH_LEVEL="1" INDEX_IN_DOC="37" PAGE_NO="4" NAME="Bennie, 11 Wolves In Last Game" ID="Ar00402" HREF="/4/Ar00402" SIZE="Small" IMAGES_RESOLUTION="160" WORDCNT="84"/>
				<Entity ENTITY_TYPE="Article" FIRST_TOC_ENTRY_ID="38" DEPTH_LEVEL="1" INDEX_IN_DOC="38" PAGE_NO="4" NAME="UM-OSU Game on TV" ID="Ar00403" HREF="/4/Ar00403" SIZE="Small" IMAGES_RESOLUTION="160" WORDCNT="178"/>
				<Entity ENTITY_TYPE="Article" FIRST_TOC_ENTRY_ID="39" DEPTH_LEVEL="1" INDEX_IN_DOC="39" PAGE_NO="4" NAME="Betas Capture Fraternity Crown" ID="Ar00404" HREF="/4/Ar00404" SIZE="Small" IMAGES_RESOLUTION="160" WORDCNT="106"/>
				<Entity ENTITY_TYPE="Picture" FIRST_TOC_ENTRY_ID="24" DEPTH_LEVEL="2" INDEX_IN_DOC="24" PAGE_NO="4" NAME="Untitled Picture" ID="Pc00405" HREF="/4/Pc00405" SIZE="Small" EMBEDDED_INTO="Ar00400" EMBEDDED_AFTER="Ar0040000" IMAGES_RESOLUTION="160" WORDCNT="0"/>
				<Entity ENTITY_TYPE="Picture" FIRST_TOC_ENTRY_ID="25" DEPTH_LEVEL="2" INDEX_IN_DOC="25" PAGE_NO="4" NAME="Untitled Picture" ID="Pc00406" HREF="/4/Pc00406" SIZE="Small" EMBEDDED_INTO="Ar00400" EMBEDDED_AFTER="Ar0040000" IMAGES_RESOLUTION="160" WORDCNT="0"/>
				<Entity ENTITY_TYPE="Picture" FIRST_TOC_ENTRY_ID="26" DEPTH_LEVEL="2" INDEX_IN_DOC="26" PAGE_NO="4" NAME="Untitled Picture" ID="Pc00407" HREF="/4/Pc00407" SIZE="Small" EMBEDDED_INTO="Ar00400" EMBEDDED_AFTER="Ar0040000" IMAGES_RESOLUTION="160" WORDCNT="0"/>
				<Entity ENTITY_TYPE="Picture" FIRST_TOC_ENTRY_ID="27" DEPTH_LEVEL="2" INDEX_IN_DOC="27" PAGE_NO="4" NAME="Untitled Picture" ID="Pc00408" HREF="/4/Pc00408" SIZE="Small" EMBEDDED_INTO="Ar00400" EMBEDDED_AFTER="Ar0040000" IMAGES_RESOLUTION="160" WORDCNT="0"/>
				<Entity ENTITY_TYPE="Picture" FIRST_TOC_ENTRY_ID="28" DEPTH_LEVEL="2" INDEX_IN_DOC="28" PAGE_NO="4" NAME="Untitled Picture" ID="Pc00409" HREF="/4/Pc00409" SIZE="Small" EMBEDDED_INTO="Ar00400" EMBEDDED_AFTER="Ar0040000" IMAGES_RESOLUTION="160" WORDCNT="0"/>
				<Entity ENTITY_TYPE="Picture" FIRST_TOC_ENTRY_ID="29" DEPTH_LEVEL="2" INDEX_IN_DOC="29" PAGE_NO="4" NAME="Untitled Picture" ID="Pc00410" HREF="/4/Pc00410" SIZE="Small" EMBEDDED_INTO="Ar00400" EMBEDDED_AFTER="Ar0040000" IMAGES_RESOLUTION="160" WORDCNT="0"/>
				<Entity ENTITY_TYPE="Picture" FIRST_TOC_ENTRY_ID="30" DEPTH_LEVEL="2" INDEX_IN_DOC="30" PAGE_NO="4" NAME="Untitled Picture" ID="Pc00411" HREF="/4/Pc00411" SIZE="Small" EMBEDDED_INTO="Ar00400" EMBEDDED_AFTER="Ar0040000" IMAGES_RESOLUTION="160" WORDCNT="0"/>
				<Entity ENTITY_TYPE="Picture" FIRST_TOC_ENTRY_ID="31" DEPTH_LEVEL="2" INDEX_IN_DOC="31" PAGE_NO="4" NAME="Untitled Picture" ID="Pc00412" HREF="/4/Pc00412" SIZE="Small" EMBEDDED_INTO="Ar00400" EMBEDDED_AFTER="Ar0040000" IMAGES_RESOLUTION="160" WORDCNT="0"/>
				<Entity ENTITY_TYPE="Picture" FIRST_TOC_ENTRY_ID="32" DEPTH_LEVEL="2" INDEX_IN_DOC="32" PAGE_NO="4" NAME="Untitled Picture" ID="Pc00413" HREF="/4/Pc00413" SIZE="Small" EMBEDDED_INTO="Ar00400" EMBEDDED_AFTER="Ar0040000" IMAGES_RESOLUTION="160" WORDCNT="0"/>
				<Entity ENTITY_TYPE="Picture" FIRST_TOC_ENTRY_ID="33" DEPTH_LEVEL="2" INDEX_IN_DOC="33" PAGE_NO="4" NAME="Untitled Picture" ID="Pc00414" HREF="/4/Pc00414" SIZE="Small" EMBEDDED_INTO="Ar00400" EMBEDDED_AFTER="Ar0040000" IMAGES_RESOLUTION="160" WORDCNT="0"/>
				<Entity ENTITY_TYPE="Picture" FIRST_TOC_ENTRY_ID="34" DEPTH_LEVEL="2" INDEX_IN_DOC="34" PAGE_NO="4" NAME="Untitled Picture" ID="Pc00415" HREF="/4/Pc00415" SIZE="Small" EMBEDDED_INTO="Ar00400" EMBEDDED_AFTER="Ar0040000" IMAGES_RESOLUTION="160" WORDCNT="0"/>
				<Entity ENTITY_TYPE="Picture" FIRST_TOC_ENTRY_ID="35" DEPTH_LEVEL="2" INDEX_IN_DOC="35" PAGE_NO="4" NAME="Untitled Picture" ID="Pc00416" HREF="/4/Pc00416" SIZE="Small" EMBEDDED_INTO="Ar00400" EMBEDDED_AFTER="Ar0040000" IMAGES_RESOLUTION="160" WORDCNT="0"/>
			</Page>
			<Page PAGE_NO="5" NAME="" PAGE_LABEL="5" ID="Pg005" PAGE_TYPE="Single" PAGE_WIDTH="871" PAGE_HEIGHT="1246" CROP_BOX="0 0 870 1245" MEDIA_BOX="0 0 870 1245" HREF="/5/Pg005" TOTAL_CHARS_COUNT="1874" SUSPICIOUS_CHARS_COUNT="0">
				<Entity ENTITY_TYPE="Ad" FIRST_TOC_ENTRY_ID="48" DEPTH_LEVEL="1" INDEX_IN_DOC="48" PAGE_NO="5" NAME="Untitled Ad" ID="Ad00500" HREF="/5/Ad00500" SIZE="Small" IMAGES_RESOLUTION="160" WORDCNT="101"/>
				<Entity ENTITY_TYPE="Ad" FIRST_TOC_ENTRY_ID="47" DEPTH_LEVEL="1" INDEX_IN_DOC="47" PAGE_NO="5" NAME="Untitled Ad" ID="Ad00501" HREF="/5/Ad00501" SIZE="Small" IMAGES_RESOLUTION="160" WORDCNT="25"/>
				<Entity ENTITY_TYPE="Ad" FIRST_TOC_ENTRY_ID="46" DEPTH_LEVEL="1" INDEX_IN_DOC="46" PAGE_NO="5" NAME="Untitled Ad" ID="Ad00502" HREF="/5/Ad00502" SIZE="Small" IMAGES_RESOLUTION="160" WORDCNT="40"/>
				<Entity ENTITY_TYPE="Ad" FIRST_TOC_ENTRY_ID="50" DEPTH_LEVEL="1" INDEX_IN_DOC="50" PAGE_NO="5" NAME="Untitled Ad" ID="Ad00503" HREF="/5/Ad00503" SIZE="XLarge" IMAGES_RESOLUTION="160" WORDCNT="85"/>
				<Entity ENTITY_TYPE="Article" FIRST_TOC_ENTRY_ID="49" DEPTH_LEVEL="1" INDEX_IN_DOC="49" PAGE_NO="5" NAME="Ducat Sale May Set Record" ID="Ar00504" HREF="/5/Ar00504" SIZE="Small" IMAGES_RESOLUTION="160" WORDCNT="146"/>
				<Entity ENTITY_TYPE="Picture" FIRST_TOC_ENTRY_ID="41" DEPTH_LEVEL="2" INDEX_IN_DOC="41" PAGE_NO="5" NAME="Untitled Picture" ID="Pc00505" HREF="/5/Pc00505" SIZE="Small" EMBEDDED_INTO="Ar00506" EMBEDDED_AFTER="Ar0050600" IMAGES_RESOLUTION="160" WORDCNT="0"/>
				<Entity ENTITY_TYPE="Article" FIRST_TOC_ENTRY_ID="40" DEPTH_LEVEL="1" INDEX_IN_DOC="40" PAGE_NO="5" NAME="Frank May Miss 'Big One'" ID="Ar00506" HREF="/5/Ar00506" SIZE="Medium" IMAGES_RESOLUTION="160" WORDCNT="315"/>
				<Entity ENTITY_TYPE="Picture" FIRST_TOC_ENTRY_ID="42" DEPTH_LEVEL="2" INDEX_IN_DOC="42" PAGE_NO="5" NAME="Untitled Picture" ID="Pc00507" HREF="/5/Pc00507" SIZE="Small" EMBEDDED_INTO="Ar00506" EMBEDDED_AFTER="Ar0050600" IMAGES_RESOLUTION="160" WORDCNT="0"/>
				<Entity ENTITY_TYPE="Picture" FIRST_TOC_ENTRY_ID="43" DEPTH_LEVEL="2" INDEX_IN_DOC="43" PAGE_NO="5" NAME="Untitled Picture" ID="Pc00508" HREF="/5/Pc00508" SIZE="Small" EMBEDDED_INTO="Ar00506" EMBEDDED_AFTER="Ar0050600" IMAGES_RESOLUTION="160" WORDCNT="0"/>
				<Entity ENTITY_TYPE="Picture" FIRST_TOC_ENTRY_ID="44" DEPTH_LEVEL="2" INDEX_IN_DOC="44" PAGE_NO="5" NAME="Untitled Picture" ID="Pc00509" HREF="/5/Pc00509" SIZE="Small" EMBEDDED_INTO="Ar00506" EMBEDDED_AFTER="Ar0050600" IMAGES_RESOLUTION="160" WORDCNT="0"/>
				<Entity ENTITY_TYPE="Picture" FIRST_TOC_ENTRY_ID="45" DEPTH_LEVEL="2" INDEX_IN_DOC="45" PAGE_NO="5" NAME="Untitled Picture" ID="Pc00510" HREF="/5/Pc00510" SIZE="Small" EMBEDDED_INTO="Ar00506" EMBEDDED_AFTER="Ar0050600" IMAGES_RESOLUTION="160" WORDCNT="0"/>
			</Page>
			<Page PAGE_NO="6" NAME="" PAGE_LABEL="6" ID="Pg006" PAGE_TYPE="Single" PAGE_WIDTH="872" PAGE_HEIGHT="1250" CROP_BOX="0 0 871 1249" MEDIA_BOX="0 0 871 1249" HREF="/6/Pg006" TOTAL_CHARS_COUNT="11514" SUSPICIOUS_CHARS_COUNT="0">
				<Entity ENTITY_TYPE="Article" FIRST_TOC_ENTRY_ID="54" DEPTH_LEVEL="1" INDEX_IN_DOC="54" PAGE_NO="6" NAME="Untitled Article" ID="Ar00600" HREF="/6/Ar00600" SIZE="Medium" IMAGES_RESOLUTION="160" WORDCNT="522"/>
				<Entity ENTITY_TYPE="Ad" FIRST_TOC_ENTRY_ID="55" DEPTH_LEVEL="1" INDEX_IN_DOC="55" PAGE_NO="6" NAME="Untitled Ad" ID="Ad00601" HREF="/6/Ad00601" SIZE="Large" IMAGES_RESOLUTION="160" WORDCNT="336"/>
				<Entity ENTITY_TYPE="Article" FIRST_TOC_ENTRY_ID="51" DEPTH_LEVEL="1" INDEX_IN_DOC="51" PAGE_NO="6" NAME="TODAY ON CAMPUS" ID="Ar00602" HREF="/6/Ar00602" SIZE="XLarge" IMAGES_RESOLUTION="160" WORDCNT="2564"/>
				<Entity ENTITY_TYPE="Article" FIRST_TOC_ENTRY_ID="53" DEPTH_LEVEL="1" INDEX_IN_DOC="53" PAGE_NO="6" NAME="WOSU Will Start Pasternak's Novel" ID="Ar00603" HREF="/6/Ar00603" SIZE="Small" IMAGES_RESOLUTION="160" WORDCNT="115"/>
				<Entity ENTITY_TYPE="Article" FIRST_TOC_ENTRY_ID="52" DEPTH_LEVEL="1" INDEX_IN_DOC="52" PAGE_NO="6" NAME="'Jazz Idiom 1 Set for Dec. 6" ID="Ar00604" HREF="/6/Ar00604" SIZE="Small" IMAGES_RESOLUTION="160" WORDCNT="143"/>
			</Page>
			<Page PAGE_NO="7" NAME="" PAGE_LABEL="7" ID="Pg007" PAGE_TYPE="Single" PAGE_WIDTH="862" PAGE_HEIGHT="1230" CROP_BOX="0 0 861 1229" MEDIA_BOX="0 0 861 1229" HREF="/7/Pg007" TOTAL_CHARS_COUNT="3351" SUSPICIOUS_CHARS_COUNT="0">
				<Entity ENTITY_TYPE="Article" FIRST_TOC_ENTRY_ID="59" DEPTH_LEVEL="1" INDEX_IN_DOC="59" PAGE_NO="7" NAME="Music Club Presents Renaissance Concert" ID="Ar00700" HREF="/7/Ar00700" SIZE="Medium" IMAGES_RESOLUTION="160" WORDCNT="243"/>
				<Entity ENTITY_TYPE="Article" FIRST_TOC_ENTRY_ID="56" DEPTH_LEVEL="1" INDEX_IN_DOC="56" PAGE_NO="7" NAME="Ohioana Unit Lists 18 Faculty Authors" ID="Ar00701" HREF="/7/Ar00701" SIZE="Medium" IMAGES_RESOLUTION="160" WORDCNT="345"/>
				<Entity ENTITY_TYPE="Article" FIRST_TOC_ENTRY_ID="60" DEPTH_LEVEL="1" INDEX_IN_DOC="60" PAGE_NO="7" NAME="Girl CrazyRated Superb" ID="Ar00702" HREF="/7/Ar00702" SIZE="Medium" IMAGES_RESOLUTION="160" WORDCNT="199"/>
				<Entity ENTITY_TYPE="Ad" FIRST_TOC_ENTRY_ID="61" DEPTH_LEVEL="1" INDEX_IN_DOC="61" PAGE_NO="7" NAME="Untitled Ad" ID="Ad00703" HREF="/7/Ad00703" SIZE="Medium" IMAGES_RESOLUTION="160" WORDCNT="56"/>
				<Entity ENTITY_TYPE="Ad" FIRST_TOC_ENTRY_ID="57" DEPTH_LEVEL="1" INDEX_IN_DOC="57" PAGE_NO="7" NAME="Untitled Ad" ID="Ad00704" HREF="/7/Ad00704" SIZE="Small" IMAGES_RESOLUTION="160" WORDCNT="33"/>
				<Entity ENTITY_TYPE="Ad" FIRST_TOC_ENTRY_ID="58" DEPTH_LEVEL="1" INDEX_IN_DOC="58" PAGE_NO="7" NAME="Untitled Ad" ID="Ad00705" HREF="/7/Ad00705" SIZE="Small" IMAGES_RESOLUTION="160" WORDCNT="57"/>
				<Entity ENTITY_TYPE="Ad" FIRST_TOC_ENTRY_ID="62" DEPTH_LEVEL="1" INDEX_IN_DOC="62" PAGE_NO="7" NAME="Untitled Ad" ID="Ad00706" HREF="/7/Ad00706" SIZE="XLarge" IMAGES_RESOLUTION="160" WORDCNT="337"/>
			</Page>
			<Page PAGE_NO="8" NAME="" PAGE_LABEL="8" ID="Pg008" PAGE_TYPE="Single" PAGE_WIDTH="872" PAGE_HEIGHT="1253" CROP_BOX="0 0 871 1252" MEDIA_BOX="0 0 871 1252" HREF="/8/Pg008" TOTAL_CHARS_COUNT="6153" SUSPICIOUS_CHARS_COUNT="0">
				<Entity ENTITY_TYPE="Article" FIRST_TOC_ENTRY_ID="63" DEPTH_LEVEL="1" INDEX_IN_DOC="63" PAGE_NO="8" NAME="THE WEEK'S NEWS IN REVIEW" ID="Ar00800" HREF="/8/Ar00800" SIZE="XLarge" IMAGES_RESOLUTION="160" WORDCNT="851"/>
				<Entity ENTITY_TYPE="Article" FIRST_TOC_ENTRY_ID="64" DEPTH_LEVEL="1" INDEX_IN_DOC="64" PAGE_NO="8" NAME="Final Examination Schedule" ID="Ar00801" HREF="/8/Ar00801" SIZE="Large" IMAGES_RESOLUTION="160" WORDCNT="636"/>
				<Entity ENTITY_TYPE="Ad" FIRST_TOC_ENTRY_ID="65" DEPTH_LEVEL="1" INDEX_IN_DOC="65" PAGE_NO="8" NAME="Untitled Ad" ID="Ad00802" HREF="/8/Ad00802" SIZE="XLarge" IMAGES_RESOLUTION="160" WORDCNT="244"/>
			</Page>
		</Section>
	</Body_np>
	<Logic_np><TOC_Entries><TOC_Entry TOC_ENTRY_ID="1" TITLE="This Old House Is Tumbling, But Better D..." ENTITY_ID_REF="Ar00100" PAGE_NO="1" PAGE_LABEL="1" PRIM_ID_REF="Ar0010000" IS_IC="true"><TOC_Entry TOC_ENTRY_ID="2" TITLE="" ENTITY_ID_REF="Pc00105" PAGE_NO="1" PAGE_LABEL="1" PRIM_ID_REF="Pc0010500" IS_IC="true"/></TOC_Entry><TOC_Entry TOC_ENTRY_ID="3" TITLE="WEATHER" ENTITY_ID_REF="Ar00107" PAGE_NO="1" PAGE_LABEL="1" PRIM_ID_REF="Ar0010700" IS_IC="true"><TOC_Entry TOC_ENTRY_ID="4" TITLE="" ENTITY_ID_REF="Pc00108" PAGE_NO="1" PAGE_LABEL="1" PRIM_ID_REF="Pc0010800" IS_IC="true"/></TOC_Entry><TOC_Entry TOC_ENTRY_ID="5" TITLE="Bulganin Critically III In Moscow Hospit..." ENTITY_ID_REF="Ar00101" PAGE_NO="1" PAGE_LABEL="1" PRIM_ID_REF="Ar0010100" IS_IC="true"/><TOC_Entry TOC_ENTRY_ID="6" TITLE="DIRECTORY OUT The new University directo..." ENTITY_ID_REF="Ar00106" PAGE_NO="1" PAGE_LABEL="1" PRIM_ID_REF="Ar0010600" IS_IC="true"/><TOC_Entry TOC_ENTRY_ID="7" TITLE="Woody's Secret Weapon . . . Feed That Li..." ENTITY_ID_REF="Ar00103" PAGE_NO="1" PAGE_LABEL="1" PRIM_ID_REF="Ar0010300" IS_IC="true"/><TOC_Entry TOC_ENTRY_ID="8" TITLE="Report Heard On Attacks" ENTITY_ID_REF="Ar00102" PAGE_NO="1" PAGE_LABEL="1" PRIM_ID_REF="Ar0010200" IS_IC="true"/><TOC_Entry TOC_ENTRY_ID="9" TITLE="Bands of World To Be Saluted" ENTITY_ID_REF="Ar00104" PAGE_NO="1" PAGE_LABEL="1" PRIM_ID_REF="Ar0010400" IS_IC="true"/><TOC_Entry TOC_ENTRY_ID="10" TITLE="Woody Hayes And Friends" ENTITY_ID_REF="Ar00200" PAGE_NO="2" PAGE_LABEL="2" PRIM_ID_REF="Ar0020000" IS_IC="true"/><TOC_Entry TOC_ENTRY_ID="11" TITLE="Good Luck, Bennie" ENTITY_ID_REF="Ar00205" PAGE_NO="2" PAGE_LABEL="2" PRIM_ID_REF="Ar0020500" IS_IC="true"/><TOC_Entry TOC_ENTRY_ID="12" TITLE="Bubbles Aid OSU Study Of Rockets" ENTITY_ID_REF="Ar00201" PAGE_NO="2" PAGE_LABEL="2" PRIM_ID_REF="Ar0020100" IS_IC="true"/><TOC_Entry TOC_ENTRY_ID="13" TITLE="ColblJCUL QhoMJwadA," ENTITY_ID_REF="Ar00206" PAGE_NO="2" PAGE_LABEL="2" PRIM_ID_REF="Ar0020600" IS_IC="true"/><TOC_Entry TOC_ENTRY_ID="14" TITLE="LITTLE MAN ON CAMPUS" ENTITY_ID_REF="Ar00204" PAGE_NO="2" PAGE_LABEL="2" PRIM_ID_REF="Ar0020400" IS_IC="true"><TOC_Entry TOC_ENTRY_ID="15" TITLE="" ENTITY_ID_REF="Pc00202" PAGE_NO="2" PAGE_LABEL="2" PRIM_ID_REF="Pc0020200" IS_IC="true"/></TOC_Entry><TOC_Entry TOC_ENTRY_ID="16" TITLE="Ohio State- TrioAnma. LANTERN STAFF Mana..." ENTITY_ID_REF="Ar00203" PAGE_NO="2" PAGE_LABEL="2" PRIM_ID_REF="Ar0020300" IS_IC="true"/><TOC_Entry TOC_ENTRY_ID="17" TITLE="Play Within A Play As Cast Rehearses" ENTITY_ID_REF="Ar00300" PAGE_NO="3" PAGE_LABEL="3" PRIM_ID_REF="Ar0030000" IS_IC="true"/><TOC_Entry TOC_ENTRY_ID="18" TITLE="OSU Grads Lauded for Advancement" ENTITY_ID_REF="Ar00301" PAGE_NO="3" PAGE_LABEL="3" PRIM_ID_REF="Ar0030100" IS_IC="true"/><TOC_Entry TOC_ENTRY_ID="19" TITLE="" ENTITY_ID_REF="Ad00303" PAGE_NO="3" PAGE_LABEL="3" PRIM_ID_REF="Ad0030301" IS_IC="true"/><TOC_Entry TOC_ENTRY_ID="20" TITLE="Mirror of the Campus" ENTITY_ID_REF="Ar00302" PAGE_NO="3" PAGE_LABEL="3" PRIM_ID_REF="Ar0030200" IS_IC="true"/><TOC_Entry TOC_ENTRY_ID="21" TITLE="" ENTITY_ID_REF="Ad00304" PAGE_NO="3" PAGE_LABEL="3" PRIM_ID_REF="Ad0030401" IS_IC="true"/><TOC_Entry TOC_ENTRY_ID="22" TITLE="" ENTITY_ID_REF="Ad00305" PAGE_NO="3" PAGE_LABEL="3" PRIM_ID_REF="Ad0030501" IS_IC="true"/><TOC_Entry TOC_ENTRY_ID="23" TITLE="17 Bucks In Grid Finale" ENTITY_ID_REF="Ar00400" PAGE_NO="4" PAGE_LABEL="4" PRIM_ID_REF="Ar0040000" IS_IC="true"><TOC_Entry TOC_ENTRY_ID="24" TITLE="" ENTITY_ID_REF="Pc00405" PAGE_NO="4" PAGE_LABEL="4" PRIM_ID_REF="Pc0040500" IS_IC="true"/><TOC_Entry TOC_ENTRY_ID="25" TITLE="" ENTITY_ID_REF="Pc00406" PAGE_NO="4" PAGE_LABEL="4" PRIM_ID_REF="Pc0040600" IS_IC="true"/><TOC_Entry TOC_ENTRY_ID="26" TITLE="" ENTITY_ID_REF="Pc00407" PAGE_NO="4" PAGE_LABEL="4" PRIM_ID_REF="Pc0040700" IS_IC="true"/><TOC_Entry TOC_ENTRY_ID="27" TITLE="" ENTITY_ID_REF="Pc00408" PAGE_NO="4" PAGE_LABEL="4" PRIM_ID_REF="Pc0040800" IS_IC="true"/><TOC_Entry TOC_ENTRY_ID="28" TITLE="" ENTITY_ID_REF="Pc00409" PAGE_NO="4" PAGE_LABEL="4" PRIM_ID_REF="Pc0040900" IS_IC="true"/><TOC_Entry TOC_ENTRY_ID="29" TITLE="" ENTITY_ID_REF="Pc00410" PAGE_NO="4" PAGE_LABEL="4" PRIM_ID_REF="Pc0041000" IS_IC="true"/><TOC_Entry TOC_ENTRY_ID="30" TITLE="" ENTITY_ID_REF="Pc00411" PAGE_NO="4" PAGE_LABEL="4" PRIM_ID_REF="Pc0041100" IS_IC="true"/><TOC_Entry TOC_ENTRY_ID="31" TITLE="" ENTITY_ID_REF="Pc00412" PAGE_NO="4" PAGE_LABEL="4" PRIM_ID_REF="Pc0041200" IS_IC="true"/><TOC_Entry TOC_ENTRY_ID="32" TITLE="" ENTITY_ID_REF="Pc00413" PAGE_NO="4" PAGE_LABEL="4" PRIM_ID_REF="Pc0041300" IS_IC="true"/><TOC_Entry TOC_ENTRY_ID="33" TITLE="" ENTITY_ID_REF="Pc00414" PAGE_NO="4" PAGE_LABEL="4" PRIM_ID_REF="Pc0041400" IS_IC="true"/><TOC_Entry TOC_ENTRY_ID="34" TITLE="" ENTITY_ID_REF="Pc00415" PAGE_NO="4" PAGE_LABEL="4" PRIM_ID_REF="Pc0041500" IS_IC="true"/><TOC_Entry TOC_ENTRY_ID="35" TITLE="" ENTITY_ID_REF="Pc00416" PAGE_NO="4" PAGE_LABEL="4" PRIM_ID_REF="Pc0041600" IS_IC="true"/></TOC_Entry><TOC_Entry TOC_ENTRY_ID="36" TITLE="Soccer Boss Named" ENTITY_ID_REF="Ar00401" PAGE_NO="4" PAGE_LABEL="4" PRIM_ID_REF="Ar0040100" IS_IC="true"/><TOC_Entry TOC_ENTRY_ID="37" TITLE="Bennie, 11 Wolves In Last Game" ENTITY_ID_REF="Ar00402" PAGE_NO="4" PAGE_LABEL="4" PRIM_ID_REF="Ar0040200" IS_IC="true"/><TOC_Entry TOC_ENTRY_ID="38" TITLE="UM-OSU Game on TV" ENTITY_ID_REF="Ar00403" PAGE_NO="4" PAGE_LABEL="4" PRIM_ID_REF="Ar0040300" IS_IC="true"/><TOC_Entry TOC_ENTRY_ID="39" TITLE="Betas Capture Fraternity Crown" ENTITY_ID_REF="Ar00404" PAGE_NO="4" PAGE_LABEL="4" PRIM_ID_REF="Ar0040400" IS_IC="true"/><TOC_Entry TOC_ENTRY_ID="40" TITLE="Frank May Miss 'Big One'" ENTITY_ID_REF="Ar00506" PAGE_NO="5" PAGE_LABEL="5" PRIM_ID_REF="Ar0050600" IS_IC="true"><TOC_Entry TOC_ENTRY_ID="41" TITLE="" ENTITY_ID_REF="Pc00505" PAGE_NO="5" PAGE_LABEL="5" PRIM_ID_REF="Pc0050500" IS_IC="true"/><TOC_Entry TOC_ENTRY_ID="42" TITLE="" ENTITY_ID_REF="Pc00507" PAGE_NO="5" PAGE_LABEL="5" PRIM_ID_REF="Pc0050700" IS_IC="true"/><TOC_Entry TOC_ENTRY_ID="43" TITLE="" ENTITY_ID_REF="Pc00508" PAGE_NO="5" PAGE_LABEL="5" PRIM_ID_REF="Pc0050800" IS_IC="true"/><TOC_Entry TOC_ENTRY_ID="44" TITLE="" ENTITY_ID_REF="Pc00509" PAGE_NO="5" PAGE_LABEL="5" PRIM_ID_REF="Pc0050900" IS_IC="true"/><TOC_Entry TOC_ENTRY_ID="45" TITLE="" ENTITY_ID_REF="Pc00510" PAGE_NO="5" PAGE_LABEL="5" PRIM_ID_REF="Pc0051000" IS_IC="true"/></TOC_Entry><TOC_Entry TOC_ENTRY_ID="46" TITLE="" ENTITY_ID_REF="Ad00502" PAGE_NO="5" PAGE_LABEL="5" PRIM_ID_REF="Ad0050201" IS_IC="true"/><TOC_Entry TOC_ENTRY_ID="47" TITLE="" ENTITY_ID_REF="Ad00501" PAGE_NO="5" PAGE_LABEL="5" PRIM_ID_REF="Ad0050101" IS_IC="true"/><TOC_Entry TOC_ENTRY_ID="48" TITLE="" ENTITY_ID_REF="Ad00500" PAGE_NO="5" PAGE_LABEL="5" PRIM_ID_REF="Ad0050001" IS_IC="true"/><TOC_Entry TOC_ENTRY_ID="49" TITLE="Ducat Sale May Set Record" ENTITY_ID_REF="Ar00504" PAGE_NO="5" PAGE_LABEL="5" PRIM_ID_REF="Ar0050400" IS_IC="true"/><TOC_Entry TOC_ENTRY_ID="50" TITLE="" ENTITY_ID_REF="Ad00503" PAGE_NO="5" PAGE_LABEL="5" PRIM_ID_REF="Ad0050301" IS_IC="true"/><TOC_Entry TOC_ENTRY_ID="51" TITLE="TODAY ON CAMPUS" ENTITY_ID_REF="Ar00602" PAGE_NO="6" PAGE_LABEL="6" PRIM_ID_REF="Ar0060200" IS_IC="true"/><TOC_Entry TOC_ENTRY_ID="52" TITLE="'Jazz Idiom 1 Set for Dec. 6" ENTITY_ID_REF="Ar00604" PAGE_NO="6" PAGE_LABEL="6" PRIM_ID_REF="Ar0060400" IS_IC="true"/><TOC_Entry TOC_ENTRY_ID="53" TITLE="WOSU Will Start Pasternak's Novel" ENTITY_ID_REF="Ar00603" PAGE_NO="6" PAGE_LABEL="6" PRIM_ID_REF="Ar0060300" IS_IC="true"/><TOC_Entry TOC_ENTRY_ID="54" TITLE="QLaAM^JL&amp;dlk RATES Regular Classified 44..." ENTITY_ID_REF="Ar00600" PAGE_NO="6" PAGE_LABEL="6" PRIM_ID_REF="Ar0060000" IS_IC="true"/><TOC_Entry TOC_ENTRY_ID="55" TITLE="" ENTITY_ID_REF="Ad00601" PAGE_NO="6" PAGE_LABEL="6" PRIM_ID_REF="Ad0060101" IS_IC="true"/><TOC_Entry TOC_ENTRY_ID="56" TITLE="Ohioana Unit Lists 18 Faculty Authors" ENTITY_ID_REF="Ar00701" PAGE_NO="7" PAGE_LABEL="7" PRIM_ID_REF="Ar0070100" IS_IC="true"/><TOC_Entry TOC_ENTRY_ID="57" TITLE="" ENTITY_ID_REF="Ad00704" PAGE_NO="7" PAGE_LABEL="7" PRIM_ID_REF="Ad0070401" IS_IC="true"/><TOC_Entry TOC_ENTRY_ID="58" TITLE="" ENTITY_ID_REF="Ad00705" PAGE_NO="7" PAGE_LABEL="7" PRIM_ID_REF="Ad0070501" IS_IC="true"/><TOC_Entry TOC_ENTRY_ID="59" TITLE="Music Club Presents Renaissance Concert" ENTITY_ID_REF="Ar00700" PAGE_NO="7" PAGE_LABEL="7" PRIM_ID_REF="Ar0070000" IS_IC="true"/><TOC_Entry TOC_ENTRY_ID="60" TITLE="Girl CrazyRated Superb" ENTITY_ID_REF="Ar00702" PAGE_NO="7" PAGE_LABEL="7" PRIM_ID_REF="Ar0070200" IS_IC="true"/><TOC_Entry TOC_ENTRY_ID="61" TITLE="" ENTITY_ID_REF="Ad00703" PAGE_NO="7" PAGE_LABEL="7" PRIM_ID_REF="Ad0070301" IS_IC="true"/><TOC_Entry TOC_ENTRY_ID="62" TITLE="" ENTITY_ID_REF="Ad00706" PAGE_NO="7" PAGE_LABEL="7" PRIM_ID_REF="Ad0070601" IS_IC="true"/><TOC_Entry TOC_ENTRY_ID="63" TITLE="THE WEEK'S NEWS IN REVIEW" ENTITY_ID_REF="Ar00800" PAGE_NO="8" PAGE_LABEL="8" PRIM_ID_REF="Ar0080000" IS_IC="true"/><TOC_Entry TOC_ENTRY_ID="64" TITLE="Final Examination Schedule" ENTITY_ID_REF="Ar00801" PAGE_NO="8" PAGE_LABEL="8" PRIM_ID_REF="Ar0080100" IS_IC="true"/><TOC_Entry TOC_ENTRY_ID="65" TITLE="" ENTITY_ID_REF="Ad00802" PAGE_NO="8" PAGE_LABEL="8" PRIM_ID_REF="Ad0080201" IS_IC="true"/></TOC_Entries></Logic_np></Xmd_toc>
