<?xml version="1.0" encoding="windows-1252" standalone="no"?>
<Xmd_toc REPOSITORY_FORMAT="1.0" PRXML_VER="2.2" PUBLICATION="OHI" PUBLICATION_DESCRIPTION="" ISSUE_DATE="03/11/1958" RELEASE_NO="060-OHI-1958-11-03-001-SINGLE-LANTERN_VOL-78_JUN26-JUN8_NOV_001" LANGUAGE="English">
	<Head_np>
		<Meta PAGES_NUMBER="8" SOURCE_TYPE="TIFF" SOURCE_RESOLUTION="72" IMAGES_RESOLUTION="160" PAGE_THUMBNAIL_RESOLUTION="72" PAGE_PREVIEW_RESOLUTION="15" DEFAULT_IMG_EXT="png" DEFAULT_PREVIEW_IMG_EXT="png" BASE_HREF="OHI/1958/11/03" PDF_DESTINATION_MAPPED="OLV0_Page_0001" TITLE_SNP_EXT="png" AD_SNP_EXT="png" IMAGE_SNP_EXT="jpg" MULTI_LAYER_PAGE_IMG="false" IS_SOLID="false" DOC_DATE="03/11/1958" DOC_UID="OHI_03/11/1958" DOC_VER="1" OCR_CONFIDENCE="1.000" TOTAL_CHARS_COUNT="52512" SUSPICIOUS_CHARS_COUNT="0">
			<Publisher XMD_VER="2.6.241.51" ACROBAT_VER="7.08" PUBLISHER="Olive" PROFILE_ID="W:\Batch\Profile\OHI-1958-11-03.ini">
				<PublishDate>Tue, 24 May 2011 14:53:20 UTC</PublishDate>
				<PublishSWFCompatible>false</PublishSWFCompatible>
			</Publisher>
			<Resolutions>
				<Resolution DEFAULT="true">72</Resolution>
			</Resolutions>
		</Meta>
		<Link SOURCE="060-OHI-1958-11-03-001-SINGLE-LANTERN_VOL-78_JUN26-JUN8_NOV_001.pdf"/>
		<DataFiles>
			<Files TYPE="DOC_PDF" PRESENT="1"/>
			<Files TYPE="PAGE_PDF" PRESENT="0"/>
			<Files TYPE="DOC_IMG" PRESENT="0"/>
			<Files TYPE="PAGE_IMG" PRESENT="0"/>
			<Files TYPE="PAGE_VIEW_IMG" PRESENT="1"/>
			<Files TYPE="PAGE_PREVIEW_IMG" PRESENT="1"/>
			<Files TYPE="PRIMITIVE_IMG" PRESENT="1"/>
			<Files TYPE="SNIPPET_IMG" PRESENT="1"/>
			<Files TYPE="SEGMENTATION" PRESENT="0"/>
			<Files TYPE="PAGINATION_TEMPLATE_BACKGROUND" PRESENT="0"/>
			<Files TYPE="EXTERNAL_FONTS" PRESENT="0"/>
			<Files TYPE="PROFILE" PRESENT="0"/>
		</DataFiles>
	</Head_np>
	<Body_np>
		<Section NAME="Front page">
			<Page PAGE_NO="1" NAME="" PAGE_LABEL="1" ID="Pg001" PAGE_TYPE="Single" PAGE_WIDTH="870" PAGE_HEIGHT="1239" CROP_BOX="0 0 869 1238" MEDIA_BOX="0 0 869 1238" HREF="/1/Pg001" TOTAL_CHARS_COUNT="6715" SUSPICIOUS_CHARS_COUNT="0">
				<Entity ENTITY_TYPE="Article" FIRST_TOC_ENTRY_ID="1" DEPTH_LEVEL="1" INDEX_IN_DOC="1" PAGE_NO="1" NAME="New Course To Analyze News. Events" ID="Ar00100" HREF="/1/Ar00100" SIZE="Medium" IMAGES_RESOLUTION="160" WORDCNT="331"/>
				<Entity ENTITY_TYPE="Article" FIRST_TOC_ENTRY_ID="2" DEPTH_LEVEL="1" INDEX_IN_DOC="2" PAGE_NO="1" NAME="WOSU Airs '58 Festival" ID="Ar00101" HREF="/1/Ar00101" SIZE="Small" IMAGES_RESOLUTION="160" WORDCNT="140"/>
				<Entity ENTITY_TYPE="Article" FIRST_TOC_ENTRY_ID="3" DEPTH_LEVEL="1" INDEX_IN_DOC="3" PAGE_NO="1" NAME="Purdue Golden Girl Won't Wiggle Here" ID="Ar00102" HREF="/1/Ar00102" SIZE="Medium" IMAGES_RESOLUTION="160" WORDCNT="382"/>
				<Entity ENTITY_TYPE="Article" FIRST_TOC_ENTRY_ID="7" DEPTH_LEVEL="1" INDEX_IN_DOC="7" PAGE_NO="1" NAME="Farmer Named '58 Dad of Dads" ID="Ar00103" HREF="/1/Ar00103" SIZE="Medium" IMAGES_RESOLUTION="160" WORDCNT="230"/>
				<Entity ENTITY_TYPE="Article" FIRST_TOC_ENTRY_ID="8" DEPTH_LEVEL="1" INDEX_IN_DOC="8" PAGE_NO="1" NAME="BULLETINS" ID="Ar00104" HREF="/1/Ar00104" SIZE="Small" IMAGES_RESOLUTION="160" WORDCNT="143"/>
				<Entity ENTITY_TYPE="Article" FIRST_TOC_ENTRY_ID="9" DEPTH_LEVEL="1" INDEX_IN_DOC="9" PAGE_NO="1" NAME="Football Spot Cams on- sate . inside" ID="Ar00105" HREF="/1/Ar00105" SIZE="Small" IMAGES_RESOLUTION="160" WORDCNT="33"/>
				<Entity ENTITY_TYPE="Article" FIRST_TOC_ENTRY_ID="11" DEPTH_LEVEL="1" INDEX_IN_DOC="11" PAGE_NO="1" NAME="Lecture Set For Seminar" ID="Ar00106" HREF="/1/Ar00106" SIZE="Small" IMAGES_RESOLUTION="160" WORDCNT="143"/>
				<Entity ENTITY_TYPE="Article" FIRST_TOC_ENTRY_ID="13" DEPTH_LEVEL="1" INDEX_IN_DOC="13" PAGE_NO="1" NAME="Card Probe Catches Two" ID="Ar00107" HREF="/1/Ar00107" SIZE="Small" IMAGES_RESOLUTION="160" WORDCNT="121"/>
				<Entity ENTITY_TYPE="Picture" FIRST_TOC_ENTRY_ID="4" DEPTH_LEVEL="2" INDEX_IN_DOC="4" PAGE_NO="1" NAME="Untitled Picture" ID="Pc00108" HREF="/1/Pc00108" SIZE="Large" EMBEDDED_INTO="Ar00102" EMBEDDED_AFTER="Ar0010200" EMBEDDED_ABOVE="1" IMAGES_RESOLUTION="160" WORDCNT="0"/>
				<Entity ENTITY_TYPE="Article" FIRST_TOC_ENTRY_ID="5" DEPTH_LEVEL="1" INDEX_IN_DOC="5" PAGE_NO="1" NAME="Untitled Article" ID="Ar00109" HREF="/1/Ar00109" SIZE="Small" IMAGES_RESOLUTION="160" WORDCNT="10"/>
				<Entity ENTITY_TYPE="Picture" FIRST_TOC_ENTRY_ID="6" DEPTH_LEVEL="2" INDEX_IN_DOC="6" PAGE_NO="1" NAME="Untitled Picture" ID="Pc00110" HREF="/1/Pc00110" SIZE="Small" EMBEDDED_INTO="Ar00109" EMBEDDED_AFTER="Ar0010900" EMBEDDED_RIGHT="1" IMAGES_RESOLUTION="160" WORDCNT="0"/>
				<Entity ENTITY_TYPE="Article" FIRST_TOC_ENTRY_ID="12" DEPTH_LEVEL="1" INDEX_IN_DOC="12" PAGE_NO="1" NAME="SUPERSTITION WINS" ID="Ar00111" HREF="/1/Ar00111" SIZE="Small" IMAGES_RESOLUTION="160" WORDCNT="57"/>
				<Entity ENTITY_TYPE="Picture" FIRST_TOC_ENTRY_ID="10" DEPTH_LEVEL="2" INDEX_IN_DOC="10" PAGE_NO="1" NAME="Untitled Picture" ID="Pc00112" HREF="/1/Pc00112" SIZE="Small" EMBEDDED_INTO="Ar00105" EMBEDDED_AFTER="Ar0010500" EMBEDDED_INTERSECT="1" IMAGES_RESOLUTION="160" WORDCNT="0"/>
			</Page>
		</Section>
		<Section NAME="None">
			<Page PAGE_NO="2" NAME="" PAGE_LABEL="2" ID="Pg002" PAGE_TYPE="Single" PAGE_WIDTH="859" PAGE_HEIGHT="1243" CROP_BOX="0 0 858 1242" MEDIA_BOX="0 0 858 1242" HREF="/2/Pg002" TOTAL_CHARS_COUNT="8576" SUSPICIOUS_CHARS_COUNT="0">
				<Entity ENTITY_TYPE="Article" FIRST_TOC_ENTRY_ID="14" DEPTH_LEVEL="1" INDEX_IN_DOC="14" PAGE_NO="2" NAME="Discrimination" ID="Ar00200" HREF="/2/Ar00200" SIZE="Large" IMAGES_RESOLUTION="160" WORDCNT="579"/>
				<Entity ENTITY_TYPE="Article" FIRST_TOC_ENTRY_ID="15" DEPTH_LEVEL="1" INDEX_IN_DOC="15" PAGE_NO="2" NAME="Army Has Speedy Machine" ID="Ar00201" HREF="/2/Ar00201" SIZE="Small" IMAGES_RESOLUTION="160" WORDCNT="127"/>
				<Entity ENTITY_TYPE="Article" FIRST_TOC_ENTRY_ID="16" DEPTH_LEVEL="1" INDEX_IN_DOC="16" PAGE_NO="2" NAME="Untitled Article" ID="Ar00202" HREF="/2/Ar00202" SIZE="Small" IMAGES_RESOLUTION="160" WORDCNT="221"/>
				<Entity ENTITY_TYPE="Article" FIRST_TOC_ENTRY_ID="19" DEPTH_LEVEL="1" INDEX_IN_DOC="19" PAGE_NO="2" NAME="Hope Says Elections Are Simpler in Russia" ID="Ar00203" HREF="/2/Ar00203" SIZE="Large" IMAGES_RESOLUTION="160" WORDCNT="606"/>
				<Entity ENTITY_TYPE="Picture" FIRST_TOC_ENTRY_ID="18" DEPTH_LEVEL="2" INDEX_IN_DOC="18" PAGE_NO="2" NAME="Untitled Picture" ID="Pc00204" HREF="/2/Pc00204" SIZE="Medium" EMBEDDED_INTO="Ar00207" EMBEDDED_AFTER="Ar0020700" EMBEDDED_BELOW="1" IMAGES_RESOLUTION="160" WORDCNT="0"/>
				<Entity ENTITY_TYPE="Article" FIRST_TOC_ENTRY_ID="21" DEPTH_LEVEL="1" INDEX_IN_DOC="21" PAGE_NO="2" NAME="Editor's Mail Bag" ID="Ar00205" HREF="/2/Ar00205" SIZE="Small" IMAGES_RESOLUTION="160" WORDCNT="125"/>
				<Entity ENTITY_TYPE="Article" FIRST_TOC_ENTRY_ID="22" DEPTH_LEVEL="1" INDEX_IN_DOC="22" PAGE_NO="2" NAME="Bird Cage Signals Are on Way Out" ID="Ar00206" HREF="/2/Ar00206" SIZE="Small" IMAGES_RESOLUTION="160" WORDCNT="144"/>
				<Entity ENTITY_TYPE="Article" FIRST_TOC_ENTRY_ID="17" DEPTH_LEVEL="1" INDEX_IN_DOC="17" PAGE_NO="2" NAME="Untitled Article" ID="Ar00207" HREF="/2/Ar00207" SIZE="Small" IMAGES_RESOLUTION="160" WORDCNT="7"/>
				<Entity ENTITY_TYPE="Article" FIRST_TOC_ENTRY_ID="23" DEPTH_LEVEL="1" INDEX_IN_DOC="23" PAGE_NO="2" NAME="Good Old Days" ID="Ar00208" HREF="/2/Ar00208" SIZE="Small" IMAGES_RESOLUTION="160" WORDCNT="54"/>
				<Entity ENTITY_TYPE="Article" FIRST_TOC_ENTRY_ID="20" DEPTH_LEVEL="1" INDEX_IN_DOC="20" PAGE_NO="2" NAME="LEASE-BREAKER" ID="Ar00209" HREF="/2/Ar00209" SIZE="Small" IMAGES_RESOLUTION="160" WORDCNT="97"/>
			</Page>
			<Page PAGE_NO="3" NAME="" PAGE_LABEL="3" ID="Pg003" PAGE_TYPE="Single" PAGE_WIDTH="865" PAGE_HEIGHT="1242" CROP_BOX="0 0 864 1241" MEDIA_BOX="0 0 864 1241" HREF="/3/Pg003" TOTAL_CHARS_COUNT="6633" SUSPICIOUS_CHARS_COUNT="0">
				<Entity ENTITY_TYPE="Article" FIRST_TOC_ENTRY_ID="24" DEPTH_LEVEL="1" INDEX_IN_DOC="24" PAGE_NO="3" NAME="Old Text Displayed" ID="Ar00300" HREF="/3/Ar00300" SIZE="Small" IMAGES_RESOLUTION="160" WORDCNT="64"/>
				<Entity ENTITY_TYPE="Picture" FIRST_TOC_ENTRY_ID="25" DEPTH_LEVEL="2" INDEX_IN_DOC="25" PAGE_NO="3" NAME="Untitled Picture" ID="Pc00301" HREF="/3/Pc00301" SIZE="Medium" EMBEDDED_INTO="Ar00300" EMBEDDED_AFTER="Ar0030001" EMBEDDED_ABOVE="1" IMAGES_RESOLUTION="160" WORDCNT="0"/>
				<Entity ENTITY_TYPE="Article" FIRST_TOC_ENTRY_ID="26" DEPTH_LEVEL="1" INDEX_IN_DOC="26" PAGE_NO="3" NAME="Crash Cause Revealed By Hypnotic Test" ID="Ar00302" HREF="/3/Ar00302" SIZE="Large" IMAGES_RESOLUTION="160" WORDCNT="572"/>
				<Entity ENTITY_TYPE="Article" FIRST_TOC_ENTRY_ID="27" DEPTH_LEVEL="1" INDEX_IN_DOC="27" PAGE_NO="3" NAME="Ship Saves 7; U.S. Pays Off" ID="Ar00303" HREF="/3/Ar00303" SIZE="Small" IMAGES_RESOLUTION="160" WORDCNT="237"/>
				<Entity ENTITY_TYPE="Article" FIRST_TOC_ENTRY_ID="28" DEPTH_LEVEL="1" INDEX_IN_DOC="28" PAGE_NO="3" NAME="WOSU Schedules Exchange Coeds" ID="Ar00304" HREF="/3/Ar00304" SIZE="Small" IMAGES_RESOLUTION="160" WORDCNT="214"/>
				<Entity ENTITY_TYPE="Article" FIRST_TOC_ENTRY_ID="30" DEPTH_LEVEL="1" INDEX_IN_DOC="30" PAGE_NO="3" NAME="Men's Glee Members Announced by Staiger" ID="Ar00305" HREF="/3/Ar00305" SIZE="Small" IMAGES_RESOLUTION="160" WORDCNT="185"/>
				<Entity ENTITY_TYPE="Article" FIRST_TOC_ENTRY_ID="29" DEPTH_LEVEL="1" INDEX_IN_DOC="29" PAGE_NO="3" NAME="Mirror of the Campus" ID="Ar00306" HREF="/3/Ar00306" SIZE="Small" IMAGES_RESOLUTION="160" WORDCNT="194"/>
				<Entity ENTITY_TYPE="Article" FIRST_TOC_ENTRY_ID="31" DEPTH_LEVEL="1" INDEX_IN_DOC="31" PAGE_NO="3" NAME="Mohawks Protest-State Income Tax" ID="Ar00307" HREF="/3/Ar00307" SIZE="Small" IMAGES_RESOLUTION="160" WORDCNT="136"/>
				<Entity ENTITY_TYPE="Ad" FIRST_TOC_ENTRY_ID="32" DEPTH_LEVEL="1" INDEX_IN_DOC="32" PAGE_NO="3" NAME="Untitled Ad" ID="Ad00308" HREF="/3/Ad00308" SIZE="Small" IMAGES_RESOLUTION="160" WORDCNT="65"/>
				<Entity ENTITY_TYPE="Ad" FIRST_TOC_ENTRY_ID="33" DEPTH_LEVEL="1" INDEX_IN_DOC="33" PAGE_NO="3" NAME="Untitled Ad" ID="Ad00309" HREF="/3/Ad00309" SIZE="Large" IMAGES_RESOLUTION="160" WORDCNT="122"/>
			</Page>
			<Page PAGE_NO="4" NAME="" PAGE_LABEL="4" ID="Pg004" PAGE_TYPE="Single" PAGE_WIDTH="872" PAGE_HEIGHT="1236" CROP_BOX="0 0 871 1235" MEDIA_BOX="0 0 871 1235" HREF="/4/Pg004" TOTAL_CHARS_COUNT="5064" SUSPICIOUS_CHARS_COUNT="0">
				<Entity ENTITY_TYPE="Article" FIRST_TOC_ENTRY_ID="34" DEPTH_LEVEL="1" INDEX_IN_DOC="34" PAGE_NO="4" NAME="Bucks' Dejected, Woody Lauds 'Cats" ID="Ar00400" HREF="/4/Ar00400" SIZE="Large" IMAGES_RESOLUTION="160" WORDCNT="416"/>
				<Entity ENTITY_TYPE="Article" FIRST_TOC_ENTRY_ID="35" DEPTH_LEVEL="1" INDEX_IN_DOC="35" PAGE_NO="4" NAME="Story of the Day" ID="Ar00401" HREF="/4/Ar00401" SIZE="Small" IMAGES_RESOLUTION="160" WORDCNT="103"/>
				<Entity ENTITY_TYPE="Picture" FIRST_TOC_ENTRY_ID="36" DEPTH_LEVEL="2" INDEX_IN_DOC="36" PAGE_NO="4" NAME="Untitled Picture" ID="Pc00402" HREF="/4/Pc00402" SIZE="Large" EMBEDDED_INTO="Ar00401" EMBEDDED_AFTER="Ar0040101" EMBEDDED_ABOVE="1" IMAGES_RESOLUTION="160" WORDCNT="0"/>
				<Entity ENTITY_TYPE="Article" FIRST_TOC_ENTRY_ID="37" DEPTH_LEVEL="1" INDEX_IN_DOC="37" PAGE_NO="4" NAME="TV Fans Watch Cats Claw Bucks" ID="Ar00403" HREF="/4/Ar00403" SIZE="Medium" IMAGES_RESOLUTION="160" WORDCNT="334"/>
				<Entity ENTITY_TYPE="Picture" FIRST_TOC_ENTRY_ID="40" DEPTH_LEVEL="2" INDEX_IN_DOC="40" PAGE_NO="4" NAME="Untitled Picture" ID="Pc00404" HREF="/4/Pc00404" SIZE="Medium" EMBEDDED_INTO="Ar00407" EMBEDDED_AFTER="Ar0040700" EMBEDDED_ABOVE="1" IMAGES_RESOLUTION="160" WORDCNT="0"/>
				<Entity ENTITY_TYPE="Article" FIRST_TOC_ENTRY_ID="41" DEPTH_LEVEL="1" INDEX_IN_DOC="41" PAGE_NO="4" NAME="White Holds Lend In Two Deportments" ID="Ar00405" HREF="/4/Ar00405" SIZE="Medium" IMAGES_RESOLUTION="160" WORDCNT="227"/>
				<Entity ENTITY_TYPE="Article" FIRST_TOC_ENTRY_ID="38" DEPTH_LEVEL="1" INDEX_IN_DOC="38" PAGE_NO="4" NAME="Magazines Feature Bucks" ID="Ar00406" HREF="/4/Ar00406" SIZE="Small" IMAGES_RESOLUTION="160" WORDCNT="75"/>
				<Entity ENTITY_TYPE="Article" FIRST_TOC_ENTRY_ID="39" DEPTH_LEVEL="1" INDEX_IN_DOC="39" PAGE_NO="4" NAME="Untitled Article" ID="Ar00407" HREF="/4/Ar00407" SIZE="Small" IMAGES_RESOLUTION="160" WORDCNT="47"/>
			</Page>
			<Page PAGE_NO="5" NAME="" PAGE_LABEL="5" ID="Pg005" PAGE_TYPE="Single" PAGE_WIDTH="867" PAGE_HEIGHT="1235" CROP_BOX="0 0 866 1234" MEDIA_BOX="0 0 866 1234" HREF="/5/Pg005" TOTAL_CHARS_COUNT="5092" SUSPICIOUS_CHARS_COUNT="0">
				<Entity ENTITY_TYPE="Article" FIRST_TOC_ENTRY_ID="42" DEPTH_LEVEL="1" INDEX_IN_DOC="42" PAGE_NO="5" NAME="'Great Thrill, 'Says Ara After OSU Win" ID="Ar00500" HREF="/5/Ar00500" SIZE="Large" IMAGES_RESOLUTION="160" WORDCNT="811"/>
				<Entity ENTITY_TYPE="Article" FIRST_TOC_ENTRY_ID="43" DEPTH_LEVEL="1" INDEX_IN_DOC="43" PAGE_NO="5" NAME="Yank Second Baseman Sought By Cleveland" ID="Ar00501" HREF="/5/Ar00501" SIZE="Medium" IMAGES_RESOLUTION="160" WORDCNT="209"/>
				<Entity ENTITY_TYPE="Ad" FIRST_TOC_ENTRY_ID="45" DEPTH_LEVEL="1" INDEX_IN_DOC="45" PAGE_NO="5" NAME="Untitled Ad" ID="Ad00502" HREF="/5/Ad00502" SIZE="Large" IMAGES_RESOLUTION="160" WORDCNT="149"/>
				<Entity ENTITY_TYPE="Ad" FIRST_TOC_ENTRY_ID="46" DEPTH_LEVEL="1" INDEX_IN_DOC="46" PAGE_NO="5" NAME="Untitled Ad" ID="Ad00503" HREF="/5/Ad00503" SIZE="XLarge" IMAGES_RESOLUTION="160" WORDCNT="450"/>
				<Entity ENTITY_TYPE="Article" FIRST_TOC_ENTRY_ID="44" DEPTH_LEVEL="1" INDEX_IN_DOC="44" PAGE_NO="5" NAME="Bucks Meet Boilermakers This Weekend" ID="Ar00504" HREF="/5/Ar00504" SIZE="Small" IMAGES_RESOLUTION="160" WORDCNT="118"/>
			</Page>
			<Page PAGE_NO="6" NAME="" PAGE_LABEL="6" ID="Pg006" PAGE_TYPE="Single" PAGE_WIDTH="872" PAGE_HEIGHT="1243" CROP_BOX="0 0 871 1242" MEDIA_BOX="0 0 871 1242" HREF="/6/Pg006" TOTAL_CHARS_COUNT="9496" SUSPICIOUS_CHARS_COUNT="0">
				<Entity ENTITY_TYPE="Article" FIRST_TOC_ENTRY_ID="47" DEPTH_LEVEL="1" INDEX_IN_DOC="47" PAGE_NO="6" NAME="Untitled Article" ID="Ar00600" HREF="/6/Ar00600" SIZE="Large" IMAGES_RESOLUTION="160" WORDCNT="1565"/>
				<Entity ENTITY_TYPE="Ad" FIRST_TOC_ENTRY_ID="52" DEPTH_LEVEL="1" INDEX_IN_DOC="52" PAGE_NO="6" NAME="Untitled Ad" ID="Ad00601" HREF="/6/Ad00601" SIZE="XLarge" IMAGES_RESOLUTION="160" WORDCNT="346"/>
				<Entity ENTITY_TYPE="Article" FIRST_TOC_ENTRY_ID="48" DEPTH_LEVEL="1" INDEX_IN_DOC="48" PAGE_NO="6" NAME="Untitled Article" ID="Ar00602" HREF="/6/Ar00602" SIZE="Medium" IMAGES_RESOLUTION="160" WORDCNT="415"/>
				<Entity ENTITY_TYPE="Article" FIRST_TOC_ENTRY_ID="51" DEPTH_LEVEL="1" INDEX_IN_DOC="51" PAGE_NO="6" NAME="Researchers Study Rocket Problems" ID="Ar00603" HREF="/6/Ar00603" SIZE="Medium" IMAGES_RESOLUTION="160" WORDCNT="353"/>
				<Entity ENTITY_TYPE="Article" FIRST_TOC_ENTRY_ID="49" DEPTH_LEVEL="1" INDEX_IN_DOC="49" PAGE_NO="6" NAME="Untitled Article" ID="Ar00604" HREF="/6/Ar00604" SIZE="Small" IMAGES_RESOLUTION="160" WORDCNT="153"/>
				<Entity ENTITY_TYPE="Picture" FIRST_TOC_ENTRY_ID="50" DEPTH_LEVEL="2" INDEX_IN_DOC="50" PAGE_NO="6" NAME="Untitled Picture" ID="Pc00605" HREF="/6/Pc00605" SIZE="Small" EMBEDDED_INTO="Ar00604" EMBEDDED_AFTER="Ar0060400" EMBEDDED_ABOVE="1" IMAGES_RESOLUTION="160" WORDCNT="0"/>
			</Page>
			<Page PAGE_NO="7" NAME="" PAGE_LABEL="7" ID="Pg007" PAGE_TYPE="Single" PAGE_WIDTH="868" PAGE_HEIGHT="1241" CROP_BOX="0 0 867 1240" MEDIA_BOX="0 0 867 1240" HREF="/7/Pg007" TOTAL_CHARS_COUNT="3524" SUSPICIOUS_CHARS_COUNT="0">
				<Entity ENTITY_TYPE="Article" FIRST_TOC_ENTRY_ID="53" DEPTH_LEVEL="1" INDEX_IN_DOC="53" PAGE_NO="7" NAME="Coed, 19, Termed ' Part-Time Mom'" ID="Ar00700" HREF="/7/Ar00700" SIZE="Large" IMAGES_RESOLUTION="160" WORDCNT="536"/>
				<Entity ENTITY_TYPE="Ad" FIRST_TOC_ENTRY_ID="54" DEPTH_LEVEL="1" INDEX_IN_DOC="54" PAGE_NO="7" NAME="Untitled Ad" ID="Ad00701" HREF="/7/Ad00701" SIZE="Medium" IMAGES_RESOLUTION="160" WORDCNT="65"/>
				<Entity ENTITY_TYPE="Ad" FIRST_TOC_ENTRY_ID="57" DEPTH_LEVEL="1" INDEX_IN_DOC="57" PAGE_NO="7" NAME="Untitled Ad" ID="Ad00702" HREF="/7/Ad00702" SIZE="Medium" IMAGES_RESOLUTION="160" WORDCNT="321"/>
				<Entity ENTITY_TYPE="Article" FIRST_TOC_ENTRY_ID="56" DEPTH_LEVEL="1" INDEX_IN_DOC="56" PAGE_NO="7" NAME="VIVA EL ZORRO!!!" ID="Ar00703" HREF="/7/Ar00703" SIZE="Small" IMAGES_RESOLUTION="160" WORDCNT="65"/>
				<Entity ENTITY_TYPE="Ad" FIRST_TOC_ENTRY_ID="58" DEPTH_LEVEL="1" INDEX_IN_DOC="58" PAGE_NO="7" NAME="Untitled Ad" ID="Ad00704" HREF="/7/Ad00704" SIZE="Small" IMAGES_RESOLUTION="160" WORDCNT="85"/>
				<Entity ENTITY_TYPE="Ad" FIRST_TOC_ENTRY_ID="59" DEPTH_LEVEL="1" INDEX_IN_DOC="59" PAGE_NO="7" NAME="Untitled Ad" ID="Ad00705" HREF="/7/Ad00705" SIZE="XLarge" IMAGES_RESOLUTION="160" WORDCNT="170"/>
				<Entity ENTITY_TYPE="Ad" FIRST_TOC_ENTRY_ID="55" DEPTH_LEVEL="1" INDEX_IN_DOC="55" PAGE_NO="7" NAME="Untitled Ad" ID="Ad00706" HREF="/7/Ad00706" SIZE="Medium" IMAGES_RESOLUTION="160" WORDCNT="28"/>
			</Page>
			<Page PAGE_NO="8" NAME="" PAGE_LABEL="8" ID="Pg008" PAGE_TYPE="Single" PAGE_WIDTH="874" PAGE_HEIGHT="1248" CROP_BOX="0 0 873 1247" MEDIA_BOX="0 0 873 1247" HREF="/8/Pg008" TOTAL_CHARS_COUNT="7412" SUSPICIOUS_CHARS_COUNT="0">
				<Entity ENTITY_TYPE="Article" FIRST_TOC_ENTRY_ID="62" DEPTH_LEVEL="1" INDEX_IN_DOC="62" PAGE_NO="8" NAME="Success Follows University Coed" ID="Ar00800" HREF="/8/Ar00800" SIZE="Medium" IMAGES_RESOLUTION="160" WORDCNT="433"/>
				<Entity ENTITY_TYPE="Article" FIRST_TOC_ENTRY_ID="64" DEPTH_LEVEL="1" INDEX_IN_DOC="64" PAGE_NO="8" NAME="New Course Is Scheduled" ID="Ar00801" HREF="/8/Ar00801" SIZE="Small" IMAGES_RESOLUTION="160" WORDCNT="175"/>
				<Entity ENTITY_TYPE="Article" FIRST_TOC_ENTRY_ID="60" DEPTH_LEVEL="1" INDEX_IN_DOC="60" PAGE_NO="8" NAME="Phi Sig's Cook Feels Like a College Girl" ID="Ar00802" HREF="/8/Ar00802" SIZE="Large" IMAGES_RESOLUTION="160" WORDCNT="488"/>
				<Entity ENTITY_TYPE="Article" FIRST_TOC_ENTRY_ID="65" DEPTH_LEVEL="1" INDEX_IN_DOC="65" PAGE_NO="8" NAME="Chemistry's Keeper of the Keys' Retires at 70" ID="Ar00803" HREF="/8/Ar00803" SIZE="Large" IMAGES_RESOLUTION="160" WORDCNT="624"/>
				<Entity ENTITY_TYPE="Article" FIRST_TOC_ENTRY_ID="63" DEPTH_LEVEL="1" INDEX_IN_DOC="63" PAGE_NO="8" NAME="Retirement Is Optional" ID="Ar00804" HREF="/8/Ar00804" SIZE="Small" IMAGES_RESOLUTION="160" WORDCNT="92"/>
				<Entity ENTITY_TYPE="Picture" FIRST_TOC_ENTRY_ID="61" DEPTH_LEVEL="2" INDEX_IN_DOC="61" PAGE_NO="8" NAME="Untitled Picture" ID="Pc00805" HREF="/8/Pc00805" SIZE="Large" EMBEDDED_INTO="Ar00802" EMBEDDED_AFTER="Ar0080201" EMBEDDED_ABOVE="1" IMAGES_RESOLUTION="160" WORDCNT="0"/>
				<Entity ENTITY_TYPE="Picture" FIRST_TOC_ENTRY_ID="66" DEPTH_LEVEL="2" INDEX_IN_DOC="66" PAGE_NO="8" NAME="Untitled Picture" ID="Pc00806" HREF="/8/Pc00806" SIZE="Medium" EMBEDDED_INTO="Ar00803" EMBEDDED_AFTER="Ar0080300" EMBEDDED_BELOW="1" IMAGES_RESOLUTION="160" WORDCNT="0"/>
			</Page>
		</Section>
	</Body_np>
	<Logic_np><TOC_Entries><TOC_Entry TOC_ENTRY_ID="1" TITLE="New Course To Analyze News. Events" ENTITY_ID_REF="Ar00100" PAGE_NO="1" PAGE_LABEL="1" PRIM_ID_REF="Ar0010000" IS_IC="true"/><TOC_Entry TOC_ENTRY_ID="2" TITLE="WOSU Airs '58 Festival" ENTITY_ID_REF="Ar00101" PAGE_NO="1" PAGE_LABEL="1" PRIM_ID_REF="Ar0010100" IS_IC="true"/><TOC_Entry TOC_ENTRY_ID="3" TITLE="Purdue Golden Girl Won't Wiggle Here" ENTITY_ID_REF="Ar00102" PAGE_NO="1" PAGE_LABEL="1" PRIM_ID_REF="Ar0010200" IS_IC="true"><TOC_Entry TOC_ENTRY_ID="4" TITLE="" ENTITY_ID_REF="Pc00108" PAGE_NO="1" PAGE_LABEL="1" PRIM_ID_REF="Pc0010800" IS_IC="true"/></TOC_Entry><TOC_Entry TOC_ENTRY_ID="5" TITLE="WEATHER Clojidy and cotff with; high of ..." ENTITY_ID_REF="Ar00109" PAGE_NO="1" PAGE_LABEL="1" PRIM_ID_REF="Ar0010900" IS_IC="true"><TOC_Entry TOC_ENTRY_ID="6" TITLE="" ENTITY_ID_REF="Pc00110" PAGE_NO="1" PAGE_LABEL="1" PRIM_ID_REF="Pc0011000" IS_IC="true"/></TOC_Entry><TOC_Entry TOC_ENTRY_ID="7" TITLE="Farmer Named '58 Dad of Dads" ENTITY_ID_REF="Ar00103" PAGE_NO="1" PAGE_LABEL="1" PRIM_ID_REF="Ar0010300" IS_IC="true"/><TOC_Entry TOC_ENTRY_ID="8" TITLE="BULLETINS" ENTITY_ID_REF="Ar00104" PAGE_NO="1" PAGE_LABEL="1" PRIM_ID_REF="Ar0010400" IS_IC="true"/><TOC_Entry TOC_ENTRY_ID="9" TITLE="Football Spot Cams on- sate . inside" ENTITY_ID_REF="Ar00105" PAGE_NO="1" PAGE_LABEL="1" PRIM_ID_REF="Ar0010500" IS_IC="true"><TOC_Entry TOC_ENTRY_ID="10" TITLE="" ENTITY_ID_REF="Pc00112" PAGE_NO="1" PAGE_LABEL="1" PRIM_ID_REF="Pc0011200" IS_IC="true"/></TOC_Entry><TOC_Entry TOC_ENTRY_ID="11" TITLE="Lecture Set For Seminar" ENTITY_ID_REF="Ar00106" PAGE_NO="1" PAGE_LABEL="1" PRIM_ID_REF="Ar0010600" IS_IC="true"/><TOC_Entry TOC_ENTRY_ID="12" TITLE="SUPERSTITION WINS" ENTITY_ID_REF="Ar00111" PAGE_NO="1" PAGE_LABEL="1" PRIM_ID_REF="Ar0011100" IS_IC="true"/><TOC_Entry TOC_ENTRY_ID="13" TITLE="Card Probe Catches Two" ENTITY_ID_REF="Ar00107" PAGE_NO="1" PAGE_LABEL="1" PRIM_ID_REF="Ar0010700" IS_IC="true"/><TOC_Entry TOC_ENTRY_ID="14" TITLE="Discrimination" ENTITY_ID_REF="Ar00200" PAGE_NO="2" PAGE_LABEL="2" PRIM_ID_REF="Ar0020000" IS_IC="true"/><TOC_Entry TOC_ENTRY_ID="15" TITLE="Army Has Speedy Machine" ENTITY_ID_REF="Ar00201" PAGE_NO="2" PAGE_LABEL="2" PRIM_ID_REF="Ar0020100" IS_IC="true"/><TOC_Entry TOC_ENTRY_ID="16" TITLE="OkuoSlaJbLTyioA/wt^ LANTERN STAFF Managi..." ENTITY_ID_REF="Ar00202" PAGE_NO="2" PAGE_LABEL="2" PRIM_ID_REF="Ar0020200" IS_IC="true"/><TOC_Entry TOC_ENTRY_ID="17" TITLE="LITTLE MAN ON CAMPUS by Dick Bibler" ENTITY_ID_REF="Ar00207" PAGE_NO="2" PAGE_LABEL="2" PRIM_ID_REF="Ar0020700" IS_IC="true"><TOC_Entry TOC_ENTRY_ID="18" TITLE="" ENTITY_ID_REF="Pc00204" PAGE_NO="2" PAGE_LABEL="2" PRIM_ID_REF="Pc0020400" IS_IC="true"/></TOC_Entry><TOC_Entry TOC_ENTRY_ID="19" TITLE="Hope Says Elections Are Simpler in Russi..." ENTITY_ID_REF="Ar00203" PAGE_NO="2" PAGE_LABEL="2" PRIM_ID_REF="Ar0020300" IS_IC="true"/><TOC_Entry TOC_ENTRY_ID="20" TITLE="LEASE-BREAKER" ENTITY_ID_REF="Ar00209" PAGE_NO="2" PAGE_LABEL="2" PRIM_ID_REF="Ar0020900" IS_IC="true"/><TOC_Entry TOC_ENTRY_ID="21" TITLE="Editor's Mail Bag" ENTITY_ID_REF="Ar00205" PAGE_NO="2" PAGE_LABEL="2" PRIM_ID_REF="Ar0020500" IS_IC="true"/><TOC_Entry TOC_ENTRY_ID="22" TITLE="Bird Cage Signals Are on Way Out" ENTITY_ID_REF="Ar00206" PAGE_NO="2" PAGE_LABEL="2" PRIM_ID_REF="Ar0020600" IS_IC="true"/><TOC_Entry TOC_ENTRY_ID="23" TITLE="Good Old Days" ENTITY_ID_REF="Ar00208" PAGE_NO="2" PAGE_LABEL="2" PRIM_ID_REF="Ar0020800" IS_IC="true"/><TOC_Entry TOC_ENTRY_ID="24" TITLE="Old Text Displayed" ENTITY_ID_REF="Ar00300" PAGE_NO="3" PAGE_LABEL="3" PRIM_ID_REF="Ar0030000" IS_IC="true"><TOC_Entry TOC_ENTRY_ID="25" TITLE="" ENTITY_ID_REF="Pc00301" PAGE_NO="3" PAGE_LABEL="3" PRIM_ID_REF="Pc0030100" IS_IC="true"/></TOC_Entry><TOC_Entry TOC_ENTRY_ID="26" TITLE="Crash Cause Revealed By Hypnotic Test" ENTITY_ID_REF="Ar00302" PAGE_NO="3" PAGE_LABEL="3" PRIM_ID_REF="Ar0030200" IS_IC="true"/><TOC_Entry TOC_ENTRY_ID="27" TITLE="Ship Saves 7; U.S. Pays Off" ENTITY_ID_REF="Ar00303" PAGE_NO="3" PAGE_LABEL="3" PRIM_ID_REF="Ar0030300" IS_IC="true"/><TOC_Entry TOC_ENTRY_ID="28" TITLE="WOSU Schedules Exchange Coeds" ENTITY_ID_REF="Ar00304" PAGE_NO="3" PAGE_LABEL="3" PRIM_ID_REF="Ar0030400" IS_IC="true"/><TOC_Entry TOC_ENTRY_ID="29" TITLE="Mirror of the Campus" ENTITY_ID_REF="Ar00306" PAGE_NO="3" PAGE_LABEL="3" PRIM_ID_REF="Ar0030600" IS_IC="true"/><TOC_Entry TOC_ENTRY_ID="30" TITLE="Men's Glee Members Announced by Staiger" ENTITY_ID_REF="Ar00305" PAGE_NO="3" PAGE_LABEL="3" PRIM_ID_REF="Ar0030500" IS_IC="true"/><TOC_Entry TOC_ENTRY_ID="31" TITLE="Mohawks Protest-State Income Tax" ENTITY_ID_REF="Ar00307" PAGE_NO="3" PAGE_LABEL="3" PRIM_ID_REF="Ar0030700" IS_IC="true"/><TOC_Entry TOC_ENTRY_ID="32" TITLE="" ENTITY_ID_REF="Ad00308" PAGE_NO="3" PAGE_LABEL="3" PRIM_ID_REF="Ad0030801" IS_IC="true"/><TOC_Entry TOC_ENTRY_ID="33" TITLE="" ENTITY_ID_REF="Ad00309" PAGE_NO="3" PAGE_LABEL="3" PRIM_ID_REF="Ad0030901" IS_IC="true"/><TOC_Entry TOC_ENTRY_ID="34" TITLE="Bucks' Dejected, Woody Lauds 'Cats" ENTITY_ID_REF="Ar00400" PAGE_NO="4" PAGE_LABEL="4" PRIM_ID_REF="Ar0040000" IS_IC="true"/><TOC_Entry TOC_ENTRY_ID="35" TITLE="Story of the Day" ENTITY_ID_REF="Ar00401" PAGE_NO="4" PAGE_LABEL="4" PRIM_ID_REF="Ar0040100" IS_IC="true"><TOC_Entry TOC_ENTRY_ID="36" TITLE="" ENTITY_ID_REF="Pc00402" PAGE_NO="4" PAGE_LABEL="4" PRIM_ID_REF="Pc0040200" IS_IC="true"/></TOC_Entry><TOC_Entry TOC_ENTRY_ID="37" TITLE="TV Fans Watch Cats Claw Bucks" ENTITY_ID_REF="Ar00403" PAGE_NO="4" PAGE_LABEL="4" PRIM_ID_REF="Ar0040300" IS_IC="true"/><TOC_Entry TOC_ENTRY_ID="38" TITLE="Magazines Feature Bucks" ENTITY_ID_REF="Ar00406" PAGE_NO="4" PAGE_LABEL="4" PRIM_ID_REF="Ar0040600" IS_IC="true"/><TOC_Entry TOC_ENTRY_ID="39" TITLE="JUST LIKE DOWNTOWN�A saddened crowd of 3..." ENTITY_ID_REF="Ar00407" PAGE_NO="4" PAGE_LABEL="4" PRIM_ID_REF="Ar0040700" IS_IC="true"><TOC_Entry TOC_ENTRY_ID="40" TITLE="" ENTITY_ID_REF="Pc00404" PAGE_NO="4" PAGE_LABEL="4" PRIM_ID_REF="Pc0040400" IS_IC="true"/></TOC_Entry><TOC_Entry TOC_ENTRY_ID="41" TITLE="White Holds Lend In Two Deportments" ENTITY_ID_REF="Ar00405" PAGE_NO="4" PAGE_LABEL="4" PRIM_ID_REF="Ar0040500" IS_IC="true"/><TOC_Entry TOC_ENTRY_ID="42" TITLE="'Great Thrill, 'Says Ara After OSU Win" ENTITY_ID_REF="Ar00500" PAGE_NO="5" PAGE_LABEL="5" PRIM_ID_REF="Ar0050000" IS_IC="true"/><TOC_Entry TOC_ENTRY_ID="43" TITLE="Yank Second Baseman Sought By Cleveland" ENTITY_ID_REF="Ar00501" PAGE_NO="5" PAGE_LABEL="5" PRIM_ID_REF="Ar0050100" IS_IC="true"/><TOC_Entry TOC_ENTRY_ID="44" TITLE="Bucks Meet Boilermakers This Weekend" ENTITY_ID_REF="Ar00504" PAGE_NO="5" PAGE_LABEL="5" PRIM_ID_REF="Ar0050400" IS_IC="true"/><TOC_Entry TOC_ENTRY_ID="45" TITLE="" ENTITY_ID_REF="Ad00502" PAGE_NO="5" PAGE_LABEL="5" PRIM_ID_REF="Ad0050209" IS_IC="true"/><TOC_Entry TOC_ENTRY_ID="46" TITLE="" ENTITY_ID_REF="Ad00503" PAGE_NO="5" PAGE_LABEL="5" PRIM_ID_REF="Ad0050301" IS_IC="true"/><TOC_Entry TOC_ENTRY_ID="47" TITLE="TODAYONCAMPUS OHIO STATE OFFICIAL BULLET..." ENTITY_ID_REF="Ar00600" PAGE_NO="6" PAGE_LABEL="6" PRIM_ID_REF="Ar0060000" IS_IC="true"/><TOC_Entry TOC_ENTRY_ID="48" TITLE="QlaMifisid LOST Alpha Gamma Delta Active..." ENTITY_ID_REF="Ar00602" PAGE_NO="6" PAGE_LABEL="6" PRIM_ID_REF="Ar0060200" IS_IC="true"/><TOC_Entry TOC_ENTRY_ID="49" TITLE="AM 820 Kilocycles FM 89.7 Megacycles MON..." ENTITY_ID_REF="Ar00604" PAGE_NO="6" PAGE_LABEL="6" PRIM_ID_REF="Ar0060400" IS_IC="true"><TOC_Entry TOC_ENTRY_ID="50" TITLE="" ENTITY_ID_REF="Pc00605" PAGE_NO="6" PAGE_LABEL="6" PRIM_ID_REF="Pc0060500" IS_IC="true"/></TOC_Entry><TOC_Entry TOC_ENTRY_ID="51" TITLE="Researchers Study Rocket Problems" ENTITY_ID_REF="Ar00603" PAGE_NO="6" PAGE_LABEL="6" PRIM_ID_REF="Ar0060300" IS_IC="true"/><TOC_Entry TOC_ENTRY_ID="52" TITLE="" ENTITY_ID_REF="Ad00601" PAGE_NO="6" PAGE_LABEL="6" PRIM_ID_REF="Ad0060114" IS_IC="true"/><TOC_Entry TOC_ENTRY_ID="53" TITLE="Coed, 19, Termed ' Part-Time Mom'" ENTITY_ID_REF="Ar00700" PAGE_NO="7" PAGE_LABEL="7" PRIM_ID_REF="Ar0070000" IS_IC="true"/><TOC_Entry TOC_ENTRY_ID="54" TITLE="" ENTITY_ID_REF="Ad00701" PAGE_NO="7" PAGE_LABEL="7" PRIM_ID_REF="Ad0070107" IS_IC="true"/><TOC_Entry TOC_ENTRY_ID="55" TITLE="" ENTITY_ID_REF="Ad00706" PAGE_NO="7" PAGE_LABEL="7" PRIM_ID_REF="Ad0070601" IS_IC="true"/><TOC_Entry TOC_ENTRY_ID="56" TITLE="VIVA EL ZORRO!!!" ENTITY_ID_REF="Ar00703" PAGE_NO="7" PAGE_LABEL="7" PRIM_ID_REF="Ar0070300" IS_IC="true"/><TOC_Entry TOC_ENTRY_ID="57" TITLE="" ENTITY_ID_REF="Ad00702" PAGE_NO="7" PAGE_LABEL="7" PRIM_ID_REF="Ad0070207" IS_IC="true"/><TOC_Entry TOC_ENTRY_ID="58" TITLE="" ENTITY_ID_REF="Ad00704" PAGE_NO="7" PAGE_LABEL="7" PRIM_ID_REF="Ad0070401" IS_IC="true"/><TOC_Entry TOC_ENTRY_ID="59" TITLE="" ENTITY_ID_REF="Ad00705" PAGE_NO="7" PAGE_LABEL="7" PRIM_ID_REF="Ad0070501" IS_IC="true"/><TOC_Entry TOC_ENTRY_ID="60" TITLE="Phi Sig's Cook Feels Like a College Girl" ENTITY_ID_REF="Ar00802" PAGE_NO="8" PAGE_LABEL="8" PRIM_ID_REF="Ar0080200" IS_IC="true"><TOC_Entry TOC_ENTRY_ID="61" TITLE="" ENTITY_ID_REF="Pc00805" PAGE_NO="8" PAGE_LABEL="8" PRIM_ID_REF="Pc0080500" IS_IC="true"/></TOC_Entry><TOC_Entry TOC_ENTRY_ID="62" TITLE="Success Follows University Coed" ENTITY_ID_REF="Ar00800" PAGE_NO="8" PAGE_LABEL="8" PRIM_ID_REF="Ar0080000" IS_IC="true"/><TOC_Entry TOC_ENTRY_ID="63" TITLE="Retirement Is Optional" ENTITY_ID_REF="Ar00804" PAGE_NO="8" PAGE_LABEL="8" PRIM_ID_REF="Ar0080400" IS_IC="true"/><TOC_Entry TOC_ENTRY_ID="64" TITLE="New Course Is Scheduled" ENTITY_ID_REF="Ar00801" PAGE_NO="8" PAGE_LABEL="8" PRIM_ID_REF="Ar0080100" IS_IC="true"/><TOC_Entry TOC_ENTRY_ID="65" TITLE="Chemistry's Keeper of the Keys' Retires ..." ENTITY_ID_REF="Ar00803" PAGE_NO="8" PAGE_LABEL="8" PRIM_ID_REF="Ar0080300" IS_IC="true"><TOC_Entry TOC_ENTRY_ID="66" TITLE="" ENTITY_ID_REF="Pc00806" PAGE_NO="8" PAGE_LABEL="8" PRIM_ID_REF="Pc0080600" IS_IC="true"/></TOC_Entry></TOC_Entries></Logic_np></Xmd_toc>
