<?xml version="1.0" encoding="windows-1252" standalone="no"?>
<Xmd_toc REPOSITORY_FORMAT="1.0" PRXML_VER="2.2" PUBLICATION="OHI" PUBLICATION_DESCRIPTION="" ISSUE_DATE="21/05/1958" RELEASE_NO="060-OHI-1958-05-21-001-SINGLE-LANTERN_VOL-77_JUN20-JUN6_MAY_121" LANGUAGE="English">
	<Head_np>
		<Meta PAGES_NUMBER="8" SOURCE_TYPE="TIFF" SOURCE_RESOLUTION="72" IMAGES_RESOLUTION="160" PAGE_THUMBNAIL_RESOLUTION="72" PAGE_PREVIEW_RESOLUTION="15" DEFAULT_IMG_EXT="png" DEFAULT_PREVIEW_IMG_EXT="png" BASE_HREF="OHI/1958/05/21" PDF_DESTINATION_MAPPED="OLV0_Page_0001" TITLE_SNP_EXT="png" AD_SNP_EXT="png" IMAGE_SNP_EXT="jpg" MULTI_LAYER_PAGE_IMG="false" IS_SOLID="false" DOC_DATE="21/05/1958" DOC_UID="OHI_21/05/1958" DOC_VER="1" OCR_CONFIDENCE="1.000" TOTAL_CHARS_COUNT="54817" SUSPICIOUS_CHARS_COUNT="0">
			<Publisher XMD_VER="2.6.241.15" ACROBAT_VER="8.00" PUBLISHER="Olive" PROFILE_ID="W:\Batch\Profile\OHI-1958-05-21.ini">
				<PublishDate>Tue, 24 May 2011 15:44:48 UTC</PublishDate>
				<PublishSWFCompatible>false</PublishSWFCompatible>
			</Publisher>
			<Resolutions>
				<Resolution DEFAULT="true">72</Resolution>
			</Resolutions>
		</Meta>
		<Link SOURCE="060-OHI-1958-05-21-001-SINGLE-LANTERN_VOL-77_JUN20-JUN6_MAY_121.pdf"/>
		<DataFiles>
			<Files TYPE="DOC_PDF" PRESENT="1"/>
			<Files TYPE="PAGE_PDF" PRESENT="0"/>
			<Files TYPE="DOC_IMG" PRESENT="0"/>
			<Files TYPE="PAGE_IMG" PRESENT="0"/>
			<Files TYPE="PAGE_VIEW_IMG" PRESENT="1"/>
			<Files TYPE="PAGE_PREVIEW_IMG" PRESENT="1"/>
			<Files TYPE="PRIMITIVE_IMG" PRESENT="1"/>
			<Files TYPE="SNIPPET_IMG" PRESENT="1"/>
			<Files TYPE="SEGMENTATION" PRESENT="0"/>
		</DataFiles><Application_Data/></Head_np>
	<Body_np>
		<Section NAME="Front page">
			<Page PAGE_NO="1" NAME="" PAGE_LABEL="1" ID="Pg001" PAGE_TYPE="Single" PAGE_WIDTH="863" PAGE_HEIGHT="1239" CROP_BOX="0 0 862 1238" MEDIA_BOX="0 0 862 1238" HREF="/1/Pg001" TOTAL_CHARS_COUNT="7344" SUSPICIOUS_CHARS_COUNT="0">
				<Entity ENTITY_TYPE="Article" FIRST_TOC_ENTRY_ID="5" DEPTH_LEVEL="1" INDEX_IN_DOC="5" PAGE_NO="1" NAME="Ernie Pyle Library Dedication Set Friday" ID="Ar00100" HREF="/1/Ar00100" SIZE="Large" IMAGES_RESOLUTION="160" WORDCNT="559"/>
				<Entity ENTITY_TYPE="Picture" FIRST_TOC_ENTRY_ID="6" DEPTH_LEVEL="2" INDEX_IN_DOC="6" PAGE_NO="1" NAME="Untitled Picture" ID="Pc00101" HREF="/1/Pc00101" SIZE="Medium" EMBEDDED_INTO="Ar00100" EMBEDDED_AFTER="Ar0010005" IMAGES_RESOLUTION="160" WORDCNT="0"/>
				<Entity ENTITY_TYPE="Article" FIRST_TOC_ENTRY_ID="2" DEPTH_LEVEL="1" INDEX_IN_DOC="2" PAGE_NO="1" NAME="Ike to Get Student Petition" ID="Ar00102" HREF="/1/Ar00102" SIZE="Large" IMAGES_RESOLUTION="160" WORDCNT="563"/>
				<Entity ENTITY_TYPE="Article" FIRST_TOC_ENTRY_ID="3" DEPTH_LEVEL="1" INDEX_IN_DOC="3" PAGE_NO="1" NAME="Lantern Has Award Night" ID="Ar00103" HREF="/1/Ar00103" SIZE="Small" IMAGES_RESOLUTION="160" WORDCNT="179"/>
				<Entity ENTITY_TYPE="Article" FIRST_TOC_ENTRY_ID="4" DEPTH_LEVEL="1" INDEX_IN_DOC="4" PAGE_NO="1" NAME="Untitled Article" ID="Ar00104" HREF="/1/Ar00104" SIZE="Small" IMAGES_RESOLUTION="160" WORDCNT="21"/>
				<Entity ENTITY_TYPE="Article" FIRST_TOC_ENTRY_ID="7" DEPTH_LEVEL="1" INDEX_IN_DOC="7" PAGE_NO="1" NAME="Korean War Counterpart To Give Talk" ID="Ar00105" HREF="/1/Ar00105" SIZE="Medium" IMAGES_RESOLUTION="160" WORDCNT="325"/>
				<Entity ENTITY_TYPE="Article" FIRST_TOC_ENTRY_ID="8" DEPTH_LEVEL="1" INDEX_IN_DOC="8" PAGE_NO="1" NAME="LATE NEWS BULLETINS" ID="Ar00106" HREF="/1/Ar00106" SIZE="Small" IMAGES_RESOLUTION="160" WORDCNT="48"/>
				<Entity ENTITY_TYPE="Article" FIRST_TOC_ENTRY_ID="9" DEPTH_LEVEL="1" INDEX_IN_DOC="9" PAGE_NO="1" NAME="CARDS DUE JUNE 5" ID="Ar00107" HREF="/1/Ar00107" SIZE="Small" IMAGES_RESOLUTION="160" WORDCNT="38"/>
				<Entity ENTITY_TYPE="Article" FIRST_TOC_ENTRY_ID="1" DEPTH_LEVEL="1" INDEX_IN_DOC="1" PAGE_NO="1" NAME="Untitled Article" ID="Ar00108" HREF="/1/Ar00108" SIZE="Small" IMAGES_RESOLUTION="160" WORDCNT="0"/>
			</Page>
		</Section>
		<Section NAME="None">
			<Page PAGE_NO="2" NAME="" PAGE_LABEL="2" ID="Pg002" PAGE_TYPE="Single" PAGE_WIDTH="874" PAGE_HEIGHT="1248" CROP_BOX="0 0 873 1247" MEDIA_BOX="0 0 873 1247" HREF="/2/Pg002" TOTAL_CHARS_COUNT="10422" SUSPICIOUS_CHARS_COUNT="0">
				<Entity ENTITY_TYPE="Article" FIRST_TOC_ENTRY_ID="10" DEPTH_LEVEL="1" INDEX_IN_DOC="10" PAGE_NO="2" NAME="Exchanges with Russia" ID="Ar00200" HREF="/2/Ar00200" SIZE="Medium" IMAGES_RESOLUTION="160" WORDCNT="338"/>
				<Entity ENTITY_TYPE="Article" FIRST_TOC_ENTRY_ID="11" DEPTH_LEVEL="1" INDEX_IN_DOC="11" PAGE_NO="2" NAME="The Fire Watchers" ID="Ar00201" HREF="/2/Ar00201" SIZE="Large" IMAGES_RESOLUTION="160" WORDCNT="398"/>
				<Entity ENTITY_TYPE="Article" FIRST_TOC_ENTRY_ID="12" DEPTH_LEVEL="1" INDEX_IN_DOC="12" PAGE_NO="2" NAME="Editor s Mail Bag" ID="Ar00202" HREF="/2/Ar00202" SIZE="Medium" IMAGES_RESOLUTION="160" WORDCNT="486"/>
				<Entity ENTITY_TYPE="Article" FIRST_TOC_ENTRY_ID="13" DEPTH_LEVEL="1" INDEX_IN_DOC="13" PAGE_NO="2" NAME="Council Holds Annuo IFete" ID="Ar00203" HREF="/2/Ar00203" SIZE="Small" IMAGES_RESOLUTION="160" WORDCNT="110"/>
				<Entity ENTITY_TYPE="Article" FIRST_TOC_ENTRY_ID="14" DEPTH_LEVEL="1" INDEX_IN_DOC="14" PAGE_NO="2" NAME="QolkqsL QhDAiJwadA" ID="Ar00204" HREF="/2/Ar00204" SIZE="Large" IMAGES_RESOLUTION="160" WORDCNT="556"/>
				<Entity ENTITY_TYPE="Article" FIRST_TOC_ENTRY_ID="16" DEPTH_LEVEL="1" INDEX_IN_DOC="16" PAGE_NO="2" NAME="International Hotel Houses Ten Guests" ID="Ar00205" HREF="/2/Ar00205" SIZE="Medium" IMAGES_RESOLUTION="160" WORDCNT="236"/>
				<Entity ENTITY_TYPE="Article" FIRST_TOC_ENTRY_ID="17" DEPTH_LEVEL="1" INDEX_IN_DOC="17" PAGE_NO="2" NAME="Untitled Article" ID="Ar00206" HREF="/2/Ar00206" SIZE="Small" IMAGES_RESOLUTION="160" WORDCNT="260"/>
				<Entity ENTITY_TYPE="Article" FIRST_TOC_ENTRY_ID="15" DEPTH_LEVEL="1" INDEX_IN_DOC="15" PAGE_NO="2" NAME="PAINTING CLEANED" ID="Ar00207" HREF="/2/Ar00207" SIZE="Small" IMAGES_RESOLUTION="160" WORDCNT="50"/>
			</Page>
			<Page PAGE_NO="3" NAME="" PAGE_LABEL="3" ID="Pg003" PAGE_TYPE="Single" PAGE_WIDTH="876" PAGE_HEIGHT="1249" CROP_BOX="0 0 875 1248" MEDIA_BOX="0 0 875 1248" HREF="/3/Pg003" TOTAL_CHARS_COUNT="0" SUSPICIOUS_CHARS_COUNT="0">
				<Entity ENTITY_TYPE="Ad" FIRST_TOC_ENTRY_ID="18" DEPTH_LEVEL="1" INDEX_IN_DOC="18" PAGE_NO="3" NAME="Untitled Ad" ID="Ad00300" HREF="/3/Ad00300" SIZE="XLarge" IMAGES_RESOLUTION="160" WORDCNT="680"/>
			</Page>
			<Page PAGE_NO="4" NAME="" PAGE_LABEL="4" ID="Pg004" PAGE_TYPE="Single" PAGE_WIDTH="870" PAGE_HEIGHT="1254" CROP_BOX="0 0 869 1253" MEDIA_BOX="0 0 869 1253" HREF="/4/Pg004" TOTAL_CHARS_COUNT="2879" SUSPICIOUS_CHARS_COUNT="0">
				<Entity ENTITY_TYPE="Article" FIRST_TOC_ENTRY_ID="19" DEPTH_LEVEL="1" INDEX_IN_DOC="19" PAGE_NO="4" NAME="Armory Fire Provides Diversion for 'Goons'" ID="Ar00400" HREF="/4/Ar00400" SIZE="Medium" IMAGES_RESOLUTION="160" WORDCNT="436"/>
				<Entity ENTITY_TYPE="Picture" FIRST_TOC_ENTRY_ID="20" DEPTH_LEVEL="2" INDEX_IN_DOC="20" PAGE_NO="4" NAME="Untitled Picture" ID="Pc00401" HREF="/4/Pc00401" SIZE="Small" EMBEDDED_INTO="Ar00400" EMBEDDED_AFTER="Ar0040003" IMAGES_RESOLUTION="160" WORDCNT="0"/>
				<Entity ENTITY_TYPE="Article" FIRST_TOC_ENTRY_ID="22" DEPTH_LEVEL="1" INDEX_IN_DOC="22" PAGE_NO="4" NAME="Mirror of the Campus" ID="Ar00402" HREF="/4/Ar00402" SIZE="Medium" IMAGES_RESOLUTION="160" WORDCNT="285"/>
				<Entity ENTITY_TYPE="Ad" FIRST_TOC_ENTRY_ID="24" DEPTH_LEVEL="1" INDEX_IN_DOC="24" PAGE_NO="4" NAME="Untitled Ad" ID="Ad00403" HREF="/4/Ad00403" SIZE="XLarge" IMAGES_RESOLUTION="160" WORDCNT="83"/>
				<Entity ENTITY_TYPE="Ad" FIRST_TOC_ENTRY_ID="23" DEPTH_LEVEL="1" INDEX_IN_DOC="23" PAGE_NO="4" NAME="Untitled Ad" ID="Ad00404" HREF="/4/Ad00404" SIZE="Large" IMAGES_RESOLUTION="160" WORDCNT="113"/>
				<Entity ENTITY_TYPE="Article" FIRST_TOC_ENTRY_ID="21" DEPTH_LEVEL="1" INDEX_IN_DOC="21" PAGE_NO="4" NAME="REST ROOM" ID="Ar00405" HREF="/4/Ar00405" SIZE="Small" IMAGES_RESOLUTION="160" WORDCNT="45"/>
			</Page>
			<Page PAGE_NO="5" NAME="" PAGE_LABEL="5" ID="Pg005" PAGE_TYPE="Single" PAGE_WIDTH="867" PAGE_HEIGHT="1232" CROP_BOX="0 0 866 1231" MEDIA_BOX="0 0 866 1231" HREF="/5/Pg005" TOTAL_CHARS_COUNT="9030" SUSPICIOUS_CHARS_COUNT="0">
				<Entity ENTITY_TYPE="Article" FIRST_TOC_ENTRY_ID="25" DEPTH_LEVEL="1" INDEX_IN_DOC="25" PAGE_NO="5" NAME="Writer Discusses American Customs" ID="Ar00500" HREF="/5/Ar00500" SIZE="Large" IMAGES_RESOLUTION="160" WORDCNT="908"/>
				<Entity ENTITY_TYPE="Article" FIRST_TOC_ENTRY_ID="27" DEPTH_LEVEL="1" INDEX_IN_DOC="27" PAGE_NO="5" NAME="After Sack Dresis� What Next?" ID="Ar00501" HREF="/5/Ar00501" SIZE="Medium" IMAGES_RESOLUTION="160" WORDCNT="130"/>
				<Entity ENTITY_TYPE="Article" FIRST_TOC_ENTRY_ID="29" DEPTH_LEVEL="1" INDEX_IN_DOC="29" PAGE_NO="5" NAME="Sorority Picks Coed For National Office" ID="Ar00502" HREF="/5/Ar00502" SIZE="Small" IMAGES_RESOLUTION="160" WORDCNT="168"/>
				<Entity ENTITY_TYPE="Article" FIRST_TOC_ENTRY_ID="34" DEPTH_LEVEL="1" INDEX_IN_DOC="34" PAGE_NO="5" NAME="Trip to Paris Is Top Prize In Contest" ID="Ar00503" HREF="/5/Ar00503" SIZE="Medium" IMAGES_RESOLUTION="160" WORDCNT="404"/>
				<Entity ENTITY_TYPE="Article" FIRST_TOC_ENTRY_ID="32" DEPTH_LEVEL="1" INDEX_IN_DOC="32" PAGE_NO="5" NAME="Czechs Have Teenage Idol" ID="Ar00504" HREF="/5/Ar00504" SIZE="Small" IMAGES_RESOLUTION="160" WORDCNT="163"/>
				<Entity ENTITY_TYPE="Article" FIRST_TOC_ENTRY_ID="31" DEPTH_LEVEL="1" INDEX_IN_DOC="31" PAGE_NO="5" NAME="Writer to Join Magazine Staff" ID="Ar00505" HREF="/5/Ar00505" SIZE="Medium" IMAGES_RESOLUTION="160" WORDCNT="325"/>
				<Entity ENTITY_TYPE="Picture" FIRST_TOC_ENTRY_ID="30" DEPTH_LEVEL="2" INDEX_IN_DOC="30" PAGE_NO="5" NAME="Untitled Picture" ID="Pc00506" HREF="/5/Pc00506" SIZE="Small" EMBEDDED_INTO="Ar00502" EMBEDDED_AFTER="Ar0050202" IMAGES_RESOLUTION="160" WORDCNT="0"/>
				<Entity ENTITY_TYPE="Picture" FIRST_TOC_ENTRY_ID="26" DEPTH_LEVEL="2" INDEX_IN_DOC="26" PAGE_NO="5" NAME="Untitled Picture" ID="Pc00507" HREF="/5/Pc00507" SIZE="Small" EMBEDDED_INTO="Ar00500" EMBEDDED_AFTER="Ar0050003" IMAGES_RESOLUTION="160" WORDCNT="0"/>
				<Entity ENTITY_TYPE="Article" FIRST_TOC_ENTRY_ID="33" DEPTH_LEVEL="1" INDEX_IN_DOC="33" PAGE_NO="5" NAME="LOFT MEETINGS" ID="Ar00508" HREF="/5/Ar00508" SIZE="Small" IMAGES_RESOLUTION="160" WORDCNT="42"/>
				<Entity ENTITY_TYPE="Picture" FIRST_TOC_ENTRY_ID="28" DEPTH_LEVEL="2" INDEX_IN_DOC="28" PAGE_NO="5" NAME="Untitled Picture" ID="Pc00509" HREF="/5/Pc00509" SIZE="Small" EMBEDDED_INTO="Ar00501" EMBEDDED_AFTER="Ar0050102" IMAGES_RESOLUTION="160" WORDCNT="0"/>
			</Page>
			<Page PAGE_NO="6" NAME="" PAGE_LABEL="6" ID="Pg006" PAGE_TYPE="Single" PAGE_WIDTH="876" PAGE_HEIGHT="1249" CROP_BOX="0 0 875 1248" MEDIA_BOX="0 0 875 1248" HREF="/6/Pg006" TOTAL_CHARS_COUNT="15161" SUSPICIOUS_CHARS_COUNT="0">
				<Entity ENTITY_TYPE="Article" FIRST_TOC_ENTRY_ID="35" DEPTH_LEVEL="1" INDEX_IN_DOC="35" PAGE_NO="6" NAME="Untitled Article" ID="Ar00600" HREF="/6/Ar00600" SIZE="XLarge" IMAGES_RESOLUTION="160" WORDCNT="2365"/>
				<Entity ENTITY_TYPE="Article" FIRST_TOC_ENTRY_ID="38" DEPTH_LEVEL="1" INDEX_IN_DOC="38" PAGE_NO="6" NAME="Campus Comment" ID="Ar00601" HREF="/6/Ar00601" SIZE="Large" IMAGES_RESOLUTION="160" WORDCNT="503"/>
				<Entity ENTITY_TYPE="Article" FIRST_TOC_ENTRY_ID="36" DEPTH_LEVEL="1" INDEX_IN_DOC="36" PAGE_NO="6" NAME="Untitled Article" ID="Ar00602" HREF="/6/Ar00602" SIZE="Small" IMAGES_RESOLUTION="160" WORDCNT="21"/>
				<Entity ENTITY_TYPE="Article" FIRST_TOC_ENTRY_ID="37" DEPTH_LEVEL="1" INDEX_IN_DOC="37" PAGE_NO="6" NAME="WOSU Tour Visits Canada" ID="Ar00603" HREF="/6/Ar00603" SIZE="Small" IMAGES_RESOLUTION="160" WORDCNT="153"/>
				<Entity ENTITY_TYPE="Article" FIRST_TOC_ENTRY_ID="39" DEPTH_LEVEL="1" INDEX_IN_DOC="39" PAGE_NO="6" NAME="Greeks Nome New Officers" ID="Ar00604" HREF="/6/Ar00604" SIZE="Medium" IMAGES_RESOLUTION="160" WORDCNT="223"/>
				<Entity ENTITY_TYPE="Picture" FIRST_TOC_ENTRY_ID="41" DEPTH_LEVEL="2" INDEX_IN_DOC="41" PAGE_NO="6" NAME="Untitled Picture" ID="Pc00605" HREF="/6/Pc00605" SIZE="Small" EMBEDDED_INTO="Ar00606" EMBEDDED_AFTER="Ar0060600" IMAGES_RESOLUTION="160" WORDCNT="0"/>
				<Entity ENTITY_TYPE="Article" FIRST_TOC_ENTRY_ID="40" DEPTH_LEVEL="1" INDEX_IN_DOC="40" PAGE_NO="6" NAME="Untitled Article" ID="Ar00606" HREF="/6/Ar00606" SIZE="Large" IMAGES_RESOLUTION="160" WORDCNT="835"/>
			</Page>
			<Page PAGE_NO="7" NAME="" PAGE_LABEL="7" ID="Pg007" PAGE_TYPE="Single" PAGE_WIDTH="871" PAGE_HEIGHT="1246" CROP_BOX="0 0 870 1245" MEDIA_BOX="0 0 870 1245" HREF="/7/Pg007" TOTAL_CHARS_COUNT="4824" SUSPICIOUS_CHARS_COUNT="0">
				<Entity ENTITY_TYPE="Article" FIRST_TOC_ENTRY_ID="42" DEPTH_LEVEL="1" INDEX_IN_DOC="42" PAGE_NO="7" NAME="Rathman Set for Indianapolis 500" ID="Ar00700" HREF="/7/Ar00700" SIZE="Large" IMAGES_RESOLUTION="160" WORDCNT="400"/>
				<Entity ENTITY_TYPE="Picture" FIRST_TOC_ENTRY_ID="43" DEPTH_LEVEL="2" INDEX_IN_DOC="43" PAGE_NO="7" NAME="Untitled Picture" ID="Pc00701" HREF="/7/Pc00701" SIZE="Large" EMBEDDED_INTO="Ar00700" EMBEDDED_AFTER="Ar0070000" IMAGES_RESOLUTION="160" WORDCNT="0"/>
				<Entity ENTITY_TYPE="Article" FIRST_TOC_ENTRY_ID="44" DEPTH_LEVEL="1" INDEX_IN_DOC="44" PAGE_NO="7" NAME="Big 10 Play-Offs Highlight Buckeye Weekend in Sports" ID="Ar00702" HREF="/7/Ar00702" SIZE="Large" IMAGES_RESOLUTION="160" WORDCNT="448"/>
				<Entity ENTITY_TYPE="Article" FIRST_TOC_ENTRY_ID="45" DEPTH_LEVEL="1" INDEX_IN_DOC="45" PAGE_NO="7" NAME="Times for Speedway" ID="Ar00703" HREF="/7/Ar00703" SIZE="Medium" IMAGES_RESOLUTION="160" WORDCNT="277"/>
				<Entity ENTITY_TYPE="Article" FIRST_TOC_ENTRY_ID="46" DEPTH_LEVEL="1" INDEX_IN_DOC="46" PAGE_NO="7" NAME="Drivers Tune Up Cars for Classic" ID="Ar00704" HREF="/7/Ar00704" SIZE="Small" IMAGES_RESOLUTION="160" WORDCNT="93"/>
				<Entity ENTITY_TYPE="Ad" FIRST_TOC_ENTRY_ID="47" DEPTH_LEVEL="1" INDEX_IN_DOC="47" PAGE_NO="7" NAME="Untitled Ad" ID="Ad00705" HREF="/7/Ad00705" SIZE="Medium" IMAGES_RESOLUTION="160" WORDCNT="82"/>
			</Page>
			<Page PAGE_NO="8" NAME="" PAGE_LABEL="8" ID="Pg008" PAGE_TYPE="Single" PAGE_WIDTH="881" PAGE_HEIGHT="1258" CROP_BOX="0 0 880 1257" MEDIA_BOX="0 0 880 1257" HREF="/8/Pg008" TOTAL_CHARS_COUNT="5157" SUSPICIOUS_CHARS_COUNT="0">
				<Entity ENTITY_TYPE="Picture" FIRST_TOC_ENTRY_ID="49" DEPTH_LEVEL="2" INDEX_IN_DOC="49" PAGE_NO="8" NAME="Untitled Picture" ID="Pc00800" HREF="/8/Pc00800" SIZE="Small" EMBEDDED_INTO="Ar00801" EMBEDDED_AFTER="Ar0080101" IMAGES_RESOLUTION="160" WORDCNT="0"/>
				<Entity ENTITY_TYPE="Article" FIRST_TOC_ENTRY_ID="48" DEPTH_LEVEL="1" INDEX_IN_DOC="48" PAGE_NO="8" NAME="Four Slated For Honorary Awards Here" ID="Ar00801" HREF="/8/Ar00801" SIZE="Medium" IMAGES_RESOLUTION="160" WORDCNT="428"/>
				<Entity ENTITY_TYPE="Picture" FIRST_TOC_ENTRY_ID="50" DEPTH_LEVEL="2" INDEX_IN_DOC="50" PAGE_NO="8" NAME="Untitled Picture" ID="Pc00802" HREF="/8/Pc00802" SIZE="Small" EMBEDDED_INTO="Ar00801" EMBEDDED_AFTER="Ar0080102" IMAGES_RESOLUTION="160" WORDCNT="0"/>
				<Entity ENTITY_TYPE="Picture" FIRST_TOC_ENTRY_ID="51" DEPTH_LEVEL="2" INDEX_IN_DOC="51" PAGE_NO="8" NAME="Untitled Picture" ID="Pc00803" HREF="/8/Pc00803" SIZE="Small" EMBEDDED_INTO="Ar00801" EMBEDDED_AFTER="Ar0080103" IMAGES_RESOLUTION="160" WORDCNT="0"/>
				<Entity ENTITY_TYPE="Article" FIRST_TOC_ENTRY_ID="57" DEPTH_LEVEL="1" INDEX_IN_DOC="57" PAGE_NO="8" NAME="Pyle Wrote With Feeling" ID="Ar00804" HREF="/8/Ar00804" SIZE="Medium" IMAGES_RESOLUTION="160" WORDCNT="258"/>
				<Entity ENTITY_TYPE="Picture" FIRST_TOC_ENTRY_ID="52" DEPTH_LEVEL="2" INDEX_IN_DOC="52" PAGE_NO="8" NAME="Untitled Picture" ID="Pc00805" HREF="/8/Pc00805" SIZE="Small" EMBEDDED_INTO="Ar00801" EMBEDDED_AFTER="Ar0080104" IMAGES_RESOLUTION="160" WORDCNT="0"/>
				<Entity ENTITY_TYPE="Article" FIRST_TOC_ENTRY_ID="65" DEPTH_LEVEL="1" INDEX_IN_DOC="65" PAGE_NO="8" NAME="Untitled Article" ID="Ar00806" HREF="/8/Ar00806" SIZE="Medium" IMAGES_RESOLUTION="160" WORDCNT="472"/>
				<Entity ENTITY_TYPE="Ad" FIRST_TOC_ENTRY_ID="59" DEPTH_LEVEL="1" INDEX_IN_DOC="59" PAGE_NO="8" NAME="Untitled Ad" ID="Ad00807" HREF="/8/Ad00807" SIZE="Medium" IMAGES_RESOLUTION="160" WORDCNT="57"/>
				<Entity ENTITY_TYPE="Ad" FIRST_TOC_ENTRY_ID="53" DEPTH_LEVEL="1" INDEX_IN_DOC="53" PAGE_NO="8" NAME="Untitled Ad" ID="Ad00808" HREF="/8/Ad00808" SIZE="Small" IMAGES_RESOLUTION="160" WORDCNT="35"/>
				<Entity ENTITY_TYPE="Ad" FIRST_TOC_ENTRY_ID="60" DEPTH_LEVEL="1" INDEX_IN_DOC="60" PAGE_NO="8" NAME="Untitled Ad" ID="Ad00809" HREF="/8/Ad00809" SIZE="Small" IMAGES_RESOLUTION="160" WORDCNT="102"/>
				<Entity ENTITY_TYPE="Ad" FIRST_TOC_ENTRY_ID="58" DEPTH_LEVEL="1" INDEX_IN_DOC="58" PAGE_NO="8" NAME="Untitled Ad" ID="Ad00810" HREF="/8/Ad00810" SIZE="Small" IMAGES_RESOLUTION="160" WORDCNT="29"/>
				<Entity ENTITY_TYPE="Ad" FIRST_TOC_ENTRY_ID="56" DEPTH_LEVEL="1" INDEX_IN_DOC="56" PAGE_NO="8" NAME="Untitled Ad" ID="Ad00811" HREF="/8/Ad00811" SIZE="Small" IMAGES_RESOLUTION="160" WORDCNT="39"/>
				<Entity ENTITY_TYPE="Ad" FIRST_TOC_ENTRY_ID="61" DEPTH_LEVEL="1" INDEX_IN_DOC="61" PAGE_NO="8" NAME="Untitled Ad" ID="Ad00812" HREF="/8/Ad00812" SIZE="Small" IMAGES_RESOLUTION="160" WORDCNT="23"/>
				<Entity ENTITY_TYPE="Ad" FIRST_TOC_ENTRY_ID="62" DEPTH_LEVEL="1" INDEX_IN_DOC="62" PAGE_NO="8" NAME="Untitled Ad" ID="Ad00813" HREF="/8/Ad00813" SIZE="Small" IMAGES_RESOLUTION="160" WORDCNT="116"/>
				<Entity ENTITY_TYPE="Ad" FIRST_TOC_ENTRY_ID="63" DEPTH_LEVEL="1" INDEX_IN_DOC="63" PAGE_NO="8" NAME="Untitled Ad" ID="Ad00814" HREF="/8/Ad00814" SIZE="Small" IMAGES_RESOLUTION="160" WORDCNT="44"/>
				<Entity ENTITY_TYPE="Ad" FIRST_TOC_ENTRY_ID="64" DEPTH_LEVEL="1" INDEX_IN_DOC="64" PAGE_NO="8" NAME="Untitled Ad" ID="Ad00815" HREF="/8/Ad00815" SIZE="Small" IMAGES_RESOLUTION="160" WORDCNT="65"/>
				<Entity ENTITY_TYPE="Article" FIRST_TOC_ENTRY_ID="54" DEPTH_LEVEL="1" INDEX_IN_DOC="54" PAGE_NO="8" NAME="NASSER DENIES REPORT" ID="Ar00816" HREF="/8/Ar00816" SIZE="Small" IMAGES_RESOLUTION="160" WORDCNT="41"/>
				<Entity ENTITY_TYPE="Article" FIRST_TOC_ENTRY_ID="55" DEPTH_LEVEL="1" INDEX_IN_DOC="55" PAGE_NO="8" NAME="PFLIMLIN WINS SUPPORT" ID="Ar00817" HREF="/8/Ar00817" SIZE="Small" IMAGES_RESOLUTION="160" WORDCNT="29"/>
			</Page>
		</Section>
	</Body_np>
	<Logic_np><TOC_Entries><TOC_Entry TOC_ENTRY_ID="1" TITLE="" ENTITY_ID_REF="Ar00108" PAGE_NO="1" PAGE_LABEL="1" PRIM_ID_REF="Ar0010800" IS_IC="true"/><TOC_Entry TOC_ENTRY_ID="2" TITLE="Ike to Get Student Petition" ENTITY_ID_REF="Ar00102" PAGE_NO="1" PAGE_LABEL="1" PRIM_ID_REF="Ar0010200" IS_IC="true"/><TOC_Entry TOC_ENTRY_ID="3" TITLE="Lantern Has Award Night" ENTITY_ID_REF="Ar00103" PAGE_NO="1" PAGE_LABEL="1" PRIM_ID_REF="Ar0010300" IS_IC="true"/><TOC_Entry TOC_ENTRY_ID="4" TITLE="THE WEATHER Fair today, tonight and Thur..." ENTITY_ID_REF="Ar00104" PAGE_NO="1" PAGE_LABEL="1" PRIM_ID_REF="Ar0010400" IS_IC="true"/><TOC_Entry TOC_ENTRY_ID="5" TITLE="Ernie Pyle Library Dedication Set Friday" ENTITY_ID_REF="Ar00100" PAGE_NO="1" PAGE_LABEL="1" PRIM_ID_REF="Ar0010000" IS_IC="true"><TOC_Entry TOC_ENTRY_ID="6" TITLE="" ENTITY_ID_REF="Pc00101" PAGE_NO="1" PAGE_LABEL="1" PRIM_ID_REF="Pc0010100" IS_IC="true"/></TOC_Entry><TOC_Entry TOC_ENTRY_ID="7" TITLE="Korean War Counterpart To Give Talk" ENTITY_ID_REF="Ar00105" PAGE_NO="1" PAGE_LABEL="1" PRIM_ID_REF="Ar0010500" IS_IC="true"/><TOC_Entry TOC_ENTRY_ID="8" TITLE="LATE NEWS BULLETINS" ENTITY_ID_REF="Ar00106" PAGE_NO="1" PAGE_LABEL="1" PRIM_ID_REF="Ar0010600" IS_IC="true"/><TOC_Entry TOC_ENTRY_ID="9" TITLE="CARDS DUE JUNE 5" ENTITY_ID_REF="Ar00107" PAGE_NO="1" PAGE_LABEL="1" PRIM_ID_REF="Ar0010700" IS_IC="true"/><TOC_Entry TOC_ENTRY_ID="10" TITLE="Exchanges with Russia" ENTITY_ID_REF="Ar00200" PAGE_NO="2" PAGE_LABEL="2" PRIM_ID_REF="Ar0020000" IS_IC="true"/><TOC_Entry TOC_ENTRY_ID="11" TITLE="The Fire Watchers" ENTITY_ID_REF="Ar00201" PAGE_NO="2" PAGE_LABEL="2" PRIM_ID_REF="Ar0020100" IS_IC="true"/><TOC_Entry TOC_ENTRY_ID="12" TITLE="Editor s Mail Bag" ENTITY_ID_REF="Ar00202" PAGE_NO="2" PAGE_LABEL="2" PRIM_ID_REF="Ar0020200" IS_IC="true"/><TOC_Entry TOC_ENTRY_ID="13" TITLE="Council Holds Annuo IFete" ENTITY_ID_REF="Ar00203" PAGE_NO="2" PAGE_LABEL="2" PRIM_ID_REF="Ar0020300" IS_IC="true"/><TOC_Entry TOC_ENTRY_ID="14" TITLE="QolkqsL QhDAiJwadA" ENTITY_ID_REF="Ar00204" PAGE_NO="2" PAGE_LABEL="2" PRIM_ID_REF="Ar0020400" IS_IC="true"/><TOC_Entry TOC_ENTRY_ID="15" TITLE="PAINTING CLEANED" ENTITY_ID_REF="Ar00207" PAGE_NO="2" PAGE_LABEL="2" PRIM_ID_REF="Ar0020700" IS_IC="true"/><TOC_Entry TOC_ENTRY_ID="16" TITLE="International Hotel Houses Ten Guests" ENTITY_ID_REF="Ar00205" PAGE_NO="2" PAGE_LABEL="2" PRIM_ID_REF="Ar0020500" IS_IC="true"/><TOC_Entry TOC_ENTRY_ID="17" TITLE="JhsL Oftio SiajbL^. ihmmw STAFF Managing..." ENTITY_ID_REF="Ar00206" PAGE_NO="2" PAGE_LABEL="2" PRIM_ID_REF="Ar0020600" IS_IC="true"/><TOC_Entry TOC_ENTRY_ID="18" TITLE="" ENTITY_ID_REF="Ad00300" PAGE_NO="3" PAGE_LABEL="3" PRIM_ID_REF="Ad0030001" IS_IC="true"/><TOC_Entry TOC_ENTRY_ID="19" TITLE="Armory Fire Provides Diversion for 'Goon..." ENTITY_ID_REF="Ar00400" PAGE_NO="4" PAGE_LABEL="4" PRIM_ID_REF="Ar0040000" IS_IC="true"><TOC_Entry TOC_ENTRY_ID="20" TITLE="" ENTITY_ID_REF="Pc00401" PAGE_NO="4" PAGE_LABEL="4" PRIM_ID_REF="Pc0040100" IS_IC="true"/></TOC_Entry><TOC_Entry TOC_ENTRY_ID="21" TITLE="REST ROOM" ENTITY_ID_REF="Ar00405" PAGE_NO="4" PAGE_LABEL="4" PRIM_ID_REF="Ar0040500" IS_IC="true"/><TOC_Entry TOC_ENTRY_ID="22" TITLE="Mirror of the Campus" ENTITY_ID_REF="Ar00402" PAGE_NO="4" PAGE_LABEL="4" PRIM_ID_REF="Ar0040200" IS_IC="true"/><TOC_Entry TOC_ENTRY_ID="23" TITLE="" ENTITY_ID_REF="Ad00404" PAGE_NO="4" PAGE_LABEL="4" PRIM_ID_REF="Ad0040401" IS_IC="true"/><TOC_Entry TOC_ENTRY_ID="24" TITLE="" ENTITY_ID_REF="Ad00403" PAGE_NO="4" PAGE_LABEL="4" PRIM_ID_REF="Ad0040301" IS_IC="true"/><TOC_Entry TOC_ENTRY_ID="25" TITLE="Writer Discusses American Customs" ENTITY_ID_REF="Ar00500" PAGE_NO="5" PAGE_LABEL="5" PRIM_ID_REF="Ar0050000" IS_IC="true"><TOC_Entry TOC_ENTRY_ID="26" TITLE="" ENTITY_ID_REF="Pc00507" PAGE_NO="5" PAGE_LABEL="5" PRIM_ID_REF="Pc0050700" IS_IC="true"/></TOC_Entry><TOC_Entry TOC_ENTRY_ID="27" TITLE="After Sack Dresis� What Next?" ENTITY_ID_REF="Ar00501" PAGE_NO="5" PAGE_LABEL="5" PRIM_ID_REF="Ar0050100" IS_IC="true"><TOC_Entry TOC_ENTRY_ID="28" TITLE="" ENTITY_ID_REF="Pc00509" PAGE_NO="5" PAGE_LABEL="5" PRIM_ID_REF="Pc0050900" IS_IC="true"/></TOC_Entry><TOC_Entry TOC_ENTRY_ID="29" TITLE="Sorority Picks Coed For National Office" ENTITY_ID_REF="Ar00502" PAGE_NO="5" PAGE_LABEL="5" PRIM_ID_REF="Ar0050200" IS_IC="true"><TOC_Entry TOC_ENTRY_ID="30" TITLE="" ENTITY_ID_REF="Pc00506" PAGE_NO="5" PAGE_LABEL="5" PRIM_ID_REF="Pc0050600" IS_IC="true"/></TOC_Entry><TOC_Entry TOC_ENTRY_ID="31" TITLE="Writer to Join Magazine Staff" ENTITY_ID_REF="Ar00505" PAGE_NO="5" PAGE_LABEL="5" PRIM_ID_REF="Ar0050500" IS_IC="true"/><TOC_Entry TOC_ENTRY_ID="32" TITLE="Czechs Have Teenage Idol" ENTITY_ID_REF="Ar00504" PAGE_NO="5" PAGE_LABEL="5" PRIM_ID_REF="Ar0050400" IS_IC="true"/><TOC_Entry TOC_ENTRY_ID="33" TITLE="LOFT MEETINGS" ENTITY_ID_REF="Ar00508" PAGE_NO="5" PAGE_LABEL="5" PRIM_ID_REF="Ar0050800" IS_IC="true"/><TOC_Entry TOC_ENTRY_ID="34" TITLE="Trip to Paris Is Top Prize In Contest" ENTITY_ID_REF="Ar00503" PAGE_NO="5" PAGE_LABEL="5" PRIM_ID_REF="Ar0050300" IS_IC="true"/><TOC_Entry TOC_ENTRY_ID="35" TITLE="OFFICIAL BULLETIN THE OHIO STATE UNIVERS..." ENTITY_ID_REF="Ar00600" PAGE_NO="6" PAGE_LABEL="6" PRIM_ID_REF="Ar0060000" IS_IC="true"/><TOC_Entry TOC_ENTRY_ID="36" TITLE="When glue thickens in a bottle, moisten ..." ENTITY_ID_REF="Ar00602" PAGE_NO="6" PAGE_LABEL="6" PRIM_ID_REF="Ar0060200" IS_IC="true"/><TOC_Entry TOC_ENTRY_ID="37" TITLE="WOSU Tour Visits Canada" ENTITY_ID_REF="Ar00603" PAGE_NO="6" PAGE_LABEL="6" PRIM_ID_REF="Ar0060300" IS_IC="true"/><TOC_Entry TOC_ENTRY_ID="38" TITLE="Campus Comment" ENTITY_ID_REF="Ar00601" PAGE_NO="6" PAGE_LABEL="6" PRIM_ID_REF="Ar0060100" IS_IC="true"/><TOC_Entry TOC_ENTRY_ID="39" TITLE="Greeks Nome New Officers" ENTITY_ID_REF="Ar00604" PAGE_NO="6" PAGE_LABEL="6" PRIM_ID_REF="Ar0060400" IS_IC="true"/><TOC_Entry TOC_ENTRY_ID="40" TITLE="AM 820 Kilocycles FM 89.7 Megacycles" ENTITY_ID_REF="Ar00606" PAGE_NO="6" PAGE_LABEL="6" PRIM_ID_REF="Ar0060600" IS_IC="true"><TOC_Entry TOC_ENTRY_ID="41" TITLE="" ENTITY_ID_REF="Pc00605" PAGE_NO="6" PAGE_LABEL="6" PRIM_ID_REF="Pc0060500" IS_IC="true"/></TOC_Entry><TOC_Entry TOC_ENTRY_ID="42" TITLE="Rathman Set for Indianapolis 500" ENTITY_ID_REF="Ar00700" PAGE_NO="7" PAGE_LABEL="7" PRIM_ID_REF="Ar0070000" IS_IC="true"><TOC_Entry TOC_ENTRY_ID="43" TITLE="" ENTITY_ID_REF="Pc00701" PAGE_NO="7" PAGE_LABEL="7" PRIM_ID_REF="Pc0070100" IS_IC="true"/></TOC_Entry><TOC_Entry TOC_ENTRY_ID="44" TITLE="Big 10 Play-Offs Highlight Buckeye Weeke..." ENTITY_ID_REF="Ar00702" PAGE_NO="7" PAGE_LABEL="7" PRIM_ID_REF="Ar0070200" IS_IC="true"/><TOC_Entry TOC_ENTRY_ID="45" TITLE="Times for Speedway" ENTITY_ID_REF="Ar00703" PAGE_NO="7" PAGE_LABEL="7" PRIM_ID_REF="Ar0070300" IS_IC="true"/><TOC_Entry TOC_ENTRY_ID="46" TITLE="Drivers Tune Up Cars for Classic" ENTITY_ID_REF="Ar00704" PAGE_NO="7" PAGE_LABEL="7" PRIM_ID_REF="Ar0070400" IS_IC="true"/><TOC_Entry TOC_ENTRY_ID="47" TITLE="" ENTITY_ID_REF="Ad00705" PAGE_NO="7" PAGE_LABEL="7" PRIM_ID_REF="Ad0070501" IS_IC="true"/><TOC_Entry TOC_ENTRY_ID="48" TITLE="Four Slated For Honorary Awards Here" ENTITY_ID_REF="Ar00801" PAGE_NO="8" PAGE_LABEL="8" PRIM_ID_REF="Ar0080100" IS_IC="true"><TOC_Entry TOC_ENTRY_ID="49" TITLE="" ENTITY_ID_REF="Pc00800" PAGE_NO="8" PAGE_LABEL="8" PRIM_ID_REF="Pc0080000" IS_IC="true"/><TOC_Entry TOC_ENTRY_ID="50" TITLE="" ENTITY_ID_REF="Pc00802" PAGE_NO="8" PAGE_LABEL="8" PRIM_ID_REF="Pc0080200" IS_IC="true"/><TOC_Entry TOC_ENTRY_ID="51" TITLE="" ENTITY_ID_REF="Pc00803" PAGE_NO="8" PAGE_LABEL="8" PRIM_ID_REF="Pc0080300" IS_IC="true"/><TOC_Entry TOC_ENTRY_ID="52" TITLE="" ENTITY_ID_REF="Pc00805" PAGE_NO="8" PAGE_LABEL="8" PRIM_ID_REF="Pc0080500" IS_IC="true"/></TOC_Entry><TOC_Entry TOC_ENTRY_ID="53" TITLE="" ENTITY_ID_REF="Ad00808" PAGE_NO="8" PAGE_LABEL="8" PRIM_ID_REF="Ad0080801" IS_IC="true"/><TOC_Entry TOC_ENTRY_ID="54" TITLE="NASSER DENIES REPORT" ENTITY_ID_REF="Ar00816" PAGE_NO="8" PAGE_LABEL="8" PRIM_ID_REF="Ar0081600" IS_IC="true"/><TOC_Entry TOC_ENTRY_ID="55" TITLE="PFLIMLIN WINS SUPPORT" ENTITY_ID_REF="Ar00817" PAGE_NO="8" PAGE_LABEL="8" PRIM_ID_REF="Ar0081700" IS_IC="true"/><TOC_Entry TOC_ENTRY_ID="56" TITLE="" ENTITY_ID_REF="Ad00811" PAGE_NO="8" PAGE_LABEL="8" PRIM_ID_REF="Ad0081101" IS_IC="true"/><TOC_Entry TOC_ENTRY_ID="57" TITLE="Pyle Wrote With Feeling" ENTITY_ID_REF="Ar00804" PAGE_NO="8" PAGE_LABEL="8" PRIM_ID_REF="Ar0080400" IS_IC="true"/><TOC_Entry TOC_ENTRY_ID="58" TITLE="" ENTITY_ID_REF="Ad00810" PAGE_NO="8" PAGE_LABEL="8" PRIM_ID_REF="Ad0081001" IS_IC="true"/><TOC_Entry TOC_ENTRY_ID="59" TITLE="" ENTITY_ID_REF="Ad00807" PAGE_NO="8" PAGE_LABEL="8" PRIM_ID_REF="Ad0080701" IS_IC="true"/><TOC_Entry TOC_ENTRY_ID="60" TITLE="" ENTITY_ID_REF="Ad00809" PAGE_NO="8" PAGE_LABEL="8" PRIM_ID_REF="Ad0080901" IS_IC="true"/><TOC_Entry TOC_ENTRY_ID="61" TITLE="" ENTITY_ID_REF="Ad00812" PAGE_NO="8" PAGE_LABEL="8" PRIM_ID_REF="Ad0081201" IS_IC="true"/><TOC_Entry TOC_ENTRY_ID="62" TITLE="" ENTITY_ID_REF="Ad00813" PAGE_NO="8" PAGE_LABEL="8" PRIM_ID_REF="Ad0081301" IS_IC="true"/><TOC_Entry TOC_ENTRY_ID="63" TITLE="" ENTITY_ID_REF="Ad00814" PAGE_NO="8" PAGE_LABEL="8" PRIM_ID_REF="Ad0081401" IS_IC="true"/><TOC_Entry TOC_ENTRY_ID="64" TITLE="" ENTITY_ID_REF="Ad00815" PAGE_NO="8" PAGE_LABEL="8" PRIM_ID_REF="Ad0081501" IS_IC="true"/><TOC_Entry TOC_ENTRY_ID="65" TITLE="QLoLbu&amp;ifi&amp; RATES Regular Classified ......" ENTITY_ID_REF="Ar00806" PAGE_NO="8" PAGE_LABEL="8" PRIM_ID_REF="Ar0080600" IS_IC="true"/></TOC_Entries></Logic_np></Xmd_toc>
