<?xml version="1.0" encoding="windows-1252" standalone="no"?>
<Xmd_toc REPOSITORY_FORMAT="1.0" PRXML_VER="2.2" PUBLICATION="OHI" PUBLICATION_DESCRIPTION="" ISSUE_DATE="14/10/1958" RELEASE_NO="060-OHI-1958-10-14-001-SINGLE-LANTERN_VOL-78_JUN26-JUN8_OCT_073" LANGUAGE="English">
	<Head_np>
		<Meta PAGES_NUMBER="8" SOURCE_TYPE="TIFF" SOURCE_RESOLUTION="72" IMAGES_RESOLUTION="160" PAGE_THUMBNAIL_RESOLUTION="72" PAGE_PREVIEW_RESOLUTION="15" DEFAULT_IMG_EXT="png" DEFAULT_PREVIEW_IMG_EXT="png" BASE_HREF="OHI/1958/10/14" PDF_DESTINATION_MAPPED="OLV0_Page_0001" TITLE_SNP_EXT="png" AD_SNP_EXT="png" IMAGE_SNP_EXT="jpg" MULTI_LAYER_PAGE_IMG="false" IS_SOLID="false" DOC_DATE="14/10/1958" DOC_UID="OHI_14/10/1958" DOC_VER="1" OCR_CONFIDENCE="1.000" TOTAL_CHARS_COUNT="54570" SUSPICIOUS_CHARS_COUNT="0">
			<Publisher XMD_VER="2.6.241.4" ACROBAT_VER="7.08" PUBLISHER="Olive" PROFILE_ID="W:\Batch\Profile\OHI-1958-10-14.ini">
				<PublishDate>Tue, 24 May 2011 14:51:31 UTC</PublishDate>
				<PublishSWFCompatible>false</PublishSWFCompatible>
			</Publisher>
			<Resolutions>
				<Resolution DEFAULT="true">72</Resolution>
			</Resolutions>
		</Meta>
		<Link SOURCE="060-OHI-1958-10-14-001-SINGLE-LANTERN_VOL-78_JUN26-JUN8_OCT_073.pdf"/>
		<DataFiles>
			<Files TYPE="DOC_PDF" PRESENT="1"/>
			<Files TYPE="PAGE_PDF" PRESENT="0"/>
			<Files TYPE="DOC_IMG" PRESENT="0"/>
			<Files TYPE="PAGE_IMG" PRESENT="0"/>
			<Files TYPE="PAGE_VIEW_IMG" PRESENT="1"/>
			<Files TYPE="PAGE_PREVIEW_IMG" PRESENT="1"/>
			<Files TYPE="PRIMITIVE_IMG" PRESENT="1"/>
			<Files TYPE="SNIPPET_IMG" PRESENT="1"/>
			<Files TYPE="SEGMENTATION" PRESENT="0"/>
		</DataFiles><Application_Data/></Head_np>
	<Body_np>
		<Section NAME="Front page">
			<Page PAGE_NO="1" NAME="" PAGE_LABEL="1" ID="Pg001" PAGE_TYPE="Single" PAGE_WIDTH="872" PAGE_HEIGHT="1238" CROP_BOX="0 0 871 1237" MEDIA_BOX="0 0 871 1237" HREF="/1/Pg001" TOTAL_CHARS_COUNT="7044" SUSPICIOUS_CHARS_COUNT="0">
				<Entity ENTITY_TYPE="Article" FIRST_TOC_ENTRY_ID="9" DEPTH_LEVEL="1" INDEX_IN_DOC="9" PAGE_NO="1" NAME="Apartment Project Set At $2 Million" ID="Ar00100" HREF="/1/Ar00100" SIZE="Medium" IMAGES_RESOLUTION="160" WORDCNT="228"/>
				<Entity ENTITY_TYPE="Article" FIRST_TOC_ENTRY_ID="2" DEPTH_LEVEL="1" INDEX_IN_DOC="2" PAGE_NO="1" NAME="Married Student Housing Plan OK'd" ID="Ar00101" HREF="/1/Ar00101" SIZE="Medium" IMAGES_RESOLUTION="160" WORDCNT="261"/>
				<Entity ENTITY_TYPE="Article" FIRST_TOC_ENTRY_ID="5" DEPTH_LEVEL="1" INDEX_IN_DOC="5" PAGE_NO="1" NAME="Hayes Raps Officials, 'Dirty' Defense Play" ID="Ar00102" HREF="/1/Ar00102" SIZE="Large" IMAGES_RESOLUTION="160" WORDCNT="464"/>
				<Entity ENTITY_TYPE="Article" FIRST_TOC_ENTRY_ID="6" DEPTH_LEVEL="1" INDEX_IN_DOC="6" PAGE_NO="1" NAME="Prof. Lord Dies Of Heart Attack" ID="Ar00103" HREF="/1/Ar00103" SIZE="Medium" IMAGES_RESOLUTION="160" WORDCNT="223"/>
				<Entity ENTITY_TYPE="Article" FIRST_TOC_ENTRY_ID="8" DEPTH_LEVEL="1" INDEX_IN_DOC="8" PAGE_NO="1" NAME="BULLETINS" ID="Ar00104" HREF="/1/Ar00104" SIZE="Small" IMAGES_RESOLUTION="160" WORDCNT="126"/>
				<Entity ENTITY_TYPE="Article" FIRST_TOC_ENTRY_ID="10" DEPTH_LEVEL="1" INDEX_IN_DOC="10" PAGE_NO="1" NAME="'Across the Field 7 Composer Gives Stocks for Fund" ID="Ar00105" HREF="/1/Ar00105" SIZE="Small" IMAGES_RESOLUTION="160" WORDCNT="169"/>
				<Entity ENTITY_TYPE="Picture" FIRST_TOC_ENTRY_ID="4" DEPTH_LEVEL="2" INDEX_IN_DOC="4" PAGE_NO="1" NAME="Untitled Picture" ID="Pc00106" HREF="/1/Pc00106" SIZE="Medium" EMBEDDED_INTO="Ar00109" EMBEDDED_AFTER="Ar0010900" IMAGES_RESOLUTION="160" WORDCNT="0"/>
				<Entity ENTITY_TYPE="Picture" FIRST_TOC_ENTRY_ID="7" DEPTH_LEVEL="2" INDEX_IN_DOC="7" PAGE_NO="1" NAME="Untitled Picture" ID="Pc00107" HREF="/1/Pc00107" SIZE="Small" EMBEDDED_INTO="Ar00103" EMBEDDED_AFTER="Ar0010302" IMAGES_RESOLUTION="160" WORDCNT="0"/>
				<Entity ENTITY_TYPE="Article" FIRST_TOC_ENTRY_ID="1" DEPTH_LEVEL="1" INDEX_IN_DOC="1" PAGE_NO="1" NAME="Untitled Article" ID="Ar00108" HREF="/1/Ar00108" SIZE="Small" IMAGES_RESOLUTION="160" WORDCNT="18"/>
				<Entity ENTITY_TYPE="Article" FIRST_TOC_ENTRY_ID="3" DEPTH_LEVEL="1" INDEX_IN_DOC="3" PAGE_NO="1" NAME="Untitled Article" ID="Ar00109" HREF="/1/Ar00109" SIZE="Small" IMAGES_RESOLUTION="160" WORDCNT="119"/>
				<Entity ENTITY_TYPE="Article" FIRST_TOC_ENTRY_ID="11" DEPTH_LEVEL="1" INDEX_IN_DOC="11" PAGE_NO="1" NAME="ACCOUNTANT TO SPEAK" ID="Ar00110" HREF="/1/Ar00110" SIZE="Small" IMAGES_RESOLUTION="160" WORDCNT="49"/>
			</Page>
		</Section>
		<Section NAME="None">
			<Page PAGE_NO="2" NAME="" PAGE_LABEL="2" ID="Pg002" PAGE_TYPE="Single" PAGE_WIDTH="860" PAGE_HEIGHT="1254" CROP_BOX="0 0 859 1253" MEDIA_BOX="0 0 859 1253" HREF="/2/Pg002" TOTAL_CHARS_COUNT="8438" SUSPICIOUS_CHARS_COUNT="0">
				<Entity ENTITY_TYPE="Article" FIRST_TOC_ENTRY_ID="12" DEPTH_LEVEL="1" INDEX_IN_DOC="12" PAGE_NO="2" NAME="Math Tests" ID="Ar00200" HREF="/2/Ar00200" SIZE="Large" IMAGES_RESOLUTION="160" WORDCNT="368"/>
				<Entity ENTITY_TYPE="Article" FIRST_TOC_ENTRY_ID="13" DEPTH_LEVEL="1" INDEX_IN_DOC="13" PAGE_NO="2" NAME="Indicators" ID="Ar00201" HREF="/2/Ar00201" SIZE="Medium" IMAGES_RESOLUTION="160" WORDCNT="141"/>
				<Entity ENTITY_TYPE="Article" FIRST_TOC_ENTRY_ID="14" DEPTH_LEVEL="1" INDEX_IN_DOC="14" PAGE_NO="2" NAME="More Talks" ID="Ar00202" HREF="/2/Ar00202" SIZE="Medium" IMAGES_RESOLUTION="160" WORDCNT="173"/>
				<Entity ENTITY_TYPE="Article" FIRST_TOC_ENTRY_ID="15" DEPTH_LEVEL="1" INDEX_IN_DOC="15" PAGE_NO="2" NAME="Editor's Mail Bag" ID="Ar00203" HREF="/2/Ar00203" SIZE="Small" IMAGES_RESOLUTION="160" WORDCNT="111"/>
				<Entity ENTITY_TYPE="Article" FIRST_TOC_ENTRY_ID="16" DEPTH_LEVEL="1" INDEX_IN_DOC="16" PAGE_NO="2" NAME="Education Stops All Coffee Breaks" ID="Ar00204" HREF="/2/Ar00204" SIZE="Small" IMAGES_RESOLUTION="160" WORDCNT="195"/>
				<Entity ENTITY_TYPE="Article" FIRST_TOC_ENTRY_ID="17" DEPTH_LEVEL="1" INDEX_IN_DOC="17" PAGE_NO="2" NAME="Mexico Asks For Big To Iks" ID="Ar00205" HREF="/2/Ar00205" SIZE="Small" IMAGES_RESOLUTION="160" WORDCNT="186"/>
				<Entity ENTITY_TYPE="Picture" FIRST_TOC_ENTRY_ID="21" DEPTH_LEVEL="2" INDEX_IN_DOC="21" PAGE_NO="2" NAME="Untitled Picture" ID="Pc00206" HREF="/2/Pc00206" SIZE="Medium" EMBEDDED_INTO="Ar00209" EMBEDDED_AFTER="Ar0020900" IMAGES_RESOLUTION="160" WORDCNT="0"/>
				<Entity ENTITY_TYPE="Article" FIRST_TOC_ENTRY_ID="18" DEPTH_LEVEL="1" INDEX_IN_DOC="18" PAGE_NO="2" NAME="(P&amp;itoJwltii&amp;A" ID="Ar00207" HREF="/2/Ar00207" SIZE="Large" IMAGES_RESOLUTION="160" WORDCNT="506"/>
				<Entity ENTITY_TYPE="Article" FIRST_TOC_ENTRY_ID="19" DEPTH_LEVEL="1" INDEX_IN_DOC="19" PAGE_NO="2" NAME="Untitled Article" ID="Ar00208" HREF="/2/Ar00208" SIZE="Small" IMAGES_RESOLUTION="160" WORDCNT="227"/>
				<Entity ENTITY_TYPE="Article" FIRST_TOC_ENTRY_ID="20" DEPTH_LEVEL="1" INDEX_IN_DOC="20" PAGE_NO="2" NAME="Untitled Article" ID="Ar00209" HREF="/2/Ar00209" SIZE="Small" IMAGES_RESOLUTION="160" WORDCNT="6"/>
			</Page>
			<Page PAGE_NO="3" NAME="" PAGE_LABEL="3" ID="Pg003" PAGE_TYPE="Single" PAGE_WIDTH="864" PAGE_HEIGHT="1238" CROP_BOX="0 0 863 1237" MEDIA_BOX="0 0 863 1237" HREF="/3/Pg003" TOTAL_CHARS_COUNT="7015" SUSPICIOUS_CHARS_COUNT="0">
				<Entity ENTITY_TYPE="Article" FIRST_TOC_ENTRY_ID="22" DEPTH_LEVEL="1" INDEX_IN_DOC="22" PAGE_NO="3" NAME="Cows Figure in Birth and Travel News" ID="Ar00300" HREF="/3/Ar00300" SIZE="Large" IMAGES_RESOLUTION="160" WORDCNT="721"/>
				<Entity ENTITY_TYPE="Picture" FIRST_TOC_ENTRY_ID="23" DEPTH_LEVEL="2" INDEX_IN_DOC="23" PAGE_NO="3" NAME="Untitled Picture" ID="Pc00301" HREF="/3/Pc00301" SIZE="Medium" EMBEDDED_INTO="Ar00300" EMBEDDED_AFTER="Ar0030001" IMAGES_RESOLUTION="160" WORDCNT="0"/>
				<Entity ENTITY_TYPE="Article" FIRST_TOC_ENTRY_ID="25" DEPTH_LEVEL="1" INDEX_IN_DOC="25" PAGE_NO="3" NAME="Rocket Lab Tries To Soup Up Fuels" ID="Ar00302" HREF="/3/Ar00302" SIZE="Large" IMAGES_RESOLUTION="160" WORDCNT="442"/>
				<Entity ENTITY_TYPE="Picture" FIRST_TOC_ENTRY_ID="24" DEPTH_LEVEL="2" INDEX_IN_DOC="24" PAGE_NO="3" NAME="Untitled Picture" ID="Pc00303" HREF="/3/Pc00303" SIZE="Medium" EMBEDDED_INTO="Ar00300" EMBEDDED_AFTER="Ar0030005" IMAGES_RESOLUTION="160" WORDCNT="0"/>
				<Entity ENTITY_TYPE="Article" FIRST_TOC_ENTRY_ID="26" DEPTH_LEVEL="1" INDEX_IN_DOC="26" PAGE_NO="3" NAME="iHartman's %Vl Abner' Well Done" ID="Ar00304" HREF="/3/Ar00304" SIZE="Medium" IMAGES_RESOLUTION="160" WORDCNT="349"/>
				<Entity ENTITY_TYPE="Article" FIRST_TOC_ENTRY_ID="27" DEPTH_LEVEL="1" INDEX_IN_DOC="27" PAGE_NO="3" NAME="City Planners" ID="Ar00305" HREF="/3/Ar00305" SIZE="Small" IMAGES_RESOLUTION="160" WORDCNT="84"/>
				<Entity ENTITY_TYPE="Picture" FIRST_TOC_ENTRY_ID="28" DEPTH_LEVEL="2" INDEX_IN_DOC="28" PAGE_NO="3" NAME="Untitled Picture" ID="Pc00306" HREF="/3/Pc00306" SIZE="Medium" EMBEDDED_INTO="Ar00305" EMBEDDED_AFTER="Ar0030500" IMAGES_RESOLUTION="160" WORDCNT="0"/>
			</Page>
			<Page PAGE_NO="4" NAME="" PAGE_LABEL="4" ID="Pg004" PAGE_TYPE="Single" PAGE_WIDTH="871" PAGE_HEIGHT="1246" CROP_BOX="0 0 870 1245" MEDIA_BOX="0 0 870 1245" HREF="/4/Pg004" TOTAL_CHARS_COUNT="8775" SUSPICIOUS_CHARS_COUNT="0">
				<Entity ENTITY_TYPE="Article" FIRST_TOC_ENTRY_ID="29" DEPTH_LEVEL="1" INDEX_IN_DOC="29" PAGE_NO="4" NAME="Higher Education Is Essential For Women, Professor Says" ID="Ar00400" HREF="/4/Ar00400" SIZE="Large" IMAGES_RESOLUTION="160" WORDCNT="729"/>
				<Entity ENTITY_TYPE="Picture" FIRST_TOC_ENTRY_ID="30" DEPTH_LEVEL="2" INDEX_IN_DOC="30" PAGE_NO="4" NAME="Untitled Picture" ID="Pc00401" HREF="/4/Pc00401" SIZE="Medium" EMBEDDED_INTO="Ar00400" EMBEDDED_AFTER="Ar0040003" IMAGES_RESOLUTION="160" WORDCNT="0"/>
				<Entity ENTITY_TYPE="Article" FIRST_TOC_ENTRY_ID="31" DEPTH_LEVEL="1" INDEX_IN_DOC="31" PAGE_NO="4" NAME="Mother's New Role Based on Life Span" ID="Ar00402" HREF="/4/Ar00402" SIZE="Medium" IMAGES_RESOLUTION="160" WORDCNT="359"/>
				<Entity ENTITY_TYPE="Picture" FIRST_TOC_ENTRY_ID="35" DEPTH_LEVEL="2" INDEX_IN_DOC="35" PAGE_NO="4" NAME="Untitled Picture" ID="Pc00403" HREF="/4/Pc00403" SIZE="Small" EMBEDDED_INTO="Ar00404" EMBEDDED_AFTER="Ar0040400" IMAGES_RESOLUTION="160" WORDCNT="0"/>
				<Entity ENTITY_TYPE="Article" FIRST_TOC_ENTRY_ID="34" DEPTH_LEVEL="1" INDEX_IN_DOC="34" PAGE_NO="4" NAME="Fads Facts Fashions" ID="Ar00404" HREF="/4/Ar00404" SIZE="Large" IMAGES_RESOLUTION="160" WORDCNT="468"/>
				<Entity ENTITY_TYPE="Article" FIRST_TOC_ENTRY_ID="36" DEPTH_LEVEL="1" INDEX_IN_DOC="36" PAGE_NO="4" NAME="Diners State Preferences" ID="Ar00405" HREF="/4/Ar00405" SIZE="Small" IMAGES_RESOLUTION="160" WORDCNT="112"/>
				<Entity ENTITY_TYPE="Article" FIRST_TOC_ENTRY_ID="38" DEPTH_LEVEL="1" INDEX_IN_DOC="38" PAGE_NO="4" NAME="Zonta House Gets Director" ID="Ar00406" HREF="/4/Ar00406" SIZE="Medium" IMAGES_RESOLUTION="160" WORDCNT="237"/>
				<Entity ENTITY_TYPE="Picture" FIRST_TOC_ENTRY_ID="39" DEPTH_LEVEL="2" INDEX_IN_DOC="39" PAGE_NO="4" NAME="Untitled Picture" ID="Pc00407" HREF="/4/Pc00407" SIZE="Small" EMBEDDED_INTO="Ar00406" EMBEDDED_AFTER="Ar0040601" IMAGES_RESOLUTION="160" WORDCNT="0"/>
				<Entity ENTITY_TYPE="Article" FIRST_TOC_ENTRY_ID="37" DEPTH_LEVEL="1" INDEX_IN_DOC="37" PAGE_NO="4" NAME="Fashion Recipe" ID="Ar00408" HREF="/4/Ar00408" SIZE="Small" IMAGES_RESOLUTION="160" WORDCNT="70"/>
				<Entity ENTITY_TYPE="Article" FIRST_TOC_ENTRY_ID="32" DEPTH_LEVEL="1" INDEX_IN_DOC="32" PAGE_NO="4" NAME="Miles of Chains" ID="Ar00409" HREF="/4/Ar00409" SIZE="Small" IMAGES_RESOLUTION="160" WORDCNT="95"/>
				<Entity ENTITY_TYPE="Article" FIRST_TOC_ENTRY_ID="33" DEPTH_LEVEL="1" INDEX_IN_DOC="33" PAGE_NO="4" NAME="Sweater Time" ID="Ar00410" HREF="/4/Ar00410" SIZE="Small" IMAGES_RESOLUTION="160" WORDCNT="43"/>
			</Page>
			<Page PAGE_NO="5" NAME="" PAGE_LABEL="5" ID="Pg005" PAGE_TYPE="Single" PAGE_WIDTH="868" PAGE_HEIGHT="1238" CROP_BOX="0 0 867 1237" MEDIA_BOX="0 0 867 1237" HREF="/5/Pg005" TOTAL_CHARS_COUNT="7318" SUSPICIOUS_CHARS_COUNT="0">
				<Entity ENTITY_TYPE="Picture" FIRST_TOC_ENTRY_ID="41" DEPTH_LEVEL="2" INDEX_IN_DOC="41" PAGE_NO="5" NAME="Untitled Picture" ID="Pc00500" HREF="/5/Pc00500" SIZE="Large" EMBEDDED_INTO="Ar00501" EMBEDDED_AFTER="Ar0050100" IMAGES_RESOLUTION="160" WORDCNT="0"/>
				<Entity ENTITY_TYPE="Article" FIRST_TOC_ENTRY_ID="40" DEPTH_LEVEL="1" INDEX_IN_DOC="40" PAGE_NO="5" NAME="Untitled Article" ID="Ar00501" HREF="/5/Ar00501" SIZE="Small" IMAGES_RESOLUTION="160" WORDCNT="68"/>
				<Entity ENTITY_TYPE="Article" FIRST_TOC_ENTRY_ID="42" DEPTH_LEVEL="1" INDEX_IN_DOC="42" PAGE_NO="5" NAME="Ford and Miller Have Best E.R.A" ID="Ar00502" HREF="/5/Ar00502" SIZE="Medium" IMAGES_RESOLUTION="160" WORDCNT="292"/>
				<Entity ENTITY_TYPE="Article" FIRST_TOC_ENTRY_ID="48" DEPTH_LEVEL="1" INDEX_IN_DOC="48" PAGE_NO="5" NAME="Bucks Win 4 Games by 17 Points" ID="Ar00503" HREF="/5/Ar00503" SIZE="Medium" IMAGES_RESOLUTION="160" WORDCNT="293"/>
				<Entity ENTITY_TYPE="Article" FIRST_TOC_ENTRY_ID="44" DEPTH_LEVEL="1" INDEX_IN_DOC="44" PAGE_NO="5" NAME="Army Bucks" ID="Ar00504" HREF="/5/Ar00504" SIZE="Small" IMAGES_RESOLUTION="160" WORDCNT="74"/>
				<Entity ENTITY_TYPE="Article" FIRST_TOC_ENTRY_ID="46" DEPTH_LEVEL="1" INDEX_IN_DOC="46" PAGE_NO="5" NAME="Dave Sime Now Rated Fastest on Gridiron" ID="Ar00505" HREF="/5/Ar00505" SIZE="Medium" IMAGES_RESOLUTION="160" WORDCNT="408"/>
				<Entity ENTITY_TYPE="Article" FIRST_TOC_ENTRY_ID="45" DEPTH_LEVEL="1" INDEX_IN_DOC="45" PAGE_NO="5" NAME="First in Poll; Up to Fourth" ID="Ar00506" HREF="/5/Ar00506" SIZE="Large" IMAGES_RESOLUTION="160" WORDCNT="485"/>
				<Entity ENTITY_TYPE="Article" FIRST_TOC_ENTRY_ID="49" DEPTH_LEVEL="1" INDEX_IN_DOC="49" PAGE_NO="5" NAME="Hockey Club Meets Oct.!4" ID="Ar00507" HREF="/5/Ar00507" SIZE="Small" IMAGES_RESOLUTION="160" WORDCNT="96"/>
				<Entity ENTITY_TYPE="Article" FIRST_TOC_ENTRY_ID="47" DEPTH_LEVEL="1" INDEX_IN_DOC="47" PAGE_NO="5" NAME="Top Ten" ID="Ar00508" HREF="/5/Ar00508" SIZE="Small" IMAGES_RESOLUTION="160" WORDCNT="117"/>
				<Entity ENTITY_TYPE="Article" FIRST_TOC_ENTRY_ID="43" DEPTH_LEVEL="1" INDEX_IN_DOC="43" PAGE_NO="5" NAME="BASKETBALL MEET" ID="Ar00509" HREF="/5/Ar00509" SIZE="Small" IMAGES_RESOLUTION="160" WORDCNT="60"/>
			</Page>
			<Page PAGE_NO="6" NAME="" PAGE_LABEL="6" ID="Pg006" PAGE_TYPE="Single" PAGE_WIDTH="877" PAGE_HEIGHT="1255" CROP_BOX="0 0 876 1254" MEDIA_BOX="0 0 876 1254" HREF="/6/Pg006" TOTAL_CHARS_COUNT="9988" SUSPICIOUS_CHARS_COUNT="0">
				<Entity ENTITY_TYPE="Article" FIRST_TOC_ENTRY_ID="50" DEPTH_LEVEL="1" INDEX_IN_DOC="50" PAGE_NO="6" NAME="OFFICIAL BULLETIN THE OHIO STATE UNIVERSITY" ID="Ar00600" HREF="/6/Ar00600" SIZE="Large" IMAGES_RESOLUTION="160" WORDCNT="1239"/>
				<Entity ENTITY_TYPE="Article" FIRST_TOC_ENTRY_ID="51" DEPTH_LEVEL="1" INDEX_IN_DOC="51" PAGE_NO="6" NAME="Faculty Code" ID="Ar00601" HREF="/6/Ar00601" SIZE="Small" IMAGES_RESOLUTION="160" WORDCNT="203"/>
				<Entity ENTITY_TYPE="Article" FIRST_TOC_ENTRY_ID="52" DEPTH_LEVEL="1" INDEX_IN_DOC="52" PAGE_NO="6" NAME="&amp;lt;/J^J- S^XU^lZh. LOJV^CJUU {" ID="Ar00602" HREF="/6/Ar00602" SIZE="Medium" IMAGES_RESOLUTION="160" WORDCNT="374"/>
				<Entity ENTITY_TYPE="Article" FIRST_TOC_ENTRY_ID="54" DEPTH_LEVEL="1" INDEX_IN_DOC="54" PAGE_NO="6" NAME="rloA&amp;Jlmd" ID="Ar00603" HREF="/6/Ar00603" SIZE="Small" IMAGES_RESOLUTION="160" WORDCNT="97"/>
				<Entity ENTITY_TYPE="Article" FIRST_TOC_ENTRY_ID="55" DEPTH_LEVEL="1" INDEX_IN_DOC="55" PAGE_NO="6" NAME="Untitled Article" ID="Ar00604" HREF="/6/Ar00604" SIZE="Small" IMAGES_RESOLUTION="160" WORDCNT="298"/>
				<Entity ENTITY_TYPE="Picture" FIRST_TOC_ENTRY_ID="58" DEPTH_LEVEL="2" INDEX_IN_DOC="58" PAGE_NO="6" NAME="Untitled Picture" ID="Pc00605" HREF="/6/Pc00605" SIZE="Small" EMBEDDED_INTO="Ar00606" EMBEDDED_AFTER="Ar0060600" IMAGES_RESOLUTION="160" WORDCNT="0"/>
				<Entity ENTITY_TYPE="Article" FIRST_TOC_ENTRY_ID="57" DEPTH_LEVEL="1" INDEX_IN_DOC="57" PAGE_NO="6" NAME="Untitled Article" ID="Ar00606" HREF="/6/Ar00606" SIZE="Small" IMAGES_RESOLUTION="160" WORDCNT="212"/>
				<Entity ENTITY_TYPE="Article" FIRST_TOC_ENTRY_ID="56" DEPTH_LEVEL="1" INDEX_IN_DOC="56" PAGE_NO="6" NAME="^ Ad Meeting Being Held Here&quot; Today" ID="Ar00607" HREF="/6/Ar00607" SIZE="Medium" IMAGES_RESOLUTION="160" WORDCNT="222"/>
				<Entity ENTITY_TYPE="Ad" FIRST_TOC_ENTRY_ID="59" DEPTH_LEVEL="1" INDEX_IN_DOC="59" PAGE_NO="6" NAME="Untitled Ad" ID="Ad00608" HREF="/6/Ad00608" SIZE="Large" IMAGES_RESOLUTION="160" WORDCNT="107"/>
				<Entity ENTITY_TYPE="Picture" FIRST_TOC_ENTRY_ID="53" DEPTH_LEVEL="2" INDEX_IN_DOC="53" PAGE_NO="6" NAME="Untitled Picture" ID="Pc00609" HREF="/6/Pc00609" SIZE="Small" EMBEDDED_INTO="Ar00602" EMBEDDED_AFTER="Ar0060202" IMAGES_RESOLUTION="160" WORDCNT="0"/>
			</Page>
			<Page PAGE_NO="7" NAME="" PAGE_LABEL="7" ID="Pg007" PAGE_TYPE="Single" PAGE_WIDTH="855" PAGE_HEIGHT="1244" CROP_BOX="0 0 854 1243" MEDIA_BOX="0 0 854 1243" HREF="/7/Pg007" TOTAL_CHARS_COUNT="1623" SUSPICIOUS_CHARS_COUNT="0">
				<Entity ENTITY_TYPE="Ad" FIRST_TOC_ENTRY_ID="61" DEPTH_LEVEL="1" INDEX_IN_DOC="61" PAGE_NO="7" NAME="Untitled Ad" ID="Ad00700" HREF="/7/Ad00700" SIZE="Small" IMAGES_RESOLUTION="160" WORDCNT="54"/>
				<Entity ENTITY_TYPE="Ad" FIRST_TOC_ENTRY_ID="64" DEPTH_LEVEL="1" INDEX_IN_DOC="64" PAGE_NO="7" NAME="Untitled Ad" ID="Ad00701" HREF="/7/Ad00701" SIZE="Small" IMAGES_RESOLUTION="160" WORDCNT="13"/>
				<Entity ENTITY_TYPE="Ad" FIRST_TOC_ENTRY_ID="63" DEPTH_LEVEL="1" INDEX_IN_DOC="63" PAGE_NO="7" NAME="Untitled Ad" ID="Ad00702" HREF="/7/Ad00702" SIZE="Small" IMAGES_RESOLUTION="160" WORDCNT="37"/>
				<Entity ENTITY_TYPE="Article" FIRST_TOC_ENTRY_ID="60" DEPTH_LEVEL="1" INDEX_IN_DOC="60" PAGE_NO="7" NAME="Russian Attacks TV Play" ID="Ar00703" HREF="/7/Ar00703" SIZE="Medium" IMAGES_RESOLUTION="160" WORDCNT="288"/>
				<Entity ENTITY_TYPE="Ad" FIRST_TOC_ENTRY_ID="65" DEPTH_LEVEL="1" INDEX_IN_DOC="65" PAGE_NO="7" NAME="Untitled Ad" ID="Ad00704" HREF="/7/Ad00704" SIZE="Medium" IMAGES_RESOLUTION="160" WORDCNT="166"/>
				<Entity ENTITY_TYPE="Ad" FIRST_TOC_ENTRY_ID="66" DEPTH_LEVEL="1" INDEX_IN_DOC="66" PAGE_NO="7" NAME="Untitled Ad" ID="Ad00705" HREF="/7/Ad00705" SIZE="XLarge" IMAGES_RESOLUTION="160" WORDCNT="34"/>
				<Entity ENTITY_TYPE="Ad" FIRST_TOC_ENTRY_ID="62" DEPTH_LEVEL="1" INDEX_IN_DOC="62" PAGE_NO="7" NAME="Untitled Ad" ID="Ad00706" HREF="/7/Ad00706" SIZE="Medium" IMAGES_RESOLUTION="160" WORDCNT="102"/>
			</Page>
			<Page PAGE_NO="8" NAME="" PAGE_LABEL="8" ID="Pg008" PAGE_TYPE="Single" PAGE_WIDTH="864" PAGE_HEIGHT="1250" CROP_BOX="0 0 863 1249" MEDIA_BOX="0 0 863 1249" HREF="/8/Pg008" TOTAL_CHARS_COUNT="4369" SUSPICIOUS_CHARS_COUNT="0">
				<Entity ENTITY_TYPE="Article" FIRST_TOC_ENTRY_ID="67" DEPTH_LEVEL="1" INDEX_IN_DOC="67" PAGE_NO="8" NAME="Down Front" ID="Ar00800" HREF="/8/Ar00800" SIZE="Large" IMAGES_RESOLUTION="160" WORDCNT="505"/>
				<Entity ENTITY_TYPE="Article" FIRST_TOC_ENTRY_ID="68" DEPTH_LEVEL="1" INDEX_IN_DOC="68" PAGE_NO="8" NAME="New Supreme Court Justice Values Individual Liberties" ID="Ar00801" HREF="/8/Ar00801" SIZE="Large" IMAGES_RESOLUTION="160" WORDCNT="571"/>
				<Entity ENTITY_TYPE="Ad" FIRST_TOC_ENTRY_ID="69" DEPTH_LEVEL="1" INDEX_IN_DOC="69" PAGE_NO="8" NAME="Untitled Ad" ID="Ad00802" HREF="/8/Ad00802" SIZE="Medium" IMAGES_RESOLUTION="160" WORDCNT="66"/>
				<Entity ENTITY_TYPE="Ad" FIRST_TOC_ENTRY_ID="70" DEPTH_LEVEL="1" INDEX_IN_DOC="70" PAGE_NO="8" NAME="Untitled Ad" ID="Ad00803" HREF="/8/Ad00803" SIZE="XLarge" IMAGES_RESOLUTION="160" WORDCNT="537"/>
			</Page>
		</Section>
	</Body_np>
	<Logic_np><TOC_Entries><TOC_Entry TOC_ENTRY_ID="1" TITLE="THE WEATHER Fair and warmer, with no rai..." ENTITY_ID_REF="Ar00108" PAGE_NO="1" PAGE_LABEL="1" PRIM_ID_REF="Ar0010800" IS_IC="true"/><TOC_Entry TOC_ENTRY_ID="2" TITLE="Married Student Housing Plan OK'd" ENTITY_ID_REF="Ar00101" PAGE_NO="1" PAGE_LABEL="1" PRIM_ID_REF="Ar0010100" IS_IC="true"/><TOC_Entry TOC_ENTRY_ID="3" TITLE="FUTURE PROJECT�This drawing shows Ohio S..." ENTITY_ID_REF="Ar00109" PAGE_NO="1" PAGE_LABEL="1" PRIM_ID_REF="Ar0010900" IS_IC="true"><TOC_Entry TOC_ENTRY_ID="4" TITLE="" ENTITY_ID_REF="Pc00106" PAGE_NO="1" PAGE_LABEL="1" PRIM_ID_REF="Pc0010600" IS_IC="true"/></TOC_Entry><TOC_Entry TOC_ENTRY_ID="5" TITLE="Hayes Raps Officials, 'Dirty' Defense Pl..." ENTITY_ID_REF="Ar00102" PAGE_NO="1" PAGE_LABEL="1" PRIM_ID_REF="Ar0010200" IS_IC="true"/><TOC_Entry TOC_ENTRY_ID="6" TITLE="Prof. Lord Dies Of Heart Attack" ENTITY_ID_REF="Ar00103" PAGE_NO="1" PAGE_LABEL="1" PRIM_ID_REF="Ar0010300" IS_IC="true"><TOC_Entry TOC_ENTRY_ID="7" TITLE="" ENTITY_ID_REF="Pc00107" PAGE_NO="1" PAGE_LABEL="1" PRIM_ID_REF="Pc0010700" IS_IC="true"/></TOC_Entry><TOC_Entry TOC_ENTRY_ID="8" TITLE="BULLETINS" ENTITY_ID_REF="Ar00104" PAGE_NO="1" PAGE_LABEL="1" PRIM_ID_REF="Ar0010400" IS_IC="true"/><TOC_Entry TOC_ENTRY_ID="9" TITLE="Apartment Project Set At $2 Million" ENTITY_ID_REF="Ar00100" PAGE_NO="1" PAGE_LABEL="1" PRIM_ID_REF="Ar0010000" IS_IC="true"/><TOC_Entry TOC_ENTRY_ID="10" TITLE="'Across the Field 7 Composer Gives Stock..." ENTITY_ID_REF="Ar00105" PAGE_NO="1" PAGE_LABEL="1" PRIM_ID_REF="Ar0010500" IS_IC="true"/><TOC_Entry TOC_ENTRY_ID="11" TITLE="ACCOUNTANT TO SPEAK" ENTITY_ID_REF="Ar00110" PAGE_NO="1" PAGE_LABEL="1" PRIM_ID_REF="Ar0011000" IS_IC="true"/><TOC_Entry TOC_ENTRY_ID="12" TITLE="Math Tests" ENTITY_ID_REF="Ar00200" PAGE_NO="2" PAGE_LABEL="2" PRIM_ID_REF="Ar0020000" IS_IC="true"/><TOC_Entry TOC_ENTRY_ID="13" TITLE="Indicators" ENTITY_ID_REF="Ar00201" PAGE_NO="2" PAGE_LABEL="2" PRIM_ID_REF="Ar0020100" IS_IC="true"/><TOC_Entry TOC_ENTRY_ID="14" TITLE="More Talks" ENTITY_ID_REF="Ar00202" PAGE_NO="2" PAGE_LABEL="2" PRIM_ID_REF="Ar0020200" IS_IC="true"/><TOC_Entry TOC_ENTRY_ID="15" TITLE="Editor's Mail Bag" ENTITY_ID_REF="Ar00203" PAGE_NO="2" PAGE_LABEL="2" PRIM_ID_REF="Ar0020300" IS_IC="true"/><TOC_Entry TOC_ENTRY_ID="16" TITLE="Education Stops All Coffee Breaks" ENTITY_ID_REF="Ar00204" PAGE_NO="2" PAGE_LABEL="2" PRIM_ID_REF="Ar0020400" IS_IC="true"/><TOC_Entry TOC_ENTRY_ID="17" TITLE="Mexico Asks For Big To Iks" ENTITY_ID_REF="Ar00205" PAGE_NO="2" PAGE_LABEL="2" PRIM_ID_REF="Ar0020500" IS_IC="true"/><TOC_Entry TOC_ENTRY_ID="18" TITLE="(P&amp;itoJwltii&amp;A" ENTITY_ID_REF="Ar00207" PAGE_NO="2" PAGE_LABEL="2" PRIM_ID_REF="Ar0020700" IS_IC="true"/><TOC_Entry TOC_ENTRY_ID="19" TITLE="JhsL Ohio StcdiL... LANTERN STAFF Managi..." ENTITY_ID_REF="Ar00208" PAGE_NO="2" PAGE_LABEL="2" PRIM_ID_REF="Ar0020800" IS_IC="true"/><TOC_Entry TOC_ENTRY_ID="20" TITLE="LITTLE WAN USM iMMPUS Dy Dick Bibler" ENTITY_ID_REF="Ar00209" PAGE_NO="2" PAGE_LABEL="2" PRIM_ID_REF="Ar0020900" IS_IC="true"><TOC_Entry TOC_ENTRY_ID="21" TITLE="" ENTITY_ID_REF="Pc00206" PAGE_NO="2" PAGE_LABEL="2" PRIM_ID_REF="Pc0020600" IS_IC="true"/></TOC_Entry><TOC_Entry TOC_ENTRY_ID="22" TITLE="Cows Figure in Birth and Travel News" ENTITY_ID_REF="Ar00300" PAGE_NO="3" PAGE_LABEL="3" PRIM_ID_REF="Ar0030000" IS_IC="true"><TOC_Entry TOC_ENTRY_ID="23" TITLE="" ENTITY_ID_REF="Pc00301" PAGE_NO="3" PAGE_LABEL="3" PRIM_ID_REF="Pc0030100" IS_IC="true"/><TOC_Entry TOC_ENTRY_ID="24" TITLE="" ENTITY_ID_REF="Pc00303" PAGE_NO="3" PAGE_LABEL="3" PRIM_ID_REF="Pc0030300" IS_IC="true"/></TOC_Entry><TOC_Entry TOC_ENTRY_ID="25" TITLE="Rocket Lab Tries To Soup Up Fuels" ENTITY_ID_REF="Ar00302" PAGE_NO="3" PAGE_LABEL="3" PRIM_ID_REF="Ar0030200" IS_IC="true"/><TOC_Entry TOC_ENTRY_ID="26" TITLE="iHartman's %Vl Abner' Well Done" ENTITY_ID_REF="Ar00304" PAGE_NO="3" PAGE_LABEL="3" PRIM_ID_REF="Ar0030400" IS_IC="true"/><TOC_Entry TOC_ENTRY_ID="27" TITLE="City Planners" ENTITY_ID_REF="Ar00305" PAGE_NO="3" PAGE_LABEL="3" PRIM_ID_REF="Ar0030500" IS_IC="true"><TOC_Entry TOC_ENTRY_ID="28" TITLE="" ENTITY_ID_REF="Pc00306" PAGE_NO="3" PAGE_LABEL="3" PRIM_ID_REF="Pc0030600" IS_IC="true"/></TOC_Entry><TOC_Entry TOC_ENTRY_ID="29" TITLE="Higher Education Is Essential For Women,..." ENTITY_ID_REF="Ar00400" PAGE_NO="4" PAGE_LABEL="4" PRIM_ID_REF="Ar0040000" IS_IC="true"><TOC_Entry TOC_ENTRY_ID="30" TITLE="" ENTITY_ID_REF="Pc00401" PAGE_NO="4" PAGE_LABEL="4" PRIM_ID_REF="Pc0040100" IS_IC="true"/></TOC_Entry><TOC_Entry TOC_ENTRY_ID="31" TITLE="Mother's New Role Based on Life Span" ENTITY_ID_REF="Ar00402" PAGE_NO="4" PAGE_LABEL="4" PRIM_ID_REF="Ar0040200" IS_IC="true"/><TOC_Entry TOC_ENTRY_ID="32" TITLE="Miles of Chains" ENTITY_ID_REF="Ar00409" PAGE_NO="4" PAGE_LABEL="4" PRIM_ID_REF="Ar0040900" IS_IC="true"/><TOC_Entry TOC_ENTRY_ID="33" TITLE="Sweater Time" ENTITY_ID_REF="Ar00410" PAGE_NO="4" PAGE_LABEL="4" PRIM_ID_REF="Ar0041000" IS_IC="true"/><TOC_Entry TOC_ENTRY_ID="34" TITLE="Fads Facts Fashions" ENTITY_ID_REF="Ar00404" PAGE_NO="4" PAGE_LABEL="4" PRIM_ID_REF="Ar0040400" IS_IC="true"><TOC_Entry TOC_ENTRY_ID="35" TITLE="" ENTITY_ID_REF="Pc00403" PAGE_NO="4" PAGE_LABEL="4" PRIM_ID_REF="Pc0040300" IS_IC="true"/></TOC_Entry><TOC_Entry TOC_ENTRY_ID="36" TITLE="Diners State Preferences" ENTITY_ID_REF="Ar00405" PAGE_NO="4" PAGE_LABEL="4" PRIM_ID_REF="Ar0040500" IS_IC="true"/><TOC_Entry TOC_ENTRY_ID="37" TITLE="Fashion Recipe" ENTITY_ID_REF="Ar00408" PAGE_NO="4" PAGE_LABEL="4" PRIM_ID_REF="Ar0040800" IS_IC="true"/><TOC_Entry TOC_ENTRY_ID="38" TITLE="Zonta House Gets Director" ENTITY_ID_REF="Ar00406" PAGE_NO="4" PAGE_LABEL="4" PRIM_ID_REF="Ar0040600" IS_IC="true"><TOC_Entry TOC_ENTRY_ID="39" TITLE="" ENTITY_ID_REF="Pc00407" PAGE_NO="4" PAGE_LABEL="4" PRIM_ID_REF="Pc0040700" IS_IC="true"/></TOC_Entry><TOC_Entry TOC_ENTRY_ID="40" TITLE="�LANTERN photo by John Oravec. COME TO P..." ENTITY_ID_REF="Ar00501" PAGE_NO="5" PAGE_LABEL="5" PRIM_ID_REF="Ar0050100" IS_IC="true"><TOC_Entry TOC_ENTRY_ID="41" TITLE="" ENTITY_ID_REF="Pc00500" PAGE_NO="5" PAGE_LABEL="5" PRIM_ID_REF="Pc0050000" IS_IC="true"/></TOC_Entry><TOC_Entry TOC_ENTRY_ID="42" TITLE="Ford and Miller Have Best E.R.A" ENTITY_ID_REF="Ar00502" PAGE_NO="5" PAGE_LABEL="5" PRIM_ID_REF="Ar0050200" IS_IC="true"/><TOC_Entry TOC_ENTRY_ID="43" TITLE="BASKETBALL MEET" ENTITY_ID_REF="Ar00509" PAGE_NO="5" PAGE_LABEL="5" PRIM_ID_REF="Ar0050900" IS_IC="true"/><TOC_Entry TOC_ENTRY_ID="44" TITLE="Army Bucks" ENTITY_ID_REF="Ar00504" PAGE_NO="5" PAGE_LABEL="5" PRIM_ID_REF="Ar0050400" IS_IC="true"/><TOC_Entry TOC_ENTRY_ID="45" TITLE="First in Poll; Up to Fourth" ENTITY_ID_REF="Ar00506" PAGE_NO="5" PAGE_LABEL="5" PRIM_ID_REF="Ar0050600" IS_IC="true"/><TOC_Entry TOC_ENTRY_ID="46" TITLE="Dave Sime Now Rated Fastest on Gridiron" ENTITY_ID_REF="Ar00505" PAGE_NO="5" PAGE_LABEL="5" PRIM_ID_REF="Ar0050500" IS_IC="true"/><TOC_Entry TOC_ENTRY_ID="47" TITLE="Top Ten" ENTITY_ID_REF="Ar00508" PAGE_NO="5" PAGE_LABEL="5" PRIM_ID_REF="Ar0050800" IS_IC="true"/><TOC_Entry TOC_ENTRY_ID="48" TITLE="Bucks Win 4 Games by 17 Points" ENTITY_ID_REF="Ar00503" PAGE_NO="5" PAGE_LABEL="5" PRIM_ID_REF="Ar0050300" IS_IC="true"/><TOC_Entry TOC_ENTRY_ID="49" TITLE="Hockey Club Meets Oct.!4" ENTITY_ID_REF="Ar00507" PAGE_NO="5" PAGE_LABEL="5" PRIM_ID_REF="Ar0050700" IS_IC="true"/><TOC_Entry TOC_ENTRY_ID="50" TITLE="OFFICIAL BULLETIN THE OHIO STATE UNIVERS..." ENTITY_ID_REF="Ar00600" PAGE_NO="6" PAGE_LABEL="6" PRIM_ID_REF="Ar0060000" IS_IC="true"/><TOC_Entry TOC_ENTRY_ID="51" TITLE="Faculty Code" ENTITY_ID_REF="Ar00601" PAGE_NO="6" PAGE_LABEL="6" PRIM_ID_REF="Ar0060100" IS_IC="true"/><TOC_Entry TOC_ENTRY_ID="52" TITLE="&lt;/J^J- S^XU^lZh. LOJV^CJUU {" ENTITY_ID_REF="Ar00602" PAGE_NO="6" PAGE_LABEL="6" PRIM_ID_REF="Ar0060200" IS_IC="true"><TOC_Entry TOC_ENTRY_ID="53" TITLE="" ENTITY_ID_REF="Pc00609" PAGE_NO="6" PAGE_LABEL="6" PRIM_ID_REF="Pc0060900" IS_IC="true"/></TOC_Entry><TOC_Entry TOC_ENTRY_ID="54" TITLE="rloA&amp;Jlmd" ENTITY_ID_REF="Ar00603" PAGE_NO="6" PAGE_LABEL="6" PRIM_ID_REF="Ar0060300" IS_IC="true"/><TOC_Entry TOC_ENTRY_ID="55" TITLE="WANTED Third person to share large apt. ..." ENTITY_ID_REF="Ar00604" PAGE_NO="6" PAGE_LABEL="6" PRIM_ID_REF="Ar0060400" IS_IC="true"/><TOC_Entry TOC_ENTRY_ID="56" TITLE="^ Ad Meeting Being Held Here&quot; Today" ENTITY_ID_REF="Ar00607" PAGE_NO="6" PAGE_LABEL="6" PRIM_ID_REF="Ar0060700" IS_IC="true"/><TOC_Entry TOC_ENTRY_ID="57" TITLE="AM 820 Kilocycles FM 89.7 Megacycles TUE..." ENTITY_ID_REF="Ar00606" PAGE_NO="6" PAGE_LABEL="6" PRIM_ID_REF="Ar0060600" IS_IC="true"><TOC_Entry TOC_ENTRY_ID="58" TITLE="" ENTITY_ID_REF="Pc00605" PAGE_NO="6" PAGE_LABEL="6" PRIM_ID_REF="Pc0060500" IS_IC="true"/></TOC_Entry><TOC_Entry TOC_ENTRY_ID="59" TITLE="" ENTITY_ID_REF="Ad00608" PAGE_NO="6" PAGE_LABEL="6" PRIM_ID_REF="Ad0060801" IS_IC="true"/><TOC_Entry TOC_ENTRY_ID="60" TITLE="Russian Attacks TV Play" ENTITY_ID_REF="Ar00703" PAGE_NO="7" PAGE_LABEL="7" PRIM_ID_REF="Ar0070300" IS_IC="true"/><TOC_Entry TOC_ENTRY_ID="61" TITLE="" ENTITY_ID_REF="Ad00700" PAGE_NO="7" PAGE_LABEL="7" PRIM_ID_REF="Ad0070009" IS_IC="true"/><TOC_Entry TOC_ENTRY_ID="62" TITLE="" ENTITY_ID_REF="Ad00706" PAGE_NO="7" PAGE_LABEL="7" PRIM_ID_REF="Ad0070601" IS_IC="true"/><TOC_Entry TOC_ENTRY_ID="63" TITLE="" ENTITY_ID_REF="Ad00702" PAGE_NO="7" PAGE_LABEL="7" PRIM_ID_REF="Ad0070205" IS_IC="true"/><TOC_Entry TOC_ENTRY_ID="64" TITLE="" ENTITY_ID_REF="Ad00701" PAGE_NO="7" PAGE_LABEL="7" PRIM_ID_REF="Ad0070104" IS_IC="true"/><TOC_Entry TOC_ENTRY_ID="65" TITLE="" ENTITY_ID_REF="Ad00704" PAGE_NO="7" PAGE_LABEL="7" PRIM_ID_REF="Ad0070401" IS_IC="true"/><TOC_Entry TOC_ENTRY_ID="66" TITLE="" ENTITY_ID_REF="Ad00705" PAGE_NO="7" PAGE_LABEL="7" PRIM_ID_REF="Ad0070501" IS_IC="true"/><TOC_Entry TOC_ENTRY_ID="67" TITLE="Down Front" ENTITY_ID_REF="Ar00800" PAGE_NO="8" PAGE_LABEL="8" PRIM_ID_REF="Ar0080000" IS_IC="true"/><TOC_Entry TOC_ENTRY_ID="68" TITLE="New Supreme Court Justice Values Individ..." ENTITY_ID_REF="Ar00801" PAGE_NO="8" PAGE_LABEL="8" PRIM_ID_REF="Ar0080100" IS_IC="true"/><TOC_Entry TOC_ENTRY_ID="69" TITLE="" ENTITY_ID_REF="Ad00802" PAGE_NO="8" PAGE_LABEL="8" PRIM_ID_REF="Ad0080201" IS_IC="true"/><TOC_Entry TOC_ENTRY_ID="70" TITLE="" ENTITY_ID_REF="Ad00803" PAGE_NO="8" PAGE_LABEL="8" PRIM_ID_REF="Ad0080301" IS_IC="true"/></TOC_Entries></Logic_np></Xmd_toc>
