<?xml version="1.0" encoding="windows-1252" standalone="no"?>
<Xmd_toc REPOSITORY_FORMAT="1.0" PRXML_VER="2.2" PUBLICATION="OHI" PUBLICATION_DESCRIPTION="" ISSUE_DATE="23/05/1958" RELEASE_NO="060-OHI-1958-05-23-001-SINGLE-LANTERN_VOL-77_JUN20-JUN6_MAY_137" LANGUAGE="English">
	<Head_np>
		<Meta PAGES_NUMBER="8" SOURCE_TYPE="TIFF" SOURCE_RESOLUTION="72" IMAGES_RESOLUTION="160" PAGE_THUMBNAIL_RESOLUTION="72" PAGE_PREVIEW_RESOLUTION="15" DEFAULT_IMG_EXT="png" DEFAULT_PREVIEW_IMG_EXT="png" BASE_HREF="OHI/1958/05/23" PDF_DESTINATION_MAPPED="OLV0_Page_0001" TITLE_SNP_EXT="png" AD_SNP_EXT="png" IMAGE_SNP_EXT="jpg" MULTI_LAYER_PAGE_IMG="false" IS_SOLID="false" DOC_DATE="23/05/1958" DOC_UID="OHI_23/05/1958" DOC_VER="1" OCR_CONFIDENCE="1.000" TOTAL_CHARS_COUNT="64999" SUSPICIOUS_CHARS_COUNT="0">
			<Publisher XMD_VER="2.6.241.15" ACROBAT_VER="8.12" PUBLISHER="Olive" PROFILE_ID="W:\Batch\Profile\OHI-1958-05-23.ini">
				<PublishDate>Tue, 24 May 2011 15:43:00 UTC</PublishDate>
				<PublishSWFCompatible>false</PublishSWFCompatible>
			</Publisher>
			<Resolutions>
				<Resolution DEFAULT="true">72</Resolution>
			</Resolutions>
		</Meta>
		<Link SOURCE="060-OHI-1958-05-23-001-SINGLE-LANTERN_VOL-77_JUN20-JUN6_MAY_137.pdf"/>
		<DataFiles>
			<Files TYPE="DOC_PDF" PRESENT="1"/>
			<Files TYPE="PAGE_PDF" PRESENT="0"/>
			<Files TYPE="DOC_IMG" PRESENT="0"/>
			<Files TYPE="PAGE_IMG" PRESENT="0"/>
			<Files TYPE="PAGE_VIEW_IMG" PRESENT="1"/>
			<Files TYPE="PAGE_PREVIEW_IMG" PRESENT="1"/>
			<Files TYPE="PRIMITIVE_IMG" PRESENT="1"/>
			<Files TYPE="SNIPPET_IMG" PRESENT="1"/>
			<Files TYPE="SEGMENTATION" PRESENT="0"/>
		</DataFiles><Application_Data/></Head_np>
	<Body_np>
		<Section NAME="Front page">
			<Page PAGE_NO="1" NAME="" PAGE_LABEL="1" ID="Pg001" PAGE_TYPE="Single" PAGE_WIDTH="859" PAGE_HEIGHT="1233" CROP_BOX="0 0 858 1232" MEDIA_BOX="0 0 858 1232" HREF="/1/Pg001" TOTAL_CHARS_COUNT="5824" SUSPICIOUS_CHARS_COUNT="0">
				<Entity ENTITY_TYPE="Article" FIRST_TOC_ENTRY_ID="8" DEPTH_LEVEL="1" INDEX_IN_DOC="8" PAGE_NO="1" NAME="Senate Readies Lantern Probe" ID="Ar00100" HREF="/1/Ar00100" SIZE="Medium" IMAGES_RESOLUTION="160" WORDCNT="289"/>
				<Entity ENTITY_TYPE="Article" FIRST_TOC_ENTRY_ID="3" DEPTH_LEVEL="1" INDEX_IN_DOC="3" PAGE_NO="1" NAME="OSU Officials Meet Attorney General to Discuss Picketing" ID="Ar00101" HREF="/1/Ar00101" SIZE="Large" IMAGES_RESOLUTION="160" WORDCNT="422"/>
				<Entity ENTITY_TYPE="Article" FIRST_TOC_ENTRY_ID="10" DEPTH_LEVEL="1" INDEX_IN_DOC="10" PAGE_NO="1" NAME="Old Problem Raises New French Crisis" ID="Ar00102" HREF="/1/Ar00102" SIZE="Small" IMAGES_RESOLUTION="160" WORDCNT="124"/>
				<Entity ENTITY_TYPE="Article" FIRST_TOC_ENTRY_ID="5" DEPTH_LEVEL="1" INDEX_IN_DOC="5" PAGE_NO="1" NAME="AEPi House To Be Ready By Fall, 1959" ID="Ar00103" HREF="/1/Ar00103" SIZE="Small" IMAGES_RESOLUTION="160" WORDCNT="112"/>
				<Entity ENTITY_TYPE="Article" FIRST_TOC_ENTRY_ID="11" DEPTH_LEVEL="1" INDEX_IN_DOC="11" PAGE_NO="1" NAME="Pyle Library 'Official' Today" ID="Ar00104" HREF="/1/Ar00104" SIZE="Small" IMAGES_RESOLUTION="160" WORDCNT="119"/>
				<Entity ENTITY_TYPE="Article" FIRST_TOC_ENTRY_ID="9" DEPTH_LEVEL="1" INDEX_IN_DOC="9" PAGE_NO="1" NAME="COURSE CARDS SENT" ID="Ar00105" HREF="/1/Ar00105" SIZE="Small" IMAGES_RESOLUTION="160" WORDCNT="149"/>
				<Entity ENTITY_TYPE="Article" FIRST_TOC_ENTRY_ID="1" DEPTH_LEVEL="1" INDEX_IN_DOC="1" PAGE_NO="1" NAME="Untitled Article" ID="Ar00106" HREF="/1/Ar00106" SIZE="Small" IMAGES_RESOLUTION="160" WORDCNT="47"/>
				<Entity ENTITY_TYPE="Picture" FIRST_TOC_ENTRY_ID="4" DEPTH_LEVEL="2" INDEX_IN_DOC="4" PAGE_NO="1" NAME="Untitled Picture" ID="Pc00107" HREF="/1/Pc00107" SIZE="Small" EMBEDDED_INTO="Ar00101" EMBEDDED_AFTER="Ar0010105" IMAGES_RESOLUTION="160" WORDCNT="0"/>
				<Entity ENTITY_TYPE="Picture" FIRST_TOC_ENTRY_ID="12" DEPTH_LEVEL="2" INDEX_IN_DOC="12" PAGE_NO="1" NAME="Untitled Picture" ID="Pc00108" HREF="/1/Pc00108" SIZE="Small" EMBEDDED_INTO="Ar00104" EMBEDDED_AFTER="Ar0010402" IMAGES_RESOLUTION="160" WORDCNT="0"/>
				<Entity ENTITY_TYPE="Picture" FIRST_TOC_ENTRY_ID="13" DEPTH_LEVEL="2" INDEX_IN_DOC="13" PAGE_NO="1" NAME="Untitled Picture" ID="Pc00109" HREF="/1/Pc00109" SIZE="Small" EMBEDDED_INTO="Ar00104" EMBEDDED_AFTER="Ar0010402" IMAGES_RESOLUTION="160" WORDCNT="0"/>
				<Entity ENTITY_TYPE="Picture" FIRST_TOC_ENTRY_ID="2" DEPTH_LEVEL="2" INDEX_IN_DOC="2" PAGE_NO="1" NAME="Untitled Picture" ID="Pc00110" HREF="/1/Pc00110" SIZE="Medium" EMBEDDED_INTO="Ar00106" EMBEDDED_AFTER="Ar0010600" IMAGES_RESOLUTION="160" WORDCNT="0"/>
				<Entity ENTITY_TYPE="Article" FIRST_TOC_ENTRY_ID="7" DEPTH_LEVEL="1" INDEX_IN_DOC="7" PAGE_NO="1" NAME="Untitled Article" ID="Ar00111" HREF="/1/Ar00111" SIZE="Small" IMAGES_RESOLUTION="160" WORDCNT="25"/>
				<Entity ENTITY_TYPE="Article" FIRST_TOC_ENTRY_ID="6" DEPTH_LEVEL="1" INDEX_IN_DOC="6" PAGE_NO="1" NAME="NROTC GET GRANT" ID="Ar00112" HREF="/1/Ar00112" SIZE="Small" IMAGES_RESOLUTION="160" WORDCNT="29"/>
			</Page>
		</Section>
		<Section NAME="None">
			<Page PAGE_NO="2" NAME="" PAGE_LABEL="2" ID="Pg002" PAGE_TYPE="Single" PAGE_WIDTH="878" PAGE_HEIGHT="1252" CROP_BOX="0 0 877 1251" MEDIA_BOX="0 0 877 1251" HREF="/2/Pg002" TOTAL_CHARS_COUNT="11443" SUSPICIOUS_CHARS_COUNT="0">
				<Entity ENTITY_TYPE="Article" FIRST_TOC_ENTRY_ID="14" DEPTH_LEVEL="1" INDEX_IN_DOC="14" PAGE_NO="2" NAME="Science and Humanity" ID="Ar00200" HREF="/2/Ar00200" SIZE="Large" IMAGES_RESOLUTION="160" WORDCNT="357"/>
				<Entity ENTITY_TYPE="Article" FIRST_TOC_ENTRY_ID="15" DEPTH_LEVEL="1" INDEX_IN_DOC="15" PAGE_NO="2" NAME="Editor's Mail Bag" ID="Ar00201" HREF="/2/Ar00201" SIZE="Large" IMAGES_RESOLUTION="160" WORDCNT="598"/>
				<Entity ENTITY_TYPE="Article" FIRST_TOC_ENTRY_ID="16" DEPTH_LEVEL="1" INDEX_IN_DOC="16" PAGE_NO="2" NAME="American People Spend Billions To Stay Young" ID="Ar00202" HREF="/2/Ar00202" SIZE="Large" IMAGES_RESOLUTION="160" WORDCNT="607"/>
				<Entity ENTITY_TYPE="Article" FIRST_TOC_ENTRY_ID="17" DEPTH_LEVEL="1" INDEX_IN_DOC="17" PAGE_NO="2" NAME="Chicago Youth Attend 'Dream' High School" ID="Ar00203" HREF="/2/Ar00203" SIZE="Large" IMAGES_RESOLUTION="160" WORDCNT="736"/>
				<Entity ENTITY_TYPE="Article" FIRST_TOC_ENTRY_ID="19" DEPTH_LEVEL="1" INDEX_IN_DOC="19" PAGE_NO="2" NAME="Untitled Article" ID="Ar00204" HREF="/2/Ar00204" SIZE="Small" IMAGES_RESOLUTION="160" WORDCNT="232"/>
				<Entity ENTITY_TYPE="Article" FIRST_TOC_ENTRY_ID="18" DEPTH_LEVEL="1" INDEX_IN_DOC="18" PAGE_NO="2" NAME="Special Safe In Airplane Replaces Touch'" ID="Ar00205" HREF="/2/Ar00205" SIZE="Small" IMAGES_RESOLUTION="160" WORDCNT="202"/>
			</Page>
			<Page PAGE_NO="3" NAME="" PAGE_LABEL="3" ID="Pg003" PAGE_TYPE="Single" PAGE_WIDTH="876" PAGE_HEIGHT="1249" CROP_BOX="0 0 875 1248" MEDIA_BOX="0 0 875 1248" HREF="/3/Pg003" TOTAL_CHARS_COUNT="8701" SUSPICIOUS_CHARS_COUNT="0">
				<Entity ENTITY_TYPE="Article" FIRST_TOC_ENTRY_ID="20" DEPTH_LEVEL="1" INDEX_IN_DOC="20" PAGE_NO="3" NAME="Jazz Gets Boost On OSU Campus" ID="Ar00300" HREF="/3/Ar00300" SIZE="Large" IMAGES_RESOLUTION="160" WORDCNT="399"/>
				<Entity ENTITY_TYPE="Article" FIRST_TOC_ENTRY_ID="22" DEPTH_LEVEL="1" INDEX_IN_DOC="22" PAGE_NO="3" NAME="Ag Students From Farms Are Minority" ID="Ar00301" HREF="/3/Ar00301" SIZE="Medium" IMAGES_RESOLUTION="160" WORDCNT="451"/>
				<Entity ENTITY_TYPE="Article" FIRST_TOC_ENTRY_ID="23" DEPTH_LEVEL="1" INDEX_IN_DOC="23" PAGE_NO="3" NAME="Education Group Installs Officers" ID="Ar00302" HREF="/3/Ar00302" SIZE="Small" IMAGES_RESOLUTION="160" WORDCNT="82"/>
				<Entity ENTITY_TYPE="Article" FIRST_TOC_ENTRY_ID="24" DEPTH_LEVEL="1" INDEX_IN_DOC="24" PAGE_NO="3" NAME="u/tiJv JhsL ChuhchsiL. . . ." ID="Ar00303" HREF="/3/Ar00303" SIZE="Medium" IMAGES_RESOLUTION="160" WORDCNT="537"/>
				<Entity ENTITY_TYPE="Article" FIRST_TOC_ENTRY_ID="25" DEPTH_LEVEL="1" INDEX_IN_DOC="25" PAGE_NO="3" NAME="Baker Taps Leading Men" ID="Ar00304" HREF="/3/Ar00304" SIZE="Small" IMAGES_RESOLUTION="160" WORDCNT="166"/>
				<Entity ENTITY_TYPE="Ad" FIRST_TOC_ENTRY_ID="26" DEPTH_LEVEL="1" INDEX_IN_DOC="26" PAGE_NO="3" NAME="Untitled Ad" ID="Ad00305" HREF="/3/Ad00305" SIZE="Large" IMAGES_RESOLUTION="160" WORDCNT="165"/>
				<Entity ENTITY_TYPE="Article" FIRST_TOC_ENTRY_ID="21" DEPTH_LEVEL="1" INDEX_IN_DOC="21" PAGE_NO="3" NAME="Untitled Article" ID="Ar00306" HREF="/3/Ar00306" SIZE="Large" IMAGES_RESOLUTION="160" WORDCNT="609"/>
			</Page>
			<Page PAGE_NO="4" NAME="" PAGE_LABEL="4" ID="Pg004" PAGE_TYPE="Single" PAGE_WIDTH="878" PAGE_HEIGHT="1257" CROP_BOX="0 0 877 1256" MEDIA_BOX="0 0 877 1256" HREF="/4/Pg004" TOTAL_CHARS_COUNT="5902" SUSPICIOUS_CHARS_COUNT="0">
				<Entity ENTITY_TYPE="Article" FIRST_TOC_ENTRY_ID="27" DEPTH_LEVEL="1" INDEX_IN_DOC="27" PAGE_NO="4" NAME="Police Say Fear of Expulsion Keeps Campus Crimes Down" ID="Ar00400" HREF="/4/Ar00400" SIZE="Large" IMAGES_RESOLUTION="160" WORDCNT="658"/>
				<Entity ENTITY_TYPE="Picture" FIRST_TOC_ENTRY_ID="28" DEPTH_LEVEL="2" INDEX_IN_DOC="28" PAGE_NO="4" NAME="Untitled Picture" ID="Pc00401" HREF="/4/Pc00401" SIZE="Small" EMBEDDED_INTO="Ar00400" EMBEDDED_AFTER="Ar0040001" IMAGES_RESOLUTION="160" WORDCNT="0"/>
				<Entity ENTITY_TYPE="Picture" FIRST_TOC_ENTRY_ID="29" DEPTH_LEVEL="2" INDEX_IN_DOC="29" PAGE_NO="4" NAME="Untitled Picture" ID="Pc00402" HREF="/4/Pc00402" SIZE="Medium" EMBEDDED_INTO="Ar00400" EMBEDDED_AFTER="Ar0040002" IMAGES_RESOLUTION="160" WORDCNT="0"/>
				<Entity ENTITY_TYPE="Article" FIRST_TOC_ENTRY_ID="32" DEPTH_LEVEL="1" INDEX_IN_DOC="32" PAGE_NO="4" NAME="Campus Comment" ID="Ar00403" HREF="/4/Ar00403" SIZE="Medium" IMAGES_RESOLUTION="160" WORDCNT="409"/>
				<Entity ENTITY_TYPE="Article" FIRST_TOC_ENTRY_ID="33" DEPTH_LEVEL="1" INDEX_IN_DOC="33" PAGE_NO="4" NAME="58 Nations Send Students to OSU" ID="Ar00404" HREF="/4/Ar00404" SIZE="Small" IMAGES_RESOLUTION="160" WORDCNT="163"/>
				<Entity ENTITY_TYPE="Picture" FIRST_TOC_ENTRY_ID="30" DEPTH_LEVEL="2" INDEX_IN_DOC="30" PAGE_NO="4" NAME="Untitled Picture" ID="Pc00405" HREF="/4/Pc00405" SIZE="Medium" EMBEDDED_INTO="Ar00400" EMBEDDED_AFTER="Ar0040006" IMAGES_RESOLUTION="160" WORDCNT="0"/>
				<Entity ENTITY_TYPE="Picture" FIRST_TOC_ENTRY_ID="31" DEPTH_LEVEL="2" INDEX_IN_DOC="31" PAGE_NO="4" NAME="Untitled Picture" ID="Pc00406" HREF="/4/Pc00406" SIZE="Small" EMBEDDED_INTO="Ar00400" EMBEDDED_AFTER="Ar0040007" IMAGES_RESOLUTION="160" WORDCNT="0"/>
				<Entity ENTITY_TYPE="Article" FIRST_TOC_ENTRY_ID="35" DEPTH_LEVEL="1" INDEX_IN_DOC="35" PAGE_NO="4" NAME="Wilson Scholarships Given" ID="Ar00407" HREF="/4/Ar00407" SIZE="Small" IMAGES_RESOLUTION="160" WORDCNT="191"/>
				<Entity ENTITY_TYPE="Ad" FIRST_TOC_ENTRY_ID="34" DEPTH_LEVEL="1" INDEX_IN_DOC="34" PAGE_NO="4" NAME="Untitled Ad" ID="Ad00408" HREF="/4/Ad00408" SIZE="Small" IMAGES_RESOLUTION="160" WORDCNT="17"/>
				<Entity ENTITY_TYPE="Ad" FIRST_TOC_ENTRY_ID="36" DEPTH_LEVEL="1" INDEX_IN_DOC="36" PAGE_NO="4" NAME="Untitled Ad" ID="Ad00409" HREF="/4/Ad00409" SIZE="Small" IMAGES_RESOLUTION="160" WORDCNT="58"/>
				<Entity ENTITY_TYPE="Ad" FIRST_TOC_ENTRY_ID="38" DEPTH_LEVEL="1" INDEX_IN_DOC="38" PAGE_NO="4" NAME="Untitled Ad" ID="Ad00410" HREF="/4/Ad00410" SIZE="Small" IMAGES_RESOLUTION="160" WORDCNT="30"/>
				<Entity ENTITY_TYPE="Article" FIRST_TOC_ENTRY_ID="37" DEPTH_LEVEL="1" INDEX_IN_DOC="37" PAGE_NO="4" NAME="GOVERNMENT SET UP" ID="Ar00411" HREF="/4/Ar00411" SIZE="Small" IMAGES_RESOLUTION="160" WORDCNT="28"/>
			</Page>
			<Page PAGE_NO="5" NAME="" PAGE_LABEL="5" ID="Pg005" PAGE_TYPE="Single" PAGE_WIDTH="862" PAGE_HEIGHT="1234" CROP_BOX="0 0 861 1233" MEDIA_BOX="0 0 861 1233" HREF="/5/Pg005" TOTAL_CHARS_COUNT="15791" SUSPICIOUS_CHARS_COUNT="0">
				<Entity ENTITY_TYPE="Article" FIRST_TOC_ENTRY_ID="39" DEPTH_LEVEL="1" INDEX_IN_DOC="39" PAGE_NO="5" NAME="Untitled Article" ID="Ar00500" HREF="/5/Ar00500" SIZE="XLarge" IMAGES_RESOLUTION="160" WORDCNT="2939"/>
				<Entity ENTITY_TYPE="Article" FIRST_TOC_ENTRY_ID="41" DEPTH_LEVEL="1" INDEX_IN_DOC="41" PAGE_NO="5" NAME="Oh io's School Costs Rise $20 This Year" ID="Ar00501" HREF="/5/Ar00501" SIZE="Medium" IMAGES_RESOLUTION="160" WORDCNT="388"/>
				<Entity ENTITY_TYPE="Article" FIRST_TOC_ENTRY_ID="40" DEPTH_LEVEL="1" INDEX_IN_DOC="40" PAGE_NO="5" NAME="SCRA Holds Recognition Banquet Here" ID="Ar00502" HREF="/5/Ar00502" SIZE="Medium" IMAGES_RESOLUTION="160" WORDCNT="297"/>
				<Entity ENTITY_TYPE="Picture" FIRST_TOC_ENTRY_ID="43" DEPTH_LEVEL="2" INDEX_IN_DOC="43" PAGE_NO="5" NAME="Untitled Picture" ID="Pc00503" HREF="/5/Pc00503" SIZE="Small" EMBEDDED_INTO="Ar00504" EMBEDDED_AFTER="Ar0050400" IMAGES_RESOLUTION="160" WORDCNT="0"/>
				<Entity ENTITY_TYPE="Article" FIRST_TOC_ENTRY_ID="42" DEPTH_LEVEL="1" INDEX_IN_DOC="42" PAGE_NO="5" NAME="Untitled Article" ID="Ar00504" HREF="/5/Ar00504" SIZE="Large" IMAGES_RESOLUTION="160" WORDCNT="752"/>
			</Page>
			<Page PAGE_NO="6" NAME="" PAGE_LABEL="6" ID="Pg006" PAGE_TYPE="Single" PAGE_WIDTH="878" PAGE_HEIGHT="1251" CROP_BOX="0 0 877 1250" MEDIA_BOX="0 0 877 1250" HREF="/6/Pg006" TOTAL_CHARS_COUNT="5315" SUSPICIOUS_CHARS_COUNT="0">
				<Entity ENTITY_TYPE="Article" FIRST_TOC_ENTRY_ID="44" DEPTH_LEVEL="1" INDEX_IN_DOC="44" PAGE_NO="6" NAME="Girls Hoof It 6 Miles To OSU" ID="Ar00600" HREF="/6/Ar00600" SIZE="Large" IMAGES_RESOLUTION="160" WORDCNT="959"/>
				<Entity ENTITY_TYPE="Article" FIRST_TOC_ENTRY_ID="49" DEPTH_LEVEL="1" INDEX_IN_DOC="49" PAGE_NO="6" NAME="Yanks Beat Tigers, Hawks to Get Coach" ID="Ar00601" HREF="/6/Ar00601" SIZE="Medium" IMAGES_RESOLUTION="160" WORDCNT="294"/>
				<Entity ENTITY_TYPE="Picture" FIRST_TOC_ENTRY_ID="47" DEPTH_LEVEL="2" INDEX_IN_DOC="47" PAGE_NO="6" NAME="Untitled Picture" ID="Pc00602" HREF="/6/Pc00602" SIZE="Medium" EMBEDDED_INTO="Ar00600" EMBEDDED_AFTER="Ar0060009" IMAGES_RESOLUTION="160" WORDCNT="0"/>
				<Entity ENTITY_TYPE="Picture" FIRST_TOC_ENTRY_ID="45" DEPTH_LEVEL="2" INDEX_IN_DOC="45" PAGE_NO="6" NAME="Untitled Picture" ID="Pc00603" HREF="/6/Pc00603" SIZE="Small" EMBEDDED_INTO="Ar00600" EMBEDDED_AFTER="Ar0060003" IMAGES_RESOLUTION="160" WORDCNT="0"/>
				<Entity ENTITY_TYPE="Picture" FIRST_TOC_ENTRY_ID="48" DEPTH_LEVEL="2" INDEX_IN_DOC="48" PAGE_NO="6" NAME="Untitled Picture" ID="Pc00604" HREF="/6/Pc00604" SIZE="Small" EMBEDDED_INTO="Ar00600" EMBEDDED_AFTER="Ar0060010" IMAGES_RESOLUTION="160" WORDCNT="0"/>
				<Entity ENTITY_TYPE="Picture" FIRST_TOC_ENTRY_ID="46" DEPTH_LEVEL="2" INDEX_IN_DOC="46" PAGE_NO="6" NAME="Untitled Picture" ID="Pc00605" HREF="/6/Pc00605" SIZE="Medium" EMBEDDED_INTO="Ar00600" EMBEDDED_AFTER="Ar0060004" IMAGES_RESOLUTION="160" WORDCNT="0"/>
				<Entity ENTITY_TYPE="Article" FIRST_TOC_ENTRY_ID="50" DEPTH_LEVEL="1" INDEX_IN_DOC="50" PAGE_NO="6" NAME="Untitled Article" ID="Ar00606" HREF="/6/Ar00606" SIZE="Small" IMAGES_RESOLUTION="160" WORDCNT="70"/>
				<Entity ENTITY_TYPE="Picture" FIRST_TOC_ENTRY_ID="51" DEPTH_LEVEL="2" INDEX_IN_DOC="51" PAGE_NO="6" NAME="Untitled Picture" ID="Pc00607" HREF="/6/Pc00607" SIZE="Large" EMBEDDED_INTO="Ar00606" EMBEDDED_AFTER="Ar0060600" IMAGES_RESOLUTION="160" WORDCNT="0"/>
			</Page>
			<Page PAGE_NO="7" NAME="" PAGE_LABEL="7" ID="Pg007" PAGE_TYPE="Single" PAGE_WIDTH="858" PAGE_HEIGHT="1230" CROP_BOX="0 0 857 1229" MEDIA_BOX="0 0 857 1229" HREF="/7/Pg007" TOTAL_CHARS_COUNT="4644" SUSPICIOUS_CHARS_COUNT="0">
				<Entity ENTITY_TYPE="Article" FIRST_TOC_ENTRY_ID="52" DEPTH_LEVEL="1" INDEX_IN_DOC="52" PAGE_NO="7" NAME="Bucks, Take Your Marks, Get Set" ID="Ar00700" HREF="/7/Ar00700" SIZE="Large" IMAGES_RESOLUTION="160" WORDCNT="508"/>
				<Entity ENTITY_TYPE="Article" FIRST_TOC_ENTRY_ID="56" DEPTH_LEVEL="1" INDEX_IN_DOC="56" PAGE_NO="7" NAME="Big Ten Meet Marks" ID="Ar00701" HREF="/7/Ar00701" SIZE="Small" IMAGES_RESOLUTION="160" WORDCNT="204"/>
				<Entity ENTITY_TYPE="Article" FIRST_TOC_ENTRY_ID="57" DEPTH_LEVEL="1" INDEX_IN_DOC="57" PAGE_NO="7" NAME="7 Seniors to Run in Big 10 Meet" ID="Ar00702" HREF="/7/Ar00702" SIZE="Medium" IMAGES_RESOLUTION="160" WORDCNT="460"/>
				<Entity ENTITY_TYPE="Article" FIRST_TOC_ENTRY_ID="59" DEPTH_LEVEL="1" INDEX_IN_DOC="59" PAGE_NO="7" NAME="Lacrosse Squad Closes Season" ID="Ar00703" HREF="/7/Ar00703" SIZE="Small" IMAGES_RESOLUTION="160" WORDCNT="47"/>
				<Entity ENTITY_TYPE="Picture" FIRST_TOC_ENTRY_ID="54" DEPTH_LEVEL="2" INDEX_IN_DOC="54" PAGE_NO="7" NAME="Untitled Picture" ID="Pc00704" HREF="/7/Pc00704" SIZE="Large" EMBEDDED_INTO="Ar00700" EMBEDDED_AFTER="Ar0070006" IMAGES_RESOLUTION="160" WORDCNT="0"/>
				<Entity ENTITY_TYPE="Picture" FIRST_TOC_ENTRY_ID="55" DEPTH_LEVEL="2" INDEX_IN_DOC="55" PAGE_NO="7" NAME="Untitled Picture" ID="Pc00705" HREF="/7/Pc00705" SIZE="Medium" EMBEDDED_INTO="Ar00700" EMBEDDED_AFTER="Ar0070007" IMAGES_RESOLUTION="160" WORDCNT="0"/>
				<Entity ENTITY_TYPE="Picture" FIRST_TOC_ENTRY_ID="58" DEPTH_LEVEL="2" INDEX_IN_DOC="58" PAGE_NO="7" NAME="Untitled Picture" ID="Pc00706" HREF="/7/Pc00706" SIZE="Medium" EMBEDDED_INTO="Ar00702" EMBEDDED_AFTER="Ar0070202" IMAGES_RESOLUTION="160" WORDCNT="0"/>
				<Entity ENTITY_TYPE="Picture" FIRST_TOC_ENTRY_ID="53" DEPTH_LEVEL="2" INDEX_IN_DOC="53" PAGE_NO="7" NAME="Untitled Picture" ID="Pc00707" HREF="/7/Pc00707" SIZE="Small" EMBEDDED_INTO="Ar00700" EMBEDDED_AFTER="Ar0070003" IMAGES_RESOLUTION="160" WORDCNT="0"/>
			</Page>
			<Page PAGE_NO="8" NAME="" PAGE_LABEL="8" ID="Pg008" PAGE_TYPE="Single" PAGE_WIDTH="880" PAGE_HEIGHT="1259" CROP_BOX="0 0 879 1258" MEDIA_BOX="0 0 879 1258" HREF="/8/Pg008" TOTAL_CHARS_COUNT="7379" SUSPICIOUS_CHARS_COUNT="0">
				<Entity ENTITY_TYPE="Article" FIRST_TOC_ENTRY_ID="60" DEPTH_LEVEL="1" INDEX_IN_DOC="60" PAGE_NO="8" NAME="Frenchmen At Ease Over New Crisis?" ID="Ar00800" HREF="/8/Ar00800" SIZE="Large" IMAGES_RESOLUTION="160" WORDCNT="660"/>
				<Entity ENTITY_TYPE="Article" FIRST_TOC_ENTRY_ID="61" DEPTH_LEVEL="1" INDEX_IN_DOC="61" PAGE_NO="8" NAME="Middle East Oil Discussed" ID="Ar00801" HREF="/8/Ar00801" SIZE="Small" IMAGES_RESOLUTION="160" WORDCNT="125"/>
				<Entity ENTITY_TYPE="Picture" FIRST_TOC_ENTRY_ID="71" DEPTH_LEVEL="2" INDEX_IN_DOC="71" PAGE_NO="8" NAME="Untitled Picture" ID="Pc00802" HREF="/8/Pc00802" SIZE="Medium" EMBEDDED_INTO="Ar00804" EMBEDDED_AFTER="Ar0080401" IMAGES_RESOLUTION="160" WORDCNT="0"/>
				<Entity ENTITY_TYPE="Article" FIRST_TOC_ENTRY_ID="65" DEPTH_LEVEL="1" INDEX_IN_DOC="65" PAGE_NO="8" NAME="Architecture Awards Presented at Banquet" ID="Ar00803" HREF="/8/Ar00803" SIZE="Medium" IMAGES_RESOLUTION="160" WORDCNT="282"/>
				<Entity ENTITY_TYPE="Article" FIRST_TOC_ENTRY_ID="70" DEPTH_LEVEL="1" INDEX_IN_DOC="70" PAGE_NO="8" NAME="'Repair Lets Rain Trickle To Basement" ID="Ar00804" HREF="/8/Ar00804" SIZE="Medium" IMAGES_RESOLUTION="160" WORDCNT="226"/>
				<Entity ENTITY_TYPE="Article" FIRST_TOC_ENTRY_ID="73" DEPTH_LEVEL="1" INDEX_IN_DOC="73" PAGE_NO="8" NAME="Untitled Article" ID="Ar00805" HREF="/8/Ar00805" SIZE="Medium" IMAGES_RESOLUTION="160" WORDCNT="465"/>
				<Entity ENTITY_TYPE="Ad" FIRST_TOC_ENTRY_ID="67" DEPTH_LEVEL="1" INDEX_IN_DOC="67" PAGE_NO="8" NAME="Untitled Ad" ID="Ad00806" HREF="/8/Ad00806" SIZE="Small" IMAGES_RESOLUTION="160" WORDCNT="12"/>
				<Entity ENTITY_TYPE="Ad" FIRST_TOC_ENTRY_ID="68" DEPTH_LEVEL="1" INDEX_IN_DOC="68" PAGE_NO="8" NAME="Untitled Ad" ID="Ad00807" HREF="/8/Ad00807" SIZE="Small" IMAGES_RESOLUTION="160" WORDCNT="15"/>
				<Entity ENTITY_TYPE="Ad" FIRST_TOC_ENTRY_ID="66" DEPTH_LEVEL="1" INDEX_IN_DOC="66" PAGE_NO="8" NAME="Untitled Ad" ID="Ad00808" HREF="/8/Ad00808" SIZE="Small" IMAGES_RESOLUTION="160" WORDCNT="70"/>
				<Entity ENTITY_TYPE="Ad" FIRST_TOC_ENTRY_ID="69" DEPTH_LEVEL="1" INDEX_IN_DOC="69" PAGE_NO="8" NAME="Untitled Ad" ID="Ad00809" HREF="/8/Ad00809" SIZE="Medium" IMAGES_RESOLUTION="160" WORDCNT="56"/>
				<Entity ENTITY_TYPE="Ad" FIRST_TOC_ENTRY_ID="63" DEPTH_LEVEL="1" INDEX_IN_DOC="63" PAGE_NO="8" NAME="Untitled Ad" ID="Ad00810" HREF="/8/Ad00810" SIZE="Small" IMAGES_RESOLUTION="160" WORDCNT="65"/>
				<Entity ENTITY_TYPE="Ad" FIRST_TOC_ENTRY_ID="64" DEPTH_LEVEL="1" INDEX_IN_DOC="64" PAGE_NO="8" NAME="Untitled Ad" ID="Ad00811" HREF="/8/Ad00811" SIZE="Small" IMAGES_RESOLUTION="160" WORDCNT="23"/>
				<Entity ENTITY_TYPE="Ad" FIRST_TOC_ENTRY_ID="62" DEPTH_LEVEL="1" INDEX_IN_DOC="62" PAGE_NO="8" NAME="Untitled Ad" ID="Ad00812" HREF="/8/Ad00812" SIZE="Small" IMAGES_RESOLUTION="160" WORDCNT="68"/>
				<Entity ENTITY_TYPE="Article" FIRST_TOC_ENTRY_ID="72" DEPTH_LEVEL="1" INDEX_IN_DOC="72" PAGE_NO="8" NAME="Untitled Article" ID="Ar00813" HREF="/8/Ar00813" SIZE="Small" IMAGES_RESOLUTION="160" WORDCNT="28"/>
			</Page>
		</Section>
	</Body_np>
	<Logic_np><TOC_Entries><TOC_Entry TOC_ENTRY_ID="1" TITLE="RUNYON VISITS CAMPUS � Members of the &quot;G..." ENTITY_ID_REF="Ar00106" PAGE_NO="1" PAGE_LABEL="1" PRIM_ID_REF="Ar0010600" IS_IC="true"><TOC_Entry TOC_ENTRY_ID="2" TITLE="" ENTITY_ID_REF="Pc00110" PAGE_NO="1" PAGE_LABEL="1" PRIM_ID_REF="Pc0011000" IS_IC="true"/></TOC_Entry><TOC_Entry TOC_ENTRY_ID="3" TITLE="OSU Officials Meet Attorney General to D..." ENTITY_ID_REF="Ar00101" PAGE_NO="1" PAGE_LABEL="1" PRIM_ID_REF="Ar0010100" IS_IC="true"><TOC_Entry TOC_ENTRY_ID="4" TITLE="" ENTITY_ID_REF="Pc00107" PAGE_NO="1" PAGE_LABEL="1" PRIM_ID_REF="Pc0010700" IS_IC="true"/></TOC_Entry><TOC_Entry TOC_ENTRY_ID="5" TITLE="AEPi House To Be Ready By Fall, 1959" ENTITY_ID_REF="Ar00103" PAGE_NO="1" PAGE_LABEL="1" PRIM_ID_REF="Ar0010300" IS_IC="true"/><TOC_Entry TOC_ENTRY_ID="6" TITLE="NROTC GET GRANT" ENTITY_ID_REF="Ar00112" PAGE_NO="1" PAGE_LABEL="1" PRIM_ID_REF="Ar0011200" IS_IC="true"/><TOC_Entry TOC_ENTRY_ID="7" TITLE="THE WEATHER Fair and cool today and toni..." ENTITY_ID_REF="Ar00111" PAGE_NO="1" PAGE_LABEL="1" PRIM_ID_REF="Ar0011100" IS_IC="true"/><TOC_Entry TOC_ENTRY_ID="8" TITLE="Senate Readies Lantern Probe" ENTITY_ID_REF="Ar00100" PAGE_NO="1" PAGE_LABEL="1" PRIM_ID_REF="Ar0010000" IS_IC="true"/><TOC_Entry TOC_ENTRY_ID="9" TITLE="COURSE CARDS SENT" ENTITY_ID_REF="Ar00105" PAGE_NO="1" PAGE_LABEL="1" PRIM_ID_REF="Ar0010500" IS_IC="true"/><TOC_Entry TOC_ENTRY_ID="10" TITLE="Old Problem Raises New French Crisis" ENTITY_ID_REF="Ar00102" PAGE_NO="1" PAGE_LABEL="1" PRIM_ID_REF="Ar0010200" IS_IC="true"/><TOC_Entry TOC_ENTRY_ID="11" TITLE="Pyle Library 'Official' Today" ENTITY_ID_REF="Ar00104" PAGE_NO="1" PAGE_LABEL="1" PRIM_ID_REF="Ar0010400" IS_IC="true"><TOC_Entry TOC_ENTRY_ID="12" TITLE="" ENTITY_ID_REF="Pc00108" PAGE_NO="1" PAGE_LABEL="1" PRIM_ID_REF="Pc0010800" IS_IC="true"/><TOC_Entry TOC_ENTRY_ID="13" TITLE="" ENTITY_ID_REF="Pc00109" PAGE_NO="1" PAGE_LABEL="1" PRIM_ID_REF="Pc0010900" IS_IC="true"/></TOC_Entry><TOC_Entry TOC_ENTRY_ID="14" TITLE="Science and Humanity" ENTITY_ID_REF="Ar00200" PAGE_NO="2" PAGE_LABEL="2" PRIM_ID_REF="Ar0020000" IS_IC="true"/><TOC_Entry TOC_ENTRY_ID="15" TITLE="Editor's Mail Bag" ENTITY_ID_REF="Ar00201" PAGE_NO="2" PAGE_LABEL="2" PRIM_ID_REF="Ar0020100" IS_IC="true"/><TOC_Entry TOC_ENTRY_ID="16" TITLE="American People Spend Billions To Stay Y..." ENTITY_ID_REF="Ar00202" PAGE_NO="2" PAGE_LABEL="2" PRIM_ID_REF="Ar0020200" IS_IC="true"/><TOC_Entry TOC_ENTRY_ID="17" TITLE="Chicago Youth Attend 'Dream' High School" ENTITY_ID_REF="Ar00203" PAGE_NO="2" PAGE_LABEL="2" PRIM_ID_REF="Ar0020300" IS_IC="true"/><TOC_Entry TOC_ENTRY_ID="18" TITLE="Special Safe In Airplane Replaces Touch'" ENTITY_ID_REF="Ar00205" PAGE_NO="2" PAGE_LABEL="2" PRIM_ID_REF="Ar0020500" IS_IC="true"/><TOC_Entry TOC_ENTRY_ID="19" TITLE="JJ UL Ohio SialsL... LANTERN STAFF Manag..." ENTITY_ID_REF="Ar00204" PAGE_NO="2" PAGE_LABEL="2" PRIM_ID_REF="Ar0020400" IS_IC="true"/><TOC_Entry TOC_ENTRY_ID="20" TITLE="Jazz Gets Boost On OSU Campus" ENTITY_ID_REF="Ar00300" PAGE_NO="3" PAGE_LABEL="3" PRIM_ID_REF="Ar0030000" IS_IC="true"/><TOC_Entry TOC_ENTRY_ID="21" TITLE="Final Examination Schedule" ENTITY_ID_REF="Ar00306" PAGE_NO="3" PAGE_LABEL="3" PRIM_ID_REF="Ar0030600" IS_IC="true"/><TOC_Entry TOC_ENTRY_ID="22" TITLE="Ag Students From Farms Are Minority" ENTITY_ID_REF="Ar00301" PAGE_NO="3" PAGE_LABEL="3" PRIM_ID_REF="Ar0030100" IS_IC="true"/><TOC_Entry TOC_ENTRY_ID="23" TITLE="Education Group Installs Officers" ENTITY_ID_REF="Ar00302" PAGE_NO="3" PAGE_LABEL="3" PRIM_ID_REF="Ar0030200" IS_IC="true"/><TOC_Entry TOC_ENTRY_ID="24" TITLE="u/tiJv JhsL ChuhchsiL. . . ." ENTITY_ID_REF="Ar00303" PAGE_NO="3" PAGE_LABEL="3" PRIM_ID_REF="Ar0030300" IS_IC="true"/><TOC_Entry TOC_ENTRY_ID="25" TITLE="Baker Taps Leading Men" ENTITY_ID_REF="Ar00304" PAGE_NO="3" PAGE_LABEL="3" PRIM_ID_REF="Ar0030400" IS_IC="true"/><TOC_Entry TOC_ENTRY_ID="26" TITLE="" ENTITY_ID_REF="Ad00305" PAGE_NO="3" PAGE_LABEL="3" PRIM_ID_REF="Ad0030501" IS_IC="true"/><TOC_Entry TOC_ENTRY_ID="27" TITLE="Police Say Fear of Expulsion Keeps Campu..." ENTITY_ID_REF="Ar00400" PAGE_NO="4" PAGE_LABEL="4" PRIM_ID_REF="Ar0040000" IS_IC="true"><TOC_Entry TOC_ENTRY_ID="28" TITLE="" ENTITY_ID_REF="Pc00401" PAGE_NO="4" PAGE_LABEL="4" PRIM_ID_REF="Pc0040100" IS_IC="true"/><TOC_Entry TOC_ENTRY_ID="29" TITLE="" ENTITY_ID_REF="Pc00402" PAGE_NO="4" PAGE_LABEL="4" PRIM_ID_REF="Pc0040200" IS_IC="true"/><TOC_Entry TOC_ENTRY_ID="30" TITLE="" ENTITY_ID_REF="Pc00405" PAGE_NO="4" PAGE_LABEL="4" PRIM_ID_REF="Pc0040500" IS_IC="true"/><TOC_Entry TOC_ENTRY_ID="31" TITLE="" ENTITY_ID_REF="Pc00406" PAGE_NO="4" PAGE_LABEL="4" PRIM_ID_REF="Pc0040600" IS_IC="true"/></TOC_Entry><TOC_Entry TOC_ENTRY_ID="32" TITLE="Campus Comment" ENTITY_ID_REF="Ar00403" PAGE_NO="4" PAGE_LABEL="4" PRIM_ID_REF="Ar0040300" IS_IC="true"/><TOC_Entry TOC_ENTRY_ID="33" TITLE="58 Nations Send Students to OSU" ENTITY_ID_REF="Ar00404" PAGE_NO="4" PAGE_LABEL="4" PRIM_ID_REF="Ar0040400" IS_IC="true"/><TOC_Entry TOC_ENTRY_ID="34" TITLE="" ENTITY_ID_REF="Ad00408" PAGE_NO="4" PAGE_LABEL="4" PRIM_ID_REF="Ad0040801" IS_IC="true"/><TOC_Entry TOC_ENTRY_ID="35" TITLE="Wilson Scholarships Given" ENTITY_ID_REF="Ar00407" PAGE_NO="4" PAGE_LABEL="4" PRIM_ID_REF="Ar0040700" IS_IC="true"/><TOC_Entry TOC_ENTRY_ID="36" TITLE="" ENTITY_ID_REF="Ad00409" PAGE_NO="4" PAGE_LABEL="4" PRIM_ID_REF="Ad0040901" IS_IC="true"/><TOC_Entry TOC_ENTRY_ID="37" TITLE="GOVERNMENT SET UP" ENTITY_ID_REF="Ar00411" PAGE_NO="4" PAGE_LABEL="4" PRIM_ID_REF="Ar0041100" IS_IC="true"/><TOC_Entry TOC_ENTRY_ID="38" TITLE="" ENTITY_ID_REF="Ad00410" PAGE_NO="4" PAGE_LABEL="4" PRIM_ID_REF="Ad0041001" IS_IC="true"/><TOC_Entry TOC_ENTRY_ID="39" TITLE="OFFICIAL BULLETIN THE OHIO STATE UNIVERS..." ENTITY_ID_REF="Ar00500" PAGE_NO="5" PAGE_LABEL="5" PRIM_ID_REF="Ar0050000" IS_IC="true"/><TOC_Entry TOC_ENTRY_ID="40" TITLE="SCRA Holds Recognition Banquet Here" ENTITY_ID_REF="Ar00502" PAGE_NO="5" PAGE_LABEL="5" PRIM_ID_REF="Ar0050200" IS_IC="true"/><TOC_Entry TOC_ENTRY_ID="41" TITLE="Oh io's School Costs Rise $20 This Year" ENTITY_ID_REF="Ar00501" PAGE_NO="5" PAGE_LABEL="5" PRIM_ID_REF="Ar0050100" IS_IC="true"/><TOC_Entry TOC_ENTRY_ID="42" TITLE="AM 820 Kilocycles FM 89.7 Megacycles FRI..." ENTITY_ID_REF="Ar00504" PAGE_NO="5" PAGE_LABEL="5" PRIM_ID_REF="Ar0050400" IS_IC="true"><TOC_Entry TOC_ENTRY_ID="43" TITLE="" ENTITY_ID_REF="Pc00503" PAGE_NO="5" PAGE_LABEL="5" PRIM_ID_REF="Pc0050300" IS_IC="true"/></TOC_Entry><TOC_Entry TOC_ENTRY_ID="44" TITLE="Girls Hoof It 6 Miles To OSU" ENTITY_ID_REF="Ar00600" PAGE_NO="6" PAGE_LABEL="6" PRIM_ID_REF="Ar0060000" IS_IC="true"><TOC_Entry TOC_ENTRY_ID="45" TITLE="" ENTITY_ID_REF="Pc00603" PAGE_NO="6" PAGE_LABEL="6" PRIM_ID_REF="Pc0060300" IS_IC="true"/><TOC_Entry TOC_ENTRY_ID="46" TITLE="" ENTITY_ID_REF="Pc00605" PAGE_NO="6" PAGE_LABEL="6" PRIM_ID_REF="Pc0060500" IS_IC="true"/><TOC_Entry TOC_ENTRY_ID="47" TITLE="" ENTITY_ID_REF="Pc00602" PAGE_NO="6" PAGE_LABEL="6" PRIM_ID_REF="Pc0060200" IS_IC="true"/><TOC_Entry TOC_ENTRY_ID="48" TITLE="" ENTITY_ID_REF="Pc00604" PAGE_NO="6" PAGE_LABEL="6" PRIM_ID_REF="Pc0060400" IS_IC="true"/></TOC_Entry><TOC_Entry TOC_ENTRY_ID="49" TITLE="Yanks Beat Tigers, Hawks to Get Coach" ENTITY_ID_REF="Ar00601" PAGE_NO="6" PAGE_LABEL="6" PRIM_ID_REF="Ar0060100" IS_IC="true"/><TOC_Entry TOC_ENTRY_ID="50" TITLE="CHECKING THE MEET�Five girls in the Intr..." ENTITY_ID_REF="Ar00606" PAGE_NO="6" PAGE_LABEL="6" PRIM_ID_REF="Ar0060600" IS_IC="true"><TOC_Entry TOC_ENTRY_ID="51" TITLE="" ENTITY_ID_REF="Pc00607" PAGE_NO="6" PAGE_LABEL="6" PRIM_ID_REF="Pc0060700" IS_IC="true"/></TOC_Entry><TOC_Entry TOC_ENTRY_ID="52" TITLE="Bucks, Take Your Marks, Get Set" ENTITY_ID_REF="Ar00700" PAGE_NO="7" PAGE_LABEL="7" PRIM_ID_REF="Ar0070000" IS_IC="true"><TOC_Entry TOC_ENTRY_ID="53" TITLE="" ENTITY_ID_REF="Pc00707" PAGE_NO="7" PAGE_LABEL="7" PRIM_ID_REF="Pc0070700" IS_IC="true"/><TOC_Entry TOC_ENTRY_ID="54" TITLE="" ENTITY_ID_REF="Pc00704" PAGE_NO="7" PAGE_LABEL="7" PRIM_ID_REF="Pc0070400" IS_IC="true"/><TOC_Entry TOC_ENTRY_ID="55" TITLE="" ENTITY_ID_REF="Pc00705" PAGE_NO="7" PAGE_LABEL="7" PRIM_ID_REF="Pc0070500" IS_IC="true"/></TOC_Entry><TOC_Entry TOC_ENTRY_ID="56" TITLE="Big Ten Meet Marks" ENTITY_ID_REF="Ar00701" PAGE_NO="7" PAGE_LABEL="7" PRIM_ID_REF="Ar0070100" IS_IC="true"/><TOC_Entry TOC_ENTRY_ID="57" TITLE="7 Seniors to Run in Big 10 Meet" ENTITY_ID_REF="Ar00702" PAGE_NO="7" PAGE_LABEL="7" PRIM_ID_REF="Ar0070200" IS_IC="true"><TOC_Entry TOC_ENTRY_ID="58" TITLE="" ENTITY_ID_REF="Pc00706" PAGE_NO="7" PAGE_LABEL="7" PRIM_ID_REF="Pc0070600" IS_IC="true"/></TOC_Entry><TOC_Entry TOC_ENTRY_ID="59" TITLE="Lacrosse Squad Closes Season" ENTITY_ID_REF="Ar00703" PAGE_NO="7" PAGE_LABEL="7" PRIM_ID_REF="Ar0070300" IS_IC="true"/><TOC_Entry TOC_ENTRY_ID="60" TITLE="Frenchmen At Ease Over New Crisis?" ENTITY_ID_REF="Ar00800" PAGE_NO="8" PAGE_LABEL="8" PRIM_ID_REF="Ar0080000" IS_IC="true"/><TOC_Entry TOC_ENTRY_ID="61" TITLE="Middle East Oil Discussed" ENTITY_ID_REF="Ar00801" PAGE_NO="8" PAGE_LABEL="8" PRIM_ID_REF="Ar0080100" IS_IC="true"/><TOC_Entry TOC_ENTRY_ID="62" TITLE="" ENTITY_ID_REF="Ad00812" PAGE_NO="8" PAGE_LABEL="8" PRIM_ID_REF="Ad0081201" IS_IC="true"/><TOC_Entry TOC_ENTRY_ID="63" TITLE="" ENTITY_ID_REF="Ad00810" PAGE_NO="8" PAGE_LABEL="8" PRIM_ID_REF="Ad0081001" IS_IC="true"/><TOC_Entry TOC_ENTRY_ID="64" TITLE="" ENTITY_ID_REF="Ad00811" PAGE_NO="8" PAGE_LABEL="8" PRIM_ID_REF="Ad0081101" IS_IC="true"/><TOC_Entry TOC_ENTRY_ID="65" TITLE="Architecture Awards Presented at Banquet" ENTITY_ID_REF="Ar00803" PAGE_NO="8" PAGE_LABEL="8" PRIM_ID_REF="Ar0080300" IS_IC="true"/><TOC_Entry TOC_ENTRY_ID="66" TITLE="" ENTITY_ID_REF="Ad00808" PAGE_NO="8" PAGE_LABEL="8" PRIM_ID_REF="Ad0080801" IS_IC="true"/><TOC_Entry TOC_ENTRY_ID="67" TITLE="" ENTITY_ID_REF="Ad00806" PAGE_NO="8" PAGE_LABEL="8" PRIM_ID_REF="Ad0080601" IS_IC="true"/><TOC_Entry TOC_ENTRY_ID="68" TITLE="" ENTITY_ID_REF="Ad00807" PAGE_NO="8" PAGE_LABEL="8" PRIM_ID_REF="Ad0080701" IS_IC="true"/><TOC_Entry TOC_ENTRY_ID="69" TITLE="" ENTITY_ID_REF="Ad00809" PAGE_NO="8" PAGE_LABEL="8" PRIM_ID_REF="Ad0080901" IS_IC="true"/><TOC_Entry TOC_ENTRY_ID="70" TITLE="'Repair Lets Rain Trickle To Basement" ENTITY_ID_REF="Ar00804" PAGE_NO="8" PAGE_LABEL="8" PRIM_ID_REF="Ar0080400" IS_IC="true"><TOC_Entry TOC_ENTRY_ID="71" TITLE="" ENTITY_ID_REF="Pc00802" PAGE_NO="8" PAGE_LABEL="8" PRIM_ID_REF="Pc0080200" IS_IC="true"/></TOC_Entry><TOC_Entry TOC_ENTRY_ID="72" TITLE="Moving to California but shipping costs ..." ENTITY_ID_REF="Ar00813" PAGE_NO="8" PAGE_LABEL="8" PRIM_ID_REF="Ar0081300" IS_IC="true"/><TOC_Entry TOC_ENTRY_ID="73" TITLE="IQlaAhip&lt;fdA RATES Regular Classified i&lt;..." ENTITY_ID_REF="Ar00805" PAGE_NO="8" PAGE_LABEL="8" PRIM_ID_REF="Ar0080500" IS_IC="true"/></TOC_Entries></Logic_np></Xmd_toc>
