<?xml version="1.0" encoding="windows-1252" standalone="no"?>
<Xmd_toc REPOSITORY_FORMAT="1.0" PRXML_VER="2.2" PUBLICATION="OHI" PUBLICATION_DESCRIPTION="" ISSUE_DATE="30/10/1958" RELEASE_NO="060-OHI-1958-10-30-001-SINGLE-LANTERN_VOL-78_JUN26-JUN8_OCT_169" LANGUAGE="English">
	<Head_np>
		<Meta PAGES_NUMBER="8" SOURCE_TYPE="TIFF" SOURCE_RESOLUTION="72" IMAGES_RESOLUTION="160" PAGE_THUMBNAIL_RESOLUTION="72" PAGE_PREVIEW_RESOLUTION="15" DEFAULT_IMG_EXT="png" DEFAULT_PREVIEW_IMG_EXT="png" BASE_HREF="OHI/1958/10/30" PDF_DESTINATION_MAPPED="OLV0_Page_0001" TITLE_SNP_EXT="png" AD_SNP_EXT="png" IMAGE_SNP_EXT="jpg" MULTI_LAYER_PAGE_IMG="false" IS_SOLID="false" DOC_DATE="30/10/1958" DOC_UID="OHI_30/10/1958" DOC_VER="1" OCR_CONFIDENCE="1.000" TOTAL_CHARS_COUNT="53143" SUSPICIOUS_CHARS_COUNT="0">
			<Publisher XMD_VER="2.6.241.4" ACROBAT_VER="7.08" PUBLISHER="Olive" PROFILE_ID="W:\Batch\Profile\OHI-1958-10-30.ini">
				<PublishDate>Tue, 24 May 2011 15:00:39 UTC</PublishDate>
				<PublishSWFCompatible>false</PublishSWFCompatible>
			</Publisher>
			<Resolutions>
				<Resolution DEFAULT="true">72</Resolution>
			</Resolutions>
		</Meta>
		<Link SOURCE="060-OHI-1958-10-30-001-SINGLE-LANTERN_VOL-78_JUN26-JUN8_OCT_169.pdf"/>
		<DataFiles>
			<Files TYPE="DOC_PDF" PRESENT="1"/>
			<Files TYPE="PAGE_PDF" PRESENT="0"/>
			<Files TYPE="DOC_IMG" PRESENT="0"/>
			<Files TYPE="PAGE_IMG" PRESENT="0"/>
			<Files TYPE="PAGE_VIEW_IMG" PRESENT="1"/>
			<Files TYPE="PAGE_PREVIEW_IMG" PRESENT="1"/>
			<Files TYPE="PRIMITIVE_IMG" PRESENT="1"/>
			<Files TYPE="SNIPPET_IMG" PRESENT="1"/>
			<Files TYPE="SEGMENTATION" PRESENT="0"/>
		</DataFiles><Application_Data/></Head_np>
	<Body_np>
		<Section NAME="Front page">
			<Page PAGE_NO="1" NAME="" PAGE_LABEL="1" ID="Pg001" PAGE_TYPE="Single" PAGE_WIDTH="871" PAGE_HEIGHT="1244" CROP_BOX="0 0 870 1243" MEDIA_BOX="0 0 870 1243" HREF="/1/Pg001" TOTAL_CHARS_COUNT="4903" SUSPICIOUS_CHARS_COUNT="0">
				<Entity ENTITY_TYPE="Article" FIRST_TOC_ENTRY_ID="10" DEPTH_LEVEL="1" INDEX_IN_DOC="10" PAGE_NO="1" NAME="Spot Card Pushers Lie Low Here" ID="Ar00100" HREF="/1/Ar00100" SIZE="Medium" IMAGES_RESOLUTION="160" WORDCNT="284"/>
				<Entity ENTITY_TYPE="Picture" FIRST_TOC_ENTRY_ID="2" DEPTH_LEVEL="2" INDEX_IN_DOC="2" PAGE_NO="1" NAME="Untitled Picture" ID="Pc00101" HREF="/1/Pc00101" SIZE="Medium" EMBEDDED_INTO="Ar00102" EMBEDDED_AFTER="Ar0010200" IMAGES_RESOLUTION="160" WORDCNT="0"/>
				<Entity ENTITY_TYPE="Article" FIRST_TOC_ENTRY_ID="1" DEPTH_LEVEL="1" INDEX_IN_DOC="1" PAGE_NO="1" NAME="Untitled Article" ID="Ar00102" HREF="/1/Ar00102" SIZE="Small" IMAGES_RESOLUTION="160" WORDCNT="30"/>
				<Entity ENTITY_TYPE="Article" FIRST_TOC_ENTRY_ID="7" DEPTH_LEVEL="1" INDEX_IN_DOC="7" PAGE_NO="1" NAME="Oxford Men Debate Over WOSU-TV" ID="Ar00103" HREF="/1/Ar00103" SIZE="Medium" IMAGES_RESOLUTION="160" WORDCNT="261"/>
				<Entity ENTITY_TYPE="Article" FIRST_TOC_ENTRY_ID="6" DEPTH_LEVEL="1" INDEX_IN_DOC="6" PAGE_NO="1" NAME="Vets Praised For Good Record On House Loans" ID="Ar00104" HREF="/1/Ar00104" SIZE="Small" IMAGES_RESOLUTION="160" WORDCNT="191"/>
				<Entity ENTITY_TYPE="Picture" FIRST_TOC_ENTRY_ID="4" DEPTH_LEVEL="2" INDEX_IN_DOC="4" PAGE_NO="1" NAME="Untitled Picture" ID="Pc00105" HREF="/1/Pc00105" SIZE="Small" EMBEDDED_INTO="Ar00110" EMBEDDED_AFTER="Ar0011001" IMAGES_RESOLUTION="160" WORDCNT="0"/>
				<Entity ENTITY_TYPE="Article" FIRST_TOC_ENTRY_ID="8" DEPTH_LEVEL="1" INDEX_IN_DOC="8" PAGE_NO="1" NAME="Untitled Article" ID="Ar00106" HREF="/1/Ar00106" SIZE="Small" IMAGES_RESOLUTION="160" WORDCNT="7"/>
				<Entity ENTITY_TYPE="Picture" FIRST_TOC_ENTRY_ID="9" DEPTH_LEVEL="2" INDEX_IN_DOC="9" PAGE_NO="1" NAME="Untitled Picture" ID="Pc00107" HREF="/1/Pc00107" SIZE="Small" EMBEDDED_INTO="Ar00106" EMBEDDED_AFTER="Ar0010600" IMAGES_RESOLUTION="160" WORDCNT="0"/>
				<Entity ENTITY_TYPE="Article" FIRST_TOC_ENTRY_ID="11" DEPTH_LEVEL="1" INDEX_IN_DOC="11" PAGE_NO="1" NAME="Untitled Article" ID="Ar00108" HREF="/1/Ar00108" SIZE="Large" IMAGES_RESOLUTION="160" WORDCNT="327"/>
				<Entity ENTITY_TYPE="Article" FIRST_TOC_ENTRY_ID="5" DEPTH_LEVEL="1" INDEX_IN_DOC="5" PAGE_NO="1" NAME="Horizon Hopefuls Audition Tonight" ID="Ar00109" HREF="/1/Ar00109" SIZE="Small" IMAGES_RESOLUTION="160" WORDCNT="91"/>
				<Entity ENTITY_TYPE="Article" FIRST_TOC_ENTRY_ID="3" DEPTH_LEVEL="1" INDEX_IN_DOC="3" PAGE_NO="1" NAME="Series Opens Tonight With deSeversky" ID="Ar00110" HREF="/1/Ar00110" SIZE="Small" IMAGES_RESOLUTION="160" WORDCNT="166"/>
			</Page>
		</Section>
		<Section NAME="None">
			<Page PAGE_NO="2" NAME="" PAGE_LABEL="2" ID="Pg002" PAGE_TYPE="Single" PAGE_WIDTH="871" PAGE_HEIGHT="1246" CROP_BOX="0 0 870 1245" MEDIA_BOX="0 0 870 1245" HREF="/2/Pg002" TOTAL_CHARS_COUNT="10000" SUSPICIOUS_CHARS_COUNT="0">
				<Entity ENTITY_TYPE="Article" FIRST_TOC_ENTRY_ID="12" DEPTH_LEVEL="1" INDEX_IN_DOC="12" PAGE_NO="2" NAME="More Light" ID="Ar00200" HREF="/2/Ar00200" SIZE="Large" IMAGES_RESOLUTION="160" WORDCNT="387"/>
				<Entity ENTITY_TYPE="Article" FIRST_TOC_ENTRY_ID="13" DEPTH_LEVEL="1" INDEX_IN_DOC="13" PAGE_NO="2" NAME="Vote" ID="Ar00201" HREF="/2/Ar00201" SIZE="Medium" IMAGES_RESOLUTION="160" WORDCNT="208"/>
				<Entity ENTITY_TYPE="Article" FIRST_TOC_ENTRY_ID="14" DEPTH_LEVEL="1" INDEX_IN_DOC="14" PAGE_NO="2" NAME="Radio Freedom" ID="Ar00202" HREF="/2/Ar00202" SIZE="Medium" IMAGES_RESOLUTION="160" WORDCNT="156"/>
				<Entity ENTITY_TYPE="Article" FIRST_TOC_ENTRY_ID="15" DEPTH_LEVEL="1" INDEX_IN_DOC="15" PAGE_NO="2" NAME="The Faculty Speaks" ID="Ar00203" HREF="/2/Ar00203" SIZE="XLarge" IMAGES_RESOLUTION="160" WORDCNT="1089"/>
				<Entity ENTITY_TYPE="Picture" FIRST_TOC_ENTRY_ID="16" DEPTH_LEVEL="2" INDEX_IN_DOC="16" PAGE_NO="2" NAME="Untitled Picture" ID="Pc00204" HREF="/2/Pc00204" SIZE="Small" EMBEDDED_INTO="Ar00203" EMBEDDED_AFTER="Ar0020301" IMAGES_RESOLUTION="160" WORDCNT="0"/>
				<Entity ENTITY_TYPE="Article" FIRST_TOC_ENTRY_ID="17" DEPTH_LEVEL="1" INDEX_IN_DOC="17" PAGE_NO="2" NAME="Prof. Blasts At Lantern" ID="Ar00205" HREF="/2/Ar00205" SIZE="Medium" IMAGES_RESOLUTION="160" WORDCNT="249"/>
				<Entity ENTITY_TYPE="Article" FIRST_TOC_ENTRY_ID="18" DEPTH_LEVEL="1" INDEX_IN_DOC="18" PAGE_NO="2" NAME="Untitled Article" ID="Ar00206" HREF="/2/Ar00206" SIZE="Small" IMAGES_RESOLUTION="160" WORDCNT="228"/>
			</Page>
			<Page PAGE_NO="3" NAME="" PAGE_LABEL="3" ID="Pg003" PAGE_TYPE="Single" PAGE_WIDTH="872" PAGE_HEIGHT="1236" CROP_BOX="0 0 871 1235" MEDIA_BOX="0 0 871 1235" HREF="/3/Pg003" TOTAL_CHARS_COUNT="8641" SUSPICIOUS_CHARS_COUNT="0">
				<Entity ENTITY_TYPE="Article" FIRST_TOC_ENTRY_ID="19" DEPTH_LEVEL="1" INDEX_IN_DOC="19" PAGE_NO="3" NAME="'Men Just Can't Take It/ Says Aide of Lady Lawmaker" ID="Ar00300" HREF="/3/Ar00300" SIZE="Medium" IMAGES_RESOLUTION="160" WORDCNT="413"/>
				<Entity ENTITY_TYPE="Article" FIRST_TOC_ENTRY_ID="20" DEPTH_LEVEL="1" INDEX_IN_DOC="20" PAGE_NO="3" NAME="Highway Built for Buggies" ID="Ar00301" HREF="/3/Ar00301" SIZE="Medium" IMAGES_RESOLUTION="160" WORDCNT="245"/>
				<Entity ENTITY_TYPE="Article" FIRST_TOC_ENTRY_ID="21" DEPTH_LEVEL="1" INDEX_IN_DOC="21" PAGE_NO="3" NAME="COFFEE WITH POETRY" ID="Ar00302" HREF="/3/Ar00302" SIZE="Small" IMAGES_RESOLUTION="160" WORDCNT="53"/>
				<Entity ENTITY_TYPE="Article" FIRST_TOC_ENTRY_ID="22" DEPTH_LEVEL="1" INDEX_IN_DOC="22" PAGE_NO="3" NAME="Itchy Noses Bother Pilots" ID="Ar00303" HREF="/3/Ar00303" SIZE="Small" IMAGES_RESOLUTION="160" WORDCNT="221"/>
				<Entity ENTITY_TYPE="Article" FIRST_TOC_ENTRY_ID="23" DEPTH_LEVEL="1" INDEX_IN_DOC="23" PAGE_NO="3" NAME="Veterinary Group To Hold Meeting" ID="Ar00304" HREF="/3/Ar00304" SIZE="Small" IMAGES_RESOLUTION="160" WORDCNT="188"/>
				<Entity ENTITY_TYPE="Article" FIRST_TOC_ENTRY_ID="24" DEPTH_LEVEL="1" INDEX_IN_DOC="24" PAGE_NO="3" NAME="Insect Plague Possible In '59" ID="Ar00305" HREF="/3/Ar00305" SIZE="Large" IMAGES_RESOLUTION="160" WORDCNT="598"/>
				<Entity ENTITY_TYPE="Article" FIRST_TOC_ENTRY_ID="25" DEPTH_LEVEL="1" INDEX_IN_DOC="25" PAGE_NO="3" NAME="'Rainmaker 1 Matinee Show Is Scheduled" ID="Ar00306" HREF="/3/Ar00306" SIZE="Small" IMAGES_RESOLUTION="160" WORDCNT="161"/>
				<Entity ENTITY_TYPE="Article" FIRST_TOC_ENTRY_ID="26" DEPTH_LEVEL="1" INDEX_IN_DOC="26" PAGE_NO="3" NAME="Trade Clubs To Convene" ID="Ar00307" HREF="/3/Ar00307" SIZE="Small" IMAGES_RESOLUTION="160" WORDCNT="136"/>
				<Entity ENTITY_TYPE="Ad" FIRST_TOC_ENTRY_ID="27" DEPTH_LEVEL="1" INDEX_IN_DOC="27" PAGE_NO="3" NAME="Untitled Ad" ID="Ad00308" HREF="/3/Ad00308" SIZE="Large" IMAGES_RESOLUTION="160" WORDCNT="307"/>
			</Page>
			<Page PAGE_NO="4" NAME="" PAGE_LABEL="4" ID="Pg004" PAGE_TYPE="Single" PAGE_WIDTH="884" PAGE_HEIGHT="1258" CROP_BOX="0 0 883 1257" MEDIA_BOX="0 0 883 1257" HREF="/4/Pg004" TOTAL_CHARS_COUNT="4612" SUSPICIOUS_CHARS_COUNT="0">
				<Entity ENTITY_TYPE="Picture" FIRST_TOC_ENTRY_ID="29" DEPTH_LEVEL="2" INDEX_IN_DOC="29" PAGE_NO="4" NAME="Untitled Picture" ID="Pc00400" HREF="/4/Pc00400" SIZE="Large" EMBEDDED_INTO="Ar00401" EMBEDDED_AFTER="Ar0040100" IMAGES_RESOLUTION="160" WORDCNT="0"/>
				<Entity ENTITY_TYPE="Article" FIRST_TOC_ENTRY_ID="28" DEPTH_LEVEL="1" INDEX_IN_DOC="28" PAGE_NO="4" NAME="Gommon Sense, Good Grooming Are Musts For Fashion Flattery" ID="Ar00401" HREF="/4/Ar00401" SIZE="Medium" IMAGES_RESOLUTION="160" WORDCNT="268"/>
				<Entity ENTITY_TYPE="Ad" FIRST_TOC_ENTRY_ID="32" DEPTH_LEVEL="1" INDEX_IN_DOC="32" PAGE_NO="4" NAME="Untitled Ad" ID="Ad00402" HREF="/4/Ad00402" SIZE="Small" IMAGES_RESOLUTION="160" WORDCNT="51"/>
				<Entity ENTITY_TYPE="Picture" FIRST_TOC_ENTRY_ID="30" DEPTH_LEVEL="2" INDEX_IN_DOC="30" PAGE_NO="4" NAME="Untitled Picture" ID="Pc00403" HREF="/4/Pc00403" SIZE="Small" EMBEDDED_INTO="Ar00401" EMBEDDED_AFTER="Ar0040103" IMAGES_RESOLUTION="160" WORDCNT="0"/>
				<Entity ENTITY_TYPE="Article" FIRST_TOC_ENTRY_ID="34" DEPTH_LEVEL="1" INDEX_IN_DOC="34" PAGE_NO="4" NAME="1 Once Over Lightly" ID="Ar00404" HREF="/4/Ar00404" SIZE="Large" IMAGES_RESOLUTION="160" WORDCNT="569"/>
				<Entity ENTITY_TYPE="Picture" FIRST_TOC_ENTRY_ID="35" DEPTH_LEVEL="2" INDEX_IN_DOC="35" PAGE_NO="4" NAME="Untitled Picture" ID="Pc00405" HREF="/4/Pc00405" SIZE="Small" EMBEDDED_INTO="Ar00404" IMAGES_RESOLUTION="160" WORDCNT="0"/>
				<Entity ENTITY_TYPE="Ad" FIRST_TOC_ENTRY_ID="37" DEPTH_LEVEL="1" INDEX_IN_DOC="37" PAGE_NO="4" NAME="Untitled Ad" ID="Ad00406" HREF="/4/Ad00406" SIZE="Large" IMAGES_RESOLUTION="160" WORDCNT="157"/>
				<Entity ENTITY_TYPE="Article" FIRST_TOC_ENTRY_ID="33" DEPTH_LEVEL="1" INDEX_IN_DOC="33" PAGE_NO="4" NAME="Mother Goose Triumphs" ID="Ar00407" HREF="/4/Ar00407" SIZE="Small" IMAGES_RESOLUTION="160" WORDCNT="81"/>
				<Entity ENTITY_TYPE="Article" FIRST_TOC_ENTRY_ID="31" DEPTH_LEVEL="1" INDEX_IN_DOC="31" PAGE_NO="4" NAME="Use New Light Colors" ID="Ar00408" HREF="/4/Ar00408" SIZE="Small" IMAGES_RESOLUTION="160" WORDCNT="97"/>
				<Entity ENTITY_TYPE="Ad" FIRST_TOC_ENTRY_ID="36" DEPTH_LEVEL="1" INDEX_IN_DOC="36" PAGE_NO="4" NAME="Untitled Ad" ID="Ad00409" HREF="/4/Ad00409" SIZE="Medium" IMAGES_RESOLUTION="160" WORDCNT="108"/>
			</Page>
			<Page PAGE_NO="5" NAME="" PAGE_LABEL="5" ID="Pg005" PAGE_TYPE="Single" PAGE_WIDTH="868" PAGE_HEIGHT="1237" CROP_BOX="0 0 867 1236" MEDIA_BOX="0 0 867 1236" HREF="/5/Pg005" TOTAL_CHARS_COUNT="3265" SUSPICIOUS_CHARS_COUNT="0">
				<Entity ENTITY_TYPE="Ad" FIRST_TOC_ENTRY_ID="44" DEPTH_LEVEL="1" INDEX_IN_DOC="44" PAGE_NO="5" NAME="Untitled Ad" ID="Ad00500" HREF="/5/Ad00500" SIZE="Large" IMAGES_RESOLUTION="160" WORDCNT="119"/>
				<Entity ENTITY_TYPE="Article" FIRST_TOC_ENTRY_ID="38" DEPTH_LEVEL="1" INDEX_IN_DOC="38" PAGE_NO="5" NAME="Homecoming Award To ... ?" ID="Ar00501" HREF="/5/Ar00501" SIZE="Small" IMAGES_RESOLUTION="160" WORDCNT="75"/>
				<Entity ENTITY_TYPE="Article" FIRST_TOC_ENTRY_ID="42" DEPTH_LEVEL="1" INDEX_IN_DOC="42" PAGE_NO="5" NAME="NW Set To Face Buckeye Invasion" ID="Ar00502" HREF="/5/Ar00502" SIZE="Medium" IMAGES_RESOLUTION="160" WORDCNT="437"/>
				<Entity ENTITY_TYPE="Article" FIRST_TOC_ENTRY_ID="43" DEPTH_LEVEL="1" INDEX_IN_DOC="43" PAGE_NO="5" NAME="White Jumps To 6th Place" ID="Ar00503" HREF="/5/Ar00503" SIZE="Small" IMAGES_RESOLUTION="160" WORDCNT="81"/>
				<Entity ENTITY_TYPE="Article" FIRST_TOC_ENTRY_ID="40" DEPTH_LEVEL="1" INDEX_IN_DOC="40" PAGE_NO="5" NAME="SAE To Award Grid Trophy" ID="Ar00504" HREF="/5/Ar00504" SIZE="Small" IMAGES_RESOLUTION="160" WORDCNT="166"/>
				<Entity ENTITY_TYPE="Picture" FIRST_TOC_ENTRY_ID="39" DEPTH_LEVEL="2" INDEX_IN_DOC="39" PAGE_NO="5" NAME="Untitled Picture" ID="Pc00505" HREF="/5/Pc00505" SIZE="Large" EMBEDDED_INTO="Ar00501" EMBEDDED_AFTER="Ar0050102" IMAGES_RESOLUTION="160" WORDCNT="0"/>
				<Entity ENTITY_TYPE="Ad" FIRST_TOC_ENTRY_ID="41" DEPTH_LEVEL="1" INDEX_IN_DOC="41" PAGE_NO="5" NAME="Untitled Ad" ID="Ad00506" HREF="/5/Ad00506" SIZE="Large" IMAGES_RESOLUTION="160" WORDCNT="295"/>
			</Page>
			<Page PAGE_NO="6" NAME="" PAGE_LABEL="6" ID="Pg006" PAGE_TYPE="Single" PAGE_WIDTH="878" PAGE_HEIGHT="1247" CROP_BOX="0 0 877 1246" MEDIA_BOX="0 0 877 1246" HREF="/6/Pg006" TOTAL_CHARS_COUNT="9438" SUSPICIOUS_CHARS_COUNT="0">
				<Entity ENTITY_TYPE="Ad" FIRST_TOC_ENTRY_ID="50" DEPTH_LEVEL="1" INDEX_IN_DOC="50" PAGE_NO="6" NAME="Untitled Ad" ID="Ad00600" HREF="/6/Ad00600" SIZE="Large" IMAGES_RESOLUTION="160" WORDCNT="169"/>
				<Entity ENTITY_TYPE="Article" FIRST_TOC_ENTRY_ID="45" DEPTH_LEVEL="1" INDEX_IN_DOC="45" PAGE_NO="6" NAME="Untitled Article" ID="Ar00601" HREF="/6/Ar00601" SIZE="Large" IMAGES_RESOLUTION="160" WORDCNT="1860"/>
				<Entity ENTITY_TYPE="Article" FIRST_TOC_ENTRY_ID="48" DEPTH_LEVEL="1" INDEX_IN_DOC="48" PAGE_NO="6" NAME="Untitled Article" ID="Ar00602" HREF="/6/Ar00602" SIZE="Large" IMAGES_RESOLUTION="160" WORDCNT="659"/>
				<Entity ENTITY_TYPE="Article" FIRST_TOC_ENTRY_ID="46" DEPTH_LEVEL="1" INDEX_IN_DOC="46" PAGE_NO="6" NAME="Untitled Article" ID="Ar00603" HREF="/6/Ar00603" SIZE="Small" IMAGES_RESOLUTION="160" WORDCNT="120"/>
				<Entity ENTITY_TYPE="Picture" FIRST_TOC_ENTRY_ID="47" DEPTH_LEVEL="2" INDEX_IN_DOC="47" PAGE_NO="6" NAME="Untitled Picture" ID="Pc00604" HREF="/6/Pc00604" SIZE="Small" EMBEDDED_INTO="Ar00603" EMBEDDED_AFTER="Ar0060300" IMAGES_RESOLUTION="160" WORDCNT="0"/>
				<Entity ENTITY_TYPE="Ad" FIRST_TOC_ENTRY_ID="49" DEPTH_LEVEL="1" INDEX_IN_DOC="49" PAGE_NO="6" NAME="Untitled Ad" ID="Ad00605" HREF="/6/Ad00605" SIZE="Medium" IMAGES_RESOLUTION="160" WORDCNT="189"/>
			</Page>
			<Page PAGE_NO="7" NAME="" PAGE_LABEL="7" ID="Pg007" PAGE_TYPE="Single" PAGE_WIDTH="865" PAGE_HEIGHT="1238" CROP_BOX="0 0 864 1237" MEDIA_BOX="0 0 864 1237" HREF="/7/Pg007" TOTAL_CHARS_COUNT="4463" SUSPICIOUS_CHARS_COUNT="0">
				<Entity ENTITY_TYPE="Article" FIRST_TOC_ENTRY_ID="51" DEPTH_LEVEL="1" INDEX_IN_DOC="51" PAGE_NO="7" NAME="Campus Comment" ID="Ar00700" HREF="/7/Ar00700" SIZE="Medium" IMAGES_RESOLUTION="160" WORDCNT="371"/>
				<Entity ENTITY_TYPE="Article" FIRST_TOC_ENTRY_ID="52" DEPTH_LEVEL="1" INDEX_IN_DOC="52" PAGE_NO="7" NAME="Mirror of the Campus" ID="Ar00701" HREF="/7/Ar00701" SIZE="Small" IMAGES_RESOLUTION="160" WORDCNT="185"/>
				<Entity ENTITY_TYPE="Article" FIRST_TOC_ENTRY_ID="53" DEPTH_LEVEL="1" INDEX_IN_DOC="53" PAGE_NO="7" NAME="File Petition Now For Yule Program" ID="Ar00702" HREF="/7/Ar00702" SIZE="Small" IMAGES_RESOLUTION="160" WORDCNT="135"/>
				<Entity ENTITY_TYPE="Article" FIRST_TOC_ENTRY_ID="54" DEPTH_LEVEL="1" INDEX_IN_DOC="54" PAGE_NO="7" NAME="Dulles, Ohio State Professor, Is Nationally Known Historian" ID="Ar00703" HREF="/7/Ar00703" SIZE="Medium" IMAGES_RESOLUTION="160" WORDCNT="267"/>
				<Entity ENTITY_TYPE="Article" FIRST_TOC_ENTRY_ID="56" DEPTH_LEVEL="1" INDEX_IN_DOC="56" PAGE_NO="7" NAME="Faculty Plans Family Night" ID="Ar00704" HREF="/7/Ar00704" SIZE="Small" IMAGES_RESOLUTION="160" WORDCNT="90"/>
				<Entity ENTITY_TYPE="Ad" FIRST_TOC_ENTRY_ID="57" DEPTH_LEVEL="1" INDEX_IN_DOC="57" PAGE_NO="7" NAME="Untitled Ad" ID="Ad00705" HREF="/7/Ad00705" SIZE="XLarge" IMAGES_RESOLUTION="160" WORDCNT="611"/>
				<Entity ENTITY_TYPE="Article" FIRST_TOC_ENTRY_ID="55" DEPTH_LEVEL="1" INDEX_IN_DOC="55" PAGE_NO="7" NAME="TRADING STAMPS WORK" ID="Ar00706" HREF="/7/Ar00706" SIZE="Small" IMAGES_RESOLUTION="160" WORDCNT="67"/>
			</Page>
			<Page PAGE_NO="8" NAME="" PAGE_LABEL="8" ID="Pg008" PAGE_TYPE="Single" PAGE_WIDTH="879" PAGE_HEIGHT="1255" CROP_BOX="0 0 878 1254" MEDIA_BOX="0 0 878 1254" HREF="/8/Pg008" TOTAL_CHARS_COUNT="7821" SUSPICIOUS_CHARS_COUNT="0">
				<Entity ENTITY_TYPE="Picture" FIRST_TOC_ENTRY_ID="59" DEPTH_LEVEL="2" INDEX_IN_DOC="59" PAGE_NO="8" NAME="Untitled Picture" ID="Pc00800" HREF="/8/Pc00800" SIZE="Medium" EMBEDDED_INTO="Ar00801" EMBEDDED_AFTER="Ar0080100" IMAGES_RESOLUTION="160" WORDCNT="0"/>
				<Entity ENTITY_TYPE="Article" FIRST_TOC_ENTRY_ID="58" DEPTH_LEVEL="1" INDEX_IN_DOC="58" PAGE_NO="8" NAME="' Scummies' Scrub" ID="Ar00801" HREF="/8/Ar00801" SIZE="Small" IMAGES_RESOLUTION="160" WORDCNT="51"/>
				<Entity ENTITY_TYPE="Article" FIRST_TOC_ENTRY_ID="60" DEPTH_LEVEL="1" INDEX_IN_DOC="60" PAGE_NO="8" NAME="Card Pushers' Seeking Cover" ID="Ar00802" HREF="/8/Ar00802" SIZE="Large" IMAGES_RESOLUTION="160" WORDCNT="477"/>
				<Entity ENTITY_TYPE="Article" FIRST_TOC_ENTRY_ID="61" DEPTH_LEVEL="1" INDEX_IN_DOC="61" PAGE_NO="8" NAME="Preservation of Meats Studied by Biochemists" ID="Ar00803" HREF="/8/Ar00803" SIZE="Large" IMAGES_RESOLUTION="160" WORDCNT="680"/>
				<Entity ENTITY_TYPE="Article" FIRST_TOC_ENTRY_ID="62" DEPTH_LEVEL="1" INDEX_IN_DOC="62" PAGE_NO="8" NAME="Off Beat" ID="Ar00804" HREF="/8/Ar00804" SIZE="Medium" IMAGES_RESOLUTION="160" WORDCNT="315"/>
				<Entity ENTITY_TYPE="Article" FIRST_TOC_ENTRY_ID="63" DEPTH_LEVEL="1" INDEX_IN_DOC="63" PAGE_NO="8" NAME="Buckeye Bond Will Perform At Evonsfon" ID="Ar00805" HREF="/8/Ar00805" SIZE="Small" IMAGES_RESOLUTION="160" WORDCNT="159"/>
				<Entity ENTITY_TYPE="Ad" FIRST_TOC_ENTRY_ID="64" DEPTH_LEVEL="1" INDEX_IN_DOC="64" PAGE_NO="8" NAME="Untitled Ad" ID="Ad00806" HREF="/8/Ad00806" SIZE="Large" IMAGES_RESOLUTION="160" WORDCNT="87"/>
			</Page>
		</Section>
	</Body_np>
	<Logic_np><TOC_Entries><TOC_Entry TOC_ENTRY_ID="1" TITLE="SPOT CARDS TO MATCH ANYTHING � There are..." ENTITY_ID_REF="Ar00102" PAGE_NO="1" PAGE_LABEL="1" PRIM_ID_REF="Ar0010200" IS_IC="true"><TOC_Entry TOC_ENTRY_ID="2" TITLE="" ENTITY_ID_REF="Pc00101" PAGE_NO="1" PAGE_LABEL="1" PRIM_ID_REF="Pc0010100" IS_IC="true"/></TOC_Entry><TOC_Entry TOC_ENTRY_ID="3" TITLE="Series Opens Tonight With deSeversky" ENTITY_ID_REF="Ar00110" PAGE_NO="1" PAGE_LABEL="1" PRIM_ID_REF="Ar0011000" IS_IC="true"><TOC_Entry TOC_ENTRY_ID="4" TITLE="" ENTITY_ID_REF="Pc00105" PAGE_NO="1" PAGE_LABEL="1" PRIM_ID_REF="Pc0010500" IS_IC="true"/></TOC_Entry><TOC_Entry TOC_ENTRY_ID="5" TITLE="Horizon Hopefuls Audition Tonight" ENTITY_ID_REF="Ar00109" PAGE_NO="1" PAGE_LABEL="1" PRIM_ID_REF="Ar0010900" IS_IC="true"/><TOC_Entry TOC_ENTRY_ID="6" TITLE="Vets Praised For Good Record On House Lo..." ENTITY_ID_REF="Ar00104" PAGE_NO="1" PAGE_LABEL="1" PRIM_ID_REF="Ar0010400" IS_IC="true"/><TOC_Entry TOC_ENTRY_ID="7" TITLE="Oxford Men Debate Over WOSU-TV" ENTITY_ID_REF="Ar00103" PAGE_NO="1" PAGE_LABEL="1" PRIM_ID_REF="Ar0010300" IS_IC="true"/><TOC_Entry TOC_ENTRY_ID="8" TITLE="Fair and cool today, high 56" ENTITY_ID_REF="Ar00106" PAGE_NO="1" PAGE_LABEL="1" PRIM_ID_REF="Ar0010600" IS_IC="true"><TOC_Entry TOC_ENTRY_ID="9" TITLE="" ENTITY_ID_REF="Pc00107" PAGE_NO="1" PAGE_LABEL="1" PRIM_ID_REF="Pc0010700" IS_IC="true"/></TOC_Entry><TOC_Entry TOC_ENTRY_ID="10" TITLE="Spot Card Pushers Lie Low Here" ENTITY_ID_REF="Ar00100" PAGE_NO="1" PAGE_LABEL="1" PRIM_ID_REF="Ar0010000" IS_IC="true"/><TOC_Entry TOC_ENTRY_ID="11" TITLE="/ j|5 (ttjjuTstate 2 ffot&amp;wm*m &quot;'' || j ..." ENTITY_ID_REF="Ar00108" PAGE_NO="1" PAGE_LABEL="1" PRIM_ID_REF="Ar0010800" IS_IC="true"/><TOC_Entry TOC_ENTRY_ID="12" TITLE="More Light" ENTITY_ID_REF="Ar00200" PAGE_NO="2" PAGE_LABEL="2" PRIM_ID_REF="Ar0020000" IS_IC="true"/><TOC_Entry TOC_ENTRY_ID="13" TITLE="Vote" ENTITY_ID_REF="Ar00201" PAGE_NO="2" PAGE_LABEL="2" PRIM_ID_REF="Ar0020100" IS_IC="true"/><TOC_Entry TOC_ENTRY_ID="14" TITLE="Radio Freedom" ENTITY_ID_REF="Ar00202" PAGE_NO="2" PAGE_LABEL="2" PRIM_ID_REF="Ar0020200" IS_IC="true"/><TOC_Entry TOC_ENTRY_ID="15" TITLE="The Faculty Speaks" ENTITY_ID_REF="Ar00203" PAGE_NO="2" PAGE_LABEL="2" PRIM_ID_REF="Ar0020300" IS_IC="true"><TOC_Entry TOC_ENTRY_ID="16" TITLE="" ENTITY_ID_REF="Pc00204" PAGE_NO="2" PAGE_LABEL="2" PRIM_ID_REF="Pc0020400" IS_IC="true"/></TOC_Entry><TOC_Entry TOC_ENTRY_ID="17" TITLE="Prof. Blasts At Lantern" ENTITY_ID_REF="Ar00205" PAGE_NO="2" PAGE_LABEL="2" PRIM_ID_REF="Ar0020500" IS_IC="true"/><TOC_Entry TOC_ENTRY_ID="18" TITLE="OhJjoSbdtsL TftoAmnq LANTERN STAFF Manag..." ENTITY_ID_REF="Ar00206" PAGE_NO="2" PAGE_LABEL="2" PRIM_ID_REF="Ar0020600" IS_IC="true"/><TOC_Entry TOC_ENTRY_ID="19" TITLE="'Men Just Can't Take It/ Says Aide of La..." ENTITY_ID_REF="Ar00300" PAGE_NO="3" PAGE_LABEL="3" PRIM_ID_REF="Ar0030000" IS_IC="true"/><TOC_Entry TOC_ENTRY_ID="20" TITLE="Highway Built for Buggies" ENTITY_ID_REF="Ar00301" PAGE_NO="3" PAGE_LABEL="3" PRIM_ID_REF="Ar0030100" IS_IC="true"/><TOC_Entry TOC_ENTRY_ID="21" TITLE="COFFEE WITH POETRY" ENTITY_ID_REF="Ar00302" PAGE_NO="3" PAGE_LABEL="3" PRIM_ID_REF="Ar0030200" IS_IC="true"/><TOC_Entry TOC_ENTRY_ID="22" TITLE="Itchy Noses Bother Pilots" ENTITY_ID_REF="Ar00303" PAGE_NO="3" PAGE_LABEL="3" PRIM_ID_REF="Ar0030300" IS_IC="true"/><TOC_Entry TOC_ENTRY_ID="23" TITLE="Veterinary Group To Hold Meeting" ENTITY_ID_REF="Ar00304" PAGE_NO="3" PAGE_LABEL="3" PRIM_ID_REF="Ar0030400" IS_IC="true"/><TOC_Entry TOC_ENTRY_ID="24" TITLE="Insect Plague Possible In '59" ENTITY_ID_REF="Ar00305" PAGE_NO="3" PAGE_LABEL="3" PRIM_ID_REF="Ar0030500" IS_IC="true"/><TOC_Entry TOC_ENTRY_ID="25" TITLE="'Rainmaker 1 Matinee Show Is Scheduled" ENTITY_ID_REF="Ar00306" PAGE_NO="3" PAGE_LABEL="3" PRIM_ID_REF="Ar0030600" IS_IC="true"/><TOC_Entry TOC_ENTRY_ID="26" TITLE="Trade Clubs To Convene" ENTITY_ID_REF="Ar00307" PAGE_NO="3" PAGE_LABEL="3" PRIM_ID_REF="Ar0030700" IS_IC="true"/><TOC_Entry TOC_ENTRY_ID="27" TITLE="" ENTITY_ID_REF="Ad00308" PAGE_NO="3" PAGE_LABEL="3" PRIM_ID_REF="Ad0030801" IS_IC="true"/><TOC_Entry TOC_ENTRY_ID="28" TITLE="Gommon Sense, Good Grooming Are Musts Fo..." ENTITY_ID_REF="Ar00401" PAGE_NO="4" PAGE_LABEL="4" PRIM_ID_REF="Ar0040100" IS_IC="true"><TOC_Entry TOC_ENTRY_ID="29" TITLE="" ENTITY_ID_REF="Pc00400" PAGE_NO="4" PAGE_LABEL="4" PRIM_ID_REF="Pc0040000" IS_IC="true"/><TOC_Entry TOC_ENTRY_ID="30" TITLE="" ENTITY_ID_REF="Pc00403" PAGE_NO="4" PAGE_LABEL="4" PRIM_ID_REF="Pc0040300" IS_IC="true"/></TOC_Entry><TOC_Entry TOC_ENTRY_ID="31" TITLE="Use New Light Colors" ENTITY_ID_REF="Ar00408" PAGE_NO="4" PAGE_LABEL="4" PRIM_ID_REF="Ar0040800" IS_IC="true"/><TOC_Entry TOC_ENTRY_ID="32" TITLE="" ENTITY_ID_REF="Ad00402" PAGE_NO="4" PAGE_LABEL="4" PRIM_ID_REF="Ad0040207" IS_IC="true"/><TOC_Entry TOC_ENTRY_ID="33" TITLE="Mother Goose Triumphs" ENTITY_ID_REF="Ar00407" PAGE_NO="4" PAGE_LABEL="4" PRIM_ID_REF="Ar0040700" IS_IC="true"/><TOC_Entry TOC_ENTRY_ID="34" TITLE="1 Once Over Lightly" ENTITY_ID_REF="Ar00404" PAGE_NO="4" PAGE_LABEL="4" PRIM_ID_REF="Ar0040400" IS_IC="true"><TOC_Entry TOC_ENTRY_ID="35" TITLE="" ENTITY_ID_REF="Pc00405" PAGE_NO="4" PAGE_LABEL="4" PRIM_ID_REF="Pc0040500" IS_IC="true"/></TOC_Entry><TOC_Entry TOC_ENTRY_ID="36" TITLE="" ENTITY_ID_REF="Ad00409" PAGE_NO="4" PAGE_LABEL="4" PRIM_ID_REF="Ad0040901" IS_IC="true"/><TOC_Entry TOC_ENTRY_ID="37" TITLE="" ENTITY_ID_REF="Ad00406" PAGE_NO="4" PAGE_LABEL="4" PRIM_ID_REF="Ad0040610" IS_IC="true"/><TOC_Entry TOC_ENTRY_ID="38" TITLE="Homecoming Award To ... ?" ENTITY_ID_REF="Ar00501" PAGE_NO="5" PAGE_LABEL="5" PRIM_ID_REF="Ar0050100" IS_IC="true"><TOC_Entry TOC_ENTRY_ID="39" TITLE="" ENTITY_ID_REF="Pc00505" PAGE_NO="5" PAGE_LABEL="5" PRIM_ID_REF="Pc0050500" IS_IC="true"/></TOC_Entry><TOC_Entry TOC_ENTRY_ID="40" TITLE="SAE To Award Grid Trophy" ENTITY_ID_REF="Ar00504" PAGE_NO="5" PAGE_LABEL="5" PRIM_ID_REF="Ar0050400" IS_IC="true"/><TOC_Entry TOC_ENTRY_ID="41" TITLE="" ENTITY_ID_REF="Ad00506" PAGE_NO="5" PAGE_LABEL="5" PRIM_ID_REF="Ad0050601" IS_IC="true"/><TOC_Entry TOC_ENTRY_ID="42" TITLE="NW Set To Face Buckeye Invasion" ENTITY_ID_REF="Ar00502" PAGE_NO="5" PAGE_LABEL="5" PRIM_ID_REF="Ar0050200" IS_IC="true"/><TOC_Entry TOC_ENTRY_ID="43" TITLE="White Jumps To 6th Place" ENTITY_ID_REF="Ar00503" PAGE_NO="5" PAGE_LABEL="5" PRIM_ID_REF="Ar0050300" IS_IC="true"/><TOC_Entry TOC_ENTRY_ID="44" TITLE="" ENTITY_ID_REF="Ad00500" PAGE_NO="5" PAGE_LABEL="5" PRIM_ID_REF="Ad0050001" IS_IC="true"/><TOC_Entry TOC_ENTRY_ID="45" TITLE="TODAY ON CAMPUS OHIO STATE OFFICIAL BULL..." ENTITY_ID_REF="Ar00601" PAGE_NO="6" PAGE_LABEL="6" PRIM_ID_REF="Ar0060100" IS_IC="true"/><TOC_Entry TOC_ENTRY_ID="46" TITLE="AM 820 Kilocycles FM 89.7 Megacycles THU..." ENTITY_ID_REF="Ar00603" PAGE_NO="6" PAGE_LABEL="6" PRIM_ID_REF="Ar0060300" IS_IC="true"><TOC_Entry TOC_ENTRY_ID="47" TITLE="" ENTITY_ID_REF="Pc00604" PAGE_NO="6" PAGE_LABEL="6" PRIM_ID_REF="Pc0060400" IS_IC="true"/></TOC_Entry><TOC_Entry TOC_ENTRY_ID="48" TITLE="(}LnJkM$i&amp;diL RATES Regular Classified *..." ENTITY_ID_REF="Ar00602" PAGE_NO="6" PAGE_LABEL="6" PRIM_ID_REF="Ar0060200" IS_IC="true"/><TOC_Entry TOC_ENTRY_ID="49" TITLE="" ENTITY_ID_REF="Ad00605" PAGE_NO="6" PAGE_LABEL="6" PRIM_ID_REF="Ad0060501" IS_IC="true"/><TOC_Entry TOC_ENTRY_ID="50" TITLE="" ENTITY_ID_REF="Ad00600" PAGE_NO="6" PAGE_LABEL="6" PRIM_ID_REF="Ad0060008" IS_IC="true"/><TOC_Entry TOC_ENTRY_ID="51" TITLE="Campus Comment" ENTITY_ID_REF="Ar00700" PAGE_NO="7" PAGE_LABEL="7" PRIM_ID_REF="Ar0070000" IS_IC="true"/><TOC_Entry TOC_ENTRY_ID="52" TITLE="Mirror of the Campus" ENTITY_ID_REF="Ar00701" PAGE_NO="7" PAGE_LABEL="7" PRIM_ID_REF="Ar0070100" IS_IC="true"/><TOC_Entry TOC_ENTRY_ID="53" TITLE="File Petition Now For Yule Program" ENTITY_ID_REF="Ar00702" PAGE_NO="7" PAGE_LABEL="7" PRIM_ID_REF="Ar0070200" IS_IC="true"/><TOC_Entry TOC_ENTRY_ID="54" TITLE="Dulles, Ohio State Professor, Is Nationa..." ENTITY_ID_REF="Ar00703" PAGE_NO="7" PAGE_LABEL="7" PRIM_ID_REF="Ar0070300" IS_IC="true"/><TOC_Entry TOC_ENTRY_ID="55" TITLE="TRADING STAMPS WORK" ENTITY_ID_REF="Ar00706" PAGE_NO="7" PAGE_LABEL="7" PRIM_ID_REF="Ar0070600" IS_IC="true"/><TOC_Entry TOC_ENTRY_ID="56" TITLE="Faculty Plans Family Night" ENTITY_ID_REF="Ar00704" PAGE_NO="7" PAGE_LABEL="7" PRIM_ID_REF="Ar0070400" IS_IC="true"/><TOC_Entry TOC_ENTRY_ID="57" TITLE="" ENTITY_ID_REF="Ad00705" PAGE_NO="7" PAGE_LABEL="7" PRIM_ID_REF="Ad0070501" IS_IC="true"/><TOC_Entry TOC_ENTRY_ID="58" TITLE="' Scummies' Scrub" ENTITY_ID_REF="Ar00801" PAGE_NO="8" PAGE_LABEL="8" PRIM_ID_REF="Ar0080100" IS_IC="true"><TOC_Entry TOC_ENTRY_ID="59" TITLE="" ENTITY_ID_REF="Pc00800" PAGE_NO="8" PAGE_LABEL="8" PRIM_ID_REF="Pc0080000" IS_IC="true"/></TOC_Entry><TOC_Entry TOC_ENTRY_ID="60" TITLE="Card Pushers' Seeking Cover" ENTITY_ID_REF="Ar00802" PAGE_NO="8" PAGE_LABEL="8" PRIM_ID_REF="Ar0080200" IS_IC="true"/><TOC_Entry TOC_ENTRY_ID="61" TITLE="Preservation of Meats Studied by Biochem..." ENTITY_ID_REF="Ar00803" PAGE_NO="8" PAGE_LABEL="8" PRIM_ID_REF="Ar0080300" IS_IC="true"/><TOC_Entry TOC_ENTRY_ID="62" TITLE="Off Beat" ENTITY_ID_REF="Ar00804" PAGE_NO="8" PAGE_LABEL="8" PRIM_ID_REF="Ar0080400" IS_IC="true"/><TOC_Entry TOC_ENTRY_ID="63" TITLE="Buckeye Bond Will Perform At Evonsfon" ENTITY_ID_REF="Ar00805" PAGE_NO="8" PAGE_LABEL="8" PRIM_ID_REF="Ar0080500" IS_IC="true"/><TOC_Entry TOC_ENTRY_ID="64" TITLE="" ENTITY_ID_REF="Ad00806" PAGE_NO="8" PAGE_LABEL="8" PRIM_ID_REF="Ad0080606" IS_IC="true"/></TOC_Entries></Logic_np></Xmd_toc>
