<?xml version="1.0" encoding="windows-1252" standalone="no"?>
<Xmd_toc REPOSITORY_FORMAT="1.0" PRXML_VER="2.2" PUBLICATION="OHI" PUBLICATION_DESCRIPTION="" ISSUE_DATE="20/10/1958" RELEASE_NO="060-OHI-1958-10-20-001-SINGLE-LANTERN_VOL-78_JUN26-JUN8_OCT_105" LANGUAGE="English">
	<Head_np>
		<Meta PAGES_NUMBER="8" SOURCE_TYPE="TIFF" SOURCE_RESOLUTION="72" IMAGES_RESOLUTION="160" PAGE_THUMBNAIL_RESOLUTION="72" PAGE_PREVIEW_RESOLUTION="15" DEFAULT_IMG_EXT="png" DEFAULT_PREVIEW_IMG_EXT="png" BASE_HREF="OHI/1958/10/20" PDF_DESTINATION_MAPPED="OLV0_Page_0001" TITLE_SNP_EXT="png" AD_SNP_EXT="png" IMAGE_SNP_EXT="jpg" MULTI_LAYER_PAGE_IMG="false" IS_SOLID="false" DOC_DATE="20/10/1958" DOC_UID="OHI_20/10/1958" DOC_VER="1" OCR_CONFIDENCE="1.000" TOTAL_CHARS_COUNT="45925" SUSPICIOUS_CHARS_COUNT="0">
			<Publisher XMD_VER="2.6.241.4" ACROBAT_VER="7.08" PUBLISHER="Olive" PROFILE_ID="W:\Batch\Profile\OHI-1958-10-20.ini">
				<PublishDate>Tue, 24 May 2011 14:50:44 UTC</PublishDate>
				<PublishSWFCompatible>false</PublishSWFCompatible>
			</Publisher>
			<Resolutions>
				<Resolution DEFAULT="true">72</Resolution>
			</Resolutions>
		</Meta>
		<Link SOURCE="060-OHI-1958-10-20-001-SINGLE-LANTERN_VOL-78_JUN26-JUN8_OCT_105.pdf"/>
		<DataFiles>
			<Files TYPE="DOC_PDF" PRESENT="1"/>
			<Files TYPE="PAGE_PDF" PRESENT="0"/>
			<Files TYPE="DOC_IMG" PRESENT="0"/>
			<Files TYPE="PAGE_IMG" PRESENT="0"/>
			<Files TYPE="PAGE_VIEW_IMG" PRESENT="1"/>
			<Files TYPE="PAGE_PREVIEW_IMG" PRESENT="1"/>
			<Files TYPE="PRIMITIVE_IMG" PRESENT="1"/>
			<Files TYPE="SNIPPET_IMG" PRESENT="1"/>
			<Files TYPE="SEGMENTATION" PRESENT="0"/>
		</DataFiles><Application_Data/></Head_np>
	<Body_np>
		<Section NAME="Front page">
			<Page PAGE_NO="1" NAME="" PAGE_LABEL="1" ID="Pg001" PAGE_TYPE="Single" PAGE_WIDTH="871" PAGE_HEIGHT="1244" CROP_BOX="0 0 870 1243" MEDIA_BOX="0 0 870 1243" HREF="/1/Pg001" TOTAL_CHARS_COUNT="5962" SUSPICIOUS_CHARS_COUNT="0">
				<Entity ENTITY_TYPE="Article" FIRST_TOC_ENTRY_ID="1" DEPTH_LEVEL="1" INDEX_IN_DOC="1" PAGE_NO="1" NAME="Chaos in the Wake of White . . . JXSTo" ID="Ar00100" HREF="/1/Ar00100" SIZE="Small" IMAGES_RESOLUTION="160" WORDCNT="23"/>
				<Entity ENTITY_TYPE="Picture" FIRST_TOC_ENTRY_ID="2" DEPTH_LEVEL="2" INDEX_IN_DOC="2" PAGE_NO="1" NAME="Untitled Picture" ID="Pc00101" HREF="/1/Pc00101" SIZE="Large" EMBEDDED_INTO="Ar00100" EMBEDDED_AFTER="Ar0010000" IMAGES_RESOLUTION="160" WORDCNT="0"/>
				<Entity ENTITY_TYPE="Article" FIRST_TOC_ENTRY_ID="3" DEPTH_LEVEL="1" INDEX_IN_DOC="3" PAGE_NO="1" NAME="Staters Mark 25th Birthday" ID="Ar00102" HREF="/1/Ar00102" SIZE="Small" IMAGES_RESOLUTION="160" WORDCNT="88"/>
				<Entity ENTITY_TYPE="Article" FIRST_TOC_ENTRY_ID="4" DEPTH_LEVEL="1" INDEX_IN_DOC="4" PAGE_NO="1" NAME="Scholarships Are Offered" ID="Ar00103" HREF="/1/Ar00103" SIZE="Small" IMAGES_RESOLUTION="160" WORDCNT="235"/>
				<Entity ENTITY_TYPE="Picture" FIRST_TOC_ENTRY_ID="6" DEPTH_LEVEL="2" INDEX_IN_DOC="6" PAGE_NO="1" NAME="Untitled Picture" ID="Pc00104" HREF="/1/Pc00104" SIZE="Small" EMBEDDED_INTO="Ar00111" EMBEDDED_AFTER="Ar0011100" IMAGES_RESOLUTION="160" WORDCNT="0"/>
				<Entity ENTITY_TYPE="Article" FIRST_TOC_ENTRY_ID="8" DEPTH_LEVEL="1" INDEX_IN_DOC="8" PAGE_NO="1" NAME="Ford Is Chairman Of '58 Dad's Day" ID="Ar00105" HREF="/1/Ar00105" SIZE="Small" IMAGES_RESOLUTION="160" WORDCNT="135"/>
				<Entity ENTITY_TYPE="Article" FIRST_TOC_ENTRY_ID="9" DEPTH_LEVEL="1" INDEX_IN_DOC="9" PAGE_NO="1" NAME="German Author At 2 p.m. Seminar" ID="Ar00106" HREF="/1/Ar00106" SIZE="Small" IMAGES_RESOLUTION="160" WORDCNT="198"/>
				<Entity ENTITY_TYPE="Article" FIRST_TOC_ENTRY_ID="11" DEPTH_LEVEL="1" INDEX_IN_DOC="11" PAGE_NO="1" NAME="Rated Tops! Makio Orders Taken Now" ID="Ar00107" HREF="/1/Ar00107" SIZE="Medium" IMAGES_RESOLUTION="160" WORDCNT="221"/>
				<Entity ENTITY_TYPE="Article" FIRST_TOC_ENTRY_ID="12" DEPTH_LEVEL="1" INDEX_IN_DOC="12" PAGE_NO="1" NAME="Small Houses Lack Pledges" ID="Ar00108" HREF="/1/Ar00108" SIZE="Medium" IMAGES_RESOLUTION="160" WORDCNT="229"/>
				<Entity ENTITY_TYPE="Article" FIRST_TOC_ENTRY_ID="13" DEPTH_LEVEL="1" INDEX_IN_DOC="13" PAGE_NO="1" NAME="Stadium Official Dies During Game" ID="Ar00109" HREF="/1/Ar00109" SIZE="Small" IMAGES_RESOLUTION="160" WORDCNT="152"/>
				<Entity ENTITY_TYPE="Article" FIRST_TOC_ENTRY_ID="10" DEPTH_LEVEL="1" INDEX_IN_DOC="10" PAGE_NO="1" NAME="Untitled Article" ID="Ar00110" HREF="/1/Ar00110" SIZE="Small" IMAGES_RESOLUTION="160" WORDCNT="15"/>
				<Entity ENTITY_TYPE="Article" FIRST_TOC_ENTRY_ID="5" DEPTH_LEVEL="1" INDEX_IN_DOC="5" PAGE_NO="1" NAME="Untitled Article" ID="Ar00111" HREF="/1/Ar00111" SIZE="Small" IMAGES_RESOLUTION="160" WORDCNT="40"/>
				<Entity ENTITY_TYPE="Article" FIRST_TOC_ENTRY_ID="7" DEPTH_LEVEL="1" INDEX_IN_DOC="7" PAGE_NO="1" NAME="WSGA NEEDS NEW GIRL" ID="Ar00112" HREF="/1/Ar00112" SIZE="Small" IMAGES_RESOLUTION="160" WORDCNT="81"/>
			</Page>
		</Section>
		<Section NAME="None">
			<Page PAGE_NO="2" NAME="" PAGE_LABEL="2" ID="Pg002" PAGE_TYPE="Single" PAGE_WIDTH="876" PAGE_HEIGHT="1249" CROP_BOX="0 0 875 1248" MEDIA_BOX="0 0 875 1248" HREF="/2/Pg002" TOTAL_CHARS_COUNT="9442" SUSPICIOUS_CHARS_COUNT="0">
				<Entity ENTITY_TYPE="Article" FIRST_TOC_ENTRY_ID="14" DEPTH_LEVEL="1" INDEX_IN_DOC="14" PAGE_NO="2" NAME="Students, Analyst View Right-to-Work Law" ID="Ar00200" HREF="/2/Ar00200" SIZE="XLarge" IMAGES_RESOLUTION="160" WORDCNT="745"/>
				<Entity ENTITY_TYPE="Article" FIRST_TOC_ENTRY_ID="15" DEPTH_LEVEL="1" INDEX_IN_DOC="15" PAGE_NO="2" NAME="Spokesmen Appraise Right-to-work Laws" ID="Ar00201" HREF="/2/Ar00201" SIZE="Medium" IMAGES_RESOLUTION="160" WORDCNT="412"/>
				<Entity ENTITY_TYPE="Article" FIRST_TOC_ENTRY_ID="17" DEPTH_LEVEL="1" INDEX_IN_DOC="17" PAGE_NO="2" NAME="Untitled Article" ID="Ar00202" HREF="/2/Ar00202" SIZE="Small" IMAGES_RESOLUTION="160" WORDCNT="225"/>
				<Entity ENTITY_TYPE="Article" FIRST_TOC_ENTRY_ID="18" DEPTH_LEVEL="1" INDEX_IN_DOC="18" PAGE_NO="2" NAME="Reader Has Unfortunate Experiences With Unions" ID="Ar00203" HREF="/2/Ar00203" SIZE="Medium" IMAGES_RESOLUTION="160" WORDCNT="517"/>
				<Entity ENTITY_TYPE="Article" FIRST_TOC_ENTRY_ID="16" DEPTH_LEVEL="1" INDEX_IN_DOC="16" PAGE_NO="2" NAME="10 States Will Vote On Low" ID="Ar00204" HREF="/2/Ar00204" SIZE="Medium" IMAGES_RESOLUTION="160" WORDCNT="302"/>
			</Page>
			<Page PAGE_NO="3" NAME="" PAGE_LABEL="3" ID="Pg003" PAGE_TYPE="Single" PAGE_WIDTH="870" PAGE_HEIGHT="1242" CROP_BOX="0 0 869 1241" MEDIA_BOX="0 0 869 1241" HREF="/3/Pg003" TOTAL_CHARS_COUNT="7878" SUSPICIOUS_CHARS_COUNT="0">
				<Entity ENTITY_TYPE="Article" FIRST_TOC_ENTRY_ID="19" DEPTH_LEVEL="1" INDEX_IN_DOC="19" PAGE_NO="3" NAME="Choral Groups Set Schedule for Year" ID="Ar00300" HREF="/3/Ar00300" SIZE="Medium" IMAGES_RESOLUTION="160" WORDCNT="635"/>
				<Entity ENTITY_TYPE="Article" FIRST_TOC_ENTRY_ID="20" DEPTH_LEVEL="1" INDEX_IN_DOC="20" PAGE_NO="3" NAME="Anne Rickard Is Promoted" ID="Ar00301" HREF="/3/Ar00301" SIZE="Small" IMAGES_RESOLUTION="160" WORDCNT="144"/>
				<Entity ENTITY_TYPE="Article" FIRST_TOC_ENTRY_ID="22" DEPTH_LEVEL="1" INDEX_IN_DOC="22" PAGE_NO="3" NAME="Colleges Get Federal Aid For Students" ID="Ar00302" HREF="/3/Ar00302" SIZE="Medium" IMAGES_RESOLUTION="160" WORDCNT="232"/>
				<Entity ENTITY_TYPE="Article" FIRST_TOC_ENTRY_ID="23" DEPTH_LEVEL="1" INDEX_IN_DOC="23" PAGE_NO="3" NAME="Bands Hold Joint Party" ID="Ar00303" HREF="/3/Ar00303" SIZE="Small" IMAGES_RESOLUTION="160" WORDCNT="63"/>
				<Entity ENTITY_TYPE="Article" FIRST_TOC_ENTRY_ID="25" DEPTH_LEVEL="1" INDEX_IN_DOC="25" PAGE_NO="3" NAME="Applications For NROTC Are Available" ID="Ar00304" HREF="/3/Ar00304" SIZE="Small" IMAGES_RESOLUTION="160" WORDCNT="160"/>
				<Entity ENTITY_TYPE="Article" FIRST_TOC_ENTRY_ID="27" DEPTH_LEVEL="1" INDEX_IN_DOC="27" PAGE_NO="3" NAME="ACTIVITIES MAN" ID="Ar00305" HREF="/3/Ar00305" SIZE="Small" IMAGES_RESOLUTION="160" WORDCNT="121"/>
				<Entity ENTITY_TYPE="Picture" FIRST_TOC_ENTRY_ID="28" DEPTH_LEVEL="2" INDEX_IN_DOC="28" PAGE_NO="3" NAME="Untitled Picture" ID="Pc00306" HREF="/3/Pc00306" SIZE="Small" EMBEDDED_INTO="Ar00305" EMBEDDED_AFTER="Ar0030501" IMAGES_RESOLUTION="160" WORDCNT="0"/>
				<Entity ENTITY_TYPE="Article" FIRST_TOC_ENTRY_ID="29" DEPTH_LEVEL="1" INDEX_IN_DOC="29" PAGE_NO="3" NAME="WOSU-TV To Air Series On Survival" ID="Ar00307" HREF="/3/Ar00307" SIZE="Small" IMAGES_RESOLUTION="160" WORDCNT="164"/>
				<Entity ENTITY_TYPE="Ad" FIRST_TOC_ENTRY_ID="30" DEPTH_LEVEL="1" INDEX_IN_DOC="30" PAGE_NO="3" NAME="Untitled Ad" ID="Ad00308" HREF="/3/Ad00308" SIZE="Small" IMAGES_RESOLUTION="160" WORDCNT="113"/>
				<Entity ENTITY_TYPE="Article" FIRST_TOC_ENTRY_ID="21" DEPTH_LEVEL="1" INDEX_IN_DOC="21" PAGE_NO="3" NAME="A DOG'S LIFE" ID="Ar00309" HREF="/3/Ar00309" SIZE="Small" IMAGES_RESOLUTION="160" WORDCNT="99"/>
				<Entity ENTITY_TYPE="Article" FIRST_TOC_ENTRY_ID="24" DEPTH_LEVEL="1" INDEX_IN_DOC="24" PAGE_NO="3" NAME="BEATING JACK FROST" ID="Ar00310" HREF="/3/Ar00310" SIZE="Small" IMAGES_RESOLUTION="160" WORDCNT="63"/>
				<Entity ENTITY_TYPE="Ad" FIRST_TOC_ENTRY_ID="31" DEPTH_LEVEL="1" INDEX_IN_DOC="31" PAGE_NO="3" NAME="Untitled Ad" ID="Ad00311" HREF="/3/Ad00311" SIZE="Large" IMAGES_RESOLUTION="160" WORDCNT="223"/>
				<Entity ENTITY_TYPE="Article" FIRST_TOC_ENTRY_ID="26" DEPTH_LEVEL="1" INDEX_IN_DOC="26" PAGE_NO="3" NAME="German Club Program Set" ID="Ar00312" HREF="/3/Ar00312" SIZE="Small" IMAGES_RESOLUTION="160" WORDCNT="118"/>
			</Page>
			<Page PAGE_NO="4" NAME="" PAGE_LABEL="4" ID="Pg004" PAGE_TYPE="Single" PAGE_WIDTH="872" PAGE_HEIGHT="1245" CROP_BOX="0 0 871 1244" MEDIA_BOX="0 0 871 1244" HREF="/4/Pg004" TOTAL_CHARS_COUNT="3186" SUSPICIOUS_CHARS_COUNT="0">
				<Entity ENTITY_TYPE="Article" FIRST_TOC_ENTRY_ID="32" DEPTH_LEVEL="1" INDEX_IN_DOC="32" PAGE_NO="4" NAME="One Foot-The Hard Way" ID="Ar00400" HREF="/4/Ar00400" SIZE="Small" IMAGES_RESOLUTION="160" WORDCNT="57"/>
				<Entity ENTITY_TYPE="Article" FIRST_TOC_ENTRY_ID="36" DEPTH_LEVEL="1" INDEX_IN_DOC="36" PAGE_NO="4" NAME="We Beat Indiana; Hayes Scores Too" ID="Ar00401" HREF="/4/Ar00401" SIZE="Large" IMAGES_RESOLUTION="160" WORDCNT="600"/>
				<Entity ENTITY_TYPE="Article" FIRST_TOC_ENTRY_ID="40" DEPTH_LEVEL="1" INDEX_IN_DOC="40" PAGE_NO="4" NAME="Fifth TD" ID="Ar00402" HREF="/4/Ar00402" SIZE="Small" IMAGES_RESOLUTION="160" WORDCNT="27"/>
				<Entity ENTITY_TYPE="Picture" FIRST_TOC_ENTRY_ID="34" DEPTH_LEVEL="2" INDEX_IN_DOC="34" PAGE_NO="4" NAME="Untitled Picture" ID="Pc00403" HREF="/4/Pc00403" SIZE="Large" EMBEDDED_INTO="Ar00409" EMBEDDED_AFTER="Ar0040900" IMAGES_RESOLUTION="160" WORDCNT="0"/>
				<Entity ENTITY_TYPE="Picture" FIRST_TOC_ENTRY_ID="38" DEPTH_LEVEL="2" INDEX_IN_DOC="38" PAGE_NO="4" NAME="Untitled Picture" ID="Pc00404" HREF="/4/Pc00404" SIZE="Large" EMBEDDED_INTO="Ar00408" EMBEDDED_AFTER="Ar0040801" IMAGES_RESOLUTION="160" WORDCNT="0"/>
				<Entity ENTITY_TYPE="Picture" FIRST_TOC_ENTRY_ID="41" DEPTH_LEVEL="2" INDEX_IN_DOC="41" PAGE_NO="4" NAME="Untitled Picture" ID="Pc00405" HREF="/4/Pc00405" SIZE="Small" EMBEDDED_INTO="Ar00402" EMBEDDED_AFTER="Ar0040201" IMAGES_RESOLUTION="160" WORDCNT="0"/>
				<Entity ENTITY_TYPE="Article" FIRST_TOC_ENTRY_ID="39" DEPTH_LEVEL="1" INDEX_IN_DOC="39" PAGE_NO="4" NAME="Untitled Article" ID="Ar00406" HREF="/4/Ar00406" SIZE="Small" IMAGES_RESOLUTION="160" WORDCNT="10"/>
				<Entity ENTITY_TYPE="Picture" FIRST_TOC_ENTRY_ID="35" DEPTH_LEVEL="2" INDEX_IN_DOC="35" PAGE_NO="4" NAME="Untitled Picture" ID="Pc00407" HREF="/4/Pc00407" SIZE="Large" EMBEDDED_INTO="Ar00409" EMBEDDED_AFTER="Ar0040901" IMAGES_RESOLUTION="160" WORDCNT="0"/>
				<Entity ENTITY_TYPE="Article" FIRST_TOC_ENTRY_ID="37" DEPTH_LEVEL="1" INDEX_IN_DOC="37" PAGE_NO="4" NAME="Day s Longest Run" ID="Ar00408" HREF="/4/Ar00408" SIZE="Small" IMAGES_RESOLUTION="160" WORDCNT="96"/>
				<Entity ENTITY_TYPE="Article" FIRST_TOC_ENTRY_ID="33" DEPTH_LEVEL="1" INDEX_IN_DOC="33" PAGE_NO="4" NAME="LeBeau Stops One" ID="Ar00409" HREF="/4/Ar00409" SIZE="Small" IMAGES_RESOLUTION="160" WORDCNT="27"/>
			</Page>
			<Page PAGE_NO="5" NAME="" PAGE_LABEL="5" ID="Pg005" PAGE_TYPE="Single" PAGE_WIDTH="871" PAGE_HEIGHT="1240" CROP_BOX="0 0 870 1239" MEDIA_BOX="0 0 870 1239" HREF="/5/Pg005" TOTAL_CHARS_COUNT="3404" SUSPICIOUS_CHARS_COUNT="0">
				<Entity ENTITY_TYPE="Ad" FIRST_TOC_ENTRY_ID="55" DEPTH_LEVEL="1" INDEX_IN_DOC="55" PAGE_NO="5" NAME="Untitled Ad" ID="Ad00500" HREF="/5/Ad00500" SIZE="Medium" IMAGES_RESOLUTION="160" WORDCNT="67"/>
				<Entity ENTITY_TYPE="Ad" FIRST_TOC_ENTRY_ID="53" DEPTH_LEVEL="1" INDEX_IN_DOC="53" PAGE_NO="5" NAME="Untitled Ad" ID="Ad00501" HREF="/5/Ad00501" SIZE="Medium" IMAGES_RESOLUTION="160" WORDCNT="58"/>
				<Entity ENTITY_TYPE="Article" FIRST_TOC_ENTRY_ID="44" DEPTH_LEVEL="1" INDEX_IN_DOC="44" PAGE_NO="5" NAME="White Goes Up And Over" ID="Ar00502" HREF="/5/Ar00502" SIZE="Small" IMAGES_RESOLUTION="160" WORDCNT="51"/>
				<Entity ENTITY_TYPE="Article" FIRST_TOC_ENTRY_ID="46" DEPTH_LEVEL="1" INDEX_IN_DOC="46" PAGE_NO="5" NAME="Victory Not Always Sweet: Bowermaster Out for Good" ID="Ar00503" HREF="/5/Ar00503" SIZE="Medium" IMAGES_RESOLUTION="160" WORDCNT="293"/>
				<Entity ENTITY_TYPE="Article" FIRST_TOC_ENTRY_ID="51" DEPTH_LEVEL="1" INDEX_IN_DOC="51" PAGE_NO="5" NAME="Oops!" ID="Ar00504" HREF="/5/Ar00504" SIZE="Small" IMAGES_RESOLUTION="160" WORDCNT="35"/>
				<Entity ENTITY_TYPE="Article" FIRST_TOC_ENTRY_ID="47" DEPTH_LEVEL="1" INDEX_IN_DOC="47" PAGE_NO="5" NAME="Rusty's Ankle Broken in Two Places" ID="Ar00505" HREF="/5/Ar00505" SIZE="Small" IMAGES_RESOLUTION="160" WORDCNT="187"/>
				<Entity ENTITY_TYPE="Article" FIRST_TOC_ENTRY_ID="48" DEPTH_LEVEL="1" INDEX_IN_DOC="48" PAGE_NO="5" NAME="Exit With Cheers" ID="Ar00506" HREF="/5/Ar00506" SIZE="Small" IMAGES_RESOLUTION="160" WORDCNT="31"/>
				<Entity ENTITY_TYPE="Article" FIRST_TOC_ENTRY_ID="50" DEPTH_LEVEL="1" INDEX_IN_DOC="50" PAGE_NO="5" NAME="Oberlin Tops Ohio State Soccer Team" ID="Ar00507" HREF="/5/Ar00507" SIZE="Small" IMAGES_RESOLUTION="160" WORDCNT="152"/>
				<Entity ENTITY_TYPE="Article" FIRST_TOC_ENTRY_ID="42" DEPTH_LEVEL="1" INDEX_IN_DOC="42" PAGE_NO="5" NAME="Happy For One TD!" ID="Ar00508" HREF="/5/Ar00508" SIZE="Small" IMAGES_RESOLUTION="160" WORDCNT="58"/>
				<Entity ENTITY_TYPE="Picture" FIRST_TOC_ENTRY_ID="45" DEPTH_LEVEL="2" INDEX_IN_DOC="45" PAGE_NO="5" NAME="Untitled Picture" ID="Pc00509" HREF="/5/Pc00509" SIZE="Large" EMBEDDED_INTO="Ar00502" EMBEDDED_AFTER="Ar0050201" IMAGES_RESOLUTION="160" WORDCNT="0"/>
				<Entity ENTITY_TYPE="Picture" FIRST_TOC_ENTRY_ID="52" DEPTH_LEVEL="2" INDEX_IN_DOC="52" PAGE_NO="5" NAME="Untitled Picture" ID="Pc00510" HREF="/5/Pc00510" SIZE="Small" EMBEDDED_INTO="Ar00504" EMBEDDED_AFTER="Ar0050401" IMAGES_RESOLUTION="160" WORDCNT="0"/>
				<Entity ENTITY_TYPE="Picture" FIRST_TOC_ENTRY_ID="49" DEPTH_LEVEL="2" INDEX_IN_DOC="49" PAGE_NO="5" NAME="Untitled Picture" ID="Pc00511" HREF="/5/Pc00511" SIZE="Medium" EMBEDDED_INTO="Ar00506" IMAGES_RESOLUTION="160" WORDCNT="0"/>
				<Entity ENTITY_TYPE="Picture" FIRST_TOC_ENTRY_ID="43" DEPTH_LEVEL="2" INDEX_IN_DOC="43" PAGE_NO="5" NAME="Untitled Picture" ID="Pc00512" HREF="/5/Pc00512" SIZE="Medium" EMBEDDED_INTO="Ar00508" EMBEDDED_AFTER="Ar0050801" IMAGES_RESOLUTION="160" WORDCNT="0"/>
				<Entity ENTITY_TYPE="Article" FIRST_TOC_ENTRY_ID="54" DEPTH_LEVEL="1" INDEX_IN_DOC="54" PAGE_NO="5" NAME="Untitled Article" ID="Ar00513" HREF="/5/Ar00513" SIZE="Small" IMAGES_RESOLUTION="160" WORDCNT="3"/>
			</Page>
			<Page PAGE_NO="6" NAME="" PAGE_LABEL="6" ID="Pg006" PAGE_TYPE="Single" PAGE_WIDTH="871" PAGE_HEIGHT="1246" CROP_BOX="0 0 870 1245" MEDIA_BOX="0 0 870 1245" HREF="/6/Pg006" TOTAL_CHARS_COUNT="7351" SUSPICIOUS_CHARS_COUNT="0">
				<Entity ENTITY_TYPE="Article" FIRST_TOC_ENTRY_ID="56" DEPTH_LEVEL="1" INDEX_IN_DOC="56" PAGE_NO="6" NAME="Untitled Article" ID="Ar00600" HREF="/6/Ar00600" SIZE="Large" IMAGES_RESOLUTION="160" WORDCNT="1777"/>
				<Entity ENTITY_TYPE="Article" FIRST_TOC_ENTRY_ID="57" DEPTH_LEVEL="1" INDEX_IN_DOC="57" PAGE_NO="6" NAME="SCHOLARS ACCEPTED" ID="Ar00601" HREF="/6/Ar00601" SIZE="Small" IMAGES_RESOLUTION="160" WORDCNT="56"/>
				<Entity ENTITY_TYPE="Article" FIRST_TOC_ENTRY_ID="59" DEPTH_LEVEL="1" INDEX_IN_DOC="59" PAGE_NO="6" NAME="Grad Stars on Ice" ID="Ar00602" HREF="/6/Ar00602" SIZE="Small" IMAGES_RESOLUTION="160" WORDCNT="74"/>
				<Entity ENTITY_TYPE="Picture" FIRST_TOC_ENTRY_ID="60" DEPTH_LEVEL="2" INDEX_IN_DOC="60" PAGE_NO="6" NAME="Untitled Picture" ID="Pc00603" HREF="/6/Pc00603" SIZE="Medium" EMBEDDED_INTO="Ar00602" EMBEDDED_AFTER="Ar0060201" IMAGES_RESOLUTION="160" WORDCNT="0"/>
				<Entity ENTITY_TYPE="Picture" FIRST_TOC_ENTRY_ID="61" DEPTH_LEVEL="1" INDEX_IN_DOC="61" PAGE_NO="6" NAME="Untitled Picture" ID="Pc00604" HREF="/6/Pc00604" SIZE="Small" IMAGES_RESOLUTION="160" WORDCNT="0"/>
				<Entity ENTITY_TYPE="Article" FIRST_TOC_ENTRY_ID="62" DEPTH_LEVEL="1" INDEX_IN_DOC="62" PAGE_NO="6" NAME="Untitled Article" ID="Ar00605" HREF="/6/Ar00605" SIZE="Small" IMAGES_RESOLUTION="160" WORDCNT="215"/>
				<Entity ENTITY_TYPE="Ad" FIRST_TOC_ENTRY_ID="63" DEPTH_LEVEL="1" INDEX_IN_DOC="63" PAGE_NO="6" NAME="Untitled Ad" ID="Ad00606" HREF="/6/Ad00606" SIZE="Large" IMAGES_RESOLUTION="160" WORDCNT="996"/>
				<Entity ENTITY_TYPE="Ad" FIRST_TOC_ENTRY_ID="58" DEPTH_LEVEL="1" INDEX_IN_DOC="58" PAGE_NO="6" NAME="Untitled Ad" ID="Ad00607" HREF="/6/Ad00607" SIZE="Small" IMAGES_RESOLUTION="160" WORDCNT="94"/>
			</Page>
			<Page PAGE_NO="7" NAME="" PAGE_LABEL="7" ID="Pg007" PAGE_TYPE="Single" PAGE_WIDTH="874" PAGE_HEIGHT="1248" CROP_BOX="0 0 873 1247" MEDIA_BOX="0 0 873 1247" HREF="/7/Pg007" TOTAL_CHARS_COUNT="4930" SUSPICIOUS_CHARS_COUNT="0">
				<Entity ENTITY_TYPE="Ad" FIRST_TOC_ENTRY_ID="66" DEPTH_LEVEL="1" INDEX_IN_DOC="66" PAGE_NO="7" NAME="Untitled Ad" ID="Ad00700" HREF="/7/Ad00700" SIZE="Large" IMAGES_RESOLUTION="160" WORDCNT="420"/>
				<Entity ENTITY_TYPE="Article" FIRST_TOC_ENTRY_ID="69" DEPTH_LEVEL="1" INDEX_IN_DOC="69" PAGE_NO="7" NAME="Untitled Article" ID="Ar00701" HREF="/7/Ar00701" SIZE="Small" IMAGES_RESOLUTION="160" WORDCNT="192"/>
				<Entity ENTITY_TYPE="Article" FIRST_TOC_ENTRY_ID="64" DEPTH_LEVEL="1" INDEX_IN_DOC="64" PAGE_NO="7" NAME="Sports Vary Widely Prom Land to Land" ID="Ar00702" HREF="/7/Ar00702" SIZE="Medium" IMAGES_RESOLUTION="160" WORDCNT="318"/>
				<Entity ENTITY_TYPE="Article" FIRST_TOC_ENTRY_ID="65" DEPTH_LEVEL="1" INDEX_IN_DOC="65" PAGE_NO="7" NAME="Mirror of the Campus" ID="Ar00703" HREF="/7/Ar00703" SIZE="Small" IMAGES_RESOLUTION="160" WORDCNT="204"/>
				<Entity ENTITY_TYPE="Article" FIRST_TOC_ENTRY_ID="67" DEPTH_LEVEL="1" INDEX_IN_DOC="67" PAGE_NO="7" NAME="Organization Begins Sale" ID="Ar00704" HREF="/7/Ar00704" SIZE="Small" IMAGES_RESOLUTION="160" WORDCNT="63"/>
				<Entity ENTITY_TYPE="Ad" FIRST_TOC_ENTRY_ID="71" DEPTH_LEVEL="1" INDEX_IN_DOC="71" PAGE_NO="7" NAME="Untitled Ad" ID="Ad00705" HREF="/7/Ad00705" SIZE="XLarge" IMAGES_RESOLUTION="160" WORDCNT="69"/>
				<Entity ENTITY_TYPE="Ad" FIRST_TOC_ENTRY_ID="68" DEPTH_LEVEL="1" INDEX_IN_DOC="68" PAGE_NO="7" NAME="Untitled Ad" ID="Ad00706" HREF="/7/Ad00706" SIZE="Small" IMAGES_RESOLUTION="160" WORDCNT="137"/>
				<Entity ENTITY_TYPE="Article" FIRST_TOC_ENTRY_ID="70" DEPTH_LEVEL="1" INDEX_IN_DOC="70" PAGE_NO="7" NAME="Untitled Article" ID="Ar00707" HREF="/7/Ar00707" SIZE="Small" IMAGES_RESOLUTION="160" WORDCNT="258"/>
			</Page>
			<Page PAGE_NO="8" NAME="" PAGE_LABEL="8" ID="Pg008" PAGE_TYPE="Single" PAGE_WIDTH="876" PAGE_HEIGHT="1249" CROP_BOX="0 0 875 1248" MEDIA_BOX="0 0 875 1248" HREF="/8/Pg008" TOTAL_CHARS_COUNT="3772" SUSPICIOUS_CHARS_COUNT="0">
				<Entity ENTITY_TYPE="Article" FIRST_TOC_ENTRY_ID="72" DEPTH_LEVEL="1" INDEX_IN_DOC="72" PAGE_NO="8" NAME="Student Still Cherishes Visit With Pope" ID="Ar00800" HREF="/8/Ar00800" SIZE="Large" IMAGES_RESOLUTION="160" WORDCNT="764"/>
				<Entity ENTITY_TYPE="Ad" FIRST_TOC_ENTRY_ID="73" DEPTH_LEVEL="1" INDEX_IN_DOC="73" PAGE_NO="8" NAME="Untitled Ad" ID="Ad00801" HREF="/8/Ad00801" SIZE="Medium" IMAGES_RESOLUTION="160" WORDCNT="253"/>
				<Entity ENTITY_TYPE="Ad" FIRST_TOC_ENTRY_ID="74" DEPTH_LEVEL="1" INDEX_IN_DOC="74" PAGE_NO="8" NAME="Untitled Ad" ID="Ad00802" HREF="/8/Ad00802" SIZE="Small" IMAGES_RESOLUTION="160" WORDCNT="58"/>
				<Entity ENTITY_TYPE="Ad" FIRST_TOC_ENTRY_ID="75" DEPTH_LEVEL="1" INDEX_IN_DOC="75" PAGE_NO="8" NAME="Untitled Ad" ID="Ad00803" HREF="/8/Ad00803" SIZE="XLarge" IMAGES_RESOLUTION="160" WORDCNT="119"/>
			</Page>
		</Section>
	</Body_np>
	<Logic_np><TOC_Entries><TOC_Entry TOC_ENTRY_ID="1" TITLE="Chaos in the Wake of White . . . JXSTo" ENTITY_ID_REF="Ar00100" PAGE_NO="1" PAGE_LABEL="1" PRIM_ID_REF="Ar0010000" IS_IC="true"><TOC_Entry TOC_ENTRY_ID="2" TITLE="" ENTITY_ID_REF="Pc00101" PAGE_NO="1" PAGE_LABEL="1" PRIM_ID_REF="Pc0010100" IS_IC="true"/></TOC_Entry><TOC_Entry TOC_ENTRY_ID="3" TITLE="Staters Mark 25th Birthday" ENTITY_ID_REF="Ar00102" PAGE_NO="1" PAGE_LABEL="1" PRIM_ID_REF="Ar0010200" IS_IC="true"/><TOC_Entry TOC_ENTRY_ID="4" TITLE="Scholarships Are Offered" ENTITY_ID_REF="Ar00103" PAGE_NO="1" PAGE_LABEL="1" PRIM_ID_REF="Ar0010300" IS_IC="true"/><TOC_Entry TOC_ENTRY_ID="5" TITLE="OSCAR THOMAS, left, a founder of Ohio St..." ENTITY_ID_REF="Ar00111" PAGE_NO="1" PAGE_LABEL="1" PRIM_ID_REF="Ar0011100" IS_IC="true"><TOC_Entry TOC_ENTRY_ID="6" TITLE="" ENTITY_ID_REF="Pc00104" PAGE_NO="1" PAGE_LABEL="1" PRIM_ID_REF="Pc0010400" IS_IC="true"/></TOC_Entry><TOC_Entry TOC_ENTRY_ID="7" TITLE="WSGA NEEDS NEW GIRL" ENTITY_ID_REF="Ar00112" PAGE_NO="1" PAGE_LABEL="1" PRIM_ID_REF="Ar0011200" IS_IC="true"/><TOC_Entry TOC_ENTRY_ID="8" TITLE="Ford Is Chairman Of '58 Dad's Day" ENTITY_ID_REF="Ar00105" PAGE_NO="1" PAGE_LABEL="1" PRIM_ID_REF="Ar0010500" IS_IC="true"/><TOC_Entry TOC_ENTRY_ID="9" TITLE="German Author At 2 p.m. Seminar" ENTITY_ID_REF="Ar00106" PAGE_NO="1" PAGE_LABEL="1" PRIM_ID_REF="Ar0010600" IS_IC="true"/><TOC_Entry TOC_ENTRY_ID="10" TITLE="THE WEATHER Warmer with a high of 74. Tu..." ENTITY_ID_REF="Ar00110" PAGE_NO="1" PAGE_LABEL="1" PRIM_ID_REF="Ar0011000" IS_IC="true"/><TOC_Entry TOC_ENTRY_ID="11" TITLE="Rated Tops! Makio Orders Taken Now" ENTITY_ID_REF="Ar00107" PAGE_NO="1" PAGE_LABEL="1" PRIM_ID_REF="Ar0010700" IS_IC="true"/><TOC_Entry TOC_ENTRY_ID="12" TITLE="Small Houses Lack Pledges" ENTITY_ID_REF="Ar00108" PAGE_NO="1" PAGE_LABEL="1" PRIM_ID_REF="Ar0010800" IS_IC="true"/><TOC_Entry TOC_ENTRY_ID="13" TITLE="Stadium Official Dies During Game" ENTITY_ID_REF="Ar00109" PAGE_NO="1" PAGE_LABEL="1" PRIM_ID_REF="Ar0010900" IS_IC="true"/><TOC_Entry TOC_ENTRY_ID="14" TITLE="Students, Analyst View Right-to-Work Law" ENTITY_ID_REF="Ar00200" PAGE_NO="2" PAGE_LABEL="2" PRIM_ID_REF="Ar0020000" IS_IC="true"/><TOC_Entry TOC_ENTRY_ID="15" TITLE="Spokesmen Appraise Right-to-work Laws" ENTITY_ID_REF="Ar00201" PAGE_NO="2" PAGE_LABEL="2" PRIM_ID_REF="Ar0020100" IS_IC="true"/><TOC_Entry TOC_ENTRY_ID="16" TITLE="10 States Will Vote On Low" ENTITY_ID_REF="Ar00204" PAGE_NO="2" PAGE_LABEL="2" PRIM_ID_REF="Ar0020400" IS_IC="true"/><TOC_Entry TOC_ENTRY_ID="17" TITLE="JI ML Ohio SicdiL... LANTERN STAFF Manag..." ENTITY_ID_REF="Ar00202" PAGE_NO="2" PAGE_LABEL="2" PRIM_ID_REF="Ar0020200" IS_IC="true"/><TOC_Entry TOC_ENTRY_ID="18" TITLE="Reader Has Unfortunate Experiences With ..." ENTITY_ID_REF="Ar00203" PAGE_NO="2" PAGE_LABEL="2" PRIM_ID_REF="Ar0020300" IS_IC="true"/><TOC_Entry TOC_ENTRY_ID="19" TITLE="Choral Groups Set Schedule for Year" ENTITY_ID_REF="Ar00300" PAGE_NO="3" PAGE_LABEL="3" PRIM_ID_REF="Ar0030000" IS_IC="true"/><TOC_Entry TOC_ENTRY_ID="20" TITLE="Anne Rickard Is Promoted" ENTITY_ID_REF="Ar00301" PAGE_NO="3" PAGE_LABEL="3" PRIM_ID_REF="Ar0030100" IS_IC="true"/><TOC_Entry TOC_ENTRY_ID="21" TITLE="A DOG'S LIFE" ENTITY_ID_REF="Ar00309" PAGE_NO="3" PAGE_LABEL="3" PRIM_ID_REF="Ar0030900" IS_IC="true"/><TOC_Entry TOC_ENTRY_ID="22" TITLE="Colleges Get Federal Aid For Students" ENTITY_ID_REF="Ar00302" PAGE_NO="3" PAGE_LABEL="3" PRIM_ID_REF="Ar0030200" IS_IC="true"/><TOC_Entry TOC_ENTRY_ID="23" TITLE="Bands Hold Joint Party" ENTITY_ID_REF="Ar00303" PAGE_NO="3" PAGE_LABEL="3" PRIM_ID_REF="Ar0030300" IS_IC="true"/><TOC_Entry TOC_ENTRY_ID="24" TITLE="BEATING JACK FROST" ENTITY_ID_REF="Ar00310" PAGE_NO="3" PAGE_LABEL="3" PRIM_ID_REF="Ar0031000" IS_IC="true"/><TOC_Entry TOC_ENTRY_ID="25" TITLE="Applications For NROTC Are Available" ENTITY_ID_REF="Ar00304" PAGE_NO="3" PAGE_LABEL="3" PRIM_ID_REF="Ar0030400" IS_IC="true"/><TOC_Entry TOC_ENTRY_ID="26" TITLE="German Club Program Set" ENTITY_ID_REF="Ar00312" PAGE_NO="3" PAGE_LABEL="3" PRIM_ID_REF="Ar0031200" IS_IC="true"/><TOC_Entry TOC_ENTRY_ID="27" TITLE="ACTIVITIES MAN" ENTITY_ID_REF="Ar00305" PAGE_NO="3" PAGE_LABEL="3" PRIM_ID_REF="Ar0030500" IS_IC="true"><TOC_Entry TOC_ENTRY_ID="28" TITLE="" ENTITY_ID_REF="Pc00306" PAGE_NO="3" PAGE_LABEL="3" PRIM_ID_REF="Pc0030600" IS_IC="true"/></TOC_Entry><TOC_Entry TOC_ENTRY_ID="29" TITLE="WOSU-TV To Air Series On Survival" ENTITY_ID_REF="Ar00307" PAGE_NO="3" PAGE_LABEL="3" PRIM_ID_REF="Ar0030700" IS_IC="true"/><TOC_Entry TOC_ENTRY_ID="30" TITLE="" ENTITY_ID_REF="Ad00308" PAGE_NO="3" PAGE_LABEL="3" PRIM_ID_REF="Ad0030807" IS_IC="true"/><TOC_Entry TOC_ENTRY_ID="31" TITLE="" ENTITY_ID_REF="Ad00311" PAGE_NO="3" PAGE_LABEL="3" PRIM_ID_REF="Ad0031101" IS_IC="true"/><TOC_Entry TOC_ENTRY_ID="32" TITLE="One Foot-The Hard Way" ENTITY_ID_REF="Ar00400" PAGE_NO="4" PAGE_LABEL="4" PRIM_ID_REF="Ar0040000" IS_IC="true"/><TOC_Entry TOC_ENTRY_ID="33" TITLE="LeBeau Stops One" ENTITY_ID_REF="Ar00409" PAGE_NO="4" PAGE_LABEL="4" PRIM_ID_REF="Ar0040900" IS_IC="true"><TOC_Entry TOC_ENTRY_ID="34" TITLE="" ENTITY_ID_REF="Pc00403" PAGE_NO="4" PAGE_LABEL="4" PRIM_ID_REF="Pc0040300" IS_IC="true"/><TOC_Entry TOC_ENTRY_ID="35" TITLE="" ENTITY_ID_REF="Pc00407" PAGE_NO="4" PAGE_LABEL="4" PRIM_ID_REF="Pc0040700" IS_IC="true"/></TOC_Entry><TOC_Entry TOC_ENTRY_ID="36" TITLE="We Beat Indiana; Hayes Scores Too" ENTITY_ID_REF="Ar00401" PAGE_NO="4" PAGE_LABEL="4" PRIM_ID_REF="Ar0040100" IS_IC="true"/><TOC_Entry TOC_ENTRY_ID="37" TITLE="Day s Longest Run" ENTITY_ID_REF="Ar00408" PAGE_NO="4" PAGE_LABEL="4" PRIM_ID_REF="Ar0040800" IS_IC="true"><TOC_Entry TOC_ENTRY_ID="38" TITLE="" ENTITY_ID_REF="Pc00404" PAGE_NO="4" PAGE_LABEL="4" PRIM_ID_REF="Pc0040400" IS_IC="true"/></TOC_Entry><TOC_Entry TOC_ENTRY_ID="39" TITLE="Photos by JOHN ORAVEC LOU COPITS TOM CAL..." ENTITY_ID_REF="Ar00406" PAGE_NO="4" PAGE_LABEL="4" PRIM_ID_REF="Ar0040600" IS_IC="true"/><TOC_Entry TOC_ENTRY_ID="40" TITLE="Fifth TD" ENTITY_ID_REF="Ar00402" PAGE_NO="4" PAGE_LABEL="4" PRIM_ID_REF="Ar0040200" IS_IC="true"><TOC_Entry TOC_ENTRY_ID="41" TITLE="" ENTITY_ID_REF="Pc00405" PAGE_NO="4" PAGE_LABEL="4" PRIM_ID_REF="Pc0040500" IS_IC="true"/></TOC_Entry><TOC_Entry TOC_ENTRY_ID="42" TITLE="Happy For One TD!" ENTITY_ID_REF="Ar00508" PAGE_NO="5" PAGE_LABEL="5" PRIM_ID_REF="Ar0050800" IS_IC="true"><TOC_Entry TOC_ENTRY_ID="43" TITLE="" ENTITY_ID_REF="Pc00512" PAGE_NO="5" PAGE_LABEL="5" PRIM_ID_REF="Pc0051200" IS_IC="true"/></TOC_Entry><TOC_Entry TOC_ENTRY_ID="44" TITLE="White Goes Up And Over" ENTITY_ID_REF="Ar00502" PAGE_NO="5" PAGE_LABEL="5" PRIM_ID_REF="Ar0050200" IS_IC="true"><TOC_Entry TOC_ENTRY_ID="45" TITLE="" ENTITY_ID_REF="Pc00509" PAGE_NO="5" PAGE_LABEL="5" PRIM_ID_REF="Pc0050900" IS_IC="true"/></TOC_Entry><TOC_Entry TOC_ENTRY_ID="46" TITLE="Victory Not Always Sweet: Bowermaster Ou..." ENTITY_ID_REF="Ar00503" PAGE_NO="5" PAGE_LABEL="5" PRIM_ID_REF="Ar0050300" IS_IC="true"/><TOC_Entry TOC_ENTRY_ID="47" TITLE="Rusty's Ankle Broken in Two Places" ENTITY_ID_REF="Ar00505" PAGE_NO="5" PAGE_LABEL="5" PRIM_ID_REF="Ar0050500" IS_IC="true"/><TOC_Entry TOC_ENTRY_ID="48" TITLE="Exit With Cheers" ENTITY_ID_REF="Ar00506" PAGE_NO="5" PAGE_LABEL="5" PRIM_ID_REF="Ar0050600" IS_IC="true"><TOC_Entry TOC_ENTRY_ID="49" TITLE="" ENTITY_ID_REF="Pc00511" PAGE_NO="5" PAGE_LABEL="5" PRIM_ID_REF="Pc0051100" IS_IC="true"/></TOC_Entry><TOC_Entry TOC_ENTRY_ID="50" TITLE="Oberlin Tops Ohio State Soccer Team" ENTITY_ID_REF="Ar00507" PAGE_NO="5" PAGE_LABEL="5" PRIM_ID_REF="Ar0050700" IS_IC="true"/><TOC_Entry TOC_ENTRY_ID="51" TITLE="Oops!" ENTITY_ID_REF="Ar00504" PAGE_NO="5" PAGE_LABEL="5" PRIM_ID_REF="Ar0050400" IS_IC="true"><TOC_Entry TOC_ENTRY_ID="52" TITLE="" ENTITY_ID_REF="Pc00510" PAGE_NO="5" PAGE_LABEL="5" PRIM_ID_REF="Pc0051000" IS_IC="true"/></TOC_Entry><TOC_Entry TOC_ENTRY_ID="53" TITLE="" ENTITY_ID_REF="Ad00501" PAGE_NO="5" PAGE_LABEL="5" PRIM_ID_REF="Ad0050108" IS_IC="true"/><TOC_Entry TOC_ENTRY_ID="54" TITLE="Patronize Our Advertisers." ENTITY_ID_REF="Ar00513" PAGE_NO="5" PAGE_LABEL="5" PRIM_ID_REF="Ar0051300" IS_IC="true"/><TOC_Entry TOC_ENTRY_ID="55" TITLE="" ENTITY_ID_REF="Ad00500" PAGE_NO="5" PAGE_LABEL="5" PRIM_ID_REF="Ad0050005" IS_IC="true"/><TOC_Entry TOC_ENTRY_ID="56" TITLE="OFFICIAL BULLETIN THE OHIO STATE UNIVERS..." ENTITY_ID_REF="Ar00600" PAGE_NO="6" PAGE_LABEL="6" PRIM_ID_REF="Ar0060000" IS_IC="true"/><TOC_Entry TOC_ENTRY_ID="57" TITLE="SCHOLARS ACCEPTED" ENTITY_ID_REF="Ar00601" PAGE_NO="6" PAGE_LABEL="6" PRIM_ID_REF="Ar0060100" IS_IC="true"/><TOC_Entry TOC_ENTRY_ID="58" TITLE="" ENTITY_ID_REF="Ad00607" PAGE_NO="6" PAGE_LABEL="6" PRIM_ID_REF="Ad0060701" IS_IC="true"/><TOC_Entry TOC_ENTRY_ID="59" TITLE="Grad Stars on Ice" ENTITY_ID_REF="Ar00602" PAGE_NO="6" PAGE_LABEL="6" PRIM_ID_REF="Ar0060200" IS_IC="true"><TOC_Entry TOC_ENTRY_ID="60" TITLE="" ENTITY_ID_REF="Pc00603" PAGE_NO="6" PAGE_LABEL="6" PRIM_ID_REF="Pc0060300" IS_IC="true"/></TOC_Entry><TOC_Entry TOC_ENTRY_ID="61" TITLE="" ENTITY_ID_REF="Pc00604" PAGE_NO="6" PAGE_LABEL="6" PRIM_ID_REF="Pc0060400" IS_IC="true"/><TOC_Entry TOC_ENTRY_ID="62" TITLE="AM 820 Kilocycles FM 89.7 Megacycles MON..." ENTITY_ID_REF="Ar00605" PAGE_NO="6" PAGE_LABEL="6" PRIM_ID_REF="Ar0060500" IS_IC="true"/><TOC_Entry TOC_ENTRY_ID="63" TITLE="" ENTITY_ID_REF="Ad00606" PAGE_NO="6" PAGE_LABEL="6" PRIM_ID_REF="Ad0060601" IS_IC="true"/><TOC_Entry TOC_ENTRY_ID="64" TITLE="Sports Vary Widely Prom Land to Land" ENTITY_ID_REF="Ar00702" PAGE_NO="7" PAGE_LABEL="7" PRIM_ID_REF="Ar0070200" IS_IC="true"/><TOC_Entry TOC_ENTRY_ID="65" TITLE="Mirror of the Campus" ENTITY_ID_REF="Ar00703" PAGE_NO="7" PAGE_LABEL="7" PRIM_ID_REF="Ar0070300" IS_IC="true"/><TOC_Entry TOC_ENTRY_ID="66" TITLE="" ENTITY_ID_REF="Ad00700" PAGE_NO="7" PAGE_LABEL="7" PRIM_ID_REF="Ad0070017" IS_IC="true"/><TOC_Entry TOC_ENTRY_ID="67" TITLE="Organization Begins Sale" ENTITY_ID_REF="Ar00704" PAGE_NO="7" PAGE_LABEL="7" PRIM_ID_REF="Ar0070400" IS_IC="true"/><TOC_Entry TOC_ENTRY_ID="68" TITLE="" ENTITY_ID_REF="Ad00706" PAGE_NO="7" PAGE_LABEL="7" PRIM_ID_REF="Ad0070601" IS_IC="true"/><TOC_Entry TOC_ENTRY_ID="69" TITLE="tflciMjfi&amp;dSL, WANTED TWO OR THREE TICKE..." ENTITY_ID_REF="Ar00701" PAGE_NO="7" PAGE_LABEL="7" PRIM_ID_REF="Ar0070100" IS_IC="true"/><TOC_Entry TOC_ENTRY_ID="70" TITLE="FOR SALE 2 1 /ix3'/, Press Camera, fully..." ENTITY_ID_REF="Ar00707" PAGE_NO="7" PAGE_LABEL="7" PRIM_ID_REF="Ar0070700" IS_IC="true"/><TOC_Entry TOC_ENTRY_ID="71" TITLE="" ENTITY_ID_REF="Ad00705" PAGE_NO="7" PAGE_LABEL="7" PRIM_ID_REF="Ad0070501" IS_IC="true"/><TOC_Entry TOC_ENTRY_ID="72" TITLE="Student Still Cherishes Visit With Pope" ENTITY_ID_REF="Ar00800" PAGE_NO="8" PAGE_LABEL="8" PRIM_ID_REF="Ar0080000" IS_IC="true"/><TOC_Entry TOC_ENTRY_ID="73" TITLE="" ENTITY_ID_REF="Ad00801" PAGE_NO="8" PAGE_LABEL="8" PRIM_ID_REF="Ad0080113" IS_IC="true"/><TOC_Entry TOC_ENTRY_ID="74" TITLE="" ENTITY_ID_REF="Ad00802" PAGE_NO="8" PAGE_LABEL="8" PRIM_ID_REF="Ad0080209" IS_IC="true"/><TOC_Entry TOC_ENTRY_ID="75" TITLE="" ENTITY_ID_REF="Ad00803" PAGE_NO="8" PAGE_LABEL="8" PRIM_ID_REF="Ad0080301" IS_IC="true"/></TOC_Entries></Logic_np></Xmd_toc>
