<?xml version="1.0" encoding="windows-1252" standalone="no"?>
<Xmd_toc REPOSITORY_FORMAT="1.0" PRXML_VER="2.2" PUBLICATION="OHI" PUBLICATION_DESCRIPTION="" ISSUE_DATE="17/11/1958" RELEASE_NO="060-OHI-1958-11-17-001-SINGLE-LANTERN_VOL-78_JUN26-JUN8_NOV_073" LANGUAGE="English">
	<Head_np>
		<Meta PAGES_NUMBER="8" SOURCE_TYPE="TIFF" SOURCE_RESOLUTION="72" IMAGES_RESOLUTION="160" PAGE_THUMBNAIL_RESOLUTION="72" PAGE_PREVIEW_RESOLUTION="15" DEFAULT_IMG_EXT="png" DEFAULT_PREVIEW_IMG_EXT="png" BASE_HREF="OHI/1958/11/17" PDF_DESTINATION_MAPPED="OLV0_Page_0001" TITLE_SNP_EXT="png" AD_SNP_EXT="png" IMAGE_SNP_EXT="jpg" MULTI_LAYER_PAGE_IMG="false" IS_SOLID="false" DOC_DATE="17/11/1958" DOC_UID="OHI_17/11/1958" DOC_VER="1" OCR_CONFIDENCE="1.000" TOTAL_CHARS_COUNT="46927" SUSPICIOUS_CHARS_COUNT="0">
			<Publisher XMD_VER="2.6.241.4" ACROBAT_VER="7.08" PUBLISHER="Olive" PROFILE_ID="W:\Batch\Profile\OHI-1958-11-17.ini">
				<PublishDate>Tue, 24 May 2011 14:58:29 UTC</PublishDate>
				<PublishSWFCompatible>false</PublishSWFCompatible>
			</Publisher>
			<Resolutions>
				<Resolution DEFAULT="true">72</Resolution>
			</Resolutions>
		</Meta>
		<Link SOURCE="060-OHI-1958-11-17-001-SINGLE-LANTERN_VOL-78_JUN26-JUN8_NOV_073.pdf"/>
		<DataFiles>
			<Files TYPE="DOC_PDF" PRESENT="1"/>
			<Files TYPE="PAGE_PDF" PRESENT="0"/>
			<Files TYPE="DOC_IMG" PRESENT="0"/>
			<Files TYPE="PAGE_IMG" PRESENT="0"/>
			<Files TYPE="PAGE_VIEW_IMG" PRESENT="1"/>
			<Files TYPE="PAGE_PREVIEW_IMG" PRESENT="1"/>
			<Files TYPE="PRIMITIVE_IMG" PRESENT="1"/>
			<Files TYPE="SNIPPET_IMG" PRESENT="1"/>
			<Files TYPE="SEGMENTATION" PRESENT="0"/>
		</DataFiles><Application_Data/></Head_np>
	<Body_np>
		<Section NAME="Front page">
			<Page PAGE_NO="1" NAME="" PAGE_LABEL="1" ID="Pg001" PAGE_TYPE="Single" PAGE_WIDTH="863" PAGE_HEIGHT="1237" CROP_BOX="0 0 862 1236" MEDIA_BOX="0 0 862 1236" HREF="/1/Pg001" TOTAL_CHARS_COUNT="7454" SUSPICIOUS_CHARS_COUNT="0">
				<Entity ENTITY_TYPE="Article" FIRST_TOC_ENTRY_ID="4" DEPTH_LEVEL="1" INDEX_IN_DOC="4" PAGE_NO="1" NAME="High School Journalists Scoop OSU" ID="Ar00100" HREF="/1/Ar00100" SIZE="Medium" IMAGES_RESOLUTION="160" WORDCNT="290"/>
				<Entity ENTITY_TYPE="Article" FIRST_TOC_ENTRY_ID="5" DEPTH_LEVEL="1" INDEX_IN_DOC="5" PAGE_NO="1" NAME="White Christmas Chairmen Named" ID="Ar00101" HREF="/1/Ar00101" SIZE="Small" IMAGES_RESOLUTION="160" WORDCNT="144"/>
				<Entity ENTITY_TYPE="Picture" FIRST_TOC_ENTRY_ID="7" DEPTH_LEVEL="2" INDEX_IN_DOC="7" PAGE_NO="1" NAME="Untitled Picture" ID="Pc00102" HREF="/1/Pc00102" SIZE="Medium" EMBEDDED_INTO="Ar00103" EMBEDDED_AFTER="Ar0010301" IMAGES_RESOLUTION="160" WORDCNT="0"/>
				<Entity ENTITY_TYPE="Article" FIRST_TOC_ENTRY_ID="6" DEPTH_LEVEL="1" INDEX_IN_DOC="6" PAGE_NO="1" NAME="Elephants Are Belles At Fraternity Party" ID="Ar00103" HREF="/1/Ar00103" SIZE="Medium" IMAGES_RESOLUTION="160" WORDCNT="400"/>
				<Entity ENTITY_TYPE="Article" FIRST_TOC_ENTRY_ID="3" DEPTH_LEVEL="1" INDEX_IN_DOC="3" PAGE_NO="1" NAME="It's That Time Again ... MICHIGAN" ID="Ar00104" HREF="/1/Ar00104" SIZE="Large" IMAGES_RESOLUTION="160" WORDCNT="669"/>
				<Entity ENTITY_TYPE="Article" FIRST_TOC_ENTRY_ID="8" DEPTH_LEVEL="1" INDEX_IN_DOC="8" PAGE_NO="1" NAME="MODEL UN SET" ID="Ar00105" HREF="/1/Ar00105" SIZE="Small" IMAGES_RESOLUTION="160" WORDCNT="59"/>
				<Entity ENTITY_TYPE="Article" FIRST_TOC_ENTRY_ID="9" DEPTH_LEVEL="1" INDEX_IN_DOC="9" PAGE_NO="1" NAME="Karch Rites Set for Today" ID="Ar00106" HREF="/1/Ar00106" SIZE="Small" IMAGES_RESOLUTION="160" WORDCNT="187"/>
				<Entity ENTITY_TYPE="Article" FIRST_TOC_ENTRY_ID="1" DEPTH_LEVEL="1" INDEX_IN_DOC="1" PAGE_NO="1" NAME="Untitled Article" ID="Ar00107" HREF="/1/Ar00107" SIZE="Small" IMAGES_RESOLUTION="160" WORDCNT="12"/>
				<Entity ENTITY_TYPE="Picture" FIRST_TOC_ENTRY_ID="2" DEPTH_LEVEL="2" INDEX_IN_DOC="2" PAGE_NO="1" NAME="Untitled Picture" ID="Pc00108" HREF="/1/Pc00108" SIZE="Small" EMBEDDED_INTO="Ar00107" EMBEDDED_AFTER="Ar0010700" IMAGES_RESOLUTION="160" WORDCNT="0"/>
			</Page>
		</Section>
		<Section NAME="None">
			<Page PAGE_NO="2" NAME="" PAGE_LABEL="2" ID="Pg002" PAGE_TYPE="Single" PAGE_WIDTH="860" PAGE_HEIGHT="1243" CROP_BOX="0 0 859 1242" MEDIA_BOX="0 0 859 1242" HREF="/2/Pg002" TOTAL_CHARS_COUNT="8633" SUSPICIOUS_CHARS_COUNT="0">
				<Entity ENTITY_TYPE="Article" FIRST_TOC_ENTRY_ID="10" DEPTH_LEVEL="1" INDEX_IN_DOC="10" PAGE_NO="2" NAME="Dark Lamp" ID="Ar00200" HREF="/2/Ar00200" SIZE="Large" IMAGES_RESOLUTION="160" WORDCNT="445"/>
				<Entity ENTITY_TYPE="Article" FIRST_TOC_ENTRY_ID="11" DEPTH_LEVEL="1" INDEX_IN_DOC="11" PAGE_NO="2" NAME="Regret" ID="Ar00201" HREF="/2/Ar00201" SIZE="Medium" IMAGES_RESOLUTION="160" WORDCNT="296"/>
				<Entity ENTITY_TYPE="Article" FIRST_TOC_ENTRY_ID="12" DEPTH_LEVEL="1" INDEX_IN_DOC="12" PAGE_NO="2" NAME="U.S. Began Turbulent Relations With Red Russia 25 Years Ago" ID="Ar00202" HREF="/2/Ar00202" SIZE="Large" IMAGES_RESOLUTION="160" WORDCNT="669"/>
				<Entity ENTITY_TYPE="Article" FIRST_TOC_ENTRY_ID="16" DEPTH_LEVEL="1" INDEX_IN_DOC="16" PAGE_NO="2" NAME="ttmrrotiirM CAMPUS hYwctrmm" ID="Ar00203" HREF="/2/Ar00203" SIZE="Small" IMAGES_RESOLUTION="160" WORDCNT="33"/>
				<Entity ENTITY_TYPE="Picture" FIRST_TOC_ENTRY_ID="17" DEPTH_LEVEL="2" INDEX_IN_DOC="17" PAGE_NO="2" NAME="Untitled Picture" ID="Pc00204" HREF="/2/Pc00204" SIZE="Medium" EMBEDDED_INTO="Ar00203" EMBEDDED_AFTER="Ar0020300" IMAGES_RESOLUTION="160" WORDCNT="0"/>
				<Entity ENTITY_TYPE="Article" FIRST_TOC_ENTRY_ID="15" DEPTH_LEVEL="1" INDEX_IN_DOC="15" PAGE_NO="2" NAME="Editor's Mail Bag" ID="Ar00205" HREF="/2/Ar00205" SIZE="Medium" IMAGES_RESOLUTION="160" WORDCNT="235"/>
				<Entity ENTITY_TYPE="Article" FIRST_TOC_ENTRY_ID="13" DEPTH_LEVEL="1" INDEX_IN_DOC="13" PAGE_NO="2" NAME="Untitled Article" ID="Ar00206" HREF="/2/Ar00206" SIZE="Small" IMAGES_RESOLUTION="160" WORDCNT="226"/>
				<Entity ENTITY_TYPE="Article" FIRST_TOC_ENTRY_ID="14" DEPTH_LEVEL="1" INDEX_IN_DOC="14" PAGE_NO="2" NAME="DOLL HOUSE" ID="Ar00207" HREF="/2/Ar00207" SIZE="Small" IMAGES_RESOLUTION="160" WORDCNT="49"/>
			</Page>
			<Page PAGE_NO="3" NAME="" PAGE_LABEL="3" ID="Pg003" PAGE_TYPE="Single" PAGE_WIDTH="863" PAGE_HEIGHT="1234" CROP_BOX="0 0 862 1233" MEDIA_BOX="0 0 862 1233" HREF="/3/Pg003" TOTAL_CHARS_COUNT="109" SUSPICIOUS_CHARS_COUNT="0">
				<Entity ENTITY_TYPE="Ad" FIRST_TOC_ENTRY_ID="18" DEPTH_LEVEL="1" INDEX_IN_DOC="18" PAGE_NO="3" NAME="Untitled Ad" ID="Ad00300" HREF="/3/Ad00300" SIZE="XLarge" IMAGES_RESOLUTION="160" WORDCNT="77"/>
			</Page>
			<Page PAGE_NO="4" NAME="" PAGE_LABEL="4" ID="Pg004" PAGE_TYPE="Single" PAGE_WIDTH="875" PAGE_HEIGHT="1246" CROP_BOX="0 0 874 1245" MEDIA_BOX="0 0 874 1245" HREF="/4/Pg004" TOTAL_CHARS_COUNT="2994" SUSPICIOUS_CHARS_COUNT="0">
				<Entity ENTITY_TYPE="Article" FIRST_TOC_ENTRY_ID="19" DEPTH_LEVEL="1" INDEX_IN_DOC="19" PAGE_NO="4" NAME="Who Said Buckeyes Can't Score TD's^ -*&quot;" ID="Ar00400" HREF="/4/Ar00400" SIZE="Medium" IMAGES_RESOLUTION="160" WORDCNT="367"/>
				<Entity ENTITY_TYPE="Picture" FIRST_TOC_ENTRY_ID="20" DEPTH_LEVEL="2" INDEX_IN_DOC="20" PAGE_NO="4" NAME="Untitled Picture" ID="Pc00401" HREF="/4/Pc00401" SIZE="Medium" EMBEDDED_INTO="Ar00400" EMBEDDED_AFTER="Ar0040003" IMAGES_RESOLUTION="160" WORDCNT="0"/>
				<Entity ENTITY_TYPE="Ad" FIRST_TOC_ENTRY_ID="21" DEPTH_LEVEL="1" INDEX_IN_DOC="21" PAGE_NO="4" NAME="Untitled Ad" ID="Ad00402" HREF="/4/Ad00402" SIZE="Medium" IMAGES_RESOLUTION="160" WORDCNT="75"/>
				<Entity ENTITY_TYPE="Ad" FIRST_TOC_ENTRY_ID="22" DEPTH_LEVEL="1" INDEX_IN_DOC="22" PAGE_NO="4" NAME="Untitled Ad" ID="Ad00403" HREF="/4/Ad00403" SIZE="Medium" IMAGES_RESOLUTION="160" WORDCNT="161"/>
				<Entity ENTITY_TYPE="Article" FIRST_TOC_ENTRY_ID="23" DEPTH_LEVEL="1" INDEX_IN_DOC="23" PAGE_NO="4" NAME="Fans Mob Woody" ID="Ar00404" HREF="/4/Ar00404" SIZE="Medium" IMAGES_RESOLUTION="160" WORDCNT="217"/>
				<Entity ENTITY_TYPE="Ad" FIRST_TOC_ENTRY_ID="24" DEPTH_LEVEL="1" INDEX_IN_DOC="24" PAGE_NO="4" NAME="Untitled Ad" ID="Ad00405" HREF="/4/Ad00405" SIZE="Small" IMAGES_RESOLUTION="160" WORDCNT="135"/>
				<Entity ENTITY_TYPE="Ad" FIRST_TOC_ENTRY_ID="25" DEPTH_LEVEL="1" INDEX_IN_DOC="25" PAGE_NO="4" NAME="Untitled Ad" ID="Ad00406" HREF="/4/Ad00406" SIZE="XLarge" IMAGES_RESOLUTION="160" WORDCNT="447"/>
			</Page>
			<Page PAGE_NO="5" NAME="" PAGE_LABEL="5" ID="Pg005" PAGE_TYPE="Single" PAGE_WIDTH="862" PAGE_HEIGHT="1234" CROP_BOX="0 0 861 1233" MEDIA_BOX="0 0 861 1233" HREF="/5/Pg005" TOTAL_CHARS_COUNT="3552" SUSPICIOUS_CHARS_COUNT="0">
				<Entity ENTITY_TYPE="Article" FIRST_TOC_ENTRY_ID="26" DEPTH_LEVEL="1" INDEX_IN_DOC="26" PAGE_NO="5" NAME="Buck Soccer Team Upsets Dayton 2-1" ID="Ar00500" HREF="/5/Ar00500" SIZE="Medium" IMAGES_RESOLUTION="160" WORDCNT="402"/>
				<Entity ENTITY_TYPE="Article" FIRST_TOC_ENTRY_ID="27" DEPTH_LEVEL="1" INDEX_IN_DOC="27" PAGE_NO="5" NAME="Hayes, Evy Say 'Hello'" ID="Ar00501" HREF="/5/Ar00501" SIZE="Small" IMAGES_RESOLUTION="160" WORDCNT="72"/>
				<Entity ENTITY_TYPE="Ad" FIRST_TOC_ENTRY_ID="29" DEPTH_LEVEL="1" INDEX_IN_DOC="29" PAGE_NO="5" NAME="Untitled Ad" ID="Ad00502" HREF="/5/Ad00502" SIZE="Medium" IMAGES_RESOLUTION="160" WORDCNT="137"/>
				<Entity ENTITY_TYPE="Article" FIRST_TOC_ENTRY_ID="31" DEPTH_LEVEL="1" INDEX_IN_DOC="31" PAGE_NO="5" NAME="Iowa Wears ' Shiner" ID="Ar00503" HREF="/5/Ar00503" SIZE="Medium" IMAGES_RESOLUTION="160" WORDCNT="232"/>
				<Entity ENTITY_TYPE="Ad" FIRST_TOC_ENTRY_ID="33" DEPTH_LEVEL="1" INDEX_IN_DOC="33" PAGE_NO="5" NAME="Untitled Ad" ID="Ad00504" HREF="/5/Ad00504" SIZE="Large" IMAGES_RESOLUTION="160" WORDCNT="200"/>
				<Entity ENTITY_TYPE="Ad" FIRST_TOC_ENTRY_ID="32" DEPTH_LEVEL="1" INDEX_IN_DOC="32" PAGE_NO="5" NAME="Untitled Ad" ID="Ad00505" HREF="/5/Ad00505" SIZE="Large" IMAGES_RESOLUTION="160" WORDCNT="119"/>
				<Entity ENTITY_TYPE="Ad" FIRST_TOC_ENTRY_ID="28" DEPTH_LEVEL="1" INDEX_IN_DOC="28" PAGE_NO="5" NAME="Untitled Ad" ID="Ad00506" HREF="/5/Ad00506" SIZE="Small" IMAGES_RESOLUTION="160" WORDCNT="74"/>
				<Entity ENTITY_TYPE="Article" FIRST_TOC_ENTRY_ID="30" DEPTH_LEVEL="1" INDEX_IN_DOC="30" PAGE_NO="5" NAME="Grid Banquet Next Monday" ID="Ar00507" HREF="/5/Ar00507" SIZE="Small" IMAGES_RESOLUTION="160" WORDCNT="107"/>
			</Page>
			<Page PAGE_NO="6" NAME="" PAGE_LABEL="6" ID="Pg006" PAGE_TYPE="Single" PAGE_WIDTH="871" PAGE_HEIGHT="1246" CROP_BOX="0 0 870 1245" MEDIA_BOX="0 0 870 1245" HREF="/6/Pg006" TOTAL_CHARS_COUNT="19504" SUSPICIOUS_CHARS_COUNT="0">
				<Entity ENTITY_TYPE="Article" FIRST_TOC_ENTRY_ID="34" DEPTH_LEVEL="1" INDEX_IN_DOC="34" PAGE_NO="6" NAME="Untitled Article" ID="Ar00600" HREF="/6/Ar00600" SIZE="XLarge" IMAGES_RESOLUTION="160" WORDCNT="4405"/>
				<Entity ENTITY_TYPE="Article" FIRST_TOC_ENTRY_ID="35" DEPTH_LEVEL="1" INDEX_IN_DOC="35" PAGE_NO="6" NAME="Untitled Article" ID="Ar00601" HREF="/6/Ar00601" SIZE="Medium" IMAGES_RESOLUTION="160" WORDCNT="506"/>
			</Page>
			<Page PAGE_NO="7" NAME="" PAGE_LABEL="7" ID="Pg007" PAGE_TYPE="Single" PAGE_WIDTH="862" PAGE_HEIGHT="1234" CROP_BOX="0 0 861 1233" MEDIA_BOX="0 0 861 1233" HREF="/7/Pg007" TOTAL_CHARS_COUNT="3297" SUSPICIOUS_CHARS_COUNT="0">
				<Entity ENTITY_TYPE="Article" FIRST_TOC_ENTRY_ID="36" DEPTH_LEVEL="1" INDEX_IN_DOC="36" PAGE_NO="7" NAME="French Girl 'Adopted' By Greek Organizations" ID="Ar00700" HREF="/7/Ar00700" SIZE="Medium" IMAGES_RESOLUTION="160" WORDCNT="351"/>
				<Entity ENTITY_TYPE="Ad" FIRST_TOC_ENTRY_ID="37" DEPTH_LEVEL="1" INDEX_IN_DOC="37" PAGE_NO="7" NAME="Untitled Ad" ID="Ad00701" HREF="/7/Ad00701" SIZE="Medium" IMAGES_RESOLUTION="160" WORDCNT="73"/>
				<Entity ENTITY_TYPE="Article" FIRST_TOC_ENTRY_ID="39" DEPTH_LEVEL="1" INDEX_IN_DOC="39" PAGE_NO="7" NAME="WSGA to Give Records in Drive" ID="Ar00702" HREF="/7/Ar00702" SIZE="Small" IMAGES_RESOLUTION="160" WORDCNT="124"/>
				<Entity ENTITY_TYPE="Ad" FIRST_TOC_ENTRY_ID="41" DEPTH_LEVEL="1" INDEX_IN_DOC="41" PAGE_NO="7" NAME="Untitled Ad" ID="Ad00703" HREF="/7/Ad00703" SIZE="Small" IMAGES_RESOLUTION="160" WORDCNT="158"/>
				<Entity ENTITY_TYPE="Article" FIRST_TOC_ENTRY_ID="42" DEPTH_LEVEL="1" INDEX_IN_DOC="42" PAGE_NO="7" NAME="OSPA Opposes ROTC" ID="Ar00704" HREF="/7/Ar00704" SIZE="Small" IMAGES_RESOLUTION="160" WORDCNT="72"/>
				<Entity ENTITY_TYPE="Ad" FIRST_TOC_ENTRY_ID="43" DEPTH_LEVEL="1" INDEX_IN_DOC="43" PAGE_NO="7" NAME="Untitled Ad" ID="Ad00705" HREF="/7/Ad00705" SIZE="Medium" IMAGES_RESOLUTION="160" WORDCNT="115"/>
				<Entity ENTITY_TYPE="Article" FIRST_TOC_ENTRY_ID="44" DEPTH_LEVEL="1" INDEX_IN_DOC="44" PAGE_NO="7" NAME="Untitled Article" ID="Ar00706" HREF="/7/Ar00706" SIZE="Small" IMAGES_RESOLUTION="160" WORDCNT="3"/>
				<Entity ENTITY_TYPE="Ad" FIRST_TOC_ENTRY_ID="45" DEPTH_LEVEL="1" INDEX_IN_DOC="45" PAGE_NO="7" NAME="Untitled Ad" ID="Ad00707" HREF="/7/Ad00707" SIZE="Small" IMAGES_RESOLUTION="160" WORDCNT="65"/>
				<Entity ENTITY_TYPE="Ad" FIRST_TOC_ENTRY_ID="38" DEPTH_LEVEL="1" INDEX_IN_DOC="38" PAGE_NO="7" NAME="Untitled Ad" ID="Ad00708" HREF="/7/Ad00708" SIZE="Large" IMAGES_RESOLUTION="160" WORDCNT="140"/>
				<Entity ENTITY_TYPE="Ad" FIRST_TOC_ENTRY_ID="46" DEPTH_LEVEL="1" INDEX_IN_DOC="46" PAGE_NO="7" NAME="Untitled Ad" ID="Ad00709" HREF="/7/Ad00709" SIZE="Large" IMAGES_RESOLUTION="160" WORDCNT="106"/>
				<Entity ENTITY_TYPE="Article" FIRST_TOC_ENTRY_ID="40" DEPTH_LEVEL="1" INDEX_IN_DOC="40" PAGE_NO="7" NAME="THANK YOU NOTE" ID="Ar00710" HREF="/7/Ar00710" SIZE="Small" IMAGES_RESOLUTION="160" WORDCNT="51"/>
			</Page>
			<Page PAGE_NO="8" NAME="" PAGE_LABEL="8" ID="Pg008" PAGE_TYPE="Single" PAGE_WIDTH="857" PAGE_HEIGHT="1240" CROP_BOX="0 0 856 1239" MEDIA_BOX="0 0 856 1239" HREF="/8/Pg008" TOTAL_CHARS_COUNT="1384" SUSPICIOUS_CHARS_COUNT="0">
				<Entity ENTITY_TYPE="Article" FIRST_TOC_ENTRY_ID="49" DEPTH_LEVEL="1" INDEX_IN_DOC="49" PAGE_NO="8" NAME="CAMPUS COMMENT" ID="Ar00800" HREF="/8/Ar00800" SIZE="Small" IMAGES_RESOLUTION="160" WORDCNT="191"/>
				<Entity ENTITY_TYPE="Article" FIRST_TOC_ENTRY_ID="50" DEPTH_LEVEL="1" INDEX_IN_DOC="50" PAGE_NO="8" NAME="St rod ley to Open Winter Quarter" ID="Ar00801" HREF="/8/Ar00801" SIZE="Small" IMAGES_RESOLUTION="160" WORDCNT="109"/>
				<Entity ENTITY_TYPE="Article" FIRST_TOC_ENTRY_ID="47" DEPTH_LEVEL="1" INDEX_IN_DOC="47" PAGE_NO="8" NAME="Untitled Article" ID="Ar00802" HREF="/8/Ar00802" SIZE="Small" IMAGES_RESOLUTION="160" WORDCNT="45"/>
				<Entity ENTITY_TYPE="Picture" FIRST_TOC_ENTRY_ID="48" DEPTH_LEVEL="2" INDEX_IN_DOC="48" PAGE_NO="8" NAME="Untitled Picture" ID="Pc00803" HREF="/8/Pc00803" SIZE="XLarge" EMBEDDED_INTO="Ar00802" EMBEDDED_AFTER="Ar0080200" IMAGES_RESOLUTION="160" WORDCNT="0"/>
				<Entity ENTITY_TYPE="Ad" FIRST_TOC_ENTRY_ID="51" DEPTH_LEVEL="1" INDEX_IN_DOC="51" PAGE_NO="8" NAME="Untitled Ad" ID="Ad00804" HREF="/8/Ad00804" SIZE="XLarge" IMAGES_RESOLUTION="160" WORDCNT="23"/>
			</Page>
		</Section>
	</Body_np>
	<Logic_np><TOC_Entries><TOC_Entry TOC_ENTRY_ID="1" TITLE="WEATHER Little fog in morning; likely ev..." ENTITY_ID_REF="Ar00107" PAGE_NO="1" PAGE_LABEL="1" PRIM_ID_REF="Ar0010700" IS_IC="true"><TOC_Entry TOC_ENTRY_ID="2" TITLE="" ENTITY_ID_REF="Pc00108" PAGE_NO="1" PAGE_LABEL="1" PRIM_ID_REF="Pc0010800" IS_IC="true"/></TOC_Entry><TOC_Entry TOC_ENTRY_ID="3" TITLE="It's That Time Again ... MICHIGAN" ENTITY_ID_REF="Ar00104" PAGE_NO="1" PAGE_LABEL="1" PRIM_ID_REF="Ar0010400" IS_IC="true"/><TOC_Entry TOC_ENTRY_ID="4" TITLE="High School Journalists Scoop OSU" ENTITY_ID_REF="Ar00100" PAGE_NO="1" PAGE_LABEL="1" PRIM_ID_REF="Ar0010000" IS_IC="true"/><TOC_Entry TOC_ENTRY_ID="5" TITLE="White Christmas Chairmen Named" ENTITY_ID_REF="Ar00101" PAGE_NO="1" PAGE_LABEL="1" PRIM_ID_REF="Ar0010100" IS_IC="true"/><TOC_Entry TOC_ENTRY_ID="6" TITLE="Elephants Are Belles At Fraternity Party" ENTITY_ID_REF="Ar00103" PAGE_NO="1" PAGE_LABEL="1" PRIM_ID_REF="Ar0010300" IS_IC="true"><TOC_Entry TOC_ENTRY_ID="7" TITLE="" ENTITY_ID_REF="Pc00102" PAGE_NO="1" PAGE_LABEL="1" PRIM_ID_REF="Pc0010200" IS_IC="true"/></TOC_Entry><TOC_Entry TOC_ENTRY_ID="8" TITLE="MODEL UN SET" ENTITY_ID_REF="Ar00105" PAGE_NO="1" PAGE_LABEL="1" PRIM_ID_REF="Ar0010500" IS_IC="true"/><TOC_Entry TOC_ENTRY_ID="9" TITLE="Karch Rites Set for Today" ENTITY_ID_REF="Ar00106" PAGE_NO="1" PAGE_LABEL="1" PRIM_ID_REF="Ar0010600" IS_IC="true"/><TOC_Entry TOC_ENTRY_ID="10" TITLE="Dark Lamp" ENTITY_ID_REF="Ar00200" PAGE_NO="2" PAGE_LABEL="2" PRIM_ID_REF="Ar0020000" IS_IC="true"/><TOC_Entry TOC_ENTRY_ID="11" TITLE="Regret" ENTITY_ID_REF="Ar00201" PAGE_NO="2" PAGE_LABEL="2" PRIM_ID_REF="Ar0020100" IS_IC="true"/><TOC_Entry TOC_ENTRY_ID="12" TITLE="U.S. Began Turbulent Relations With Red ..." ENTITY_ID_REF="Ar00202" PAGE_NO="2" PAGE_LABEL="2" PRIM_ID_REF="Ar0020200" IS_IC="true"/><TOC_Entry TOC_ENTRY_ID="13" TITLE="Ohio Stain. TTbAnina. LANTERN STAFF Mana..." ENTITY_ID_REF="Ar00206" PAGE_NO="2" PAGE_LABEL="2" PRIM_ID_REF="Ar0020600" IS_IC="true"/><TOC_Entry TOC_ENTRY_ID="14" TITLE="DOLL HOUSE" ENTITY_ID_REF="Ar00207" PAGE_NO="2" PAGE_LABEL="2" PRIM_ID_REF="Ar0020700" IS_IC="true"/><TOC_Entry TOC_ENTRY_ID="15" TITLE="Editor's Mail Bag" ENTITY_ID_REF="Ar00205" PAGE_NO="2" PAGE_LABEL="2" PRIM_ID_REF="Ar0020500" IS_IC="true"/><TOC_Entry TOC_ENTRY_ID="16" TITLE="ttmrrotiirM CAMPUS hYwctrmm" ENTITY_ID_REF="Ar00203" PAGE_NO="2" PAGE_LABEL="2" PRIM_ID_REF="Ar0020300" IS_IC="true"><TOC_Entry TOC_ENTRY_ID="17" TITLE="" ENTITY_ID_REF="Pc00204" PAGE_NO="2" PAGE_LABEL="2" PRIM_ID_REF="Pc0020400" IS_IC="true"/></TOC_Entry><TOC_Entry TOC_ENTRY_ID="18" TITLE="" ENTITY_ID_REF="Ad00300" PAGE_NO="3" PAGE_LABEL="3" PRIM_ID_REF="Ad0030017" IS_IC="true"/><TOC_Entry TOC_ENTRY_ID="19" TITLE="Who Said Buckeyes Can't Score TD's^ -*&quot;" ENTITY_ID_REF="Ar00400" PAGE_NO="4" PAGE_LABEL="4" PRIM_ID_REF="Ar0040000" IS_IC="true"><TOC_Entry TOC_ENTRY_ID="20" TITLE="" ENTITY_ID_REF="Pc00401" PAGE_NO="4" PAGE_LABEL="4" PRIM_ID_REF="Pc0040100" IS_IC="true"/></TOC_Entry><TOC_Entry TOC_ENTRY_ID="21" TITLE="" ENTITY_ID_REF="Ad00402" PAGE_NO="4" PAGE_LABEL="4" PRIM_ID_REF="Ad0040206" IS_IC="true"/><TOC_Entry TOC_ENTRY_ID="22" TITLE="" ENTITY_ID_REF="Ad00403" PAGE_NO="4" PAGE_LABEL="4" PRIM_ID_REF="Ad0040308" IS_IC="true"/><TOC_Entry TOC_ENTRY_ID="23" TITLE="Fans Mob Woody" ENTITY_ID_REF="Ar00404" PAGE_NO="4" PAGE_LABEL="4" PRIM_ID_REF="Ar0040400" IS_IC="true"/><TOC_Entry TOC_ENTRY_ID="24" TITLE="" ENTITY_ID_REF="Ad00405" PAGE_NO="4" PAGE_LABEL="4" PRIM_ID_REF="Ad0040511" IS_IC="true"/><TOC_Entry TOC_ENTRY_ID="25" TITLE="" ENTITY_ID_REF="Ad00406" PAGE_NO="4" PAGE_LABEL="4" PRIM_ID_REF="Ad0040601" IS_IC="true"/><TOC_Entry TOC_ENTRY_ID="26" TITLE="Buck Soccer Team Upsets Dayton 2-1" ENTITY_ID_REF="Ar00500" PAGE_NO="5" PAGE_LABEL="5" PRIM_ID_REF="Ar0050000" IS_IC="true"/><TOC_Entry TOC_ENTRY_ID="27" TITLE="Hayes, Evy Say 'Hello'" ENTITY_ID_REF="Ar00501" PAGE_NO="5" PAGE_LABEL="5" PRIM_ID_REF="Ar0050100" IS_IC="true"/><TOC_Entry TOC_ENTRY_ID="28" TITLE="" ENTITY_ID_REF="Ad00506" PAGE_NO="5" PAGE_LABEL="5" PRIM_ID_REF="Ad0050601" IS_IC="true"/><TOC_Entry TOC_ENTRY_ID="29" TITLE="" ENTITY_ID_REF="Ad00502" PAGE_NO="5" PAGE_LABEL="5" PRIM_ID_REF="Ad0050208" IS_IC="true"/><TOC_Entry TOC_ENTRY_ID="30" TITLE="Grid Banquet Next Monday" ENTITY_ID_REF="Ar00507" PAGE_NO="5" PAGE_LABEL="5" PRIM_ID_REF="Ar0050700" IS_IC="true"/><TOC_Entry TOC_ENTRY_ID="31" TITLE="Iowa Wears ' Shiner" ENTITY_ID_REF="Ar00503" PAGE_NO="5" PAGE_LABEL="5" PRIM_ID_REF="Ar0050300" IS_IC="true"/><TOC_Entry TOC_ENTRY_ID="32" TITLE="" ENTITY_ID_REF="Ad00505" PAGE_NO="5" PAGE_LABEL="5" PRIM_ID_REF="Ad0050501" IS_IC="true"/><TOC_Entry TOC_ENTRY_ID="33" TITLE="" ENTITY_ID_REF="Ad00504" PAGE_NO="5" PAGE_LABEL="5" PRIM_ID_REF="Ad0050401" IS_IC="true"/><TOC_Entry TOC_ENTRY_ID="34" TITLE="TODAY ON CAMPUS OHIO STATE OFFICIAL BULL..." ENTITY_ID_REF="Ar00600" PAGE_NO="6" PAGE_LABEL="6" PRIM_ID_REF="Ar0060000" IS_IC="true"/><TOC_Entry TOC_ENTRY_ID="35" TITLE="QlaAM^iodA FOR RENT 5-Room Furnished Hom..." ENTITY_ID_REF="Ar00601" PAGE_NO="6" PAGE_LABEL="6" PRIM_ID_REF="Ar0060100" IS_IC="true"/><TOC_Entry TOC_ENTRY_ID="36" TITLE="French Girl 'Adopted' By Greek Organizat..." ENTITY_ID_REF="Ar00700" PAGE_NO="7" PAGE_LABEL="7" PRIM_ID_REF="Ar0070000" IS_IC="true"/><TOC_Entry TOC_ENTRY_ID="37" TITLE="" ENTITY_ID_REF="Ad00701" PAGE_NO="7" PAGE_LABEL="7" PRIM_ID_REF="Ad0070102" IS_IC="true"/><TOC_Entry TOC_ENTRY_ID="38" TITLE="" ENTITY_ID_REF="Ad00708" PAGE_NO="7" PAGE_LABEL="7" PRIM_ID_REF="Ad0070801" IS_IC="true"/><TOC_Entry TOC_ENTRY_ID="39" TITLE="WSGA to Give Records in Drive" ENTITY_ID_REF="Ar00702" PAGE_NO="7" PAGE_LABEL="7" PRIM_ID_REF="Ar0070200" IS_IC="true"/><TOC_Entry TOC_ENTRY_ID="40" TITLE="THANK YOU NOTE" ENTITY_ID_REF="Ar00710" PAGE_NO="7" PAGE_LABEL="7" PRIM_ID_REF="Ar0071000" IS_IC="true"/><TOC_Entry TOC_ENTRY_ID="41" TITLE="" ENTITY_ID_REF="Ad00703" PAGE_NO="7" PAGE_LABEL="7" PRIM_ID_REF="Ad0070314" IS_IC="true"/><TOC_Entry TOC_ENTRY_ID="42" TITLE="OSPA Opposes ROTC" ENTITY_ID_REF="Ar00704" PAGE_NO="7" PAGE_LABEL="7" PRIM_ID_REF="Ar0070400" IS_IC="true"/><TOC_Entry TOC_ENTRY_ID="43" TITLE="" ENTITY_ID_REF="Ad00705" PAGE_NO="7" PAGE_LABEL="7" PRIM_ID_REF="Ad0070508" IS_IC="true"/><TOC_Entry TOC_ENTRY_ID="44" TITLE="PATRONIZE LANTERN ADVERTISERS" ENTITY_ID_REF="Ar00706" PAGE_NO="7" PAGE_LABEL="7" PRIM_ID_REF="Ar0070600" IS_IC="true"/><TOC_Entry TOC_ENTRY_ID="45" TITLE="" ENTITY_ID_REF="Ad00707" PAGE_NO="7" PAGE_LABEL="7" PRIM_ID_REF="Ad0070701" IS_IC="true"/><TOC_Entry TOC_ENTRY_ID="46" TITLE="" ENTITY_ID_REF="Ad00709" PAGE_NO="7" PAGE_LABEL="7" PRIM_ID_REF="Ad0070901" IS_IC="true"/><TOC_Entry TOC_ENTRY_ID="47" TITLE="FOOD AND FUN�High school journalists rep..." ENTITY_ID_REF="Ar00802" PAGE_NO="8" PAGE_LABEL="8" PRIM_ID_REF="Ar0080200" IS_IC="true"><TOC_Entry TOC_ENTRY_ID="48" TITLE="" ENTITY_ID_REF="Pc00803" PAGE_NO="8" PAGE_LABEL="8" PRIM_ID_REF="Pc0080300" IS_IC="true"/></TOC_Entry><TOC_Entry TOC_ENTRY_ID="49" TITLE="CAMPUS COMMENT" ENTITY_ID_REF="Ar00800" PAGE_NO="8" PAGE_LABEL="8" PRIM_ID_REF="Ar0080000" IS_IC="true"/><TOC_Entry TOC_ENTRY_ID="50" TITLE="St rod ley to Open Winter Quarter" ENTITY_ID_REF="Ar00801" PAGE_NO="8" PAGE_LABEL="8" PRIM_ID_REF="Ar0080100" IS_IC="true"/><TOC_Entry TOC_ENTRY_ID="51" TITLE="" ENTITY_ID_REF="Ad00804" PAGE_NO="8" PAGE_LABEL="8" PRIM_ID_REF="Ad0080401" IS_IC="true"/></TOC_Entries></Logic_np></Xmd_toc>
