<?xml version="1.0" encoding="windows-1252" standalone="no"?>
<Xmd_toc REPOSITORY_FORMAT="1.0" PRXML_VER="2.2" PUBLICATION="OHI" PUBLICATION_DESCRIPTION="" ISSUE_DATE="15/10/1958" RELEASE_NO="060-OHI-1958-10-15-001-SINGLE-LANTERN_VOL-78_JUN26-JUN8_OCT_081" LANGUAGE="English">
	<Head_np>
		<Meta PAGES_NUMBER="8" SOURCE_TYPE="TIFF" SOURCE_RESOLUTION="72" IMAGES_RESOLUTION="160" PAGE_THUMBNAIL_RESOLUTION="72" PAGE_PREVIEW_RESOLUTION="15" DEFAULT_IMG_EXT="png" DEFAULT_PREVIEW_IMG_EXT="png" BASE_HREF="OHI/1958/10/15" PDF_DESTINATION_MAPPED="OLV0_Page_0001" TITLE_SNP_EXT="png" AD_SNP_EXT="png" IMAGE_SNP_EXT="jpg" MULTI_LAYER_PAGE_IMG="false" IS_SOLID="false" DOC_DATE="15/10/1958" DOC_UID="OHI_15/10/1958" DOC_VER="1" TOTAL_CHARS_COUNT="48762" SUSPICIOUS_CHARS_COUNT="0">
			<Publisher XMD_VER="2.6.241.4" ACROBAT_VER="7.08" PUBLISHER="Olive" PROFILE_ID="W:\Batch\Profile\OHI-1958-10-15.ini">
				<PublishDate>Tue, 24 May 2011 14:51:25 UTC</PublishDate>
				<PublishSWFCompatible>false</PublishSWFCompatible>
			</Publisher>
			<Resolutions>
				<Resolution DEFAULT="true">72</Resolution>
			</Resolutions>
		</Meta>
		<Link SOURCE="060-OHI-1958-10-15-001-SINGLE-LANTERN_VOL-78_JUN26-JUN8_OCT_081.pdf"/>
		<DataFiles>
			<Files TYPE="DOC_PDF" PRESENT="1"/>
			<Files TYPE="PAGE_PDF" PRESENT="0"/>
			<Files TYPE="DOC_IMG" PRESENT="0"/>
			<Files TYPE="PAGE_IMG" PRESENT="0"/>
			<Files TYPE="PAGE_VIEW_IMG" PRESENT="1"/>
			<Files TYPE="PAGE_PREVIEW_IMG" PRESENT="1"/>
			<Files TYPE="PRIMITIVE_IMG" PRESENT="1"/>
			<Files TYPE="SNIPPET_IMG" PRESENT="1"/>
			<Files TYPE="SEGMENTATION" PRESENT="0"/>
		</DataFiles><Application_Data/></Head_np>
	<Body_np>
		<Section NAME="Front page">
			<Page PAGE_NO="1" NAME="" PAGE_LABEL="1" ID="Pg001" PAGE_TYPE="Single" PAGE_WIDTH="869" PAGE_HEIGHT="1240" CROP_BOX="0 0 868 1239" MEDIA_BOX="0 0 868 1239" HREF="/1/Pg001" TOTAL_CHARS_COUNT="5915" SUSPICIOUS_CHARS_COUNT="0">
				<Entity ENTITY_TYPE="Article" FIRST_TOC_ENTRY_ID="1" DEPTH_LEVEL="1" INDEX_IN_DOC="1" PAGE_NO="1" NAME="Enrollment Up From Year Ago" ID="Ar00100" HREF="/1/Ar00100" SIZE="Medium" IMAGES_RESOLUTION="160" WORDCNT="335"/>
				<Entity ENTITY_TYPE="Article" FIRST_TOC_ENTRY_ID="8" DEPTH_LEVEL="1" INDEX_IN_DOC="8" PAGE_NO="1" NAME="Woody Bleeds with His Boys" ID="Ar00101" HREF="/1/Ar00101" SIZE="Medium" IMAGES_RESOLUTION="160" WORDCNT="447"/>
				<Entity ENTITY_TYPE="Article" FIRST_TOC_ENTRY_ID="2" DEPTH_LEVEL="1" INDEX_IN_DOC="2" PAGE_NO="1" NAME="Man Who Helped Build Stadium Dies" ID="Ar00102" HREF="/1/Ar00102" SIZE="Small" IMAGES_RESOLUTION="160" WORDCNT="81"/>
				<Entity ENTITY_TYPE="Article" FIRST_TOC_ENTRY_ID="10" DEPTH_LEVEL="1" INDEX_IN_DOC="10" PAGE_NO="1" NAME="TV's Brooks Arrives To Moderate Debate" ID="Ar00103" HREF="/1/Ar00103" SIZE="Medium" IMAGES_RESOLUTION="160" WORDCNT="378"/>
				<Entity ENTITY_TYPE="Article" FIRST_TOC_ENTRY_ID="4" DEPTH_LEVEL="1" INDEX_IN_DOC="4" PAGE_NO="1" NAME="DEADLINE EXTENDED" ID="Ar00104" HREF="/1/Ar00104" SIZE="Small" IMAGES_RESOLUTION="160" WORDCNT="69"/>
				<Entity ENTITY_TYPE="Picture" FIRST_TOC_ENTRY_ID="9" DEPTH_LEVEL="2" INDEX_IN_DOC="9" PAGE_NO="1" NAME="Untitled Picture" ID="Pc00105" HREF="/1/Pc00105" SIZE="Medium" EMBEDDED_INTO="Ar00101" EMBEDDED_AFTER="Ar0010101" IMAGES_RESOLUTION="160" WORDCNT="0"/>
				<Entity ENTITY_TYPE="Picture" FIRST_TOC_ENTRY_ID="6" DEPTH_LEVEL="2" INDEX_IN_DOC="6" PAGE_NO="1" NAME="Untitled Picture" ID="Pc00106" HREF="/1/Pc00106" SIZE="Medium" EMBEDDED_INTO="Ar00107" EMBEDDED_AFTER="Ar0010700" IMAGES_RESOLUTION="160" WORDCNT="0"/>
				<Entity ENTITY_TYPE="Article" FIRST_TOC_ENTRY_ID="5" DEPTH_LEVEL="1" INDEX_IN_DOC="5" PAGE_NO="1" NAME="Untitled Article" ID="Ar00107" HREF="/1/Ar00107" SIZE="Small" IMAGES_RESOLUTION="160" WORDCNT="70"/>
				<Entity ENTITY_TYPE="Article" FIRST_TOC_ENTRY_ID="3" DEPTH_LEVEL="1" INDEX_IN_DOC="3" PAGE_NO="1" NAME="Dr. Lord's Burial Set for Thursday" ID="Ar00108" HREF="/1/Ar00108" SIZE="Small" IMAGES_RESOLUTION="160" WORDCNT="63"/>
				<Entity ENTITY_TYPE="Article" FIRST_TOC_ENTRY_ID="7" DEPTH_LEVEL="1" INDEX_IN_DOC="7" PAGE_NO="1" NAME="Untitled Article" ID="Ar00109" HREF="/1/Ar00109" SIZE="Small" IMAGES_RESOLUTION="160" WORDCNT="10"/>
			</Page>
		</Section>
		<Section NAME="None">
			<Page PAGE_NO="2" NAME="" PAGE_LABEL="2" ID="Pg002" PAGE_TYPE="Single" PAGE_WIDTH="871" PAGE_HEIGHT="1246" CROP_BOX="0 0 870 1245" MEDIA_BOX="0 0 870 1245" HREF="/2/Pg002" TOTAL_CHARS_COUNT="8649" SUSPICIOUS_CHARS_COUNT="0">
				<Entity ENTITY_TYPE="Article" FIRST_TOC_ENTRY_ID="11" DEPTH_LEVEL="1" INDEX_IN_DOC="11" PAGE_NO="2" NAME="Pioneer" ID="Ar00200" HREF="/2/Ar00200" SIZE="Medium" IMAGES_RESOLUTION="160" WORDCNT="343"/>
				<Entity ENTITY_TYPE="Article" FIRST_TOC_ENTRY_ID="12" DEPTH_LEVEL="1" INDEX_IN_DOC="12" PAGE_NO="2" NAME="White Smoke" ID="Ar00201" HREF="/2/Ar00201" SIZE="Medium" IMAGES_RESOLUTION="160" WORDCNT="278"/>
				<Entity ENTITY_TYPE="Article" FIRST_TOC_ENTRY_ID="13" DEPTH_LEVEL="1" INDEX_IN_DOC="13" PAGE_NO="2" NAME="Last Resort" ID="Ar00202" HREF="/2/Ar00202" SIZE="Small" IMAGES_RESOLUTION="160" WORDCNT="138"/>
				<Entity ENTITY_TYPE="Article" FIRST_TOC_ENTRY_ID="14" DEPTH_LEVEL="1" INDEX_IN_DOC="14" PAGE_NO="2" NAME="# Herr Fix&amp;Y Is Unusual En Germany" ID="Ar00203" HREF="/2/Ar00203" SIZE="Medium" IMAGES_RESOLUTION="160" WORDCNT="355"/>
				<Entity ENTITY_TYPE="Article" FIRST_TOC_ENTRY_ID="15" DEPTH_LEVEL="1" INDEX_IN_DOC="15" PAGE_NO="2" NAME="Untitled Article" ID="Ar00204" HREF="/2/Ar00204" SIZE="Small" IMAGES_RESOLUTION="160" WORDCNT="225"/>
				<Entity ENTITY_TYPE="Article" FIRST_TOC_ENTRY_ID="16" DEPTH_LEVEL="1" INDEX_IN_DOC="16" PAGE_NO="2" NAME="QolkqsL QhoMJwadA" ID="Ar00205" HREF="/2/Ar00205" SIZE="Large" IMAGES_RESOLUTION="160" WORDCNT="517"/>
				<Entity ENTITY_TYPE="Picture" FIRST_TOC_ENTRY_ID="19" DEPTH_LEVEL="2" INDEX_IN_DOC="19" PAGE_NO="2" NAME="Untitled Picture" ID="Pc00206" HREF="/2/Pc00206" SIZE="Medium" EMBEDDED_INTO="Ar00207" EMBEDDED_AFTER="Ar0020700" IMAGES_RESOLUTION="160" WORDCNT="0"/>
				<Entity ENTITY_TYPE="Article" FIRST_TOC_ENTRY_ID="18" DEPTH_LEVEL="1" INDEX_IN_DOC="18" PAGE_NO="2" NAME="LITTLE MAN ON CAMPUS" ID="Ar00207" HREF="/2/Ar00207" SIZE="Small" IMAGES_RESOLUTION="160" WORDCNT="10"/>
				<Entity ENTITY_TYPE="Article" FIRST_TOC_ENTRY_ID="17" DEPTH_LEVEL="1" INDEX_IN_DOC="17" PAGE_NO="2" NAME="REPORTS ON PRIESTHOOD STUDENTS" ID="Ar00208" HREF="/2/Ar00208" SIZE="Small" IMAGES_RESOLUTION="160" WORDCNT="107"/>
			</Page>
			<Page PAGE_NO="3" NAME="" PAGE_LABEL="3" ID="Pg003" PAGE_TYPE="Single" PAGE_WIDTH="867" PAGE_HEIGHT="1244" CROP_BOX="0 0 866 1243" MEDIA_BOX="0 0 866 1243" HREF="/3/Pg003" TOTAL_CHARS_COUNT="7068" SUSPICIOUS_CHARS_COUNT="0">
				<Entity ENTITY_TYPE="Article" FIRST_TOC_ENTRY_ID="20" DEPTH_LEVEL="1" INDEX_IN_DOC="20" PAGE_NO="3" NAME="Musical Mosaic" ID="Ar00300" HREF="/3/Ar00300" SIZE="Small" IMAGES_RESOLUTION="160" WORDCNT="82"/>
				<Entity ENTITY_TYPE="Article" FIRST_TOC_ENTRY_ID="23" DEPTH_LEVEL="1" INDEX_IN_DOC="23" PAGE_NO="3" NAME="Competition Starts For Writing Award" ID="Ar00301" HREF="/3/Ar00301" SIZE="Medium" IMAGES_RESOLUTION="160" WORDCNT="252"/>
				<Entity ENTITY_TYPE="Article" FIRST_TOC_ENTRY_ID="25" DEPTH_LEVEL="1" INDEX_IN_DOC="25" PAGE_NO="3" NAME="Student Gets Borden Grant" ID="Ar00302" HREF="/3/Ar00302" SIZE="Small" IMAGES_RESOLUTION="160" WORDCNT="140"/>
				<Entity ENTITY_TYPE="Article" FIRST_TOC_ENTRY_ID="22" DEPTH_LEVEL="1" INDEX_IN_DOC="22" PAGE_NO="3" NAME="'Schools Need Revisions'" ID="Ar00303" HREF="/3/Ar00303" SIZE="Large" IMAGES_RESOLUTION="160" WORDCNT="837"/>
				<Entity ENTITY_TYPE="Article" FIRST_TOC_ENTRY_ID="26" DEPTH_LEVEL="1" INDEX_IN_DOC="26" PAGE_NO="3" NAME="Hollywood Beckons" ID="Ar00304" HREF="/3/Ar00304" SIZE="Small" IMAGES_RESOLUTION="160" WORDCNT="164"/>
				<Entity ENTITY_TYPE="Picture" FIRST_TOC_ENTRY_ID="21" DEPTH_LEVEL="2" INDEX_IN_DOC="21" PAGE_NO="3" NAME="Untitled Picture" ID="Pc00305" HREF="/3/Pc00305" SIZE="Large" EMBEDDED_INTO="Ar00300" EMBEDDED_AFTER="Ar0030001" IMAGES_RESOLUTION="160" WORDCNT="0"/>
				<Entity ENTITY_TYPE="Picture" FIRST_TOC_ENTRY_ID="27" DEPTH_LEVEL="2" INDEX_IN_DOC="27" PAGE_NO="3" NAME="Untitled Picture" ID="Pc00306" HREF="/3/Pc00306" SIZE="Medium" EMBEDDED_INTO="Ar00304" EMBEDDED_AFTER="Ar0030401" IMAGES_RESOLUTION="160" WORDCNT="0"/>
				<Entity ENTITY_TYPE="Article" FIRST_TOC_ENTRY_ID="24" DEPTH_LEVEL="1" INDEX_IN_DOC="24" PAGE_NO="3" NAME="Off Beat" ID="Ar00307" HREF="/3/Ar00307" SIZE="Small" IMAGES_RESOLUTION="160" WORDCNT="105"/>
			</Page>
			<Page PAGE_NO="4" NAME="" PAGE_LABEL="4" ID="Pg004" PAGE_TYPE="Single" PAGE_WIDTH="871" PAGE_HEIGHT="1246" CROP_BOX="0 0 870 1245" MEDIA_BOX="0 0 870 1245" HREF="/4/Pg004" TOTAL_CHARS_COUNT="4619" SUSPICIOUS_CHARS_COUNT="0">
				<Entity ENTITY_TYPE="Article" FIRST_TOC_ENTRY_ID="28" DEPTH_LEVEL="1" INDEX_IN_DOC="28" PAGE_NO="4" NAME="Buck Soccer Squad Downs Oberlin" ID="Ar00400" HREF="/4/Ar00400" SIZE="Medium" IMAGES_RESOLUTION="160" WORDCNT="282"/>
				<Entity ENTITY_TYPE="Article" FIRST_TOC_ENTRY_ID="29" DEPTH_LEVEL="1" INDEX_IN_DOC="29" PAGE_NO="4" NAME="Intramural Football Squads Open Season" ID="Ar00401" HREF="/4/Ar00401" SIZE="Medium" IMAGES_RESOLUTION="160" WORDCNT="337"/>
				<Entity ENTITY_TYPE="Article" FIRST_TOC_ENTRY_ID="30" DEPTH_LEVEL="1" INDEX_IN_DOC="30" PAGE_NO="4" NAME="Card Attack Is Different" ID="Ar00402" HREF="/4/Ar00402" SIZE="Small" IMAGES_RESOLUTION="160" WORDCNT="132"/>
				<Entity ENTITY_TYPE="Ad" FIRST_TOC_ENTRY_ID="33" DEPTH_LEVEL="1" INDEX_IN_DOC="33" PAGE_NO="4" NAME="Untitled Ad" ID="Ad00403" HREF="/4/Ad00403" SIZE="Large" IMAGES_RESOLUTION="160" WORDCNT="139"/>
				<Entity ENTITY_TYPE="Article" FIRST_TOC_ENTRY_ID="31" DEPTH_LEVEL="1" INDEX_IN_DOC="31" PAGE_NO="4" NAME="Tyrer Will Start Against Hoosiers" ID="Ar00404" HREF="/4/Ar00404" SIZE="Small" IMAGES_RESOLUTION="160" WORDCNT="54"/>
				<Entity ENTITY_TYPE="Ad" FIRST_TOC_ENTRY_ID="35" DEPTH_LEVEL="1" INDEX_IN_DOC="35" PAGE_NO="4" NAME="Untitled Ad" ID="Ad00405" HREF="/4/Ad00405" SIZE="Medium" IMAGES_RESOLUTION="160" WORDCNT="268"/>
				<Entity ENTITY_TYPE="Ad" FIRST_TOC_ENTRY_ID="34" DEPTH_LEVEL="1" INDEX_IN_DOC="34" PAGE_NO="4" NAME="Untitled Ad" ID="Ad00406" HREF="/4/Ad00406" SIZE="Small" IMAGES_RESOLUTION="160" WORDCNT="162"/>
				<Entity ENTITY_TYPE="Article" FIRST_TOC_ENTRY_ID="32" DEPTH_LEVEL="1" INDEX_IN_DOC="32" PAGE_NO="4" NAME="Clark Is Second" ID="Ar00407" HREF="/4/Ar00407" SIZE="Large" IMAGES_RESOLUTION="160" WORDCNT="330"/>
				<Entity ENTITY_TYPE="Ad" FIRST_TOC_ENTRY_ID="36" DEPTH_LEVEL="1" INDEX_IN_DOC="36" PAGE_NO="4" NAME="Untitled Ad" ID="Ad00408" HREF="/4/Ad00408" SIZE="Medium" IMAGES_RESOLUTION="160" WORDCNT="130"/>
			</Page>
			<Page PAGE_NO="5" NAME="" PAGE_LABEL="5" ID="Pg005" PAGE_TYPE="Single" PAGE_WIDTH="871" PAGE_HEIGHT="1239" CROP_BOX="0 0 870 1238" MEDIA_BOX="0 0 870 1238" HREF="/5/Pg005" TOTAL_CHARS_COUNT="5254" SUSPICIOUS_CHARS_COUNT="0">
				<Entity ENTITY_TYPE="Ad" FIRST_TOC_ENTRY_ID="43" DEPTH_LEVEL="1" INDEX_IN_DOC="43" PAGE_NO="5" NAME="Untitled Ad" ID="Ad00500" HREF="/5/Ad00500" SIZE="Small" IMAGES_RESOLUTION="160" WORDCNT="80"/>
				<Entity ENTITY_TYPE="Article" FIRST_TOC_ENTRY_ID="37" DEPTH_LEVEL="1" INDEX_IN_DOC="37" PAGE_NO="5" NAME="Highlights in Sports" ID="Ar00501" HREF="/5/Ar00501" SIZE="Large" IMAGES_RESOLUTION="160" WORDCNT="678"/>
				<Entity ENTITY_TYPE="Article" FIRST_TOC_ENTRY_ID="42" DEPTH_LEVEL="1" INDEX_IN_DOC="42" PAGE_NO="5" NAME="First Freshman Basketball Practice Is Set For Today" ID="Ar00502" HREF="/5/Ar00502" SIZE="Medium" IMAGES_RESOLUTION="160" WORDCNT="205"/>
				<Entity ENTITY_TYPE="Article" FIRST_TOC_ENTRY_ID="38" DEPTH_LEVEL="1" INDEX_IN_DOC="38" PAGE_NO="5" NAME="Woody Prepares Buckeyes For Second Big 10 Contest" ID="Ar00503" HREF="/5/Ar00503" SIZE="Medium" IMAGES_RESOLUTION="160" WORDCNT="265"/>
				<Entity ENTITY_TYPE="Article" FIRST_TOC_ENTRY_ID="41" DEPTH_LEVEL="1" INDEX_IN_DOC="41" PAGE_NO="5" NAME="Buckeye Statistics" ID="Ar00504" HREF="/5/Ar00504" SIZE="Small" IMAGES_RESOLUTION="160" WORDCNT="52"/>
				<Entity ENTITY_TYPE="Ad" FIRST_TOC_ENTRY_ID="44" DEPTH_LEVEL="1" INDEX_IN_DOC="44" PAGE_NO="5" NAME="Untitled Ad" ID="Ad00505" HREF="/5/Ad00505" SIZE="XLarge" IMAGES_RESOLUTION="160" WORDCNT="589"/>
				<Entity ENTITY_TYPE="Article" FIRST_TOC_ENTRY_ID="39" DEPTH_LEVEL="1" INDEX_IN_DOC="39" PAGE_NO="5" NAME="Army Obeys DeGaulle" ID="Ar00506" HREF="/5/Ar00506" SIZE="Small" IMAGES_RESOLUTION="160" WORDCNT="41"/>
				<Entity ENTITY_TYPE="Article" FIRST_TOC_ENTRY_ID="40" DEPTH_LEVEL="1" INDEX_IN_DOC="40" PAGE_NO="5" NAME="Plane Fares Upped" ID="Ar00507" HREF="/5/Ar00507" SIZE="Small" IMAGES_RESOLUTION="160" WORDCNT="36"/>
			</Page>
			<Page PAGE_NO="6" NAME="" PAGE_LABEL="6" ID="Pg006" PAGE_TYPE="Single" PAGE_WIDTH="879" PAGE_HEIGHT="1255" CROP_BOX="0 0 878 1254" MEDIA_BOX="0 0 878 1254" HREF="/6/Pg006" TOTAL_CHARS_COUNT="11434" SUSPICIOUS_CHARS_COUNT="0">
				<Entity ENTITY_TYPE="Article" FIRST_TOC_ENTRY_ID="45" DEPTH_LEVEL="1" INDEX_IN_DOC="45" PAGE_NO="6" NAME="Untitled Article" ID="Ar00600" HREF="/6/Ar00600" SIZE="Large" IMAGES_RESOLUTION="160" WORDCNT="1124"/>
				<Entity ENTITY_TYPE="Article" FIRST_TOC_ENTRY_ID="46" DEPTH_LEVEL="1" INDEX_IN_DOC="46" PAGE_NO="6" NAME="Historical Tour Set on WOSU-TV" ID="Ar00601" HREF="/6/Ar00601" SIZE="Small" IMAGES_RESOLUTION="160" WORDCNT="181"/>
				<Entity ENTITY_TYPE="Article" FIRST_TOC_ENTRY_ID="47" DEPTH_LEVEL="1" INDEX_IN_DOC="47" PAGE_NO="6" NAME="Untitled Article" ID="Ar00602" HREF="/6/Ar00602" SIZE="Medium" IMAGES_RESOLUTION="160" WORDCNT="394"/>
				<Entity ENTITY_TYPE="Article" FIRST_TOC_ENTRY_ID="49" DEPTH_LEVEL="1" INDEX_IN_DOC="49" PAGE_NO="6" NAME="New Recruits Must Work For Group" ID="Ar00603" HREF="/6/Ar00603" SIZE="Medium" IMAGES_RESOLUTION="160" WORDCNT="465"/>
				<Entity ENTITY_TYPE="Article" FIRST_TOC_ENTRY_ID="50" DEPTH_LEVEL="1" INDEX_IN_DOC="50" PAGE_NO="6" NAME="Physics Club Has First 1 Anniversary" ID="Ar00604" HREF="/6/Ar00604" SIZE="Small" IMAGES_RESOLUTION="160" WORDCNT="154"/>
				<Entity ENTITY_TYPE="Picture" FIRST_TOC_ENTRY_ID="52" DEPTH_LEVEL="2" INDEX_IN_DOC="52" PAGE_NO="6" NAME="Untitled Picture" ID="Pc00605" HREF="/6/Pc00605" SIZE="Small" EMBEDDED_INTO="Ar00608" EMBEDDED_AFTER="Ar0060800" IMAGES_RESOLUTION="160" WORDCNT="0"/>
				<Entity ENTITY_TYPE="Ad" FIRST_TOC_ENTRY_ID="53" DEPTH_LEVEL="1" INDEX_IN_DOC="53" PAGE_NO="6" NAME="Untitled Ad" ID="Ad00606" HREF="/6/Ad00606" SIZE="Small" IMAGES_RESOLUTION="160" WORDCNT="37"/>
				<Entity ENTITY_TYPE="Article" FIRST_TOC_ENTRY_ID="48" DEPTH_LEVEL="1" INDEX_IN_DOC="48" PAGE_NO="6" NAME="Mirror of the Campus" ID="Ar00607" HREF="/6/Ar00607" SIZE="Large" IMAGES_RESOLUTION="160" WORDCNT="563"/>
				<Entity ENTITY_TYPE="Article" FIRST_TOC_ENTRY_ID="51" DEPTH_LEVEL="1" INDEX_IN_DOC="51" PAGE_NO="6" NAME="Untitled Article" ID="Ar00608" HREF="/6/Ar00608" SIZE="Small" IMAGES_RESOLUTION="160" WORDCNT="188"/>
				<Entity ENTITY_TYPE="Ad" FIRST_TOC_ENTRY_ID="54" DEPTH_LEVEL="1" INDEX_IN_DOC="54" PAGE_NO="6" NAME="Untitled Ad" ID="Ad00609" HREF="/6/Ad00609" SIZE="Medium" IMAGES_RESOLUTION="160" WORDCNT="79"/>
			</Page>
			<Page PAGE_NO="7" NAME="" PAGE_LABEL="7" ID="Pg007" PAGE_TYPE="Single" PAGE_WIDTH="865" PAGE_HEIGHT="1242" CROP_BOX="0 0 864 1241" MEDIA_BOX="0 0 864 1241" HREF="/7/Pg007" TOTAL_CHARS_COUNT="2901" SUSPICIOUS_CHARS_COUNT="0">
				<Entity ENTITY_TYPE="Article" FIRST_TOC_ENTRY_ID="55" DEPTH_LEVEL="1" INDEX_IN_DOC="55" PAGE_NO="7" NAME="Labor Chief Visits Hillel" ID="Ar00700" HREF="/7/Ar00700" SIZE="Small" IMAGES_RESOLUTION="160" WORDCNT="133"/>
				<Entity ENTITY_TYPE="Article" FIRST_TOC_ENTRY_ID="56" DEPTH_LEVEL="1" INDEX_IN_DOC="56" PAGE_NO="7" NAME="Test Results Bring Honors" ID="Ar00701" HREF="/7/Ar00701" SIZE="Small" IMAGES_RESOLUTION="160" WORDCNT="199"/>
				<Entity ENTITY_TYPE="Article" FIRST_TOC_ENTRY_ID="58" DEPTH_LEVEL="1" INDEX_IN_DOC="58" PAGE_NO="7" NAME="Classes Started In City Planning" ID="Ar00702" HREF="/7/Ar00702" SIZE="Medium" IMAGES_RESOLUTION="160" WORDCNT="283"/>
				<Entity ENTITY_TYPE="Picture" FIRST_TOC_ENTRY_ID="60" DEPTH_LEVEL="2" INDEX_IN_DOC="60" PAGE_NO="7" NAME="Untitled Picture" ID="Pc00703" HREF="/7/Pc00703" SIZE="Medium" EMBEDDED_INTO="Ar00704" EMBEDDED_AFTER="Ar0070400" IMAGES_RESOLUTION="160" WORDCNT="0"/>
				<Entity ENTITY_TYPE="Article" FIRST_TOC_ENTRY_ID="59" DEPTH_LEVEL="1" INDEX_IN_DOC="59" PAGE_NO="7" NAME="Untitled Article" ID="Ar00704" HREF="/7/Ar00704" SIZE="Small" IMAGES_RESOLUTION="160" WORDCNT="26"/>
				<Entity ENTITY_TYPE="Ad" FIRST_TOC_ENTRY_ID="61" DEPTH_LEVEL="1" INDEX_IN_DOC="61" PAGE_NO="7" NAME="Untitled Ad" ID="Ad00705" HREF="/7/Ad00705" SIZE="XLarge" IMAGES_RESOLUTION="160" WORDCNT="443"/>
				<Entity ENTITY_TYPE="Ad" FIRST_TOC_ENTRY_ID="57" DEPTH_LEVEL="1" INDEX_IN_DOC="57" PAGE_NO="7" NAME="Untitled Ad" ID="Ad00706" HREF="/7/Ad00706" SIZE="Small" IMAGES_RESOLUTION="160" WORDCNT="72"/>
			</Page>
			<Page PAGE_NO="8" NAME="" PAGE_LABEL="8" ID="Pg008" PAGE_TYPE="Single" PAGE_WIDTH="876" PAGE_HEIGHT="1262" CROP_BOX="0 0 875 1261" MEDIA_BOX="0 0 875 1261" HREF="/8/Pg008" TOTAL_CHARS_COUNT="2922" SUSPICIOUS_CHARS_COUNT="0">
				<Entity ENTITY_TYPE="Article" FIRST_TOC_ENTRY_ID="62" DEPTH_LEVEL="1" INDEX_IN_DOC="62" PAGE_NO="8" NAME="Van Gogh Letters to Be Read By Vincent Price in Mershon" ID="Ar00800" HREF="/8/Ar00800" SIZE="Small" IMAGES_RESOLUTION="160" WORDCNT="171"/>
				<Entity ENTITY_TYPE="Picture" FIRST_TOC_ENTRY_ID="63" DEPTH_LEVEL="2" INDEX_IN_DOC="63" PAGE_NO="8" NAME="Untitled Picture" ID="Pc00801" HREF="/8/Pc00801" SIZE="Small" EMBEDDED_INTO="Ar00800" EMBEDDED_AFTER="Ar0080002" IMAGES_RESOLUTION="160" WORDCNT="0"/>
				<Entity ENTITY_TYPE="Article" FIRST_TOC_ENTRY_ID="64" DEPTH_LEVEL="1" INDEX_IN_DOC="64" PAGE_NO="8" NAME="Card Check Coming Soon" ID="Ar00802" HREF="/8/Ar00802" SIZE="Small" IMAGES_RESOLUTION="160" WORDCNT="181"/>
				<Entity ENTITY_TYPE="Ad" FIRST_TOC_ENTRY_ID="65" DEPTH_LEVEL="1" INDEX_IN_DOC="65" PAGE_NO="8" NAME="Untitled Ad" ID="Ad00803" HREF="/8/Ad00803" SIZE="Medium" IMAGES_RESOLUTION="160" WORDCNT="50"/>
				<Entity ENTITY_TYPE="Article" FIRST_TOC_ENTRY_ID="66" DEPTH_LEVEL="1" INDEX_IN_DOC="66" PAGE_NO="8" NAME="Campus Comment" ID="Ar00804" HREF="/8/Ar00804" SIZE="Medium" IMAGES_RESOLUTION="160" WORDCNT="361"/>
				<Entity ENTITY_TYPE="Ad" FIRST_TOC_ENTRY_ID="67" DEPTH_LEVEL="1" INDEX_IN_DOC="67" PAGE_NO="8" NAME="Untitled Ad" ID="Ad00805" HREF="/8/Ad00805" SIZE="XLarge" IMAGES_RESOLUTION="160" WORDCNT="196"/>
			</Page>
		</Section>
	</Body_np>
	<Logic_np><TOC_Entries><TOC_Entry TOC_ENTRY_ID="1" TITLE="Enrollment Up From Year Ago" ENTITY_ID_REF="Ar00100" PAGE_NO="1" PAGE_LABEL="1" PRIM_ID_REF="Ar0010000" IS_IC="true"/><TOC_Entry TOC_ENTRY_ID="2" TITLE="Man Who Helped Build Stadium Dies" ENTITY_ID_REF="Ar00102" PAGE_NO="1" PAGE_LABEL="1" PRIM_ID_REF="Ar0010200" IS_IC="true"/><TOC_Entry TOC_ENTRY_ID="3" TITLE="Dr. Lord's Burial Set for Thursday" ENTITY_ID_REF="Ar00108" PAGE_NO="1" PAGE_LABEL="1" PRIM_ID_REF="Ar0010800" IS_IC="true"/><TOC_Entry TOC_ENTRY_ID="4" TITLE="DEADLINE EXTENDED" ENTITY_ID_REF="Ar00104" PAGE_NO="1" PAGE_LABEL="1" PRIM_ID_REF="Ar0010400" IS_IC="true"/><TOC_Entry TOC_ENTRY_ID="5" TITLE="DEBATE MODERATOR�Ned Brooks (center) of ..." ENTITY_ID_REF="Ar00107" PAGE_NO="1" PAGE_LABEL="1" PRIM_ID_REF="Ar0010700" IS_IC="true"><TOC_Entry TOC_ENTRY_ID="6" TITLE="" ENTITY_ID_REF="Pc00106" PAGE_NO="1" PAGE_LABEL="1" PRIM_ID_REF="Pc0010600" IS_IC="true"/></TOC_Entry><TOC_Entry TOC_ENTRY_ID="7" TITLE="THE WEATHER Partly cloudy and warm - Hig..." ENTITY_ID_REF="Ar00109" PAGE_NO="1" PAGE_LABEL="1" PRIM_ID_REF="Ar0010900" IS_IC="true"/><TOC_Entry TOC_ENTRY_ID="8" TITLE="Woody Bleeds with His Boys" ENTITY_ID_REF="Ar00101" PAGE_NO="1" PAGE_LABEL="1" PRIM_ID_REF="Ar0010100" IS_IC="true"><TOC_Entry TOC_ENTRY_ID="9" TITLE="" ENTITY_ID_REF="Pc00105" PAGE_NO="1" PAGE_LABEL="1" PRIM_ID_REF="Pc0010500" IS_IC="true"/></TOC_Entry><TOC_Entry TOC_ENTRY_ID="10" TITLE="TV's Brooks Arrives To Moderate Debate" ENTITY_ID_REF="Ar00103" PAGE_NO="1" PAGE_LABEL="1" PRIM_ID_REF="Ar0010300" IS_IC="true"/><TOC_Entry TOC_ENTRY_ID="11" TITLE="Pioneer" ENTITY_ID_REF="Ar00200" PAGE_NO="2" PAGE_LABEL="2" PRIM_ID_REF="Ar0020000" IS_IC="true"/><TOC_Entry TOC_ENTRY_ID="12" TITLE="White Smoke" ENTITY_ID_REF="Ar00201" PAGE_NO="2" PAGE_LABEL="2" PRIM_ID_REF="Ar0020100" IS_IC="true"/><TOC_Entry TOC_ENTRY_ID="13" TITLE="Last Resort" ENTITY_ID_REF="Ar00202" PAGE_NO="2" PAGE_LABEL="2" PRIM_ID_REF="Ar0020200" IS_IC="true"/><TOC_Entry TOC_ENTRY_ID="14" TITLE="# Herr Fix&amp;Y Is Unusual En Germany" ENTITY_ID_REF="Ar00203" PAGE_NO="2" PAGE_LABEL="2" PRIM_ID_REF="Ar0020300" IS_IC="true"/><TOC_Entry TOC_ENTRY_ID="15" TITLE="JhsL OJ IJUD StaJtsL... LANTERN STAFF Ma..." ENTITY_ID_REF="Ar00204" PAGE_NO="2" PAGE_LABEL="2" PRIM_ID_REF="Ar0020400" IS_IC="true"/><TOC_Entry TOC_ENTRY_ID="16" TITLE="QolkqsL QhoMJwadA" ENTITY_ID_REF="Ar00205" PAGE_NO="2" PAGE_LABEL="2" PRIM_ID_REF="Ar0020500" IS_IC="true"/><TOC_Entry TOC_ENTRY_ID="17" TITLE="REPORTS ON PRIESTHOOD STUDENTS" ENTITY_ID_REF="Ar00208" PAGE_NO="2" PAGE_LABEL="2" PRIM_ID_REF="Ar0020800" IS_IC="true"/><TOC_Entry TOC_ENTRY_ID="18" TITLE="LITTLE MAN ON CAMPUS" ENTITY_ID_REF="Ar00207" PAGE_NO="2" PAGE_LABEL="2" PRIM_ID_REF="Ar0020700" IS_IC="true"><TOC_Entry TOC_ENTRY_ID="19" TITLE="" ENTITY_ID_REF="Pc00206" PAGE_NO="2" PAGE_LABEL="2" PRIM_ID_REF="Pc0020600" IS_IC="true"/></TOC_Entry><TOC_Entry TOC_ENTRY_ID="20" TITLE="Musical Mosaic" ENTITY_ID_REF="Ar00300" PAGE_NO="3" PAGE_LABEL="3" PRIM_ID_REF="Ar0030000" IS_IC="true"><TOC_Entry TOC_ENTRY_ID="21" TITLE="" ENTITY_ID_REF="Pc00305" PAGE_NO="3" PAGE_LABEL="3" PRIM_ID_REF="Pc0030500" IS_IC="true"/></TOC_Entry><TOC_Entry TOC_ENTRY_ID="22" TITLE="'Schools Need Revisions'" ENTITY_ID_REF="Ar00303" PAGE_NO="3" PAGE_LABEL="3" PRIM_ID_REF="Ar0030300" IS_IC="true"/><TOC_Entry TOC_ENTRY_ID="23" TITLE="Competition Starts For Writing Award" ENTITY_ID_REF="Ar00301" PAGE_NO="3" PAGE_LABEL="3" PRIM_ID_REF="Ar0030100" IS_IC="true"/><TOC_Entry TOC_ENTRY_ID="24" TITLE="Off Beat" ENTITY_ID_REF="Ar00307" PAGE_NO="3" PAGE_LABEL="3" PRIM_ID_REF="Ar0030700" IS_IC="true"/><TOC_Entry TOC_ENTRY_ID="25" TITLE="Student Gets Borden Grant" ENTITY_ID_REF="Ar00302" PAGE_NO="3" PAGE_LABEL="3" PRIM_ID_REF="Ar0030200" IS_IC="true"/><TOC_Entry TOC_ENTRY_ID="26" TITLE="Hollywood Beckons" ENTITY_ID_REF="Ar00304" PAGE_NO="3" PAGE_LABEL="3" PRIM_ID_REF="Ar0030400" IS_IC="true"><TOC_Entry TOC_ENTRY_ID="27" TITLE="" ENTITY_ID_REF="Pc00306" PAGE_NO="3" PAGE_LABEL="3" PRIM_ID_REF="Pc0030600" IS_IC="true"/></TOC_Entry><TOC_Entry TOC_ENTRY_ID="28" TITLE="Buck Soccer Squad Downs Oberlin" ENTITY_ID_REF="Ar00400" PAGE_NO="4" PAGE_LABEL="4" PRIM_ID_REF="Ar0040000" IS_IC="true"/><TOC_Entry TOC_ENTRY_ID="29" TITLE="Intramural Football Squads Open Season" ENTITY_ID_REF="Ar00401" PAGE_NO="4" PAGE_LABEL="4" PRIM_ID_REF="Ar0040100" IS_IC="true"/><TOC_Entry TOC_ENTRY_ID="30" TITLE="Card Attack Is Different" ENTITY_ID_REF="Ar00402" PAGE_NO="4" PAGE_LABEL="4" PRIM_ID_REF="Ar0040200" IS_IC="true"/><TOC_Entry TOC_ENTRY_ID="31" TITLE="Tyrer Will Start Against Hoosiers" ENTITY_ID_REF="Ar00404" PAGE_NO="4" PAGE_LABEL="4" PRIM_ID_REF="Ar0040400" IS_IC="true"/><TOC_Entry TOC_ENTRY_ID="32" TITLE="Clark Is Second" ENTITY_ID_REF="Ar00407" PAGE_NO="4" PAGE_LABEL="4" PRIM_ID_REF="Ar0040700" IS_IC="true"/><TOC_Entry TOC_ENTRY_ID="33" TITLE="" ENTITY_ID_REF="Ad00403" PAGE_NO="4" PAGE_LABEL="4" PRIM_ID_REF="Ad0040309" IS_IC="true"/><TOC_Entry TOC_ENTRY_ID="34" TITLE="" ENTITY_ID_REF="Ad00406" PAGE_NO="4" PAGE_LABEL="4" PRIM_ID_REF="Ad0040601" IS_IC="true"/><TOC_Entry TOC_ENTRY_ID="35" TITLE="" ENTITY_ID_REF="Ad00405" PAGE_NO="4" PAGE_LABEL="4" PRIM_ID_REF="Ad0040513" IS_IC="true"/><TOC_Entry TOC_ENTRY_ID="36" TITLE="" ENTITY_ID_REF="Ad00408" PAGE_NO="4" PAGE_LABEL="4" PRIM_ID_REF="Ad0040801" IS_IC="true"/><TOC_Entry TOC_ENTRY_ID="37" TITLE="Highlights in Sports" ENTITY_ID_REF="Ar00501" PAGE_NO="5" PAGE_LABEL="5" PRIM_ID_REF="Ar0050100" IS_IC="true"/><TOC_Entry TOC_ENTRY_ID="38" TITLE="Woody Prepares Buckeyes For Second Big 1..." ENTITY_ID_REF="Ar00503" PAGE_NO="5" PAGE_LABEL="5" PRIM_ID_REF="Ar0050300" IS_IC="true"/><TOC_Entry TOC_ENTRY_ID="39" TITLE="Army Obeys DeGaulle" ENTITY_ID_REF="Ar00506" PAGE_NO="5" PAGE_LABEL="5" PRIM_ID_REF="Ar0050600" IS_IC="true"/><TOC_Entry TOC_ENTRY_ID="40" TITLE="Plane Fares Upped" ENTITY_ID_REF="Ar00507" PAGE_NO="5" PAGE_LABEL="5" PRIM_ID_REF="Ar0050700" IS_IC="true"/><TOC_Entry TOC_ENTRY_ID="41" TITLE="Buckeye Statistics" ENTITY_ID_REF="Ar00504" PAGE_NO="5" PAGE_LABEL="5" PRIM_ID_REF="Ar0050400" IS_IC="true"/><TOC_Entry TOC_ENTRY_ID="42" TITLE="First Freshman Basketball Practice Is Se..." ENTITY_ID_REF="Ar00502" PAGE_NO="5" PAGE_LABEL="5" PRIM_ID_REF="Ar0050200" IS_IC="true"/><TOC_Entry TOC_ENTRY_ID="43" TITLE="" ENTITY_ID_REF="Ad00500" PAGE_NO="5" PAGE_LABEL="5" PRIM_ID_REF="Ad0050010" IS_IC="true"/><TOC_Entry TOC_ENTRY_ID="44" TITLE="" ENTITY_ID_REF="Ad00505" PAGE_NO="5" PAGE_LABEL="5" PRIM_ID_REF="Ad0050501" IS_IC="true"/><TOC_Entry TOC_ENTRY_ID="45" TITLE="OFFICIAL BULLETIN THE OHIO STATE UNIVERS..." ENTITY_ID_REF="Ar00600" PAGE_NO="6" PAGE_LABEL="6" PRIM_ID_REF="Ar0060000" IS_IC="true"/><TOC_Entry TOC_ENTRY_ID="46" TITLE="Historical Tour Set on WOSU-TV" ENTITY_ID_REF="Ar00601" PAGE_NO="6" PAGE_LABEL="6" PRIM_ID_REF="Ar0060100" IS_IC="true"/><TOC_Entry TOC_ENTRY_ID="47" TITLE="QlaAAiftiQjdiL. RATES Regular Classified..." ENTITY_ID_REF="Ar00602" PAGE_NO="6" PAGE_LABEL="6" PRIM_ID_REF="Ar0060200" IS_IC="true"/><TOC_Entry TOC_ENTRY_ID="48" TITLE="Mirror of the Campus" ENTITY_ID_REF="Ar00607" PAGE_NO="6" PAGE_LABEL="6" PRIM_ID_REF="Ar0060700" IS_IC="true"/><TOC_Entry TOC_ENTRY_ID="49" TITLE="New Recruits Must Work For Group" ENTITY_ID_REF="Ar00603" PAGE_NO="6" PAGE_LABEL="6" PRIM_ID_REF="Ar0060300" IS_IC="true"/><TOC_Entry TOC_ENTRY_ID="50" TITLE="Physics Club Has First 1 Anniversary" ENTITY_ID_REF="Ar00604" PAGE_NO="6" PAGE_LABEL="6" PRIM_ID_REF="Ar0060400" IS_IC="true"/><TOC_Entry TOC_ENTRY_ID="51" TITLE="AM 820 Kilocycles FM 89.7 Megacycles WED..." ENTITY_ID_REF="Ar00608" PAGE_NO="6" PAGE_LABEL="6" PRIM_ID_REF="Ar0060800" IS_IC="true"><TOC_Entry TOC_ENTRY_ID="52" TITLE="" ENTITY_ID_REF="Pc00605" PAGE_NO="6" PAGE_LABEL="6" PRIM_ID_REF="Pc0060500" IS_IC="true"/></TOC_Entry><TOC_Entry TOC_ENTRY_ID="53" TITLE="" ENTITY_ID_REF="Ad00606" PAGE_NO="6" PAGE_LABEL="6" PRIM_ID_REF="Ad0060605" IS_IC="true"/><TOC_Entry TOC_ENTRY_ID="54" TITLE="" ENTITY_ID_REF="Ad00609" PAGE_NO="6" PAGE_LABEL="6" PRIM_ID_REF="Ad0060901" IS_IC="true"/><TOC_Entry TOC_ENTRY_ID="55" TITLE="Labor Chief Visits Hillel" ENTITY_ID_REF="Ar00700" PAGE_NO="7" PAGE_LABEL="7" PRIM_ID_REF="Ar0070000" IS_IC="true"/><TOC_Entry TOC_ENTRY_ID="56" TITLE="Test Results Bring Honors" ENTITY_ID_REF="Ar00701" PAGE_NO="7" PAGE_LABEL="7" PRIM_ID_REF="Ar0070100" IS_IC="true"/><TOC_Entry TOC_ENTRY_ID="57" TITLE="" ENTITY_ID_REF="Ad00706" PAGE_NO="7" PAGE_LABEL="7" PRIM_ID_REF="Ad0070601" IS_IC="true"/><TOC_Entry TOC_ENTRY_ID="58" TITLE="Classes Started In City Planning" ENTITY_ID_REF="Ar00702" PAGE_NO="7" PAGE_LABEL="7" PRIM_ID_REF="Ar0070200" IS_IC="true"/><TOC_Entry TOC_ENTRY_ID="59" TITLE="SERIES OPENER �Major Alexander P. de Sev..." ENTITY_ID_REF="Ar00704" PAGE_NO="7" PAGE_LABEL="7" PRIM_ID_REF="Ar0070400" IS_IC="true"><TOC_Entry TOC_ENTRY_ID="60" TITLE="" ENTITY_ID_REF="Pc00703" PAGE_NO="7" PAGE_LABEL="7" PRIM_ID_REF="Pc0070300" IS_IC="true"/></TOC_Entry><TOC_Entry TOC_ENTRY_ID="61" TITLE="" ENTITY_ID_REF="Ad00705" PAGE_NO="7" PAGE_LABEL="7" PRIM_ID_REF="Ad0070501" IS_IC="true"/><TOC_Entry TOC_ENTRY_ID="62" TITLE="Van Gogh Letters to Be Read By Vincent P..." ENTITY_ID_REF="Ar00800" PAGE_NO="8" PAGE_LABEL="8" PRIM_ID_REF="Ar0080000" IS_IC="true"><TOC_Entry TOC_ENTRY_ID="63" TITLE="" ENTITY_ID_REF="Pc00801" PAGE_NO="8" PAGE_LABEL="8" PRIM_ID_REF="Pc0080100" IS_IC="true"/></TOC_Entry><TOC_Entry TOC_ENTRY_ID="64" TITLE="Card Check Coming Soon" ENTITY_ID_REF="Ar00802" PAGE_NO="8" PAGE_LABEL="8" PRIM_ID_REF="Ar0080200" IS_IC="true"/><TOC_Entry TOC_ENTRY_ID="65" TITLE="" ENTITY_ID_REF="Ad00803" PAGE_NO="8" PAGE_LABEL="8" PRIM_ID_REF="Ad0080306" IS_IC="true"/><TOC_Entry TOC_ENTRY_ID="66" TITLE="Campus Comment" ENTITY_ID_REF="Ar00804" PAGE_NO="8" PAGE_LABEL="8" PRIM_ID_REF="Ar0080400" IS_IC="true"/><TOC_Entry TOC_ENTRY_ID="67" TITLE="" ENTITY_ID_REF="Ad00805" PAGE_NO="8" PAGE_LABEL="8" PRIM_ID_REF="Ad0080501" IS_IC="true"/></TOC_Entries></Logic_np></Xmd_toc>
