file name,author,creator,producer,subject,title
2003-02-00j.pdf,thomas.1082,Acrobat PDFMaker 9.0 for Word,Adobe PDF Library 9.0,None,None
2005-04-05k.pdf,jferguson,Acrobat PDFMaker 9.0 for Word,Adobe PDF Library 9.0,None,None
2005-05-17 Homeland Security.pdf,Rob,Acrobat PDFMaker 15 for Word,Adobe PDF Library 15.0,, 
2006-05-22c.pdf,betsy andres,Acrobat PDFMaker 9.0 for Word,Adobe PDF Library 9.0,None,None
2006-05-23 Central Ohio Innovation Center.pdf,U.S. House of Representatives,Acrobat PDFMaker 15 for Word,Adobe PDF Library 15.0,, 
2006-06-05.pdf,thomas.1082,Acrobat PDFMaker 9.0 for Word,Adobe PDF Library 9.0,None,None
