<x:xmpmeta xmlns:x="adobe:ns:meta/" x:xmptk="Adobe XMP Core 5.4-c005 78.147326, 2012/08/23-13:03:03        ">
	<rdf:RDF xmlns:rdf="http://www.w3.org/1999/02/22-rdf-syntax-ns#">
		<rdf:Description rdf:about="" xmlns:xmp="http://ns.adobe.com/xap/1.0/" xmlns:dc="http://purl.org/dc/elements/1.1/" xmlns:xmpMM="http://ns.adobe.com/xap/1.0/mm/" xmlns:pdf="http://ns.adobe.com/pdf/1.3/" xmlns:pdfx="http://ns.adobe.com/pdfx/1.3/" xmlns:Olv="Olive" xmp:ModifyDate="2019-08-31T11:52:18+05:30" xmp:CreateDate="2018-04-09T21:47:25-04:00" xmp:MetadataDate="2019-08-31T11:52:18+05:30" xmp:CreatorTool="Adobe InDesign CC 13.0 (Macintosh)" dc:format="application/pdf" xmpMM:DocumentID="uuid:e9270942-f0c1-ac40-ac10-269d567d52b3" xmpMM:InstanceID="uuid:5beae818-888a-4088-951c-b3d5fb4879b7" pdf:Producer="Adobe PDF Library 15.0" pdfx:OLV0_XMD_PAGE_COUNT="8" Olv:publication="OHI" Olv:issue_date="2018/ 4/10">
			<Olv:TimeTrack>
				<rdf:Seq>
					<rdf:li>
						<rdf:Description Olv:GUID="{00668B7B-CA04-48A6-B50E-6FE2BD66FEE9}" Olv:Status="Succeeded" Olv:File="060-OHI-2018-04-10-0001.pdf" Olv:Pages="8" Olv:Comp="SEG07" Olv:User="pipex" Olv:Start="2019-08-06T13:27:45+05:30" Olv:End="2019-08-06T13:28:03+05:30" Olv:TotalTime="00:00:18" Olv:IdleTime="00:00:00">
							<Olv:Operations>
								<rdf:Bag>
									<rdf:li>Auto Segmentation</rdf:li>
									<rdf:li>First session</rdf:li>
								</rdf:Bag>
							</Olv:Operations>
						</rdf:Description>
					</rdf:li>
					<rdf:li>
						<rdf:Description Olv:GUID="{75B9888A-4099-416B-8BBA-EEC5D465F726}" Olv:Status="None" Olv:File="060-OHI-2018-04-10-0001.pdf" Olv:Pages="8" Olv:Comp="MDOPS-C18" Olv:User="001662" Olv:Start="2019-08-22T10:05:52+05:30" Olv:End="2019-08-22T10:38:46+05:30" Olv:TotalTime="00:32:54" Olv:IdleTime="00:00:35">
							<Olv:Operations>
								<rdf:Bag>
									<rdf:li>Edit Segmentation</rdf:li>
								</rdf:Bag>
							</Olv:Operations>
						</rdf:Description>
					</rdf:li>
					<rdf:li>
						<rdf:Description Olv:GUID="{DB2E9463-591B-4C90-9CCC-964817EC542B}" Olv:Status="None" Olv:File="060-OHI-2018-04-10-0001.pdf" Olv:Pages="8" Olv:Comp="MDOPS-C20" Olv:User="000678" Olv:Start="2019-08-29T09:02:55+05:30" Olv:End="2019-08-29T09:14:50+05:30" Olv:TotalTime="00:11:55" Olv:IdleTime="00:05:58">
							<Olv:Operations>
								<rdf:Bag>
									<rdf:li>Edit Segmentation</rdf:li>
								</rdf:Bag>
							</Olv:Operations>
						</rdf:Description>
					</rdf:li>
					<rdf:li>
						<rdf:Description Olv:GUID="{0FCEDFF4-D4EC-4F60-A427-5E9B3D942D8D}" Olv:Status="Succeeded" Olv:File="060-OHI-2018-04-10-0001.pdf" Olv:Pages="8" Olv:Comp="SEG07" Olv:User="pipex" Olv:Start="2019-08-31T11:52:19+05:30" Olv:End="2019-08-31T11:53:13+05:30" Olv:TotalTime="00:00:54" Olv:IdleTime="00:00:54">
							<Olv:Operations>
								<rdf:Bag>
									<rdf:li>Output</rdf:li>
								</rdf:Bag>
							</Olv:Operations>
						</rdf:Description>
					</rdf:li>
				</rdf:Seq>
			</Olv:TimeTrack>
		</rdf:Description>
	</rdf:RDF>
</x:xmpmeta>
