<x:xmpmeta xmlns:x="adobe:ns:meta/" x:xmptk="Adobe XMP Core 5.4-c005 78.147326, 2012/08/23-13:03:03        ">
	<rdf:RDF xmlns:rdf="http://www.w3.org/1999/02/22-rdf-syntax-ns#">
		<rdf:Description rdf:about="" xmlns:xmp="http://ns.adobe.com/xap/1.0/" xmlns:dc="http://purl.org/dc/elements/1.1/" xmlns:xmpMM="http://ns.adobe.com/xap/1.0/mm/" xmlns:pdf="http://ns.adobe.com/pdf/1.3/" xmlns:pdfx="http://ns.adobe.com/pdfx/1.3/" xmlns:Olv="Olive" xmp:ModifyDate="2019-08-31T11:49:28+05:30" xmp:CreateDate="2018-03-19T21:46:24-04:00" xmp:MetadataDate="2019-08-31T11:49:28+05:30" xmp:CreatorTool="Adobe InDesign CC 13.0 (Macintosh)" dc:format="application/pdf" xmpMM:DocumentID="uuid:392deb35-3b7d-6945-9e06-e978497d679e" xmpMM:InstanceID="uuid:1912c8a7-adfd-4571-a69a-fdb058041f0b" pdf:Producer="Adobe PDF Library 15.0" pdfx:OLV0_XMD_PAGE_COUNT="8" Olv:publication="OHI" Olv:issue_date="2018/ 3/20">
			<Olv:TimeTrack>
				<rdf:Seq>
					<rdf:li>
						<rdf:Description Olv:GUID="{9C340798-35AB-4863-B27F-F8470A76BCF5}" Olv:Status="Succeeded" Olv:File="060-OHI-2018-03-20-0001.pdf" Olv:Pages="8" Olv:Comp="SEG06" Olv:User="pipex" Olv:Start="2019-08-06T13:27:37+05:30" Olv:End="2019-08-06T13:27:50+05:30" Olv:TotalTime="00:00:13" Olv:IdleTime="00:00:00">
							<Olv:Operations>
								<rdf:Bag>
									<rdf:li>Auto Segmentation</rdf:li>
									<rdf:li>First session</rdf:li>
								</rdf:Bag>
							</Olv:Operations>
						</rdf:Description>
					</rdf:li>
					<rdf:li>
						<rdf:Description Olv:GUID="{4E303BD9-49C4-4935-8048-393DC8FC262A}" Olv:Status="None" Olv:File="060-OHI-2018-03-20-0001.pdf" Olv:Pages="8" Olv:Comp="MDOPS-C17" Olv:User="001664" Olv:Start="2019-08-22T09:05:29+05:30" Olv:End="2019-08-22T09:52:13+05:30" Olv:TotalTime="00:46:44" Olv:IdleTime="00:04:32">
							<Olv:Operations>
								<rdf:Bag>
									<rdf:li>Edit Segmentation</rdf:li>
								</rdf:Bag>
							</Olv:Operations>
						</rdf:Description>
					</rdf:li>
					<rdf:li>
						<rdf:Description Olv:GUID="{A21B3247-10E1-493B-8738-DE8D0BC0E30B}" Olv:Status="None" Olv:File="060-OHI-2018-03-20-0001.pdf" Olv:Pages="8" Olv:Comp="MDOPS-C20" Olv:User="000678" Olv:Start="2019-08-29T08:43:09+05:30" Olv:End="2019-08-29T08:51:36+05:30" Olv:TotalTime="00:08:27" Olv:IdleTime="00:02:36">
							<Olv:Operations>
								<rdf:Bag>
									<rdf:li>Edit Segmentation</rdf:li>
								</rdf:Bag>
							</Olv:Operations>
						</rdf:Description>
					</rdf:li>
					<rdf:li>
						<rdf:Description Olv:GUID="{D27BEA5D-759A-4297-AF65-E518E061AA90}" Olv:Status="Succeeded" Olv:File="060-OHI-2018-03-20-0001.pdf" Olv:Pages="8" Olv:Comp="SEG03" Olv:User="pipex" Olv:Start="2019-08-31T11:49:29+05:30" Olv:End="2019-08-31T11:50:25+05:30" Olv:TotalTime="00:00:56" Olv:IdleTime="00:00:56">
							<Olv:Operations>
								<rdf:Bag>
									<rdf:li>Output</rdf:li>
								</rdf:Bag>
							</Olv:Operations>
						</rdf:Description>
					</rdf:li>
				</rdf:Seq>
			</Olv:TimeTrack>
		</rdf:Description>
	</rdf:RDF>
</x:xmpmeta>
