<x:xmpmeta xmlns:x="adobe:ns:meta/" x:xmptk="Adobe XMP Core 5.4-c005 78.147326, 2012/08/23-13:03:03        ">
	<rdf:RDF xmlns:rdf="http://www.w3.org/1999/02/22-rdf-syntax-ns#">
		<rdf:Description rdf:about="" xmlns:xmp="http://ns.adobe.com/xap/1.0/" xmlns:dc="http://purl.org/dc/elements/1.1/" xmlns:xmpMM="http://ns.adobe.com/xap/1.0/mm/" xmlns:pdf="http://ns.adobe.com/pdf/1.3/" xmlns:pdfx="http://ns.adobe.com/pdfx/1.3/" xmlns:Olv="Olive" xmp:ModifyDate="2019-08-31T11:41:13+05:30" xmp:CreateDate="2018-02-21T21:59:02-05:00" xmp:MetadataDate="2019-08-31T11:41:13+05:30" xmp:CreatorTool="Adobe InDesign CC 13.0 (Macintosh)" dc:format="application/pdf" xmpMM:DocumentID="uuid:3da9e4da-0269-ee40-892b-de2781f08bd6" xmpMM:InstanceID="uuid:06319e02-b2d8-420e-a556-c3b8f19613f7" pdf:Producer="Adobe PDF Library 15.0" pdfx:OLV0_XMD_PAGE_COUNT="8" Olv:publication="OHI" Olv:issue_date="2018/ 2/22">
			<Olv:TimeTrack>
				<rdf:Seq>
					<rdf:li>
						<rdf:Description Olv:GUID="{A7D73240-35E5-4622-8FBA-689A24017DDB}" Olv:Status="Succeeded" Olv:File="060-OHI-2018-02-22-0001.pdf" Olv:Pages="8" Olv:Comp="SEG06" Olv:User="pipex" Olv:Start="2019-08-06T13:27:07+05:30" Olv:End="2019-08-06T13:27:19+05:30" Olv:TotalTime="00:00:12" Olv:IdleTime="00:00:00">
							<Olv:Operations>
								<rdf:Bag>
									<rdf:li>Auto Segmentation</rdf:li>
									<rdf:li>First session</rdf:li>
								</rdf:Bag>
							</Olv:Operations>
						</rdf:Description>
					</rdf:li>
					<rdf:li>
						<rdf:Description Olv:GUID="{B9940A94-3FC2-4E68-9C29-FC9446DB209F}" Olv:Status="None" Olv:File="060-OHI-2018-02-22-0001.pdf" Olv:Pages="8" Olv:Comp="MDOPS-C14" Olv:User="001663" Olv:Start="2019-08-21T15:02:40+05:30" Olv:End="2019-08-21T16:01:36+05:30" Olv:TotalTime="00:58:56" Olv:IdleTime="00:09:07">
							<Olv:Operations>
								<rdf:Bag>
									<rdf:li>Edit Segmentation</rdf:li>
								</rdf:Bag>
							</Olv:Operations>
						</rdf:Description>
					</rdf:li>
					<rdf:li>
						<rdf:Description Olv:GUID="{75DA5F5D-6E1E-4770-B36A-95A55D537158}" Olv:Status="None" Olv:File="060-OHI-2018-02-22-0001.pdf" Olv:Pages="8" Olv:Comp="MDOPS-C09" Olv:User="001128" Olv:Start="2019-08-29T08:30:04+05:30" Olv:End="2019-08-29T08:39:30+05:30" Olv:TotalTime="00:09:26" Olv:IdleTime="00:01:11">
							<Olv:Operations>
								<rdf:Bag>
									<rdf:li>Edit Segmentation</rdf:li>
								</rdf:Bag>
							</Olv:Operations>
						</rdf:Description>
					</rdf:li>
					<rdf:li>
						<rdf:Description Olv:GUID="{E16E8D78-AADF-4349-9D7B-B7CB5322FA9D}" Olv:Status="Succeeded" Olv:File="060-OHI-2018-02-22-0001.pdf" Olv:Pages="8" Olv:Comp="SEG04" Olv:User="pipex" Olv:Start="2019-08-31T11:41:13+05:30" Olv:End="2019-08-31T11:41:54+05:30" Olv:TotalTime="00:00:41" Olv:IdleTime="00:00:41">
							<Olv:Operations>
								<rdf:Bag>
									<rdf:li>Output</rdf:li>
								</rdf:Bag>
							</Olv:Operations>
						</rdf:Description>
					</rdf:li>
				</rdf:Seq>
			</Olv:TimeTrack>
		</rdf:Description>
	</rdf:RDF>
</x:xmpmeta>
