<x:xmpmeta xmlns:x="adobe:ns:meta/" x:xmptk="Adobe XMP Core 5.4-c005 78.147326, 2012/08/23-13:03:03        ">
	<rdf:RDF xmlns:rdf="http://www.w3.org/1999/02/22-rdf-syntax-ns#">
		<rdf:Description rdf:about="" xmlns:xmp="http://ns.adobe.com/xap/1.0/" xmlns:dc="http://purl.org/dc/elements/1.1/" xmlns:xmpMM="http://ns.adobe.com/xap/1.0/mm/" xmlns:pdf="http://ns.adobe.com/pdf/1.3/" xmlns:pdfx="http://ns.adobe.com/pdfx/1.3/" xmlns:Olv="Olive" xmp:ModifyDate="2019-08-31T11:30:32+05:30" xmp:CreateDate="2018-11-19T21:32:14-05:00" xmp:MetadataDate="2019-08-31T11:30:32+05:30" xmp:CreatorTool="Adobe InDesign CC 13.0 (Macintosh)" dc:format="application/pdf" xmpMM:DocumentID="uuid:7a29b610-0714-be4c-bcf8-bfab4a53e81b" xmpMM:InstanceID="uuid:04b9e723-5068-4d20-91ca-eb448ea5ee76" pdf:Producer="Adobe PDF Library 15.0" pdfx:OLV0_XMD_PAGE_COUNT="12" Olv:publication="OHI" Olv:issue_date="2018/11/20">
			<Olv:TimeTrack>
				<rdf:Seq>
					<rdf:li>
						<rdf:Description Olv:GUID="{86149CB2-46C7-4590-BC7F-9F91768AC4ED}" Olv:Status="Succeeded" Olv:File="060-OHI-2018-11-20-0001.pdf" Olv:Pages="12" Olv:Comp="SEG04" Olv:User="pipex" Olv:Start="2019-08-06T13:26:20+05:30" Olv:End="2019-08-06T13:26:37+05:30" Olv:TotalTime="00:00:17" Olv:IdleTime="00:00:00">
							<Olv:Operations>
								<rdf:Bag>
									<rdf:li>Auto Segmentation</rdf:li>
									<rdf:li>First session</rdf:li>
								</rdf:Bag>
							</Olv:Operations>
						</rdf:Description>
					</rdf:li>
					<rdf:li>
						<rdf:Description Olv:GUID="{EFF8D7D0-32E7-4513-A624-91A8BA257FA9}" Olv:Status="None" Olv:File="060-OHI-2018-11-20-0001.pdf" Olv:Pages="12" Olv:Comp="MDOPS-C17" Olv:User="001664" Olv:Start="2019-08-22T15:15:36+05:30" Olv:End="2019-08-22T16:13:26+05:30" Olv:TotalTime="00:57:50" Olv:IdleTime="00:03:07">
							<Olv:Operations>
								<rdf:Bag>
									<rdf:li>Edit Segmentation</rdf:li>
								</rdf:Bag>
							</Olv:Operations>
						</rdf:Description>
					</rdf:li>
					<rdf:li>
						<rdf:Description Olv:GUID="{BA4511E9-92E0-4A00-B57D-323AE416A81B}" Olv:Status="None" Olv:File="060-OHI-2018-11-20-0001.pdf" Olv:Pages="12" Olv:Comp="MDOPS-C08" Olv:User="000949" Olv:Start="2019-08-29T10:29:22+05:30" Olv:End="2019-08-29T10:44:03+05:30" Olv:TotalTime="00:14:41" Olv:IdleTime="00:00:41">
							<Olv:Operations>
								<rdf:Bag>
									<rdf:li>Edit Segmentation</rdf:li>
								</rdf:Bag>
							</Olv:Operations>
						</rdf:Description>
					</rdf:li>
					<rdf:li>
						<rdf:Description Olv:GUID="{AC2BEB62-4165-489B-86A7-C016D4C32D58}" Olv:Status="Succeeded" Olv:File="060-OHI-2018-11-20-0001.pdf" Olv:Pages="12" Olv:Comp="SEG07" Olv:User="pipex" Olv:Start="2019-08-31T11:30:35+05:30" Olv:End="2019-08-31T11:32:04+05:30" Olv:TotalTime="00:01:29" Olv:IdleTime="00:01:29">
							<Olv:Operations>
								<rdf:Bag>
									<rdf:li>Output</rdf:li>
								</rdf:Bag>
							</Olv:Operations>
						</rdf:Description>
					</rdf:li>
				</rdf:Seq>
			</Olv:TimeTrack>
		</rdf:Description>
	</rdf:RDF>
</x:xmpmeta>
