<x:xmpmeta xmlns:x="adobe:ns:meta/" x:xmptk="Adobe XMP Core 5.4-c005 78.147326, 2012/08/23-13:03:03        ">
	<rdf:RDF xmlns:rdf="http://www.w3.org/1999/02/22-rdf-syntax-ns#">
		<rdf:Description rdf:about="" xmlns:xmp="http://ns.adobe.com/xap/1.0/" xmlns:dc="http://purl.org/dc/elements/1.1/" xmlns:xmpMM="http://ns.adobe.com/xap/1.0/mm/" xmlns:pdf="http://ns.adobe.com/pdf/1.3/" xmlns:pdfx="http://ns.adobe.com/pdfx/1.3/" xmlns:Olv="Olive" xmp:ModifyDate="2019-08-31T12:09:12+05:30" xmp:CreateDate="2018-09-19T21:43-04:00" xmp:MetadataDate="2019-08-31T12:09:12+05:30" xmp:CreatorTool="Adobe InDesign CC 13.0 (Macintosh)" dc:format="application/pdf" xmpMM:DocumentID="uuid:46090636-a133-b04a-b4ff-6e5da98ff89f" xmpMM:InstanceID="uuid:b6f6e05b-7caa-4e29-8a08-d7b91d8e3240" pdf:Producer="Adobe PDF Library 15.0" pdfx:OLV0_XMD_PAGE_COUNT="8" Olv:publication="OHI" Olv:issue_date="2018/ 9/20">
			<Olv:TimeTrack>
				<rdf:Seq>
					<rdf:li>
						<rdf:Description Olv:GUID="{A45F0005-84AD-41FB-BADD-27BA2A553EDB}" Olv:Status="Succeeded" Olv:File="060-OHI-2018-09-20-0001.pdf" Olv:Pages="8" Olv:Comp="SEG02" Olv:User="pipex" Olv:Start="2019-08-06T13:57:59+05:30" Olv:End="2019-08-06T13:58:11+05:30" Olv:TotalTime="00:00:12" Olv:IdleTime="00:00:00">
							<Olv:Operations>
								<rdf:Bag>
									<rdf:li>Auto Segmentation</rdf:li>
									<rdf:li>First session</rdf:li>
								</rdf:Bag>
							</Olv:Operations>
						</rdf:Description>
					</rdf:li>
					<rdf:li>
						<rdf:Description Olv:GUID="{BE2212A1-158B-414A-AC59-30C935BBEEF3}" Olv:Status="None" Olv:File="060-OHI-2018-09-20-0001.pdf" Olv:Pages="8" Olv:Comp="MDOPS-C16" Olv:User="001661" Olv:Start="2019-08-22T12:38:39+05:30" Olv:End="2019-08-22T13:21:29+05:30" Olv:TotalTime="00:42:50" Olv:IdleTime="00:06:28">
							<Olv:Operations>
								<rdf:Bag>
									<rdf:li>Edit Segmentation</rdf:li>
								</rdf:Bag>
							</Olv:Operations>
						</rdf:Description>
					</rdf:li>
					<rdf:li>
						<rdf:Description Olv:GUID="{6CD8FB44-7568-4403-A1EE-83EE4254C5E1}" Olv:Status="None" Olv:File="060-OHI-2018-09-20-0001.pdf" Olv:Pages="8" Olv:Comp="MDOPS-C20" Olv:User="000678" Olv:Start="2019-08-29T09:53:06+05:30" Olv:End="2019-08-29T10:04:20+05:30" Olv:TotalTime="00:11:14" Olv:IdleTime="00:04:20">
							<Olv:Operations>
								<rdf:Bag>
									<rdf:li>Edit Segmentation</rdf:li>
								</rdf:Bag>
							</Olv:Operations>
						</rdf:Description>
					</rdf:li>
					<rdf:li>
						<rdf:Description Olv:GUID="{D3F219BE-3A5D-4BE8-AE2C-86B496A15631}" Olv:Status="Succeeded" Olv:File="060-OHI-2018-09-20-0001.pdf" Olv:Pages="8" Olv:Comp="SEG06" Olv:User="pipex" Olv:Start="2019-08-31T12:09:13+05:30" Olv:End="2019-08-31T12:10:02+05:30" Olv:TotalTime="00:00:49" Olv:IdleTime="00:00:49">
							<Olv:Operations>
								<rdf:Bag>
									<rdf:li>Output</rdf:li>
								</rdf:Bag>
							</Olv:Operations>
						</rdf:Description>
					</rdf:li>
				</rdf:Seq>
			</Olv:TimeTrack>
		</rdf:Description>
	</rdf:RDF>
</x:xmpmeta>
