<x:xmpmeta xmlns:x="adobe:ns:meta/" x:xmptk="Adobe XMP Core 5.4-c005 78.147326, 2012/08/23-13:03:03        ">
	<rdf:RDF xmlns:rdf="http://www.w3.org/1999/02/22-rdf-syntax-ns#">
		<rdf:Description rdf:about="" xmlns:xmp="http://ns.adobe.com/xap/1.0/" xmlns:dc="http://purl.org/dc/elements/1.1/" xmlns:xmpMM="http://ns.adobe.com/xap/1.0/mm/" xmlns:pdf="http://ns.adobe.com/pdf/1.3/" xmlns:pdfx="http://ns.adobe.com/pdfx/1.3/" xmlns:Olv="Olive" xmp:ModifyDate="2019-08-31T11:45:13+05:30" xmp:CreateDate="2018-02-26T21:46:47-05:00" xmp:MetadataDate="2019-08-31T11:45:13+05:30" xmp:CreatorTool="Adobe InDesign CC 13.0 (Macintosh)" dc:format="application/pdf" xmpMM:DocumentID="uuid:c081cab0-e6a6-154c-bc81-e5819c86f237" xmpMM:InstanceID="uuid:bc412f54-b55a-4cbd-a2e8-0bb45bd64214" pdf:Producer="Adobe PDF Library 15.0" pdfx:OLV0_XMD_PAGE_COUNT="8" Olv:publication="OHI" Olv:issue_date="2018/ 2/27">
			<Olv:TimeTrack>
				<rdf:Seq>
					<rdf:li>
						<rdf:Description Olv:GUID="{BC4C516A-456A-49AD-B122-6DDF282EE3D8}" Olv:Status="Succeeded" Olv:File="060-OHI-2018-02-27-0001.pdf" Olv:Pages="8" Olv:Comp="SEG03" Olv:User="pipex" Olv:Start="2019-08-06T13:27:24+05:30" Olv:End="2019-08-06T13:27:39+05:30" Olv:TotalTime="00:00:15" Olv:IdleTime="00:00:00">
							<Olv:Operations>
								<rdf:Bag>
									<rdf:li>Auto Segmentation</rdf:li>
									<rdf:li>First session</rdf:li>
								</rdf:Bag>
							</Olv:Operations>
						</rdf:Description>
					</rdf:li>
					<rdf:li>
						<rdf:Description Olv:GUID="{A69A5FC5-4AED-4322-AB2D-22614ED4F17B}" Olv:Status="None" Olv:File="060-OHI-2018-02-27-0001.pdf" Olv:Pages="8" Olv:Comp="MDOPS-C14" Olv:User="001663" Olv:Start="2019-08-21T16:02:18+05:30" Olv:End="2019-08-21T17:08:41+05:30" Olv:TotalTime="01:06:23" Olv:IdleTime="00:01:43">
							<Olv:Operations>
								<rdf:Bag>
									<rdf:li>Edit Segmentation</rdf:li>
								</rdf:Bag>
							</Olv:Operations>
						</rdf:Description>
					</rdf:li>
					<rdf:li>
						<rdf:Description Olv:GUID="{D6F7752B-07C0-479F-8416-6276326BF93D}" Olv:Status="None" Olv:File="060-OHI-2018-02-27-0001.pdf" Olv:Pages="8" Olv:Comp="MDOPS-C08" Olv:User="000949" Olv:Start="2019-08-29T08:36:42+05:30" Olv:End="2019-08-29T08:51:16+05:30" Olv:TotalTime="00:14:34" Olv:IdleTime="00:01:19">
							<Olv:Operations>
								<rdf:Bag>
									<rdf:li>Edit Segmentation</rdf:li>
								</rdf:Bag>
							</Olv:Operations>
						</rdf:Description>
					</rdf:li>
					<rdf:li>
						<rdf:Description Olv:GUID="{32941077-FCEC-4F51-B556-562DE17F708E}" Olv:Status="None" Olv:File="060-OHI-2018-02-27-0001.pdf" Olv:Pages="8" Olv:Comp="MDOPS-C08" Olv:User="000949" Olv:Start="2019-08-29T08:52:01+05:30" Olv:End="2019-08-29T08:52:18+05:30" Olv:TotalTime="00:00:17" Olv:IdleTime="00:00:00">
							<Olv:Operations>
								<rdf:Bag>
									<rdf:li>Edit Segmentation</rdf:li>
								</rdf:Bag>
							</Olv:Operations>
						</rdf:Description>
					</rdf:li>
					<rdf:li>
						<rdf:Description Olv:GUID="{8B30B94A-11B4-475D-A54C-9CF057F06683}" Olv:Status="Succeeded" Olv:File="060-OHI-2018-02-27-0001.pdf" Olv:Pages="8" Olv:Comp="SEG07" Olv:User="pipex" Olv:Start="2019-08-31T11:45:14+05:30" Olv:End="2019-08-31T11:46:09+05:30" Olv:TotalTime="00:00:55" Olv:IdleTime="00:00:55">
							<Olv:Operations>
								<rdf:Bag>
									<rdf:li>Output</rdf:li>
								</rdf:Bag>
							</Olv:Operations>
						</rdf:Description>
					</rdf:li>
				</rdf:Seq>
			</Olv:TimeTrack>
		</rdf:Description>
	</rdf:RDF>
</x:xmpmeta>
