<x:xmpmeta xmlns:x="adobe:ns:meta/" x:xmptk="Adobe XMP Core 5.4-c005 78.147326, 2012/08/23-13:03:03        ">
	<rdf:RDF xmlns:rdf="http://www.w3.org/1999/02/22-rdf-syntax-ns#">
		<rdf:Description rdf:about="" xmlns:xmp="http://ns.adobe.com/xap/1.0/" xmlns:dc="http://purl.org/dc/elements/1.1/" xmlns:xmpMM="http://ns.adobe.com/xap/1.0/mm/" xmlns:pdf="http://ns.adobe.com/pdf/1.3/" xmlns:pdfx="http://ns.adobe.com/pdfx/1.3/" xmlns:Olv="Olive" xmp:ModifyDate="2019-08-31T10:35:15+05:30" xmp:CreateDate="2016-09-07T22:03:48-04:00" xmp:MetadataDate="2019-08-31T10:35:15+05:30" xmp:CreatorTool="Adobe InDesign CC 2015 (Macintosh)" dc:format="application/pdf" xmpMM:DocumentID="uuid:7c9f5f1c-f2a5-db45-a9cf-007d8adb0b0a" xmpMM:InstanceID="uuid:534db57b-f9d8-4934-affb-45aa0e961956" pdf:Producer="Adobe PDF Library 15.0" pdfx:OLV0_XMD_PAGE_COUNT="8" Olv:publication="OHI" Olv:issue_date="2016/ 9/ 8">
			<Olv:TimeTrack>
				<rdf:Seq>
					<rdf:li>
						<rdf:Description Olv:GUID="{73DC1A31-9C67-4853-8A65-030273F90E4E}" Olv:Status="Succeeded" Olv:File="060-OHI-2016-09-08-0001.pdf" Olv:Pages="8" Olv:Comp="SEG07" Olv:User="pipex" Olv:Start="2019-08-06T13:22:11+05:30" Olv:End="2019-08-06T13:22:26+05:30" Olv:TotalTime="00:00:15" Olv:IdleTime="00:00:00">
							<Olv:Operations>
								<rdf:Bag>
									<rdf:li>Auto Segmentation</rdf:li>
									<rdf:li>First session</rdf:li>
								</rdf:Bag>
							</Olv:Operations>
						</rdf:Description>
					</rdf:li>
					<rdf:li>
						<rdf:Description Olv:GUID="{267AF419-3BB8-428C-8EBA-237031D69E3A}" Olv:Status="None" Olv:File="060-OHI-2016-09-08-0001.pdf" Olv:Pages="8" Olv:Comp="MDOPS-C16" Olv:User="001661" Olv:Start="2019-08-18T15:19:00+05:30" Olv:End="2019-08-18T16:15:54+05:30" Olv:TotalTime="00:56:54" Olv:IdleTime="00:03:22">
							<Olv:Operations>
								<rdf:Bag>
									<rdf:li>Edit Segmentation</rdf:li>
								</rdf:Bag>
							</Olv:Operations>
						</rdf:Description>
					</rdf:li>
					<rdf:li>
						<rdf:Description Olv:GUID="{82EE0DC4-83EE-47C6-90EE-B86A4B3A0AAE}" Olv:Status="None" Olv:File="060-OHI-2016-09-08-0001.pdf" Olv:Pages="8" Olv:Comp="MDOPS-C09" Olv:User="001128" Olv:Start="2019-08-28T14:10:41+05:30" Olv:End="2019-08-28T14:15:53+05:30" Olv:TotalTime="00:05:12" Olv:IdleTime="00:00:00">
							<Olv:Operations>
								<rdf:Bag>
									<rdf:li>Edit Segmentation</rdf:li>
								</rdf:Bag>
							</Olv:Operations>
						</rdf:Description>
					</rdf:li>
					<rdf:li>
						<rdf:Description Olv:GUID="{03DD2399-CE1F-4DFD-8635-93ACED09DE8C}" Olv:Status="Succeeded" Olv:File="060-OHI-2016-09-08-0001.pdf" Olv:Pages="8" Olv:Comp="SEG04" Olv:User="pipex" Olv:Start="2019-08-31T10:35:17+05:30" Olv:End="2019-08-31T10:36:06+05:30" Olv:TotalTime="00:00:49" Olv:IdleTime="00:00:49">
							<Olv:Operations>
								<rdf:Bag>
									<rdf:li>Output</rdf:li>
								</rdf:Bag>
							</Olv:Operations>
						</rdf:Description>
					</rdf:li>
				</rdf:Seq>
			</Olv:TimeTrack>
		</rdf:Description>
	</rdf:RDF>
</x:xmpmeta>
