<x:xmpmeta xmlns:x="adobe:ns:meta/" x:xmptk="Adobe XMP Core 5.4-c005 78.147326, 2012/08/23-13:03:03        ">
	<rdf:RDF xmlns:rdf="http://www.w3.org/1999/02/22-rdf-syntax-ns#">
		<rdf:Description rdf:about="" xmlns:xmp="http://ns.adobe.com/xap/1.0/" xmlns:dc="http://purl.org/dc/elements/1.1/" xmlns:xmpMM="http://ns.adobe.com/xap/1.0/mm/" xmlns:pdf="http://ns.adobe.com/pdf/1.3/" xmlns:pdfx="http://ns.adobe.com/pdfx/1.3/" xmlns:Olv="Olive" xmp:ModifyDate="2019-08-31T12:02:57+05:30" xmp:CreateDate="2018-09-10T21:51:02-04:00" xmp:MetadataDate="2019-08-31T12:02:57+05:30" xmp:CreatorTool="Adobe InDesign CC 13.0 (Macintosh)" dc:format="application/pdf" xmpMM:DocumentID="uuid:3f73f187-1bc6-3f4c-940c-4359155329ee" xmpMM:InstanceID="uuid:eaeceba6-de61-4b48-ad7a-dccf1de8a30e" pdf:Producer="Adobe PDF Library 15.0" pdfx:OLV0_XMD_PAGE_COUNT="8" Olv:publication="OHI" Olv:issue_date="2018/ 9/11">
			<Olv:TimeTrack>
				<rdf:Seq>
					<rdf:li>
						<rdf:Description Olv:GUID="{BDECAAF4-8813-423D-822B-9BE9B8DBA52D}" Olv:Status="Succeeded" Olv:File="060-OHI-2018-09-11-0001.pdf" Olv:Pages="8" Olv:Comp="SEG04" Olv:User="pipex" Olv:Start="2019-08-06T13:57:45+05:30" Olv:End="2019-08-06T13:57:55+05:30" Olv:TotalTime="00:00:10" Olv:IdleTime="00:00:00">
							<Olv:Operations>
								<rdf:Bag>
									<rdf:li>Auto Segmentation</rdf:li>
									<rdf:li>First session</rdf:li>
								</rdf:Bag>
							</Olv:Operations>
						</rdf:Description>
					</rdf:li>
					<rdf:li>
						<rdf:Description Olv:GUID="{CF910AA2-BD45-4B2D-BCF4-DA9E8DC38664}" Olv:Status="None" Olv:File="060-OHI-2018-09-11-0001.pdf" Olv:Pages="8" Olv:Comp="MDOPS-C16" Olv:User="001661" Olv:Start="2019-08-22T12:03:22+05:30" Olv:End="2019-08-22T12:36:04+05:30" Olv:TotalTime="00:32:42" Olv:IdleTime="00:00:33">
							<Olv:Operations>
								<rdf:Bag>
									<rdf:li>Edit Segmentation</rdf:li>
								</rdf:Bag>
							</Olv:Operations>
						</rdf:Description>
					</rdf:li>
					<rdf:li>
						<rdf:Description Olv:GUID="{092C00EA-4522-431E-877F-639F6E54220A}" Olv:Status="None" Olv:File="060-OHI-2018-09-11-0001.pdf" Olv:Pages="8" Olv:Comp="MDOPS-C20" Olv:User="000678" Olv:Start="2019-08-29T09:43:34+05:30" Olv:End="2019-08-29T09:52:29+05:30" Olv:TotalTime="00:08:55" Olv:IdleTime="00:03:06">
							<Olv:Operations>
								<rdf:Bag>
									<rdf:li>Edit Segmentation</rdf:li>
								</rdf:Bag>
							</Olv:Operations>
						</rdf:Description>
					</rdf:li>
					<rdf:li>
						<rdf:Description Olv:GUID="{A5367C3D-03C9-44E8-AA35-FA3EC503FEA5}" Olv:Status="Succeeded" Olv:File="060-OHI-2018-09-11-0001.pdf" Olv:Pages="8" Olv:Comp="SEG04" Olv:User="pipex" Olv:Start="2019-08-31T12:02:58+05:30" Olv:End="2019-08-31T12:03:52+05:30" Olv:TotalTime="00:00:54" Olv:IdleTime="00:00:54">
							<Olv:Operations>
								<rdf:Bag>
									<rdf:li>Output</rdf:li>
								</rdf:Bag>
							</Olv:Operations>
						</rdf:Description>
					</rdf:li>
				</rdf:Seq>
			</Olv:TimeTrack>
		</rdf:Description>
	</rdf:RDF>
</x:xmpmeta>
