<x:xmpmeta xmlns:x="adobe:ns:meta/" x:xmptk="Adobe XMP Core 5.4-c005 78.147326, 2012/08/23-13:03:03        ">
	<rdf:RDF xmlns:rdf="http://www.w3.org/1999/02/22-rdf-syntax-ns#">
		<rdf:Description rdf:about="" xmlns:xmp="http://ns.adobe.com/xap/1.0/" xmlns:dc="http://purl.org/dc/elements/1.1/" xmlns:xmpMM="http://ns.adobe.com/xap/1.0/mm/" xmlns:pdf="http://ns.adobe.com/pdf/1.3/" xmlns:pdfx="http://ns.adobe.com/pdfx/1.3/" xmlns:Olv="Olive" xmp:ModifyDate="2019-08-31T11:37:45+05:30" xmp:CreateDate="2018-01-24T22:01:53-05:00" xmp:MetadataDate="2019-08-31T11:37:45+05:30" xmp:CreatorTool="Adobe InDesign CC 13.0 (Macintosh)" dc:format="application/pdf" xmpMM:DocumentID="uuid:ae02941b-b3ac-db4c-8397-5efbc1fb0f42" xmpMM:InstanceID="uuid:726212c6-80c6-4057-bcf4-9102e9dd1e50" pdf:Producer="Adobe PDF Library 15.0" pdfx:OLV0_XMD_PAGE_COUNT="8" Olv:publication="OHI" Olv:issue_date="2018/ 1/25">
			<Olv:TimeTrack>
				<rdf:Seq>
					<rdf:li>
						<rdf:Description Olv:GUID="{31AE329F-35CA-4533-B45B-BD506D96B964}" Olv:Status="Succeeded" Olv:File="060-OHI-2018-01-25-0001.pdf" Olv:Pages="8" Olv:Comp="SEG02" Olv:User="pipex" Olv:Start="2019-08-06T13:26:38+05:30" Olv:End="2019-08-06T13:26:51+05:30" Olv:TotalTime="00:00:13" Olv:IdleTime="00:00:00">
							<Olv:Operations>
								<rdf:Bag>
									<rdf:li>Auto Segmentation</rdf:li>
									<rdf:li>First session</rdf:li>
								</rdf:Bag>
							</Olv:Operations>
						</rdf:Description>
					</rdf:li>
					<rdf:li>
						<rdf:Description Olv:GUID="{6EB7AD59-51C9-436E-8B2D-1D5D3D5C88FA}" Olv:Status="None" Olv:File="060-OHI-2018-01-25-0001.pdf" Olv:Pages="8" Olv:Comp="MDOPS-C16" Olv:User="001661" Olv:Start="2019-08-20T16:17:55+05:30" Olv:End="2019-08-20T17:07:44+05:30" Olv:TotalTime="00:49:49" Olv:IdleTime="00:05:18">
							<Olv:Operations>
								<rdf:Bag>
									<rdf:li>Edit Segmentation</rdf:li>
								</rdf:Bag>
							</Olv:Operations>
						</rdf:Description>
					</rdf:li>
					<rdf:li>
						<rdf:Description Olv:GUID="{42C34C1A-90B0-4C90-95F6-0B9481A569A1}" Olv:Status="None" Olv:File="060-OHI-2018-01-25-0001.pdf" Olv:Pages="8" Olv:Comp="MDOPS-C13" Olv:User="000953" Olv:Start="2019-08-29T08:03:00+05:30" Olv:End="2019-08-29T08:16:20+05:30" Olv:TotalTime="00:13:20" Olv:IdleTime="00:09:49">
							<Olv:Operations>
								<rdf:Bag>
									<rdf:li>Edit Segmentation</rdf:li>
								</rdf:Bag>
							</Olv:Operations>
						</rdf:Description>
					</rdf:li>
					<rdf:li>
						<rdf:Description Olv:GUID="{9274F547-FA4F-4FFD-AECF-C7C4ED9D81BB}" Olv:Status="None" Olv:File="060-OHI-2018-01-25-0001.pdf" Olv:Pages="8" Olv:Comp="MDOPS-C13" Olv:User="000953" Olv:Start="2019-08-29T08:24:49+05:30" Olv:End="2019-08-29T08:26:13+05:30" Olv:TotalTime="00:01:24" Olv:IdleTime="00:00:00">
							<Olv:Operations>
								<rdf:Bag>
									<rdf:li>Edit Segmentation</rdf:li>
								</rdf:Bag>
							</Olv:Operations>
						</rdf:Description>
					</rdf:li>
					<rdf:li>
						<rdf:Description Olv:GUID="{14863D55-7511-4215-8E65-8207BE60FC32}" Olv:Status="None" Olv:File="060-OHI-2018-01-25-0001.pdf" Olv:Pages="8" Olv:Comp="MDOPS-C13" Olv:User="000953" Olv:Start="2019-08-29T08:57:06+05:30" Olv:End="2019-08-29T08:57:18+05:30" Olv:TotalTime="00:00:12" Olv:IdleTime="00:00:00">
							<Olv:Operations>
								<rdf:Bag>
									<rdf:li>Edit Segmentation</rdf:li>
								</rdf:Bag>
							</Olv:Operations>
						</rdf:Description>
					</rdf:li>
					<rdf:li>
						<rdf:Description Olv:GUID="{7300C97C-0D7D-4ABD-8DAD-B5ADCA40E1ED}" Olv:Status="Succeeded" Olv:File="060-OHI-2018-01-25-0001.pdf" Olv:Pages="8" Olv:Comp="SEG04" Olv:User="pipex" Olv:Start="2019-08-31T11:37:46+05:30" Olv:End="2019-08-31T11:38:35+05:30" Olv:TotalTime="00:00:49" Olv:IdleTime="00:00:49">
							<Olv:Operations>
								<rdf:Bag>
									<rdf:li>Output</rdf:li>
								</rdf:Bag>
							</Olv:Operations>
						</rdf:Description>
					</rdf:li>
				</rdf:Seq>
			</Olv:TimeTrack>
		</rdf:Description>
	</rdf:RDF>
</x:xmpmeta>
