<x:xmpmeta xmlns:x="adobe:ns:meta/" x:xmptk="Adobe XMP Core 5.4-c005 78.147326, 2012/08/23-13:03:03        ">
	<rdf:RDF xmlns:rdf="http://www.w3.org/1999/02/22-rdf-syntax-ns#">
		<rdf:Description rdf:about="" xmlns:xmp="http://ns.adobe.com/xap/1.0/" xmlns:dc="http://purl.org/dc/elements/1.1/" xmlns:xmpMM="http://ns.adobe.com/xap/1.0/mm/" xmlns:pdf="http://ns.adobe.com/pdf/1.3/" xmlns:pdfx="http://ns.adobe.com/pdfx/1.3/" xmlns:Olv="Olive" xmp:ModifyDate="2019-08-31T11:47:47+05:30" xmp:CreateDate="2018-03-21T21:45:26-04:00" xmp:MetadataDate="2019-08-31T11:47:47+05:30" xmp:CreatorTool="Adobe InDesign CC 13.0 (Macintosh)" dc:format="application/pdf" xmpMM:DocumentID="uuid:92a4a517-e559-5048-8d6a-83e873d58b11" xmpMM:InstanceID="uuid:7f1deb16-19d9-42c3-bb8e-ea246ea84cb2" pdf:Producer="Adobe PDF Library 15.0" pdfx:OLV0_XMD_PAGE_COUNT="8" Olv:publication="OHI" Olv:issue_date="2018/ 3/22">
			<Olv:TimeTrack>
				<rdf:Seq>
					<rdf:li>
						<rdf:Description Olv:GUID="{39473B4C-CF0B-4BE3-8EAE-890C0F607654}" Olv:Status="Succeeded" Olv:File="060-OHI-2018-03-22-0001.pdf" Olv:Pages="8" Olv:Comp="SEG06" Olv:User="pipex" Olv:Start="2019-08-06T13:27:53+05:30" Olv:End="2019-08-06T13:28:05+05:30" Olv:TotalTime="00:00:12" Olv:IdleTime="00:00:00">
							<Olv:Operations>
								<rdf:Bag>
									<rdf:li>Auto Segmentation</rdf:li>
									<rdf:li>First session</rdf:li>
								</rdf:Bag>
							</Olv:Operations>
						</rdf:Description>
					</rdf:li>
					<rdf:li>
						<rdf:Description Olv:GUID="{312D7BA9-C488-43AB-AC27-ABEE903F2238}" Olv:Status="None" Olv:File="060-OHI-2018-03-22-0001.pdf" Olv:Pages="8" Olv:Comp="MDOPS-C14" Olv:User="001663" Olv:Start="2019-08-22T09:07:17+05:30" Olv:End="2019-08-22T10:19:40+05:30" Olv:TotalTime="01:12:23" Olv:IdleTime="00:06:09">
							<Olv:Operations>
								<rdf:Bag>
									<rdf:li>Edit Segmentation</rdf:li>
								</rdf:Bag>
							</Olv:Operations>
						</rdf:Description>
					</rdf:li>
					<rdf:li>
						<rdf:Description Olv:GUID="{45018C08-86C1-4021-BA83-4E7D4B02633D}" Olv:Status="None" Olv:File="060-OHI-2018-03-22-0001.pdf" Olv:Pages="8" Olv:Comp="MDOPS-C08" Olv:User="000949" Olv:Start="2019-08-29T08:53:48+05:30" Olv:End="2019-08-29T09:10:17+05:30" Olv:TotalTime="00:16:29" Olv:IdleTime="00:04:45">
							<Olv:Operations>
								<rdf:Bag>
									<rdf:li>Edit Segmentation</rdf:li>
								</rdf:Bag>
							</Olv:Operations>
						</rdf:Description>
					</rdf:li>
					<rdf:li>
						<rdf:Description Olv:GUID="{EF54F12B-A119-4931-8CE0-7FF4C340C955}" Olv:Status="Succeeded" Olv:File="060-OHI-2018-03-22-0001.pdf" Olv:Pages="8" Olv:Comp="SEG04" Olv:User="pipex" Olv:Start="2019-08-31T11:47:47+05:30" Olv:End="2019-08-31T11:48:26+05:30" Olv:TotalTime="00:00:39" Olv:IdleTime="00:00:39">
							<Olv:Operations>
								<rdf:Bag>
									<rdf:li>Output</rdf:li>
								</rdf:Bag>
							</Olv:Operations>
						</rdf:Description>
					</rdf:li>
				</rdf:Seq>
			</Olv:TimeTrack>
		</rdf:Description>
	</rdf:RDF>
</x:xmpmeta>
