<x:xmpmeta xmlns:x="adobe:ns:meta/" x:xmptk="Adobe XMP Core 5.4-c005 78.147326, 2012/08/23-13:03:03        ">
	<rdf:RDF xmlns:rdf="http://www.w3.org/1999/02/22-rdf-syntax-ns#">
		<rdf:Description rdf:about="" xmlns:xmp="http://ns.adobe.com/xap/1.0/" xmlns:dc="http://purl.org/dc/elements/1.1/" xmlns:xmpMM="http://ns.adobe.com/xap/1.0/mm/" xmlns:pdf="http://ns.adobe.com/pdf/1.3/" xmlns:pdfx="http://ns.adobe.com/pdfx/1.3/" xmlns:Olv="Olive" xmp:ModifyDate="2019-08-31T11:55:49+05:30" xmp:CreateDate="2018-04-11T21:52:08-04:00" xmp:MetadataDate="2019-08-31T11:55:49+05:30" xmp:CreatorTool="Adobe InDesign CC 13.0 (Macintosh)" dc:format="application/pdf" xmpMM:DocumentID="uuid:cc3b9184-8d8b-4140-8ac9-2095862d8b16" xmpMM:InstanceID="uuid:99a0c02c-a551-46d2-b534-794da292e494" pdf:Producer="Adobe PDF Library 15.0" pdfx:OLV0_XMD_PAGE_COUNT="8" Olv:publication="OHI" Olv:issue_date="2018/ 4/12">
			<Olv:TimeTrack>
				<rdf:Seq>
					<rdf:li>
						<rdf:Description Olv:GUID="{1939ACB8-D731-4081-A2A4-D7E058829A08}" Olv:Status="Succeeded" Olv:File="060-OHI-2018-04-12-0001.pdf" Olv:Pages="8" Olv:Comp="SEG03" Olv:User="pipex" Olv:Start="2019-08-06T13:28:03+05:30" Olv:End="2019-08-06T13:28:18+05:30" Olv:TotalTime="00:00:15" Olv:IdleTime="00:00:00">
							<Olv:Operations>
								<rdf:Bag>
									<rdf:li>Auto Segmentation</rdf:li>
									<rdf:li>First session</rdf:li>
								</rdf:Bag>
							</Olv:Operations>
						</rdf:Description>
					</rdf:li>
					<rdf:li>
						<rdf:Description Olv:GUID="{503C7A55-26D3-4A79-9300-59AE40529503}" Olv:Status="None" Olv:File="060-OHI-2018-04-12-0001.pdf" Olv:Pages="8" Olv:Comp="MDOPS-C14" Olv:User="001663" Olv:Start="2019-08-22T10:20:03+05:30" Olv:End="2019-08-22T11:37:14+05:30" Olv:TotalTime="01:17:11" Olv:IdleTime="00:16:52">
							<Olv:Operations>
								<rdf:Bag>
									<rdf:li>Edit Segmentation</rdf:li>
								</rdf:Bag>
							</Olv:Operations>
						</rdf:Description>
					</rdf:li>
					<rdf:li>
						<rdf:Description Olv:GUID="{FB918474-5D5D-45A7-AA90-635F79551402}" Olv:Status="None" Olv:File="060-OHI-2018-04-12-0001.pdf" Olv:Pages="8" Olv:Comp="MDOPS-C07" Olv:User="000675" Olv:Start="2019-08-29T09:08:11+05:30" Olv:End="2019-08-29T09:24:37+05:30" Olv:TotalTime="00:16:26" Olv:IdleTime="00:08:25">
							<Olv:Operations>
								<rdf:Bag>
									<rdf:li>Edit Segmentation</rdf:li>
								</rdf:Bag>
							</Olv:Operations>
						</rdf:Description>
					</rdf:li>
					<rdf:li>
						<rdf:Description Olv:GUID="{892C286D-5F1B-4C71-BFEA-795399A7B847}" Olv:Status="Succeeded" Olv:File="060-OHI-2018-04-12-0001.pdf" Olv:Pages="8" Olv:Comp="SEG07" Olv:User="pipex" Olv:Start="2019-08-31T11:55:49+05:30" Olv:End="2019-08-31T11:56:46+05:30" Olv:TotalTime="00:00:57" Olv:IdleTime="00:00:57">
							<Olv:Operations>
								<rdf:Bag>
									<rdf:li>Output</rdf:li>
								</rdf:Bag>
							</Olv:Operations>
						</rdf:Description>
					</rdf:li>
				</rdf:Seq>
			</Olv:TimeTrack>
		</rdf:Description>
	</rdf:RDF>
</x:xmpmeta>
