<x:xmpmeta xmlns:x="adobe:ns:meta/" x:xmptk="Adobe XMP Core 5.4-c005 78.147326, 2012/08/23-13:03:03        ">
	<rdf:RDF xmlns:rdf="http://www.w3.org/1999/02/22-rdf-syntax-ns#">
		<rdf:Description rdf:about="" xmlns:xmp="http://ns.adobe.com/xap/1.0/" xmlns:dc="http://purl.org/dc/elements/1.1/" xmlns:xmpMM="http://ns.adobe.com/xap/1.0/mm/" xmlns:pdf="http://ns.adobe.com/pdf/1.3/" xmlns:pdfx="http://ns.adobe.com/pdfx/1.3/" xmlns:Olv="Olive" xmp:ModifyDate="2019-08-31T10:57+05:30" xmp:CreateDate="2017-02-22T21:51:22-05:00" xmp:MetadataDate="2019-08-31T10:57+05:30" xmp:CreatorTool="Acrobat 11.0.17" dc:format="application/pdf" xmpMM:DocumentID="uuid:5f701d13-cf3a-d94e-b620-3d6d047b14db" xmpMM:InstanceID="uuid:519ae6b9-b8dd-497b-9094-b3e32008ad52" pdf:Producer="Adobe PDF Library 15.0" pdfx:OLV0_XMD_PAGE_COUNT="8" Olv:publication="OHI" Olv:issue_date="2017/ 2/23">
			<Olv:TimeTrack>
				<rdf:Seq>
					<rdf:li>
						<rdf:Description Olv:GUID="{63AC0800-05FB-4125-BE5C-1E1C12BD9A4E}" Olv:Status="Succeeded" Olv:File="060-OHI-2017-02-23-0001.pdf" Olv:Pages="8" Olv:Comp="SEG06" Olv:User="pipex" Olv:Start="2019-08-06T13:24:08+05:30" Olv:End="2019-08-06T13:24:23+05:30" Olv:TotalTime="00:00:15" Olv:IdleTime="00:00:00">
							<Olv:Operations>
								<rdf:Bag>
									<rdf:li>Auto Segmentation</rdf:li>
									<rdf:li>First session</rdf:li>
								</rdf:Bag>
							</Olv:Operations>
						</rdf:Description>
					</rdf:li>
					<rdf:li>
						<rdf:Description Olv:GUID="{78EBA5E8-A1D7-4C1C-834C-9176B15A0650}" Olv:Status="None" Olv:File="060-OHI-2017-02-23-0001.pdf" Olv:Pages="8" Olv:Comp="MDOPS-C15" Olv:User="001660" Olv:Start="2019-08-19T14:36:40+05:30" Olv:End="2019-08-19T15:13:20+05:30" Olv:TotalTime="00:36:40" Olv:IdleTime="00:00:36">
							<Olv:Operations>
								<rdf:Bag>
									<rdf:li>Edit Segmentation</rdf:li>
								</rdf:Bag>
							</Olv:Operations>
						</rdf:Description>
					</rdf:li>
					<rdf:li>
						<rdf:Description Olv:GUID="{B4343A39-35CD-44CF-9140-1C1FA90CEEF6}" Olv:Status="None" Olv:File="060-OHI-2017-02-23-0001.pdf" Olv:Pages="8" Olv:Comp="MDOPS-C13" Olv:User="000953" Olv:Start="2019-08-28T15:06:51+05:30" Olv:End="2019-08-28T15:14:42+05:30" Olv:TotalTime="00:07:51" Olv:IdleTime="00:02:38">
							<Olv:Operations>
								<rdf:Bag>
									<rdf:li>Edit Segmentation</rdf:li>
								</rdf:Bag>
							</Olv:Operations>
						</rdf:Description>
					</rdf:li>
					<rdf:li>
						<rdf:Description Olv:GUID="{05DE3A3B-30F6-4403-9EF5-1CFBC9BD3408}" Olv:Status="Succeeded" Olv:File="060-OHI-2017-02-23-0001.pdf" Olv:Pages="8" Olv:Comp="SEG06" Olv:User="pipex" Olv:Start="2019-08-31T10:57:01+05:30" Olv:End="2019-08-31T10:57:48+05:30" Olv:TotalTime="00:00:47" Olv:IdleTime="00:00:47">
							<Olv:Operations>
								<rdf:Bag>
									<rdf:li>Output</rdf:li>
								</rdf:Bag>
							</Olv:Operations>
						</rdf:Description>
					</rdf:li>
				</rdf:Seq>
			</Olv:TimeTrack>
		</rdf:Description>
	</rdf:RDF>
</x:xmpmeta>
