<?xml version="1.0" encoding="windows-1252" standalone="no"?>
<Xmd_toc REPOSITORY_FORMAT="1.0" PRXML_VER="2.5" PUBLICATION="OHI" PUBLICATION_DESCRIPTION="" ISSUE_DATE="08/03/2016" RELEASE_NO="060-OHI-2016-03-08-0001" LANGUAGE="English">
	<Head_np>
		<Meta SOURCE_RESOLUTION="72" PDF_DESTINATION_MAPPED="OLV0_Page_0001" TITLE_SNP_EXT="png" AD_SNP_EXT="png" IMAGE_SNP_EXT="jpg" IS_SOLID="false" DOC_DATE="08/03/2016" DOC_UID="OHI_08/03/2016" DOC_VER="1" TOTAL_CHARS_COUNT="42573" SUSPICIOUS_CHARS_COUNT="0" IS_CROSS_ORDERED="false" MULTI_LAYER_PAGE_IMG="true" DEFAULT_PREVIEW_IMG_EXT="png" DEFAULT_IMG_EXT="png" DEFAULT_PRIM_IMG_EXT="jpg" PAGE_PREVIEW_RESOLUTION="15" PAGE_THUMBNAIL_RESOLUTION="150" IMAGES_RESOLUTION="140" PAGES_NUMBER="8" SOURCE_TYPE="TIFF" BASE_HREF="OHI/2016/03/08">
			<Publisher XMD_VER="2.8.201.103" ACROBAT_VER="11.012" PUBLISHER="Olive" PROFILE_ID="OHI-2016-03-08.ini">
				<PublishDate>Sat, 31 Aug 2019 04:47:23 UTC</PublishDate>
				<PublishSWFCompatible>false</PublishSWFCompatible>
			</Publisher>
			<Resolutions>
				<Resolution DEFAULT="true">150</Resolution>
			</Resolutions>
			<LayerResolutions>
				<Resolution GRAPHIC_IMG_EXT="jpg">110</Resolution>
				<Resolution GRAPHIC_IMG_EXT="jpg">140</Resolution>
			</LayerResolutions>
		</Meta>
		<Link SOURCE="060-OHI-2016-03-08-0001.pdf"/>
		<DataFiles>
			<Files TYPE="DOC_PDF" PRESENT="1"/>
			<Files TYPE="PAGE_PDF" PRESENT="0"/>
			<Files TYPE="DOC_IMG" PRESENT="0"/>
			<Files TYPE="PAGE_IMG" PRESENT="0"/>
			<Files TYPE="PAGE_VIEW_IMG" PRESENT="1"/>
			<Files TYPE="PAGE_LAYERS_IMG" PRESENT="1"/>
			<Files TYPE="PAGE_PREVIEW_IMG" PRESENT="1"/>
			<Files TYPE="PRIMITIVE_IMG" PRESENT="1"/>
			<Files TYPE="SNIPPET_IMG" PRESENT="1"/>
			<Files TYPE="SEGMENTATION" PRESENT="0"/>
			<Files TYPE="PAGINATION_TEMPLATE_BACKGROUND" PRESENT="0"/>
			<Files TYPE="EXTERNAL_FONTS" PRESENT="0"/>
			<Files TYPE="PROFILE" PRESENT="1"/>
			<Files TYPE="FOOTNOTES" PRESENT="0"/>
		</DataFiles>
	</Head_np>
	<Body_np>
		<Section NAME="Front Page">
			<Page ID="Pg001" CROP_BOX="0 0 1612 2474" MEDIA_BOX="0 0 1612 2474" HREF="/1/Pg001" TOTAL_CHARS_COUNT="5436" SUSPICIOUS_CHARS_COUNT="0" PAGE_HEIGHT="2475" PAGE_WIDTH="1613" PAGE_TYPE="Single" PAGE_LABEL="1" PAGE_NO="1">
				<Entity FIRST_TOC_ENTRY_ID="6" DEPTH_LEVEL="1" PAGE_NO="1" HREF="/1/Ar00100" WORDCNT="416" IMAGES_RESOLUTION="140" INDEX_IN_DOC="6" SIZE="Large" CONTINUATION_TO="Ar00302" NAME="New alumni leader looks forward" ENTITY_TYPE="Article" ID="Ar00100"/>
				<Entity FIRST_TOC_ENTRY_ID="14" DEPTH_LEVEL="1" PAGE_NO="1" HREF="/1/Ar00101" WORDCNT="339" IMAGES_RESOLUTION="140" INDEX_IN_DOC="14" SIZE="Medium" CONTINUATION_TO="Ar00304" NAME="Makeathon makes a comeback" ENTITY_TYPE="Article" ID="Ar00101"/>
				<Entity FIRST_TOC_ENTRY_ID="11" DEPTH_LEVEL="1" PAGE_NO="1" HREF="/1/Ar00102" WORDCNT="247" IMAGES_RESOLUTION="140" INDEX_IN_DOC="11" SIZE="Medium" CONTINUATION_TO="Ar00202" NAME="Middle East Studies Center reaches out" ENTITY_TYPE="Article" ID="Ar00102"/>
				<Entity FIRST_TOC_ENTRY_ID="9" DEPTH_LEVEL="1" PAGE_NO="1" HREF="/1/Ar00103" WORDCNT="113" IMAGES_RESOLUTION="140" INDEX_IN_DOC="9" SIZE="Small" NAME="Business 101: Fisher enters 101st year" ENTITY_TYPE="Article" ID="Ar00103"/>
				<Entity FIRST_TOC_ENTRY_ID="1" DEPTH_LEVEL="1" PAGE_NO="1" HREF="/1/Ar00104" WORDCNT="27" IMAGES_RESOLUTION="140" INDEX_IN_DOC="1" SIZE="Small" NAME="CAMPUS" ENTITY_TYPE="Article" ID="Ar00104"/>
				<Entity FIRST_TOC_ENTRY_ID="12" DEPTH_LEVEL="2" PAGE_NO="1" LOGICAL_NAME="true" HREF="/1/Pc00105" WORDCNT="0" IMAGES_RESOLUTION="140" INDEX_IN_DOC="12" SIZE="Small" EMBEDDED_AFTER="Ar0010200" EMBEDDED_BELOW="1" EMBEDDED_INTO="Ar00102" NAME="" ENTITY_TYPE="Picture" ID="Pc00105">
					<Image EXT="jpg" H="401" W="563" ID="Pc0010500"/>
				</Entity>
				<Entity FIRST_TOC_ENTRY_ID="10" DEPTH_LEVEL="2" PAGE_NO="1" LOGICAL_NAME="true" HREF="/1/Pc00106" WORDCNT="0" IMAGES_RESOLUTION="140" INDEX_IN_DOC="10" SIZE="Medium" EMBEDDED_AFTER="Ar0010300" EMBEDDED_BELOW="1" EMBEDDED_INTO="Ar00103" NAME="" ENTITY_TYPE="Picture" ID="Pc00106">
					<Image EXT="jpg" H="558" W="834" ID="Pc0010600"/>
				</Entity>
				<Entity FIRST_TOC_ENTRY_ID="3" DEPTH_LEVEL="2" PAGE_NO="1" LOGICAL_NAME="true" HREF="/1/Pc00107" WORDCNT="0" IMAGES_RESOLUTION="140" INDEX_IN_DOC="3" SIZE="Small" EMBEDDED_AFTER="Ar0011100" EMBEDDED_RIGHT="1" EMBEDDED_INTO="Ar00111" NAME="" ENTITY_TYPE="Picture" ID="Pc00107">
					<Image EXT="jpg" H="134" W="273" ID="Pc0010700"/>
				</Entity>
				<Entity FIRST_TOC_ENTRY_ID="5" DEPTH_LEVEL="2" PAGE_NO="1" LOGICAL_NAME="true" HREF="/1/Pc00108" WORDCNT="0" IMAGES_RESOLUTION="140" INDEX_IN_DOC="5" SIZE="Small" EMBEDDED_AFTER="Ar0011000" EMBEDDED_BELOW="1" EMBEDDED_RIGHT="1" EMBEDDED_INTO="Ar00110" NAME="" ENTITY_TYPE="Picture" ID="Pc00108">
					<Image EXT="jpg" H="134" W="273" ID="Pc0010800"/>
				</Entity>
				<Entity FIRST_TOC_ENTRY_ID="15" DEPTH_LEVEL="2" PAGE_NO="1" LOGICAL_NAME="true" HREF="/1/Pc00109" WORDCNT="0" IMAGES_RESOLUTION="140" INDEX_IN_DOC="15" SIZE="Small" EMBEDDED_AFTER="Ar0010100" EMBEDDED_ABOVE="1" EMBEDDED_INTO="Ar00101" NAME="" ENTITY_TYPE="Picture" ID="Pc00109">
					<Image EXT="jpg" H="196" W="274" ID="Pc0010900"/>
				</Entity>
				<Entity FIRST_TOC_ENTRY_ID="4" DEPTH_LEVEL="1" PAGE_NO="1" HREF="/1/Ar00110" WORDCNT="23" IMAGES_RESOLUTION="140" INDEX_IN_DOC="4" SIZE="Small" NAME="SPORTS" ENTITY_TYPE="Article" ID="Ar00110"/>
				<Entity FIRST_TOC_ENTRY_ID="2" DEPTH_LEVEL="1" PAGE_NO="1" HREF="/1/Ar00111" WORDCNT="39" IMAGES_RESOLUTION="140" INDEX_IN_DOC="2" SIZE="Small" NAME="ARTS&amp;LIFE" ENTITY_TYPE="Article" ID="Ar00111"/>
				<Entity FIRST_TOC_ENTRY_ID="7" DEPTH_LEVEL="2" PAGE_NO="1" LOGICAL_NAME="true" HREF="/1/Pc00112" WORDCNT="0" IMAGES_RESOLUTION="140" INDEX_IN_DOC="7" SIZE="Small" EMBEDDED_AFTER="Ar0010000" EMBEDDED_BELOW="1" EMBEDDED_INTO="Ar00100" NAME="" ENTITY_TYPE="Picture" ID="Pc00112">
					<Image EXT="jpg" H="224" W="136" ID="Pc0011200"/>
				</Entity>
			</Page>
			<Page ID="Pg002" CROP_BOX="0 0 1612 2474" MEDIA_BOX="0 0 1612 2474" HREF="/2/Pg002" TOTAL_CHARS_COUNT="4922" SUSPICIOUS_CHARS_COUNT="0" PAGE_HEIGHT="2475" PAGE_WIDTH="1613" PAGE_TYPE="Single" PAGE_LABEL="2" PAGE_NO="2">
				<Entity FIRST_TOC_ENTRY_ID="18" DEPTH_LEVEL="1" PAGE_NO="2" HREF="/2/Ar00200" WORDCNT="493" IMAGES_RESOLUTION="140" INDEX_IN_DOC="18" SIZE="Large" NAME="Vietnamese group presents culture show" ENTITY_TYPE="Article" ID="Ar00200"/>
				<Entity FIRST_TOC_ENTRY_ID="19" DEPTH_LEVEL="2" PAGE_NO="2" LOGICAL_NAME="true" HREF="/2/Pc00201" WORDCNT="0" IMAGES_RESOLUTION="140" INDEX_IN_DOC="19" SIZE="Medium" EMBEDDED_AFTER="Ar0020000" EMBEDDED_BELOW="1" EMBEDDED_INTO="Ar00200" NAME="" ENTITY_TYPE="Picture" ID="Pc00201">
					<Image EXT="jpg" H="732" W="700" ID="Pc0020100"/>
				</Entity>
				<Entity FIRST_TOC_ENTRY_ID="13" DEPTH_LEVEL="1" PAGE_NO="2" HREF="/2/Ar00202" WORDCNT="623" IMAGES_RESOLUTION="140" INDEX_IN_DOC="13" SIZE="Large" CONTINUATION_FROM="Ar00102" NAME="OUTREACH" ENTITY_TYPE="Article" ID="Ar00202"/>
				<Entity FIRST_TOC_ENTRY_ID="20" DEPTH_LEVEL="1" PAGE_NO="2" LOGICAL_NAME="true" HREF="/2/Ad00203" WORDCNT="0" IMAGES_RESOLUTION="140" INDEX_IN_DOC="20" SIZE="Large" NAME="" ENTITY_TYPE="Ad" ID="Ad00203">
					<Image H="1120" W="700" ID="Ad0020301"/>
				</Entity>
				<Entity FIRST_TOC_ENTRY_ID="17" DEPTH_LEVEL="1" PAGE_NO="2" HREF="/2/Ar00204" WORDCNT="29" IMAGES_RESOLUTION="140" INDEX_IN_DOC="17" SIZE="Small" NAME="CRIME MAP" ENTITY_TYPE="Article" ID="Ar00204"/>
			</Page>
			<Page ID="Pg003" CROP_BOX="0 0 1612 2474" MEDIA_BOX="0 0 1612 2474" HREF="/3/Pg003" TOTAL_CHARS_COUNT="7139" SUSPICIOUS_CHARS_COUNT="0" PAGE_HEIGHT="2475" PAGE_WIDTH="1613" PAGE_TYPE="Single" PAGE_LABEL="3" PAGE_NO="3">
				<Entity FIRST_TOC_ENTRY_ID="21" DEPTH_LEVEL="1" PAGE_NO="3" HREF="/3/Ar00300" WORDCNT="447" IMAGES_RESOLUTION="140" INDEX_IN_DOC="21" SIZE="Large" NAME="Campus area crime map: March 1-7" ENTITY_TYPE="Article" ID="Ar00300"/>
				<Entity FIRST_TOC_ENTRY_ID="24" DEPTH_LEVEL="1" PAGE_NO="3" HREF="/3/Ar00301" WORDCNT="227" IMAGES_RESOLUTION="140" INDEX_IN_DOC="24" SIZE="Small" NAME="thelantern" ENTITY_TYPE="Article" ID="Ar00301"/>
				<Entity FIRST_TOC_ENTRY_ID="8" DEPTH_LEVEL="1" PAGE_NO="3" HREF="/3/Ar00302" WORDCNT="487" IMAGES_RESOLUTION="140" INDEX_IN_DOC="8" SIZE="Medium" CONTINUATION_FROM="Ar00100" NAME="ALUMNI" ENTITY_TYPE="Article" ID="Ar00302"/>
				<Entity FIRST_TOC_ENTRY_ID="22" DEPTH_LEVEL="2" PAGE_NO="3" LOGICAL_NAME="true" HREF="/3/Pc00303" WORDCNT="0" IMAGES_RESOLUTION="140" INDEX_IN_DOC="22" SIZE="Large" EMBEDDED_AFTER="Ar0030000" EMBEDDED_BELOW="1" EMBEDDED_INTO="Ar00300" NAME="" ENTITY_TYPE="Picture" ID="Pc00303">
					<Image EXT="jpg" H="835" W="854" ID="Pc0030300"/>
				</Entity>
				<Entity FIRST_TOC_ENTRY_ID="16" DEPTH_LEVEL="1" PAGE_NO="3" HREF="/3/Ar00304" WORDCNT="362" IMAGES_RESOLUTION="140" INDEX_IN_DOC="16" SIZE="Medium" CONTINUATION_FROM="Ar00101" NAME="MAKEATHON" ENTITY_TYPE="Article" ID="Ar00304"/>
				<Entity FIRST_TOC_ENTRY_ID="26" DEPTH_LEVEL="1" PAGE_NO="3" LOGICAL_NAME="true" HREF="/3/Ad00305" WORDCNT="243" IMAGES_RESOLUTION="140" INDEX_IN_DOC="26" SIZE="Medium" NAME="" ENTITY_TYPE="Ad" ID="Ad00305">
					<Image H="920" W="382" ID="Ad0030501"/>
				</Entity>
				<Entity FIRST_TOC_ENTRY_ID="23" DEPTH_LEVEL="2" PAGE_NO="3" LOGICAL_NAME="true" HREF="/3/Pc00306" WORDCNT="0" IMAGES_RESOLUTION="140" INDEX_IN_DOC="23" SIZE="Small" EMBEDDED_AFTER="Ar0030000" EMBEDDED_BELOW="1" EMBEDDED_INTO="Ar00300" NAME="" ENTITY_TYPE="Picture" ID="Pc00306">
					<Image EXT="jpg" H="45" W="271" ID="Pc0030600"/>
				</Entity>
				<Entity FIRST_TOC_ENTRY_ID="25" DEPTH_LEVEL="1" PAGE_NO="3" HREF="/3/Ar00307" WORDCNT="16" IMAGES_RESOLUTION="140" INDEX_IN_DOC="25" SIZE="Small" NAME="FOLLOW US" ENTITY_TYPE="Article" ID="Ar00307"/>
				<Entity FIRST_TOC_ENTRY_ID="27" DEPTH_LEVEL="1" PAGE_NO="3" HREF="/3/Ar00308" WORDCNT="88" IMAGES_RESOLUTION="140" INDEX_IN_DOC="27" SIZE="Small" NAME="Letters to the Editor" ENTITY_TYPE="Article" ID="Ar00308"/>
				<Entity FIRST_TOC_ENTRY_ID="28" DEPTH_LEVEL="1" PAGE_NO="3" HREF="/3/Ar00309" WORDCNT="30" IMAGES_RESOLUTION="140" INDEX_IN_DOC="28" SIZE="Small" NAME="Corrections" ENTITY_TYPE="Article" ID="Ar00309"/>
			</Page>
			<Page ID="Pg004" CROP_BOX="0 0 1612 2474" MEDIA_BOX="0 0 1612 2474" HREF="/4/Pg004" TOTAL_CHARS_COUNT="4436" SUSPICIOUS_CHARS_COUNT="0" PAGE_HEIGHT="2475" PAGE_WIDTH="1613" PAGE_TYPE="Single" PAGE_LABEL="4" PAGE_NO="4">
				<Entity FIRST_TOC_ENTRY_ID="30" DEPTH_LEVEL="1" PAGE_NO="4" HREF="/4/Ar00400" WORDCNT="634" IMAGES_RESOLUTION="140" INDEX_IN_DOC="30" SIZE="Large" NAME="Surveillance artist to speak, present work" ENTITY_TYPE="Article" ID="Ar00400"/>
				<Entity FIRST_TOC_ENTRY_ID="31" DEPTH_LEVEL="2" PAGE_NO="4" LOGICAL_NAME="true" HREF="/4/Pc00401" WORDCNT="0" IMAGES_RESOLUTION="140" INDEX_IN_DOC="31" SIZE="Medium" EMBEDDED_AFTER="Ar0040000" EMBEDDED_BELOW="1" EMBEDDED_INTO="Ar00400" NAME="" ENTITY_TYPE="Picture" ID="Pc00401">
					<Image EXT="jpg" H="445" W="854" ID="Pc0040100"/>
				</Entity>
				<Entity FIRST_TOC_ENTRY_ID="35" DEPTH_LEVEL="2" PAGE_NO="4" LOGICAL_NAME="true" HREF="/4/Pc00402" WORDCNT="0" IMAGES_RESOLUTION="140" INDEX_IN_DOC="35" SIZE="Medium" EMBEDDED_AFTER="Ar0040400" EMBEDDED_BELOW="1" EMBEDDED_INTO="Ar00404" NAME="" ENTITY_TYPE="Picture" ID="Pc00402">
					<Image EXT="jpg" H="426" W="719" ID="Pc0040200"/>
				</Entity>
				<Entity FIRST_TOC_ENTRY_ID="33" DEPTH_LEVEL="1" PAGE_NO="4" HREF="/4/Ar00403" WORDCNT="24" IMAGES_RESOLUTION="140" INDEX_IN_DOC="33" SIZE="Small" NAME="JILL MAGID LECTURE" ENTITY_TYPE="Article" ID="Ar00403"/>
				<Entity FIRST_TOC_ENTRY_ID="34" DEPTH_LEVEL="1" PAGE_NO="4" HREF="/4/Ar00404" WORDCNT="319" IMAGES_RESOLUTION="140" INDEX_IN_DOC="34" SIZE="Medium" CONTINUATION_TO="Ar00601" NAME="Student organization aims to discover what makes a fan" ENTITY_TYPE="Article" ID="Ar00404"/>
				<Entity FIRST_TOC_ENTRY_ID="29" DEPTH_LEVEL="1" PAGE_NO="4" HREF="/4/Ar00405" WORDCNT="35" IMAGES_RESOLUTION="140" INDEX_IN_DOC="29" SIZE="Small" NAME="VINCE STAPLES" ENTITY_TYPE="Article" ID="Ar00405"/>
				<Entity FIRST_TOC_ENTRY_ID="32" DEPTH_LEVEL="1" PAGE_NO="4" LOGICAL_NAME="true" HREF="/4/Ad00406" WORDCNT="24" IMAGES_RESOLUTION="140" INDEX_IN_DOC="32" SIZE="Large" NAME="" ENTITY_TYPE="Ad" ID="Ad00406">
					<Image H="1119" W="700" ID="Ad0040601"/>
				</Entity>
			</Page>
			<Page ID="Pg005" CROP_BOX="0 0 1612 2474" MEDIA_BOX="0 0 1612 2474" HREF="/5/Pg005" TOTAL_CHARS_COUNT="2224" SUSPICIOUS_CHARS_COUNT="0" PAGE_HEIGHT="2475" PAGE_WIDTH="1613" PAGE_TYPE="Single" PAGE_LABEL="5" PAGE_NO="5">
				<Entity FIRST_TOC_ENTRY_ID="38" DEPTH_LEVEL="1" PAGE_NO="5" HREF="/5/Ar00500" WORDCNT="483" IMAGES_RESOLUTION="140" INDEX_IN_DOC="38" SIZE="Large" CONTINUATION_TO="Ar00604" NAME="Vince Staples to bring introspective rapping to Columbus" ENTITY_TYPE="Article" ID="Ar00500"/>
				<Entity FIRST_TOC_ENTRY_ID="42" DEPTH_LEVEL="1" PAGE_NO="5" HREF="/5/Ar00501" WORDCNT="42" IMAGES_RESOLUTION="140" INDEX_IN_DOC="42" SIZE="Small" NAME="Music for a cause: Live at the Garden 5" ENTITY_TYPE="Article" ID="Ar00501"/>
				<Entity FIRST_TOC_ENTRY_ID="39" DEPTH_LEVEL="2" PAGE_NO="5" LOGICAL_NAME="true" HREF="/5/Pc00502" WORDCNT="0" IMAGES_RESOLUTION="140" INDEX_IN_DOC="39" SIZE="Small" EMBEDDED_INTO="Ar00500" NAME="" ENTITY_TYPE="Picture" ID="Pc00502">
					<Image EXT="jpg" H="471" W="273" ID="Pc0050200"/>
				</Entity>
				<Entity FIRST_TOC_ENTRY_ID="43" DEPTH_LEVEL="2" PAGE_NO="5" LOGICAL_NAME="true" HREF="/5/Pc00503" WORDCNT="0" IMAGES_RESOLUTION="140" INDEX_IN_DOC="43" SIZE="Medium" EMBEDDED_AFTER="Ar0050100" EMBEDDED_BELOW="1" EMBEDDED_INTO="Ar00501" NAME="" ENTITY_TYPE="Picture" ID="Pc00503">
					<Image EXT="jpg" H="609" W="816" ID="Pc0050300"/>
				</Entity>
				<Entity FIRST_TOC_ENTRY_ID="44" DEPTH_LEVEL="1" PAGE_NO="5" LOGICAL_NAME="true" HREF="/5/Ad00504" WORDCNT="0" IMAGES_RESOLUTION="140" INDEX_IN_DOC="44" SIZE="XLarge" NAME="" ENTITY_TYPE="Ad" ID="Ad00504">
					<Image H="1127" W="1444" ID="Ad0050401"/>
				</Entity>
			</Page>
			<Page ID="Pg006" CROP_BOX="0 0 1612 2474" MEDIA_BOX="0 0 1612 2474" HREF="/6/Pg006" TOTAL_CHARS_COUNT="5656" SUSPICIOUS_CHARS_COUNT="0" PAGE_HEIGHT="2475" PAGE_WIDTH="1613" PAGE_TYPE="Single" PAGE_LABEL="6" PAGE_NO="6">
				<Entity FIRST_TOC_ENTRY_ID="46" DEPTH_LEVEL="1" PAGE_NO="6" HREF="/6/Ar00600" WORDCNT="605" IMAGES_RESOLUTION="140" INDEX_IN_DOC="46" SIZE="Large" NAME="Kendrick Lamar, M83 back up to old tricks" ENTITY_TYPE="Article" ID="Ar00600"/>
				<Entity FIRST_TOC_ENTRY_ID="36" DEPTH_LEVEL="1" PAGE_NO="6" HREF="/6/Ar00601" WORDCNT="366" IMAGES_RESOLUTION="140" INDEX_IN_DOC="36" SIZE="Medium" CONTINUATION_FROM="Ar00404" NAME="FANS" ENTITY_TYPE="Article" ID="Ar00601"/>
				<Entity FIRST_TOC_ENTRY_ID="47" DEPTH_LEVEL="2" PAGE_NO="6" LOGICAL_NAME="true" HREF="/6/Pc00602" WORDCNT="0" IMAGES_RESOLUTION="140" INDEX_IN_DOC="47" SIZE="Small" EMBEDDED_AFTER="Ar0060000" EMBEDDED_BELOW="1" EMBEDDED_INTO="Ar00600" NAME="" ENTITY_TYPE="Picture" ID="Pc00602">
					<Image EXT="jpg" H="504" W="350" ID="Pc0060200"/>
				</Entity>
				<Entity FIRST_TOC_ENTRY_ID="37" DEPTH_LEVEL="2" PAGE_NO="6" LOGICAL_NAME="true" HREF="/6/Pc00603" WORDCNT="0" IMAGES_RESOLUTION="140" INDEX_IN_DOC="37" SIZE="Medium" EMBEDDED_AFTER="Ar0060100" EMBEDDED_ABOVE="1" EMBEDDED_INTO="Ar00601" NAME="" ENTITY_TYPE="Picture" ID="Pc00603">
					<Image EXT="jpg" H="399" W="704" ID="Pc0060300"/>
				</Entity>
				<Entity FIRST_TOC_ENTRY_ID="40" DEPTH_LEVEL="1" PAGE_NO="6" HREF="/6/Ar00604" WORDCNT="408" IMAGES_RESOLUTION="140" INDEX_IN_DOC="40" SIZE="Medium" CONTINUATION_FROM="Ar00500" NAME="STAPLES" ENTITY_TYPE="Article" ID="Ar00604"/>
				<Entity FIRST_TOC_ENTRY_ID="41" DEPTH_LEVEL="2" PAGE_NO="6" LOGICAL_NAME="true" HREF="/6/Pc00605" WORDCNT="0" IMAGES_RESOLUTION="140" INDEX_IN_DOC="41" SIZE="Small" EMBEDDED_AFTER="Ar0060400" EMBEDDED_BELOW="1" EMBEDDED_RIGHT="1" EMBEDDED_INTO="Ar00604" NAME="" ENTITY_TYPE="Picture" ID="Pc00605">
					<Image EXT="jpg" H="200" W="236" ID="Pc0060500"/>
				</Entity>
				<Entity FIRST_TOC_ENTRY_ID="48" DEPTH_LEVEL="1" PAGE_NO="6" HREF="/6/Ar00606" WORDCNT="29" IMAGES_RESOLUTION="140" INDEX_IN_DOC="48" SIZE="Small" NAME="VINCE STAPLES" ENTITY_TYPE="Article" ID="Ar00606"/>
				<Entity FIRST_TOC_ENTRY_ID="45" DEPTH_LEVEL="1" PAGE_NO="6" LOGICAL_NAME="true" HREF="/6/Ad00607" WORDCNT="0" IMAGES_RESOLUTION="140" INDEX_IN_DOC="45" SIZE="Large" NAME="" ENTITY_TYPE="Ad" ID="Ad00607">
					<Image H="1120" W="700" ID="Ad0060701"/>
				</Entity>
			</Page>
			<Page ID="Pg007" CROP_BOX="0 0 1612 2474" MEDIA_BOX="0 0 1612 2474" HREF="/7/Pg007" TOTAL_CHARS_COUNT="6131" SUSPICIOUS_CHARS_COUNT="0" PAGE_HEIGHT="2475" PAGE_WIDTH="1613" PAGE_TYPE="Single" PAGE_LABEL="7" PAGE_NO="7">
				<Entity FIRST_TOC_ENTRY_ID="54" DEPTH_LEVEL="2" PAGE_NO="7" LOGICAL_NAME="true" HREF="/7/Pc00700" WORDCNT="0" IMAGES_RESOLUTION="140" INDEX_IN_DOC="54" SIZE="Medium" EMBEDDED_AFTER="Ar0070300" EMBEDDED_BELOW="1" EMBEDDED_RIGHT="1" EMBEDDED_INTO="Ar00703" NAME="" ENTITY_TYPE="Picture" ID="Pc00700">
					<Image EXT="jpg" H="437" W="564" ID="Pc0070000"/>
				</Entity>
				<Entity FIRST_TOC_ENTRY_ID="59" DEPTH_LEVEL="2" PAGE_NO="7" LOGICAL_NAME="true" HREF="/7/Pc00701" WORDCNT="0" IMAGES_RESOLUTION="140" INDEX_IN_DOC="59" SIZE="Medium" EMBEDDED_AFTER="Ar0070400" EMBEDDED_ABOVE="1" EMBEDDED_INTO="Ar00704" NAME="" ENTITY_TYPE="Picture" ID="Pc00701">
					<Image EXT="jpg" H="610" W="853" ID="Pc0070100"/>
				</Entity>
				<Entity FIRST_TOC_ENTRY_ID="63" DEPTH_LEVEL="2" PAGE_NO="7" LOGICAL_NAME="true" HREF="/7/Pc00702" WORDCNT="0" IMAGES_RESOLUTION="140" INDEX_IN_DOC="63" SIZE="Small" EMBEDDED_AFTER="Ar0070700" EMBEDDED_ABOVE="1" EMBEDDED_INTO="Ar00707" NAME="" ENTITY_TYPE="Picture" ID="Pc00702">
					<Image EXT="jpg" H="390" W="561" ID="Pc0070200"/>
				</Entity>
				<Entity FIRST_TOC_ENTRY_ID="53" DEPTH_LEVEL="1" PAGE_NO="7" HREF="/7/Ar00703" WORDCNT="354" IMAGES_RESOLUTION="140" INDEX_IN_DOC="53" SIZE="Medium" CONTINUATION_FROM="Ar00800" NAME="BASKETBALL" ENTITY_TYPE="Article" ID="Ar00703"/>
				<Entity FIRST_TOC_ENTRY_ID="58" DEPTH_LEVEL="1" PAGE_NO="7" HREF="/7/Ar00704" WORDCNT="723" IMAGES_RESOLUTION="140" INDEX_IN_DOC="58" SIZE="Large" CONTINUATION_FROM="Ar00801" NAME="BAYNE" ENTITY_TYPE="Article" ID="Ar00704"/>
				<Entity FIRST_TOC_ENTRY_ID="55" DEPTH_LEVEL="2" PAGE_NO="7" LOGICAL_NAME="true" HREF="/7/Pc00705" WORDCNT="0" IMAGES_RESOLUTION="140" INDEX_IN_DOC="55" SIZE="Small" EMBEDDED_AFTER="Ar0070300" EMBEDDED_BELOW="1" EMBEDDED_RIGHT="1" EMBEDDED_INTO="Ar00703" NAME="" ENTITY_TYPE="Picture" ID="Pc00705">
					<Image EXT="jpg" H="48" W="271" ID="Pc0070500"/>
				</Entity>
				<Entity FIRST_TOC_ENTRY_ID="56" DEPTH_LEVEL="2" PAGE_NO="7" LOGICAL_NAME="true" HREF="/7/Pc00706" WORDCNT="0" IMAGES_RESOLUTION="140" INDEX_IN_DOC="56" SIZE="Small" EMBEDDED_AFTER="Ar0070300" EMBEDDED_BELOW="1" EMBEDDED_RIGHT="1" EMBEDDED_INTO="Ar00703" NAME="" ENTITY_TYPE="Picture" ID="Pc00706">
					<Image EXT="jpg" H="177" W="222" ID="Pc0070600"/>
				</Entity>
				<Entity FIRST_TOC_ENTRY_ID="62" DEPTH_LEVEL="1" PAGE_NO="7" HREF="/7/Ar00707" WORDCNT="442" IMAGES_RESOLUTION="140" INDEX_IN_DOC="62" SIZE="Medium" CONTINUATION_FROM="Ar00802" NAME="SWIMMING" ENTITY_TYPE="Article" ID="Ar00707"/>
				<Entity FIRST_TOC_ENTRY_ID="49" DEPTH_LEVEL="1" PAGE_NO="7" LOGICAL_NAME="true" HREF="/7/Ad00708" WORDCNT="13" IMAGES_RESOLUTION="140" INDEX_IN_DOC="49" SIZE="Small" NAME="" ENTITY_TYPE="Ad" ID="Ad00708">
					<Image H="703" W="276" ID="Ad0070801"/>
				</Entity>
			</Page>
			<Page ID="Pg008" CROP_BOX="0 0 1612 2474" MEDIA_BOX="0 0 1612 2474" HREF="/8/Pg008" TOTAL_CHARS_COUNT="6629" SUSPICIOUS_CHARS_COUNT="0" PAGE_HEIGHT="2475" PAGE_WIDTH="1613" PAGE_TYPE="Single" PAGE_LABEL="8" PAGE_NO="8">
				<Entity FIRST_TOC_ENTRY_ID="51" DEPTH_LEVEL="1" PAGE_NO="8" HREF="/8/Ar00800" WORDCNT="709" IMAGES_RESOLUTION="140" INDEX_IN_DOC="51" SIZE="Large" CONTINUATION_TO="Ar00703" NAME="Buckeyes packed with question marks" ENTITY_TYPE="Article" ID="Ar00800"/>
				<Entity FIRST_TOC_ENTRY_ID="57" DEPTH_LEVEL="1" PAGE_NO="8" HREF="/8/Ar00801" WORDCNT="271" IMAGES_RESOLUTION="140" INDEX_IN_DOC="57" SIZE="Medium" CONTINUATION_TO="Ar00704" NAME="Alex Bayne stepping up as leader, slugger" ENTITY_TYPE="Article" ID="Ar00801"/>
				<Entity FIRST_TOC_ENTRY_ID="60" DEPTH_LEVEL="1" PAGE_NO="8" HREF="/8/Ar00802" WORDCNT="618" IMAGES_RESOLUTION="140" INDEX_IN_DOC="60" SIZE="Large" CONTINUATION_TO="Ar00707" NAME="Ohio State swimmers take success into NCAA championships" ENTITY_TYPE="Article" ID="Ar00802"/>
				<Entity FIRST_TOC_ENTRY_ID="61" DEPTH_LEVEL="2" PAGE_NO="8" LOGICAL_NAME="true" HREF="/8/Pc00803" WORDCNT="0" IMAGES_RESOLUTION="140" INDEX_IN_DOC="61" SIZE="Small" EMBEDDED_AFTER="Ar0080200" EMBEDDED_BELOW="1" EMBEDDED_INTO="Ar00802" NAME="" ENTITY_TYPE="Picture" ID="Pc00803">
					<Image EXT="jpg" H="302" W="564" ID="Pc0080300"/>
				</Entity>
				<Entity FIRST_TOC_ENTRY_ID="50" DEPTH_LEVEL="1" PAGE_NO="8" HREF="/8/Ar00804" WORDCNT="20" IMAGES_RESOLUTION="140" INDEX_IN_DOC="50" SIZE="Small" NAME="WRESTLING" ENTITY_TYPE="Article" ID="Ar00804"/>
				<Entity FIRST_TOC_ENTRY_ID="52" DEPTH_LEVEL="2" PAGE_NO="8" LOGICAL_NAME="true" HREF="/8/Pc00805" WORDCNT="0" IMAGES_RESOLUTION="140" INDEX_IN_DOC="52" SIZE="Medium" EMBEDDED_AFTER="Ar0080000" EMBEDDED_BELOW="1" EMBEDDED_INTO="Ar00800" NAME="" ENTITY_TYPE="Picture" ID="Pc00805">
					<Image EXT="jpg" H="595" W="854" ID="Pc0080500"/>
				</Entity>
			</Page>
		</Section>
	</Body_np>
	<Logic_np><TOC_Entries><TOC_Entry TOC_ENTRY_ID="1" TITLE="CAMPUS" ENTITY_ID_REF="Ar00104" PAGE_NO="1" PAGE_LABEL="1" PRIM_ID_REF="Ar0010400" IS_IC="true"/><TOC_Entry TOC_ENTRY_ID="2" TITLE="ARTS&amp;LIFE" ENTITY_ID_REF="Ar00111" PAGE_NO="1" PAGE_LABEL="1" PRIM_ID_REF="Ar0011100" IS_IC="true"><TOC_Entry TOC_ENTRY_ID="3" TITLE="" ENTITY_ID_REF="Pc00107" PAGE_NO="1" PAGE_LABEL="1" PRIM_ID_REF="Pc0010700" IS_IC="true"/></TOC_Entry><TOC_Entry TOC_ENTRY_ID="4" TITLE="SPORTS" ENTITY_ID_REF="Ar00110" PAGE_NO="1" PAGE_LABEL="1" PRIM_ID_REF="Ar0011000" IS_IC="true"><TOC_Entry TOC_ENTRY_ID="5" TITLE="" ENTITY_ID_REF="Pc00108" PAGE_NO="1" PAGE_LABEL="1" PRIM_ID_REF="Pc0010800" IS_IC="true"/></TOC_Entry><TOC_Entry TOC_ENTRY_ID="6" TITLE="New alumni leader looks forward" ENTITY_ID_REF="Ar00100" PAGE_NO="1" PAGE_LABEL="1" PRIM_ID_REF="Ar0010000" IS_IC="true"><TOC_Entry TOC_ENTRY_ID="7" TITLE="" ENTITY_ID_REF="Pc00112" PAGE_NO="1" PAGE_LABEL="1" PRIM_ID_REF="Pc0011200" IS_IC="true"/></TOC_Entry><TOC_Entry TOC_ENTRY_ID="8" TITLE="ALUMNI" ENTITY_ID_REF="Ar00302" PAGE_NO="3" PAGE_LABEL="3" PRIM_ID_REF="Ar0030200"/><TOC_Entry TOC_ENTRY_ID="9" TITLE="Business 101: Fisher enters 101st year" ENTITY_ID_REF="Ar00103" PAGE_NO="1" PAGE_LABEL="1" PRIM_ID_REF="Ar0010300" IS_IC="true"><TOC_Entry TOC_ENTRY_ID="10" TITLE="" ENTITY_ID_REF="Pc00106" PAGE_NO="1" PAGE_LABEL="1" PRIM_ID_REF="Pc0010600" IS_IC="true"/></TOC_Entry><TOC_Entry TOC_ENTRY_ID="11" TITLE="Middle East Studies Center reaches out" ENTITY_ID_REF="Ar00102" PAGE_NO="1" PAGE_LABEL="1" PRIM_ID_REF="Ar0010200" IS_IC="true"><TOC_Entry TOC_ENTRY_ID="12" TITLE="" ENTITY_ID_REF="Pc00105" PAGE_NO="1" PAGE_LABEL="1" PRIM_ID_REF="Pc0010500" IS_IC="true"/></TOC_Entry><TOC_Entry TOC_ENTRY_ID="13" TITLE="OUTREACH" ENTITY_ID_REF="Ar00202" PAGE_NO="2" PAGE_LABEL="2" PRIM_ID_REF="Ar0020200"/><TOC_Entry TOC_ENTRY_ID="14" TITLE="Makeathon makes a comeback" ENTITY_ID_REF="Ar00101" PAGE_NO="1" PAGE_LABEL="1" PRIM_ID_REF="Ar0010100" IS_IC="true"><TOC_Entry TOC_ENTRY_ID="15" TITLE="" ENTITY_ID_REF="Pc00109" PAGE_NO="1" PAGE_LABEL="1" PRIM_ID_REF="Pc0010900" IS_IC="true"/></TOC_Entry><TOC_Entry TOC_ENTRY_ID="16" TITLE="MAKEATHON" ENTITY_ID_REF="Ar00304" PAGE_NO="3" PAGE_LABEL="3" PRIM_ID_REF="Ar0030400"/><TOC_Entry TOC_ENTRY_ID="17" TITLE="CRIME MAP" ENTITY_ID_REF="Ar00204" PAGE_NO="2" PAGE_LABEL="2" PRIM_ID_REF="Ar0020400" IS_IC="true"/><TOC_Entry TOC_ENTRY_ID="18" TITLE="Vietnamese group presents culture show" ENTITY_ID_REF="Ar00200" PAGE_NO="2" PAGE_LABEL="2" PRIM_ID_REF="Ar0020000" IS_IC="true"><TOC_Entry TOC_ENTRY_ID="19" TITLE="" ENTITY_ID_REF="Pc00201" PAGE_NO="2" PAGE_LABEL="2" PRIM_ID_REF="Pc0020100" IS_IC="true"/></TOC_Entry><TOC_Entry TOC_ENTRY_ID="20" TITLE="" ENTITY_ID_REF="Ad00203" PAGE_NO="2" PAGE_LABEL="2" PRIM_ID_REF="Ad0020301" IS_IC="true"/><TOC_Entry TOC_ENTRY_ID="21" TITLE="Campus area crime map: March 1-7" ENTITY_ID_REF="Ar00300" PAGE_NO="3" PAGE_LABEL="3" PRIM_ID_REF="Ar0030000" IS_IC="true"><TOC_Entry TOC_ENTRY_ID="22" TITLE="" ENTITY_ID_REF="Pc00303" PAGE_NO="3" PAGE_LABEL="3" PRIM_ID_REF="Pc0030300" IS_IC="true"/><TOC_Entry TOC_ENTRY_ID="23" TITLE="" ENTITY_ID_REF="Pc00306" PAGE_NO="3" PAGE_LABEL="3" PRIM_ID_REF="Pc0030600" IS_IC="true"/></TOC_Entry><TOC_Entry TOC_ENTRY_ID="24" TITLE="thelantern" ENTITY_ID_REF="Ar00301" PAGE_NO="3" PAGE_LABEL="3" PRIM_ID_REF="Ar0030100" IS_IC="true"/><TOC_Entry TOC_ENTRY_ID="25" TITLE="FOLLOW US" ENTITY_ID_REF="Ar00307" PAGE_NO="3" PAGE_LABEL="3" PRIM_ID_REF="Ar0030700" IS_IC="true"/><TOC_Entry TOC_ENTRY_ID="26" TITLE="" ENTITY_ID_REF="Ad00305" PAGE_NO="3" PAGE_LABEL="3" PRIM_ID_REF="Ad0030501" IS_IC="true"/><TOC_Entry TOC_ENTRY_ID="27" TITLE="Letters to the Editor" ENTITY_ID_REF="Ar00308" PAGE_NO="3" PAGE_LABEL="3" PRIM_ID_REF="Ar0030800" IS_IC="true"/><TOC_Entry TOC_ENTRY_ID="28" TITLE="Corrections" ENTITY_ID_REF="Ar00309" PAGE_NO="3" PAGE_LABEL="3" PRIM_ID_REF="Ar0030900" IS_IC="true"/><TOC_Entry TOC_ENTRY_ID="29" TITLE="VINCE STAPLES" ENTITY_ID_REF="Ar00405" PAGE_NO="4" PAGE_LABEL="4" PRIM_ID_REF="Ar0040500" IS_IC="true"/><TOC_Entry TOC_ENTRY_ID="30" TITLE="Surveillance artist to speak, present work" ENTITY_ID_REF="Ar00400" PAGE_NO="4" PAGE_LABEL="4" PRIM_ID_REF="Ar0040000" IS_IC="true"><TOC_Entry TOC_ENTRY_ID="31" TITLE="" ENTITY_ID_REF="Pc00401" PAGE_NO="4" PAGE_LABEL="4" PRIM_ID_REF="Pc0040100" IS_IC="true"/></TOC_Entry><TOC_Entry TOC_ENTRY_ID="32" TITLE="" ENTITY_ID_REF="Ad00406" PAGE_NO="4" PAGE_LABEL="4" PRIM_ID_REF="Ad0040601" IS_IC="true"/><TOC_Entry TOC_ENTRY_ID="33" TITLE="JILL MAGID LECTURE" ENTITY_ID_REF="Ar00403" PAGE_NO="4" PAGE_LABEL="4" PRIM_ID_REF="Ar0040300" IS_IC="true"/><TOC_Entry TOC_ENTRY_ID="34" TITLE="Student organization aims to discover what makes a fan" ENTITY_ID_REF="Ar00404" PAGE_NO="4" PAGE_LABEL="4" PRIM_ID_REF="Ar0040400" IS_IC="true"><TOC_Entry TOC_ENTRY_ID="35" TITLE="" ENTITY_ID_REF="Pc00402" PAGE_NO="4" PAGE_LABEL="4" PRIM_ID_REF="Pc0040200" IS_IC="true"/></TOC_Entry><TOC_Entry TOC_ENTRY_ID="36" TITLE="FANS" ENTITY_ID_REF="Ar00601" PAGE_NO="6" PAGE_LABEL="6" PRIM_ID_REF="Ar0060100"><TOC_Entry TOC_ENTRY_ID="37" TITLE="" ENTITY_ID_REF="Pc00603" PAGE_NO="6" PAGE_LABEL="6" PRIM_ID_REF="Pc0060300" IS_IC="true"/></TOC_Entry><TOC_Entry TOC_ENTRY_ID="38" TITLE="Vince Staples to bring introspective rapping to Columbus" ENTITY_ID_REF="Ar00500" PAGE_NO="5" PAGE_LABEL="5" PRIM_ID_REF="Ar0050000" IS_IC="true"><TOC_Entry TOC_ENTRY_ID="39" TITLE="" ENTITY_ID_REF="Pc00502" PAGE_NO="5" PAGE_LABEL="5" PRIM_ID_REF="Pc0050200" IS_IC="true"/></TOC_Entry><TOC_Entry TOC_ENTRY_ID="40" TITLE="STAPLES" ENTITY_ID_REF="Ar00604" PAGE_NO="6" PAGE_LABEL="6" PRIM_ID_REF="Ar0060400"><TOC_Entry TOC_ENTRY_ID="41" TITLE="" ENTITY_ID_REF="Pc00605" PAGE_NO="6" PAGE_LABEL="6" PRIM_ID_REF="Pc0060500" IS_IC="true"/></TOC_Entry><TOC_Entry TOC_ENTRY_ID="42" TITLE="Music for a cause: Live at the Garden 5" ENTITY_ID_REF="Ar00501" PAGE_NO="5" PAGE_LABEL="5" PRIM_ID_REF="Ar0050100" IS_IC="true"><TOC_Entry TOC_ENTRY_ID="43" TITLE="" ENTITY_ID_REF="Pc00503" PAGE_NO="5" PAGE_LABEL="5" PRIM_ID_REF="Pc0050300" IS_IC="true"/></TOC_Entry><TOC_Entry TOC_ENTRY_ID="44" TITLE="" ENTITY_ID_REF="Ad00504" PAGE_NO="5" PAGE_LABEL="5" PRIM_ID_REF="Ad0050401" IS_IC="true"/><TOC_Entry TOC_ENTRY_ID="45" TITLE="" ENTITY_ID_REF="Ad00607" PAGE_NO="6" PAGE_LABEL="6" PRIM_ID_REF="Ad0060701" IS_IC="true"/><TOC_Entry TOC_ENTRY_ID="46" TITLE="Kendrick Lamar, M83 back up to old tricks" ENTITY_ID_REF="Ar00600" PAGE_NO="6" PAGE_LABEL="6" PRIM_ID_REF="Ar0060000" IS_IC="true"><TOC_Entry TOC_ENTRY_ID="47" TITLE="" ENTITY_ID_REF="Pc00602" PAGE_NO="6" PAGE_LABEL="6" PRIM_ID_REF="Pc0060200" IS_IC="true"/></TOC_Entry><TOC_Entry TOC_ENTRY_ID="48" TITLE="VINCE STAPLES" ENTITY_ID_REF="Ar00606" PAGE_NO="6" PAGE_LABEL="6" PRIM_ID_REF="Ar0060600" IS_IC="true"/><TOC_Entry TOC_ENTRY_ID="49" TITLE="" ENTITY_ID_REF="Ad00708" PAGE_NO="7" PAGE_LABEL="7" PRIM_ID_REF="Ad0070801" IS_IC="true"/><TOC_Entry TOC_ENTRY_ID="50" TITLE="WRESTLING" ENTITY_ID_REF="Ar00804" PAGE_NO="8" PAGE_LABEL="8" PRIM_ID_REF="Ar0080400" IS_IC="true"/><TOC_Entry TOC_ENTRY_ID="51" TITLE="Buckeyes packed with question marks" ENTITY_ID_REF="Ar00800" PAGE_NO="8" PAGE_LABEL="8" PRIM_ID_REF="Ar0080000" IS_IC="true"><TOC_Entry TOC_ENTRY_ID="52" TITLE="" ENTITY_ID_REF="Pc00805" PAGE_NO="8" PAGE_LABEL="8" PRIM_ID_REF="Pc0080500" IS_IC="true"/></TOC_Entry><TOC_Entry TOC_ENTRY_ID="53" TITLE="BASKETBALL" ENTITY_ID_REF="Ar00703" PAGE_NO="7" PAGE_LABEL="7" PRIM_ID_REF="Ar0070300"><TOC_Entry TOC_ENTRY_ID="54" TITLE="" ENTITY_ID_REF="Pc00700" PAGE_NO="7" PAGE_LABEL="7" PRIM_ID_REF="Pc0070000" IS_IC="true"/><TOC_Entry TOC_ENTRY_ID="55" TITLE="" ENTITY_ID_REF="Pc00705" PAGE_NO="7" PAGE_LABEL="7" PRIM_ID_REF="Pc0070500" IS_IC="true"/><TOC_Entry TOC_ENTRY_ID="56" TITLE="" ENTITY_ID_REF="Pc00706" PAGE_NO="7" PAGE_LABEL="7" PRIM_ID_REF="Pc0070600" IS_IC="true"/></TOC_Entry><TOC_Entry TOC_ENTRY_ID="57" TITLE="Alex Bayne stepping up as leader, slugger" ENTITY_ID_REF="Ar00801" PAGE_NO="8" PAGE_LABEL="8" PRIM_ID_REF="Ar0080100" IS_IC="true"/><TOC_Entry TOC_ENTRY_ID="58" TITLE="BAYNE" ENTITY_ID_REF="Ar00704" PAGE_NO="7" PAGE_LABEL="7" PRIM_ID_REF="Ar0070400"><TOC_Entry TOC_ENTRY_ID="59" TITLE="" ENTITY_ID_REF="Pc00701" PAGE_NO="7" PAGE_LABEL="7" PRIM_ID_REF="Pc0070100" IS_IC="true"/></TOC_Entry><TOC_Entry TOC_ENTRY_ID="60" TITLE="Ohio State swimmers take success into NCAA championships" ENTITY_ID_REF="Ar00802" PAGE_NO="8" PAGE_LABEL="8" PRIM_ID_REF="Ar0080200" IS_IC="true"><TOC_Entry TOC_ENTRY_ID="61" TITLE="" ENTITY_ID_REF="Pc00803" PAGE_NO="8" PAGE_LABEL="8" PRIM_ID_REF="Pc0080300" IS_IC="true"/></TOC_Entry><TOC_Entry TOC_ENTRY_ID="62" TITLE="SWIMMING" ENTITY_ID_REF="Ar00707" PAGE_NO="7" PAGE_LABEL="7" PRIM_ID_REF="Ar0070700"><TOC_Entry TOC_ENTRY_ID="63" TITLE="" ENTITY_ID_REF="Pc00702" PAGE_NO="7" PAGE_LABEL="7" PRIM_ID_REF="Pc0070200" IS_IC="true"/></TOC_Entry></TOC_Entries></Logic_np></Xmd_toc>
