<x:xmpmeta xmlns:x="adobe:ns:meta/" x:xmptk="Adobe XMP Core 5.4-c005 78.147326, 2012/08/23-13:03:03        ">
	<rdf:RDF xmlns:rdf="http://www.w3.org/1999/02/22-rdf-syntax-ns#">
		<rdf:Description rdf:about="" xmlns:xmp="http://ns.adobe.com/xap/1.0/" xmlns:dc="http://purl.org/dc/elements/1.1/" xmlns:xmpMM="http://ns.adobe.com/xap/1.0/mm/" xmlns:pdf="http://ns.adobe.com/pdf/1.3/" xmlns:pdfx="http://ns.adobe.com/pdfx/1.3/" xmlns:Olv="Olive" xmp:ModifyDate="2019-08-31T10:16:22+05:30" xmp:CreateDate="2016-03-07T22:10:22-05:00" xmp:MetadataDate="2019-08-31T10:16:22+05:30" xmp:CreatorTool="Adobe InDesign CC 2015 (Macintosh)" dc:format="application/pdf" xmpMM:DocumentID="uuid:2a88d60e-ab24-4d41-92c7-fbaa0a13fb6a" xmpMM:InstanceID="uuid:a397ef7e-8d5e-4c0e-b24c-d44e4a0781a8" pdf:Producer="Adobe PDF Library 15.0" pdfx:OLV0_XMD_PAGE_COUNT="8" Olv:publication="OHI" Olv:issue_date="2016/ 3/ 8">
			<Olv:TimeTrack>
				<rdf:Seq>
					<rdf:li>
						<rdf:Description Olv:GUID="{3C2FAF51-4E37-47EA-9F09-4172A0DDA65E}" Olv:Status="Succeeded" Olv:File="060-OHI-2016-03-08-0001.pdf" Olv:Pages="8" Olv:Comp="SEG07" Olv:User="pipex" Olv:Start="2019-08-06T13:21:13+05:30" Olv:End="2019-08-06T13:21:26+05:30" Olv:TotalTime="00:00:13" Olv:IdleTime="00:00:00">
							<Olv:Operations>
								<rdf:Bag>
									<rdf:li>Auto Segmentation</rdf:li>
									<rdf:li>First session</rdf:li>
								</rdf:Bag>
							</Olv:Operations>
						</rdf:Description>
					</rdf:li>
					<rdf:li>
						<rdf:Description Olv:GUID="{4645628A-AEA5-4FDF-8155-7E4CF59D9EA9}" Olv:Status="None" Olv:File="060-OHI-2016-03-08-0001.pdf" Olv:Pages="8" Olv:Comp="MDOPS-C15" Olv:User="001660" Olv:Start="2019-08-18T10:58:38+05:30" Olv:End="2019-08-18T11:31:52+05:30" Olv:TotalTime="00:33:14" Olv:IdleTime="00:00:00">
							<Olv:Operations>
								<rdf:Bag>
									<rdf:li>Edit Segmentation</rdf:li>
								</rdf:Bag>
							</Olv:Operations>
						</rdf:Description>
					</rdf:li>
					<rdf:li>
						<rdf:Description Olv:GUID="{F852EBE9-A55F-4652-98ED-B4CB51C4EF0C}" Olv:Status="None" Olv:File="060-OHI-2016-03-08-0001.pdf" Olv:Pages="8" Olv:Comp="MDOPS-C08" Olv:User="000949" Olv:Start="2019-08-28T13:35:09+05:30" Olv:End="2019-08-28T13:50:41+05:30" Olv:TotalTime="00:15:32" Olv:IdleTime="00:03:25">
							<Olv:Operations>
								<rdf:Bag>
									<rdf:li>Edit Segmentation</rdf:li>
								</rdf:Bag>
							</Olv:Operations>
						</rdf:Description>
					</rdf:li>
					<rdf:li>
						<rdf:Description Olv:GUID="{AE5F2177-0DC5-472E-BDE1-27170F8F70C8}" Olv:Status="Succeeded" Olv:File="060-OHI-2016-03-08-0001.pdf" Olv:Pages="8" Olv:Comp="SEG07" Olv:User="pipex" Olv:Start="2019-08-31T10:16:22+05:30" Olv:End="2019-08-31T10:17:23+05:30" Olv:TotalTime="00:01:01" Olv:IdleTime="00:01:01">
							<Olv:Operations>
								<rdf:Bag>
									<rdf:li>Output</rdf:li>
								</rdf:Bag>
							</Olv:Operations>
						</rdf:Description>
					</rdf:li>
				</rdf:Seq>
			</Olv:TimeTrack>
		</rdf:Description>
	</rdf:RDF>
</x:xmpmeta>
