<x:xmpmeta xmlns:x="adobe:ns:meta/" x:xmptk="Adobe XMP Core 5.4-c005 78.147326, 2012/08/23-13:03:03        ">
	<rdf:RDF xmlns:rdf="http://www.w3.org/1999/02/22-rdf-syntax-ns#">
		<rdf:Description rdf:about="" xmlns:xmp="http://ns.adobe.com/xap/1.0/" xmlns:dc="http://purl.org/dc/elements/1.1/" xmlns:xmpMM="http://ns.adobe.com/xap/1.0/mm/" xmlns:pdf="http://ns.adobe.com/pdf/1.3/" xmlns:pdfx="http://ns.adobe.com/pdfx/1.3/" xmlns:Olv="Olive" xmp:ModifyDate="2019-08-31T09:56:59+05:30" xmp:CreateDate="2016-01-18T18:28:55-05:00" xmp:MetadataDate="2019-08-31T09:56:59+05:30" xmp:CreatorTool="Adobe InDesign CC 2015 (Macintosh)" dc:format="application/pdf" xmpMM:DocumentID="uuid:62dfcd03-5566-0049-91e0-3c4c75a5097f" xmpMM:InstanceID="uuid:d44652d5-a80b-43af-9580-20d33dbcaa49" pdf:Producer="Adobe PDF Library 15.0" pdfx:OLV0_XMD_PAGE_COUNT="8" Olv:publication="OHI" Olv:issue_date="2016/ 1/19">
			<Olv:TimeTrack>
				<rdf:Seq>
					<rdf:li>
						<rdf:Description Olv:GUID="{B4BC3706-9B09-41F6-AD7C-D6386F589730}" Olv:Status="Succeeded" Olv:File="060-OHI-2016-01-19-0001.pdf" Olv:Pages="8" Olv:Comp="SEG02" Olv:User="pipex" Olv:Start="2019-08-06T13:19:31+05:30" Olv:End="2019-08-06T13:19:43+05:30" Olv:TotalTime="00:00:12" Olv:IdleTime="00:00:00">
							<Olv:Operations>
								<rdf:Bag>
									<rdf:li>Auto Segmentation</rdf:li>
									<rdf:li>First session</rdf:li>
								</rdf:Bag>
							</Olv:Operations>
						</rdf:Description>
					</rdf:li>
					<rdf:li>
						<rdf:Description Olv:GUID="{C9356967-2B1A-42FA-B946-6FBAB0C0E148}" Olv:Status="None" Olv:File="060-OHI-2016-01-19-0001.pdf" Olv:Pages="8" Olv:Comp="MDOPS-C17" Olv:User="001664" Olv:Start="2019-08-17T15:37:26+05:30" Olv:End="2019-08-17T16:56:29+05:30" Olv:TotalTime="01:19:03" Olv:IdleTime="00:15:56">
							<Olv:Operations>
								<rdf:Bag>
									<rdf:li>Edit Segmentation</rdf:li>
								</rdf:Bag>
							</Olv:Operations>
						</rdf:Description>
					</rdf:li>
					<rdf:li>
						<rdf:Description Olv:GUID="{AB749BFD-ADF0-4D7C-A9A6-4DDB86BC256D}" Olv:Status="None" Olv:File="060-OHI-2016-01-19-0001.pdf" Olv:Pages="8" Olv:Comp="MDOPS-C07" Olv:User="000675" Olv:Start="2019-08-28T12:56:09+05:30" Olv:End="2019-08-28T13:31:58+05:30" Olv:TotalTime="00:35:49" Olv:IdleTime="00:26:22">
							<Olv:Operations>
								<rdf:Bag>
									<rdf:li>Edit Segmentation</rdf:li>
								</rdf:Bag>
							</Olv:Operations>
						</rdf:Description>
					</rdf:li>
					<rdf:li>
						<rdf:Description Olv:GUID="{6DE98534-0A54-4FCC-AC99-1DBF961E4D89}" Olv:Status="Succeeded" Olv:File="060-OHI-2016-01-19-0001.pdf" Olv:Pages="8" Olv:Comp="SEG04" Olv:User="pipex" Olv:Start="2019-08-31T09:56:59+05:30" Olv:End="2019-08-31T09:57:50+05:30" Olv:TotalTime="00:00:51" Olv:IdleTime="00:00:51">
							<Olv:Operations>
								<rdf:Bag>
									<rdf:li>Output</rdf:li>
								</rdf:Bag>
							</Olv:Operations>
						</rdf:Description>
					</rdf:li>
				</rdf:Seq>
			</Olv:TimeTrack>
		</rdf:Description>
	</rdf:RDF>
</x:xmpmeta>
