<x:xmpmeta xmlns:x="adobe:ns:meta/" x:xmptk="Adobe XMP Core 5.4-c005 78.147326, 2012/08/23-13:03:03        ">
	<rdf:RDF xmlns:rdf="http://www.w3.org/1999/02/22-rdf-syntax-ns#">
		<rdf:Description rdf:about="" xmlns:xmp="http://ns.adobe.com/xap/1.0/" xmlns:dc="http://purl.org/dc/elements/1.1/" xmlns:xmpMM="http://ns.adobe.com/xap/1.0/mm/" xmlns:pdf="http://ns.adobe.com/pdf/1.3/" xmlns:pdfx="http://ns.adobe.com/pdfx/1.3/" xmlns:Olv="Olive" xmp:ModifyDate="2019-08-31T11:46+05:30" xmp:CreateDate="2018-02-07T21:57:17-05:00" xmp:MetadataDate="2019-08-31T11:46+05:30" xmp:CreatorTool="Adobe InDesign CC 13.0 (Macintosh)" dc:format="application/pdf" xmpMM:DocumentID="uuid:8d6058b6-59cd-f142-801a-cffeac621f94" xmpMM:InstanceID="uuid:664d0e23-7cd2-4eaf-aa6d-eba1ebd17c70" pdf:Producer="Adobe PDF Library 15.0" pdfx:OLV0_XMD_PAGE_COUNT="8" Olv:publication="OHI" Olv:issue_date="2018/ 2/ 8">
			<Olv:TimeTrack>
				<rdf:Seq>
					<rdf:li>
						<rdf:Description Olv:GUID="{80D21B80-D863-492E-B7FE-5EBF7C5CC95C}" Olv:Status="Succeeded" Olv:File="060-OHI-2018-02-08-0001.pdf" Olv:Pages="8" Olv:Comp="SEG06" Olv:User="pipex" Olv:Start="2019-08-06T13:27:22+05:30" Olv:End="2019-08-06T13:27:33+05:30" Olv:TotalTime="00:00:11" Olv:IdleTime="00:00:00">
							<Olv:Operations>
								<rdf:Bag>
									<rdf:li>Auto Segmentation</rdf:li>
									<rdf:li>First session</rdf:li>
								</rdf:Bag>
							</Olv:Operations>
						</rdf:Description>
					</rdf:li>
					<rdf:li>
						<rdf:Description Olv:GUID="{EB63E04D-996F-40AD-82A0-DA139951D47E}" Olv:Status="None" Olv:File="060-OHI-2018-02-08-0001.pdf" Olv:Pages="8" Olv:Comp="MDOPS-C14" Olv:User="001663" Olv:Start="2019-08-21T09:11:35+05:30" Olv:End="2019-08-21T10:07:46+05:30" Olv:TotalTime="00:56:11" Olv:IdleTime="00:01:38">
							<Olv:Operations>
								<rdf:Bag>
									<rdf:li>Edit Segmentation</rdf:li>
								</rdf:Bag>
							</Olv:Operations>
						</rdf:Description>
					</rdf:li>
					<rdf:li>
						<rdf:Description Olv:GUID="{BBFDA917-6133-40B7-BAFE-9E8248D18881}" Olv:Status="None" Olv:File="060-OHI-2018-02-08-0001.pdf" Olv:Pages="8" Olv:Comp="MDOPS-C14" Olv:User="001663" Olv:Start="2019-08-21T10:08:26+05:30" Olv:End="2019-08-21T10:14:36+05:30" Olv:TotalTime="00:06:10" Olv:IdleTime="00:00:00">
							<Olv:Operations>
								<rdf:Bag>
									<rdf:li>Edit Segmentation</rdf:li>
								</rdf:Bag>
							</Olv:Operations>
						</rdf:Description>
					</rdf:li>
					<rdf:li>
						<rdf:Description Olv:GUID="{BA18E77D-DD99-4D2B-A0C2-BA6B24A2C1AD}" Olv:Status="None" Olv:File="060-OHI-2018-02-08-0001.pdf" Olv:Pages="8" Olv:Comp="MDOPS-C07" Olv:User="000675" Olv:Start="2019-08-29T08:12:15+05:30" Olv:End="2019-08-29T08:39:39+05:30" Olv:TotalTime="00:27:24" Olv:IdleTime="00:15:35">
							<Olv:Operations>
								<rdf:Bag>
									<rdf:li>Edit Segmentation</rdf:li>
								</rdf:Bag>
							</Olv:Operations>
						</rdf:Description>
					</rdf:li>
					<rdf:li>
						<rdf:Description Olv:GUID="{A4A838E3-88C5-4C0C-897E-575CEF662C76}" Olv:Status="Succeeded" Olv:File="060-OHI-2018-02-08-0001.pdf" Olv:Pages="8" Olv:Comp="SEG03" Olv:User="pipex" Olv:Start="2019-08-31T11:46:01+05:30" Olv:End="2019-08-31T11:46:52+05:30" Olv:TotalTime="00:00:51" Olv:IdleTime="00:00:51">
							<Olv:Operations>
								<rdf:Bag>
									<rdf:li>Output</rdf:li>
								</rdf:Bag>
							</Olv:Operations>
						</rdf:Description>
					</rdf:li>
				</rdf:Seq>
			</Olv:TimeTrack>
		</rdf:Description>
	</rdf:RDF>
</x:xmpmeta>
