<x:xmpmeta xmlns:x="adobe:ns:meta/" x:xmptk="Adobe XMP Core 5.4-c005 78.147326, 2012/08/23-13:03:03        ">
	<rdf:RDF xmlns:rdf="http://www.w3.org/1999/02/22-rdf-syntax-ns#">
		<rdf:Description rdf:about="" xmlns:xmp="http://ns.adobe.com/xap/1.0/" xmlns:dc="http://purl.org/dc/elements/1.1/" xmlns:xmpMM="http://ns.adobe.com/xap/1.0/mm/" xmlns:pdf="http://ns.adobe.com/pdf/1.3/" xmlns:pdfx="http://ns.adobe.com/pdfx/1.3/" xmlns:Olv="Olive" xmp:ModifyDate="2019-08-31T10:24:55+05:30" xmp:CreateDate="2016-08-29T22:00:06-04:00" xmp:MetadataDate="2019-08-31T10:24:55+05:30" xmp:CreatorTool="Adobe InDesign CC 2015 (Macintosh)" dc:format="application/pdf" xmpMM:DocumentID="uuid:b1d39db5-c222-7147-ab21-bed21ec1c790" xmpMM:InstanceID="uuid:4d58d124-6b8d-4f6c-aaed-4217f376c3ef" pdf:Producer="Adobe PDF Library 15.0" pdfx:OLV0_XMD_PAGE_COUNT="8" Olv:publication="OHI" Olv:issue_date="2016/ 8/30">
			<Olv:TimeTrack>
				<rdf:Seq>
					<rdf:li>
						<rdf:Description Olv:GUID="{B2725ABC-9BEF-45AC-82A9-987FEF725A5E}" Olv:Status="Succeeded" Olv:File="060-OHI-2016-08-30-0001.pdf" Olv:Pages="8" Olv:Comp="SEG04" Olv:User="pipex" Olv:Start="2019-08-06T13:22:28+05:30" Olv:End="2019-08-06T13:22:41+05:30" Olv:TotalTime="00:00:13" Olv:IdleTime="00:00:00">
							<Olv:Operations>
								<rdf:Bag>
									<rdf:li>Auto Segmentation</rdf:li>
									<rdf:li>First session</rdf:li>
								</rdf:Bag>
							</Olv:Operations>
						</rdf:Description>
					</rdf:li>
					<rdf:li>
						<rdf:Description Olv:GUID="{37F3EB74-9A0E-4D5E-9241-8240F6C5F544}" Olv:Status="None" Olv:File="060-OHI-2016-08-30-0001.pdf" Olv:Pages="8" Olv:Comp="MDOPS-C14" Olv:User="001663" Olv:Start="2019-08-18T14:41:09+05:30" Olv:End="2019-08-18T15:37:28+05:30" Olv:TotalTime="00:56:19" Olv:IdleTime="00:07:08">
							<Olv:Operations>
								<rdf:Bag>
									<rdf:li>Edit Segmentation</rdf:li>
								</rdf:Bag>
							</Olv:Operations>
						</rdf:Description>
					</rdf:li>
					<rdf:li>
						<rdf:Description Olv:GUID="{7EE647B9-D48B-4D9C-B16A-2B9056E200D9}" Olv:Status="None" Olv:File="060-OHI-2016-08-30-0001.pdf" Olv:Pages="8" Olv:Comp="MDOPS-C14" Olv:User="001663" Olv:Start="2019-08-18T15:37:28+05:30" Olv:End="2019-08-18T17:15:16+05:30" Olv:TotalTime="01:37:48" Olv:IdleTime="00:11:19">
							<Olv:Operations>
								<rdf:Bag>
									<rdf:li>Edit Segmentation</rdf:li>
								</rdf:Bag>
							</Olv:Operations>
						</rdf:Description>
					</rdf:li>
					<rdf:li>
						<rdf:Description Olv:GUID="{64A1D7B1-1319-4C20-8A5E-B6415D54869C}" Olv:Status="None" Olv:File="060-OHI-2016-08-30-0001.pdf" Olv:Pages="8" Olv:Comp="MDOPS-B41" Olv:User="001090" Olv:Start="2019-08-28T14:07:28+05:30" Olv:End="2019-08-28T14:14:33+05:30" Olv:TotalTime="00:07:05" Olv:IdleTime="00:00:00">
							<Olv:Operations>
								<rdf:Bag>
									<rdf:li>Edit Segmentation</rdf:li>
								</rdf:Bag>
							</Olv:Operations>
						</rdf:Description>
					</rdf:li>
					<rdf:li>
						<rdf:Description Olv:GUID="{5F7CB410-B48D-4A70-ACA9-06F50EC3CABC}" Olv:Status="Succeeded" Olv:File="060-OHI-2016-08-30-0001.pdf" Olv:Pages="8" Olv:Comp="SEG04" Olv:User="pipex" Olv:Start="2019-08-31T10:24:56+05:30" Olv:End="2019-08-31T10:25:45+05:30" Olv:TotalTime="00:00:49" Olv:IdleTime="00:00:49">
							<Olv:Operations>
								<rdf:Bag>
									<rdf:li>Output</rdf:li>
								</rdf:Bag>
							</Olv:Operations>
						</rdf:Description>
					</rdf:li>
				</rdf:Seq>
			</Olv:TimeTrack>
		</rdf:Description>
	</rdf:RDF>
</x:xmpmeta>
