<x:xmpmeta xmlns:x="adobe:ns:meta/" x:xmptk="Adobe XMP Core 5.4-c005 78.147326, 2012/08/23-13:03:03        ">
	<rdf:RDF xmlns:rdf="http://www.w3.org/1999/02/22-rdf-syntax-ns#">
		<rdf:Description rdf:about="" xmlns:xmp="http://ns.adobe.com/xap/1.0/" xmlns:dc="http://purl.org/dc/elements/1.1/" xmlns:xmpMM="http://ns.adobe.com/xap/1.0/mm/" xmlns:pdf="http://ns.adobe.com/pdf/1.3/" xmlns:pdfx="http://ns.adobe.com/pdfx/1.3/" xmlns:Olv="Olive" xmp:ModifyDate="2019-08-31T10:29:06+05:30" xmp:CreateDate="2016-09-12T21:57:15-04:00" xmp:MetadataDate="2019-08-31T10:29:06+05:30" xmp:CreatorTool="Adobe InDesign CC 2015 (Macintosh)" dc:format="application/pdf" xmpMM:DocumentID="uuid:3b551967-dcb7-4044-8b58-198c827631a8" xmpMM:InstanceID="uuid:54ab5aa8-dc04-45d1-bad1-f47d4e9ef075" pdf:Producer="Adobe PDF Library 15.0" pdfx:OLV0_XMD_PAGE_COUNT="8" Olv:publication="OHI" Olv:issue_date="2016/ 9/13">
			<Olv:TimeTrack>
				<rdf:Seq>
					<rdf:li>
						<rdf:Description Olv:GUID="{2E076930-552E-4DD6-A053-8B9361338B50}" Olv:Status="Succeeded" Olv:File="060-OHI-2016-09-13-0001.pdf" Olv:Pages="8" Olv:Comp="SEG07" Olv:User="pipex" Olv:Start="2019-08-06T13:21:50+05:30" Olv:End="2019-08-06T13:22:06+05:30" Olv:TotalTime="00:00:16" Olv:IdleTime="00:00:00">
							<Olv:Operations>
								<rdf:Bag>
									<rdf:li>Auto Segmentation</rdf:li>
									<rdf:li>First session</rdf:li>
								</rdf:Bag>
							</Olv:Operations>
						</rdf:Description>
					</rdf:li>
					<rdf:li>
						<rdf:Description Olv:GUID="{952B3661-42B3-4562-ADEF-375AE0B9D1E8}" Olv:Status="None" Olv:File="060-OHI-2016-09-13-0001.pdf" Olv:Pages="8" Olv:Comp="MDOPS-C18" Olv:User="001662" Olv:Start="2019-08-18T15:27:31+05:30" Olv:End="2019-08-18T16:14:47+05:30" Olv:TotalTime="00:47:16" Olv:IdleTime="00:03:10">
							<Olv:Operations>
								<rdf:Bag>
									<rdf:li>Edit Segmentation</rdf:li>
								</rdf:Bag>
							</Olv:Operations>
						</rdf:Description>
					</rdf:li>
					<rdf:li>
						<rdf:Description Olv:GUID="{6EDC969B-C7D5-4DF6-A8A2-E4F098148796}" Olv:Status="None" Olv:File="060-OHI-2016-09-13-0001.pdf" Olv:Pages="8" Olv:Comp="MDOPS-B41" Olv:User="001090" Olv:Start="2019-08-28T14:15:31+05:30" Olv:End="2019-08-28T14:21:03+05:30" Olv:TotalTime="00:05:32" Olv:IdleTime="00:00:00">
							<Olv:Operations>
								<rdf:Bag>
									<rdf:li>Edit Segmentation</rdf:li>
								</rdf:Bag>
							</Olv:Operations>
						</rdf:Description>
					</rdf:li>
					<rdf:li>
						<rdf:Description Olv:GUID="{7941E351-86D0-423B-92DE-0EBF307F5E11}" Olv:Status="Succeeded" Olv:File="060-OHI-2016-09-13-0001.pdf" Olv:Pages="8" Olv:Comp="SEG03" Olv:User="pipex" Olv:Start="2019-08-31T10:29:07+05:30" Olv:End="2019-08-31T10:30:01+05:30" Olv:TotalTime="00:00:54" Olv:IdleTime="00:00:54">
							<Olv:Operations>
								<rdf:Bag>
									<rdf:li>Output</rdf:li>
								</rdf:Bag>
							</Olv:Operations>
						</rdf:Description>
					</rdf:li>
				</rdf:Seq>
			</Olv:TimeTrack>
		</rdf:Description>
	</rdf:RDF>
</x:xmpmeta>
