<x:xmpmeta xmlns:x="adobe:ns:meta/" x:xmptk="Adobe XMP Core 5.4-c005 78.147326, 2012/08/23-13:03:03        ">
	<rdf:RDF xmlns:rdf="http://www.w3.org/1999/02/22-rdf-syntax-ns#">
		<rdf:Description rdf:about="" xmlns:xmp="http://ns.adobe.com/xap/1.0/" xmlns:dc="http://purl.org/dc/elements/1.1/" xmlns:xmpMM="http://ns.adobe.com/xap/1.0/mm/" xmlns:pdf="http://ns.adobe.com/pdf/1.3/" xmlns:pdfx="http://ns.adobe.com/pdfx/1.3/" xmlns:Olv="Olive" xmp:ModifyDate="2019-08-31T10:42:03+05:30" xmp:CreateDate="2017-11-15T21:51:34-05:00" xmp:MetadataDate="2019-08-31T10:42:03+05:30" xmp:CreatorTool="Adobe InDesign CC 2017 (Macintosh)" dc:format="application/pdf" xmpMM:DocumentID="uuid:0b3aaf21-bd71-f443-904e-d4d812eb4275" xmpMM:InstanceID="uuid:30623e10-9062-40ea-ac12-f34aefd527f3" pdf:Producer="Adobe PDF Library 15.0" pdfx:OLV0_XMD_PAGE_COUNT="8" Olv:publication="OHI" Olv:issue_date="2017/11/16">
			<Olv:TimeTrack>
				<rdf:Seq>
					<rdf:li>
						<rdf:Description Olv:GUID="{EF2A853F-2241-45AF-A106-CF0314505C82}" Olv:Status="Succeeded" Olv:File="060-OHI-2017-11-16-0001.pdf" Olv:Pages="8" Olv:Comp="SEG07" Olv:User="pipex" Olv:Start="2019-08-06T13:22:45+05:30" Olv:End="2019-08-06T13:22:56+05:30" Olv:TotalTime="00:00:11" Olv:IdleTime="00:00:00">
							<Olv:Operations>
								<rdf:Bag>
									<rdf:li>Auto Segmentation</rdf:li>
									<rdf:li>First session</rdf:li>
								</rdf:Bag>
							</Olv:Operations>
						</rdf:Description>
					</rdf:li>
					<rdf:li>
						<rdf:Description Olv:GUID="{FDED5837-4BA9-4E2E-BB05-19473FC42364}" Olv:Status="None" Olv:File="060-OHI-2017-11-16-0001.pdf" Olv:Pages="8" Olv:Comp="MDOPS-C17" Olv:User="001664" Olv:Start="2019-08-20T14:27:58+05:30" Olv:End="2019-08-20T15:14:37+05:30" Olv:TotalTime="00:46:39" Olv:IdleTime="00:02:24">
							<Olv:Operations>
								<rdf:Bag>
									<rdf:li>Edit Segmentation</rdf:li>
								</rdf:Bag>
							</Olv:Operations>
						</rdf:Description>
					</rdf:li>
					<rdf:li>
						<rdf:Description Olv:GUID="{CDF28AAF-5ECB-41C9-AE3C-BF5EC1815853}" Olv:Status="None" Olv:File="060-OHI-2017-11-16-0001.pdf" Olv:Pages="8" Olv:Comp="MDOPS-C07" Olv:User="000675" Olv:Start="2019-08-29T07:38:45+05:30" Olv:End="2019-08-29T07:41:47+05:30" Olv:TotalTime="00:03:02" Olv:IdleTime="00:00:00">
							<Olv:Operations>
								<rdf:Bag>
									<rdf:li>Edit Segmentation</rdf:li>
								</rdf:Bag>
							</Olv:Operations>
						</rdf:Description>
					</rdf:li>
					<rdf:li>
						<rdf:Description Olv:GUID="{D32C5CBC-AA32-4F3B-934E-3C94217CF3DE}" Olv:Status="Succeeded" Olv:File="060-OHI-2017-11-16-0001.pdf" Olv:Pages="8" Olv:Comp="SEG03" Olv:User="pipex" Olv:Start="2019-08-31T10:42:05+05:30" Olv:End="2019-08-31T10:42:49+05:30" Olv:TotalTime="00:00:44" Olv:IdleTime="00:00:44">
							<Olv:Operations>
								<rdf:Bag>
									<rdf:li>Output</rdf:li>
								</rdf:Bag>
							</Olv:Operations>
						</rdf:Description>
					</rdf:li>
				</rdf:Seq>
			</Olv:TimeTrack>
		</rdf:Description>
	</rdf:RDF>
</x:xmpmeta>
