<x:xmpmeta xmlns:x="adobe:ns:meta/" x:xmptk="Adobe XMP Core 5.4-c005 78.147326, 2012/08/23-13:03:03        ">
	<rdf:RDF xmlns:rdf="http://www.w3.org/1999/02/22-rdf-syntax-ns#">
		<rdf:Description rdf:about="" xmlns:xmp="http://ns.adobe.com/xap/1.0/" xmlns:dc="http://purl.org/dc/elements/1.1/" xmlns:xmpMM="http://ns.adobe.com/xap/1.0/mm/" xmlns:pdf="http://ns.adobe.com/pdf/1.3/" xmlns:pdfx="http://ns.adobe.com/pdfx/1.3/" xmlns:Olv="Olive" xmp:ModifyDate="2019-08-31T09:43:44+05:30" xmp:CreateDate="2016-10-26T21:59:40-04:00" xmp:MetadataDate="2019-08-31T09:43:44+05:30" xmp:CreatorTool="Adobe InDesign CC 2015 (Macintosh)" dc:format="application/pdf" xmpMM:DocumentID="uuid:44588d5a-578a-6049-8005-3c7052e48164" xmpMM:InstanceID="uuid:fbc5e1b1-235b-4cfe-8dec-cf907c7fda45" pdf:Producer="Adobe PDF Library 15.0" pdfx:OLV0_XMD_PAGE_COUNT="8" Olv:publication="OHI" Olv:issue_date="2016/10/27">
			<Olv:TimeTrack>
				<rdf:Seq>
					<rdf:li>
						<rdf:Description Olv:GUID="{5843B77F-560A-4687-9511-2E8008F6F0C0}" Olv:Status="Succeeded" Olv:File="060-OHI-2016-10-27-0001.pdf" Olv:Pages="8" Olv:Comp="SEG03" Olv:User="pipex" Olv:Start="2019-08-06T13:19:02+05:30" Olv:End="2019-08-06T13:19:19+05:30" Olv:TotalTime="00:00:17" Olv:IdleTime="00:00:00">
							<Olv:Operations>
								<rdf:Bag>
									<rdf:li>Auto Segmentation</rdf:li>
									<rdf:li>First session</rdf:li>
								</rdf:Bag>
							</Olv:Operations>
						</rdf:Description>
					</rdf:li>
					<rdf:li>
						<rdf:Description Olv:GUID="{CE080CE6-D81A-4670-AF37-C6868FCB0145}" Olv:Status="None" Olv:File="060-OHI-2016-10-27-0001.pdf" Olv:Pages="8" Olv:Comp="MDOPS-C16" Olv:User="001661" Olv:Start="2019-08-19T10:09:58+05:30" Olv:End="2019-08-19T11:14:17+05:30" Olv:TotalTime="01:04:19" Olv:IdleTime="00:07:52">
							<Olv:Operations>
								<rdf:Bag>
									<rdf:li>Edit Segmentation</rdf:li>
								</rdf:Bag>
							</Olv:Operations>
						</rdf:Description>
					</rdf:li>
					<rdf:li>
						<rdf:Description Olv:GUID="{E7619D4C-38A2-414A-9B54-DE5693F07887}" Olv:Status="None" Olv:File="060-OHI-2016-10-27-0001.pdf" Olv:Pages="8" Olv:Comp="MDOPS-C2" Olv:User="001086" Olv:Start="2019-08-28T14:30:37+05:30" Olv:End="2019-08-28T14:38:40+05:30" Olv:TotalTime="00:08:03" Olv:IdleTime="00:00:00">
							<Olv:Operations>
								<rdf:Bag>
									<rdf:li>Edit Segmentation</rdf:li>
								</rdf:Bag>
							</Olv:Operations>
						</rdf:Description>
					</rdf:li>
					<rdf:li>
						<rdf:Description Olv:GUID="{D4568F46-0CA2-4A2C-BAD5-DAB0BED9BC5A}" Olv:Status="Succeeded" Olv:File="060-OHI-2016-10-27-0001.pdf" Olv:Pages="8" Olv:Comp="SEG07" Olv:User="pipex" Olv:Start="2019-08-31T09:43:45+05:30" Olv:End="2019-08-31T09:44:37+05:30" Olv:TotalTime="00:00:52" Olv:IdleTime="00:00:52">
							<Olv:Operations>
								<rdf:Bag>
									<rdf:li>Output</rdf:li>
								</rdf:Bag>
							</Olv:Operations>
						</rdf:Description>
					</rdf:li>
				</rdf:Seq>
			</Olv:TimeTrack>
		</rdf:Description>
	</rdf:RDF>
</x:xmpmeta>
