<x:xmpmeta xmlns:x="adobe:ns:meta/" x:xmptk="Adobe XMP Core 5.4-c005 78.147326, 2012/08/23-13:03:03        ">
	<rdf:RDF xmlns:rdf="http://www.w3.org/1999/02/22-rdf-syntax-ns#">
		<rdf:Description rdf:about="" xmlns:xmp="http://ns.adobe.com/xap/1.0/" xmlns:dc="http://purl.org/dc/elements/1.1/" xmlns:xmpMM="http://ns.adobe.com/xap/1.0/mm/" xmlns:pdf="http://ns.adobe.com/pdf/1.3/" xmlns:pdfx="http://ns.adobe.com/pdfx/1.3/" xmlns:Olv="Olive" xmp:ModifyDate="2019-08-31T11:51:01+05:30" xmp:CreateDate="2018-03-26T21:48:19-04:00" xmp:MetadataDate="2019-08-31T11:51:01+05:30" xmp:CreatorTool="Adobe InDesign CC 13.0 (Macintosh)" dc:format="application/pdf" xmpMM:DocumentID="uuid:9607f91f-8b11-e643-953f-0e2aef46e84e" xmpMM:InstanceID="uuid:735aff0b-2f04-4ffa-9c0a-213929293777" pdf:Producer="Adobe PDF Library 15.0" pdfx:OLV0_XMD_PAGE_COUNT="8" Olv:publication="OHI" Olv:issue_date="2018/ 3/27">
			<Olv:TimeTrack>
				<rdf:Seq>
					<rdf:li>
						<rdf:Description Olv:GUID="{66FA8C15-C89D-4E01-99ED-E10A9A9862AB}" Olv:Status="Succeeded" Olv:File="060-OHI-2018-03-27-0001.pdf" Olv:Pages="8" Olv:Comp="SEG02" Olv:User="pipex" Olv:Start="2019-08-06T13:27:43+05:30" Olv:End="2019-08-06T13:27:55+05:30" Olv:TotalTime="00:00:12" Olv:IdleTime="00:00:00">
							<Olv:Operations>
								<rdf:Bag>
									<rdf:li>Auto Segmentation</rdf:li>
									<rdf:li>First session</rdf:li>
								</rdf:Bag>
							</Olv:Operations>
						</rdf:Description>
					</rdf:li>
					<rdf:li>
						<rdf:Description Olv:GUID="{E332664F-9481-43DC-8F2E-B2C9898704DF}" Olv:Status="None" Olv:File="060-OHI-2018-03-27-0001.pdf" Olv:Pages="8" Olv:Comp="MDOPS-C18" Olv:User="001662" Olv:Start="2019-08-22T09:26:03+05:30" Olv:End="2019-08-22T10:05:38+05:30" Olv:TotalTime="00:39:35" Olv:IdleTime="00:00:00">
							<Olv:Operations>
								<rdf:Bag>
									<rdf:li>Edit Segmentation</rdf:li>
								</rdf:Bag>
							</Olv:Operations>
						</rdf:Description>
					</rdf:li>
					<rdf:li>
						<rdf:Description Olv:GUID="{F5532461-FD98-4652-AFE5-6D0E9DEE6536}" Olv:Status="None" Olv:File="060-OHI-2018-03-27-0001.pdf" Olv:Pages="8" Olv:Comp="MDOPS-C20" Olv:User="000678" Olv:Start="2019-08-29T08:53:21+05:30" Olv:End="2019-08-29T09:02:42+05:30" Olv:TotalTime="00:09:21" Olv:IdleTime="00:01:56">
							<Olv:Operations>
								<rdf:Bag>
									<rdf:li>Edit Segmentation</rdf:li>
								</rdf:Bag>
							</Olv:Operations>
						</rdf:Description>
					</rdf:li>
					<rdf:li>
						<rdf:Description Olv:GUID="{B7AC0085-6B3C-4491-AFAB-2037A35A8318}" Olv:Status="Succeeded" Olv:File="060-OHI-2018-03-27-0001.pdf" Olv:Pages="8" Olv:Comp="SEG04" Olv:User="pipex" Olv:Start="2019-08-31T11:51:03+05:30" Olv:End="2019-08-31T11:51:45+05:30" Olv:TotalTime="00:00:42" Olv:IdleTime="00:00:42">
							<Olv:Operations>
								<rdf:Bag>
									<rdf:li>Output</rdf:li>
								</rdf:Bag>
							</Olv:Operations>
						</rdf:Description>
					</rdf:li>
				</rdf:Seq>
			</Olv:TimeTrack>
		</rdf:Description>
	</rdf:RDF>
</x:xmpmeta>
