<x:xmpmeta xmlns:x="adobe:ns:meta/" x:xmptk="Adobe XMP Core 5.4-c005 78.147326, 2012/08/23-13:03:03        ">
	<rdf:RDF xmlns:rdf="http://www.w3.org/1999/02/22-rdf-syntax-ns#">
		<rdf:Description rdf:about="" xmlns:xmp="http://ns.adobe.com/xap/1.0/" xmlns:dc="http://purl.org/dc/elements/1.1/" xmlns:xmpMM="http://ns.adobe.com/xap/1.0/mm/" xmlns:pdf="http://ns.adobe.com/pdf/1.3/" xmlns:pdfx="http://ns.adobe.com/pdfx/1.3/" xmlns:Olv="Olive" xmp:ModifyDate="2019-08-31T11:18:58+05:30" xmp:CreateDate="2017-09-27T21:57-04:00" xmp:MetadataDate="2019-08-31T11:18:58+05:30" xmp:CreatorTool="Adobe InDesign CC 2017 (Macintosh)" dc:format="application/pdf" xmpMM:DocumentID="uuid:29bac32b-58ef-3f4e-adf2-17f6d56d9a77" xmpMM:InstanceID="uuid:01308a6b-319a-4d32-8786-a03d07516263" pdf:Producer="Adobe PDF Library 15.0" pdfx:OLV0_XMD_PAGE_COUNT="8" Olv:publication="OHI" Olv:issue_date="2017/ 9/28">
			<Olv:TimeTrack>
				<rdf:Seq>
					<rdf:li>
						<rdf:Description Olv:GUID="{AB7484C3-57CA-4840-B48D-0DF8A39FEC7E}" Olv:Status="Succeeded" Olv:File="060-OHI-2017-09-28-0001.pdf" Olv:Pages="8" Olv:Comp="SEG06" Olv:User="pipex" Olv:Start="2019-08-06T13:25:33+05:30" Olv:End="2019-08-06T13:25:43+05:30" Olv:TotalTime="00:00:10" Olv:IdleTime="00:00:00">
							<Olv:Operations>
								<rdf:Bag>
									<rdf:li>Auto Segmentation</rdf:li>
									<rdf:li>First session</rdf:li>
								</rdf:Bag>
							</Olv:Operations>
						</rdf:Description>
					</rdf:li>
					<rdf:li>
						<rdf:Description Olv:GUID="{91F8F91B-3CA8-4946-BF50-B65396442907}" Olv:Status="None" Olv:File="060-OHI-2017-09-28-0001.pdf" Olv:Pages="8" Olv:Comp="MDOPS-C17" Olv:User="001664" Olv:Start="2019-08-20T12:06:55+05:30" Olv:End="2019-08-20T12:50:34+05:30" Olv:TotalTime="00:43:39" Olv:IdleTime="00:02:30">
							<Olv:Operations>
								<rdf:Bag>
									<rdf:li>Edit Segmentation</rdf:li>
								</rdf:Bag>
							</Olv:Operations>
						</rdf:Description>
					</rdf:li>
					<rdf:li>
						<rdf:Description Olv:GUID="{E713FEA6-658E-4CDE-874B-FC95B042D8C2}" Olv:Status="None" Olv:File="060-OHI-2017-09-28-0001.pdf" Olv:Pages="8" Olv:Comp="MDOPS-C2" Olv:User="001086" Olv:Start="2019-08-28T17:08:50+05:30" Olv:End="2019-08-28T17:10:53+05:30" Olv:TotalTime="00:02:03" Olv:IdleTime="00:00:00">
							<Olv:Operations>
								<rdf:Bag>
									<rdf:li>Edit Segmentation</rdf:li>
								</rdf:Bag>
							</Olv:Operations>
						</rdf:Description>
					</rdf:li>
					<rdf:li>
						<rdf:Description Olv:GUID="{C3EEA6D0-348A-401E-AC66-05CC8B507C97}" Olv:Status="Succeeded" Olv:File="060-OHI-2017-09-28-0001.pdf" Olv:Pages="8" Olv:Comp="SEG06" Olv:User="pipex" Olv:Start="2019-08-31T11:18:59+05:30" Olv:End="2019-08-31T11:19:36+05:30" Olv:TotalTime="00:00:37" Olv:IdleTime="00:00:37">
							<Olv:Operations>
								<rdf:Bag>
									<rdf:li>Output</rdf:li>
								</rdf:Bag>
							</Olv:Operations>
						</rdf:Description>
					</rdf:li>
				</rdf:Seq>
			</Olv:TimeTrack>
		</rdf:Description>
	</rdf:RDF>
</x:xmpmeta>
