<x:xmpmeta xmlns:x="adobe:ns:meta/" x:xmptk="Adobe XMP Core 5.4-c005 78.147326, 2012/08/23-13:03:03        ">
	<rdf:RDF xmlns:rdf="http://www.w3.org/1999/02/22-rdf-syntax-ns#">
		<rdf:Description rdf:about="" xmlns:xmp="http://ns.adobe.com/xap/1.0/" xmlns:dc="http://purl.org/dc/elements/1.1/" xmlns:xmpMM="http://ns.adobe.com/xap/1.0/mm/" xmlns:pdf="http://ns.adobe.com/pdf/1.3/" xmlns:pdfx="http://ns.adobe.com/pdfx/1.3/" xmlns:Olv="Olive" xmp:ModifyDate="2019-08-10T12:18:39+05:30" xmp:CreateDate="2017-01-09T21:43:27-05:00" xmp:MetadataDate="2019-08-10T12:18:39+05:30" xmp:CreatorTool="Adobe InDesign CC 2015 (Macintosh)" dc:format="application/pdf" xmpMM:DocumentID="uuid:2c34c263-2811-4f43-bea3-59925809bc58" xmpMM:InstanceID="uuid:f78f7ef4-9eae-4b51-aa97-f9920d2d0a03" pdf:Producer="Adobe PDF Library 15.0" pdfx:OLV0_XMD_PAGE_COUNT="8" Olv:publication="OHI" Olv:issue_date="2017/ 1/10">
			<Olv:TimeTrack>
				<rdf:Seq>
					<rdf:li>
						<rdf:Description Olv:GUID="{96AD524C-8043-4A13-8307-60139BC7173A}" Olv:Status="Succeeded" Olv:File="060-OHI-2017-01-10-0001.pdf" Olv:Pages="8" Olv:Comp="SEG02" Olv:User="pipex" Olv:Start="2019-08-06T13:23:16+05:30" Olv:End="2019-08-06T13:23:30+05:30" Olv:TotalTime="00:00:14" Olv:IdleTime="00:00:00">
							<Olv:Operations>
								<rdf:Bag>
									<rdf:li>Auto Segmentation</rdf:li>
									<rdf:li>First session</rdf:li>
								</rdf:Bag>
							</Olv:Operations>
						</rdf:Description>
					</rdf:li>
					<rdf:li>
						<rdf:Description Olv:GUID="{F265885E-D8B0-48B5-A239-F632722A1FEF}" Olv:Status="None" Olv:File="060-OHI-2017-01-10-0001.pdf" Olv:Pages="8" Olv:Comp="MDOPS-D32" Olv:User="000678" Olv:Start="2019-08-07T14:26:35+05:30" Olv:End="2019-08-07T14:43:37+05:30" Olv:TotalTime="00:17:02" Olv:IdleTime="00:00:35">
							<Olv:Operations>
								<rdf:Bag>
									<rdf:li>Edit Segmentation</rdf:li>
								</rdf:Bag>
							</Olv:Operations>
						</rdf:Description>
					</rdf:li>
					<rdf:li>
						<rdf:Description Olv:GUID="{818F176A-FCE7-44F2-9A3D-A23657B53704}" Olv:Status="Succeeded" Olv:File="060-OHI-2017-01-10-0001.pdf" Olv:Pages="8" Olv:Comp="SEG03" Olv:User="pipex" Olv:Start="2019-08-10T12:18:40+05:30" Olv:End="2019-08-10T12:19:18+05:30" Olv:TotalTime="00:00:38" Olv:IdleTime="00:00:38">
							<Olv:Operations>
								<rdf:Bag>
									<rdf:li>Output</rdf:li>
								</rdf:Bag>
							</Olv:Operations>
						</rdf:Description>
					</rdf:li>
				</rdf:Seq>
			</Olv:TimeTrack>
		</rdf:Description>
	</rdf:RDF>
</x:xmpmeta>
