<x:xmpmeta xmlns:x="adobe:ns:meta/" x:xmptk="Adobe XMP Core 5.4-c005 78.147326, 2012/08/23-13:03:03        ">
	<rdf:RDF xmlns:rdf="http://www.w3.org/1999/02/22-rdf-syntax-ns#">
		<rdf:Description rdf:about="" xmlns:xmp="http://ns.adobe.com/xap/1.0/" xmlns:dc="http://purl.org/dc/elements/1.1/" xmlns:xmpMM="http://ns.adobe.com/xap/1.0/mm/" xmlns:pdf="http://ns.adobe.com/pdf/1.3/" xmlns:pdfx="http://ns.adobe.com/pdfx/1.3/" xmlns:Olv="Olive" xmp:ModifyDate="2019-08-31T11:34:24+05:30" xmp:CreateDate="2018-01-10T21:46:04-05:00" xmp:MetadataDate="2019-08-31T11:34:24+05:30" xmp:CreatorTool="Adobe InDesign CC 13.0 (Macintosh)" dc:format="application/pdf" xmpMM:DocumentID="uuid:dcc6d996-287f-2947-8437-01b2ce1a1526" xmpMM:InstanceID="uuid:dc01d15c-f8b6-443b-8982-14a175897bbb" pdf:Producer="Adobe PDF Library 15.0" pdfx:OLV0_XMD_PAGE_COUNT="8" Olv:publication="OHI" Olv:issue_date="2018/ 1/11">
			<Olv:TimeTrack>
				<rdf:Seq>
					<rdf:li>
						<rdf:Description Olv:GUID="{04150568-0396-45A0-9C02-41F846314685}" Olv:Status="Succeeded" Olv:File="060-OHI-2018-01-11-0001.pdf" Olv:Pages="8" Olv:Comp="SEG07" Olv:User="pipex" Olv:Start="2019-08-06T13:26:46+05:30" Olv:End="2019-08-06T13:27:00+05:30" Olv:TotalTime="00:00:14" Olv:IdleTime="00:00:00">
							<Olv:Operations>
								<rdf:Bag>
									<rdf:li>Auto Segmentation</rdf:li>
									<rdf:li>First session</rdf:li>
								</rdf:Bag>
							</Olv:Operations>
						</rdf:Description>
					</rdf:li>
					<rdf:li>
						<rdf:Description Olv:GUID="{87B48DDC-28D0-47C9-A202-BB0125EDC3F8}" Olv:Status="None" Olv:File="060-OHI-2018-01-11-0001.pdf" Olv:Pages="8" Olv:Comp="MDOPS-C17" Olv:User="001664" Olv:Start="2019-08-20T15:15:52+05:30" Olv:End="2019-08-20T16:03:39+05:30" Olv:TotalTime="00:47:47" Olv:IdleTime="00:04:57">
							<Olv:Operations>
								<rdf:Bag>
									<rdf:li>Edit Segmentation</rdf:li>
								</rdf:Bag>
							</Olv:Operations>
						</rdf:Description>
					</rdf:li>
					<rdf:li>
						<rdf:Description Olv:GUID="{1EDC7CBD-D22C-42F7-B8AF-96E8BD7652FC}" Olv:Status="None" Olv:File="060-OHI-2018-01-11-0001.pdf" Olv:Pages="8" Olv:Comp="MDOPS-C20" Olv:User="000678" Olv:Start="2019-08-29T07:47:37+05:30" Olv:End="2019-08-29T07:55:09+05:30" Olv:TotalTime="00:07:32" Olv:IdleTime="00:02:17">
							<Olv:Operations>
								<rdf:Bag>
									<rdf:li>Edit Segmentation</rdf:li>
								</rdf:Bag>
							</Olv:Operations>
						</rdf:Description>
					</rdf:li>
					<rdf:li>
						<rdf:Description Olv:GUID="{171A50D6-17B4-48E3-AAEE-5454FC731421}" Olv:Status="Succeeded" Olv:File="060-OHI-2018-01-11-0001.pdf" Olv:Pages="8" Olv:Comp="SEG04" Olv:User="pipex" Olv:Start="2019-08-31T11:34:25+05:30" Olv:End="2019-08-31T11:35:10+05:30" Olv:TotalTime="00:00:45" Olv:IdleTime="00:00:45">
							<Olv:Operations>
								<rdf:Bag>
									<rdf:li>Output</rdf:li>
								</rdf:Bag>
							</Olv:Operations>
						</rdf:Description>
					</rdf:li>
				</rdf:Seq>
			</Olv:TimeTrack>
		</rdf:Description>
	</rdf:RDF>
</x:xmpmeta>
