<x:xmpmeta xmlns:x="adobe:ns:meta/" x:xmptk="Adobe XMP Core 5.4-c005 78.147326, 2012/08/23-13:03:03        ">
	<rdf:RDF xmlns:rdf="http://www.w3.org/1999/02/22-rdf-syntax-ns#">
		<rdf:Description rdf:about="" xmlns:xmp="http://ns.adobe.com/xap/1.0/" xmlns:dc="http://purl.org/dc/elements/1.1/" xmlns:xmpMM="http://ns.adobe.com/xap/1.0/mm/" xmlns:pdf="http://ns.adobe.com/pdf/1.3/" xmlns:pdfx="http://ns.adobe.com/pdfx/1.3/" xmlns:Olv="Olive" xmp:ModifyDate="2019-08-31T10:10:48+05:30" xmp:CreateDate="2016-03-28T23:36:19-04:00" xmp:MetadataDate="2019-08-31T10:10:48+05:30" xmp:CreatorTool="Adobe InDesign CC 2015 (Macintosh)" dc:format="application/pdf" xmpMM:DocumentID="uuid:3210ef7d-7e98-d342-8e0c-fcbdece7c3f5" xmpMM:InstanceID="uuid:a650e8e8-43d4-41ed-bf8e-4fce0e6360fe" pdf:Producer="Adobe PDF Library 15.0" pdfx:OLV0_XMD_PAGE_COUNT="8" Olv:publication="OHI" Olv:issue_date="2016/ 3/29">
			<Olv:TimeTrack>
				<rdf:Seq>
					<rdf:li>
						<rdf:Description Olv:GUID="{FD06499F-9E17-46EB-B971-2385377BEA3D}" Olv:Status="Succeeded" Olv:File="060-OHI-2016-03-29-0001.pdf" Olv:Pages="8" Olv:Comp="SEG02" Olv:User="pipex" Olv:Start="2019-08-06T13:20:43+05:30" Olv:End="2019-08-06T13:20:55+05:30" Olv:TotalTime="00:00:12" Olv:IdleTime="00:00:00">
							<Olv:Operations>
								<rdf:Bag>
									<rdf:li>Auto Segmentation</rdf:li>
									<rdf:li>First session</rdf:li>
								</rdf:Bag>
							</Olv:Operations>
						</rdf:Description>
					</rdf:li>
					<rdf:li>
						<rdf:Description Olv:GUID="{B8B31DF5-AA05-4347-A643-69E0F0912F3E}" Olv:Status="None" Olv:File="060-OHI-2016-03-29-0001.pdf" Olv:Pages="8" Olv:Comp="MDOPS-C17" Olv:User="001664" Olv:Start="2019-08-18T11:50:20+05:30" Olv:End="2019-08-18T12:39:19+05:30" Olv:TotalTime="00:48:59" Olv:IdleTime="00:00:35">
							<Olv:Operations>
								<rdf:Bag>
									<rdf:li>Edit Segmentation</rdf:li>
								</rdf:Bag>
							</Olv:Operations>
						</rdf:Description>
					</rdf:li>
					<rdf:li>
						<rdf:Description Olv:GUID="{5C5D6734-C44A-4FEC-87B8-F9ADB6C6608F}" Olv:Status="None" Olv:File="060-OHI-2016-03-29-0001.pdf" Olv:Pages="8" Olv:Comp="MDOPS-C2" Olv:User="001086" Olv:Start="2019-08-28T13:38:32+05:30" Olv:End="2019-08-28T13:44:57+05:30" Olv:TotalTime="00:06:25" Olv:IdleTime="00:01:32">
							<Olv:Operations>
								<rdf:Bag>
									<rdf:li>Edit Segmentation</rdf:li>
									<rdf:li>Text Correction</rdf:li>
								</rdf:Bag>
							</Olv:Operations>
						</rdf:Description>
					</rdf:li>
					<rdf:li>
						<rdf:Description Olv:GUID="{FD2B8D09-F707-47BD-BDE5-CC72B11D4520}" Olv:Status="Succeeded" Olv:File="060-OHI-2016-03-29-0001.pdf" Olv:Pages="8" Olv:Comp="SEG04" Olv:User="pipex" Olv:Start="2019-08-31T10:10:48+05:30" Olv:End="2019-08-31T10:11:48+05:30" Olv:TotalTime="00:01:00" Olv:IdleTime="00:01:00">
							<Olv:Operations>
								<rdf:Bag>
									<rdf:li>Output</rdf:li>
								</rdf:Bag>
							</Olv:Operations>
						</rdf:Description>
					</rdf:li>
				</rdf:Seq>
			</Olv:TimeTrack>
		</rdf:Description>
	</rdf:RDF>
</x:xmpmeta>
