<?xml version="1.0" encoding="windows-1252" standalone="no"?>
<Xmd_toc REPOSITORY_FORMAT="1.0" PRXML_VER="2.5" PUBLICATION="OHI" PUBLICATION_DESCRIPTION="" ISSUE_DATE="27/09/2018" RELEASE_NO="060-OHI-2018-09-27-0001" LANGUAGE="English">
	<Head_np>
		<Meta SOURCE_RESOLUTION="72" PDF_DESTINATION_MAPPED="OLV0_Page_0001" TITLE_SNP_EXT="png" AD_SNP_EXT="png" IMAGE_SNP_EXT="jpg" IS_SOLID="false" DOC_DATE="27/09/2018" DOC_UID="OHI_27/09/2018" DOC_VER="1" TOTAL_CHARS_COUNT="50526" SUSPICIOUS_CHARS_COUNT="0" IS_CROSS_ORDERED="false" MULTI_LAYER_PAGE_IMG="true" DEFAULT_PREVIEW_IMG_EXT="png" DEFAULT_IMG_EXT="png" DEFAULT_PRIM_IMG_EXT="jpg" PAGE_PREVIEW_RESOLUTION="15" PAGE_THUMBNAIL_RESOLUTION="150" IMAGES_RESOLUTION="140" PAGES_NUMBER="12" SOURCE_TYPE="TIFF" BASE_HREF="OHI/2018/09/27">
			<Publisher XMD_VER="2.8.201.103" ACROBAT_VER="11.012" PUBLISHER="Olive" PROFILE_ID="OHI-2018-09-27.ini">
				<PublishDate>Sat, 31 Aug 2019 06:41:47 UTC</PublishDate>
				<PublishSWFCompatible>false</PublishSWFCompatible>
			</Publisher>
			<Resolutions>
				<Resolution DEFAULT="true">150</Resolution>
			</Resolutions>
			<LayerResolutions>
				<Resolution GRAPHIC_IMG_EXT="jpg">110</Resolution>
				<Resolution GRAPHIC_IMG_EXT="jpg">140</Resolution>
			</LayerResolutions>
		</Meta>
		<Link SOURCE="060-OHI-2018-09-27-0001.pdf"/>
		<DataFiles>
			<Files TYPE="DOC_PDF" PRESENT="1"/>
			<Files TYPE="PAGE_PDF" PRESENT="0"/>
			<Files TYPE="DOC_IMG" PRESENT="0"/>
			<Files TYPE="PAGE_IMG" PRESENT="0"/>
			<Files TYPE="PAGE_VIEW_IMG" PRESENT="1"/>
			<Files TYPE="PAGE_LAYERS_IMG" PRESENT="1"/>
			<Files TYPE="PAGE_PREVIEW_IMG" PRESENT="1"/>
			<Files TYPE="PRIMITIVE_IMG" PRESENT="1"/>
			<Files TYPE="SNIPPET_IMG" PRESENT="1"/>
			<Files TYPE="SEGMENTATION" PRESENT="0"/>
			<Files TYPE="PAGINATION_TEMPLATE_BACKGROUND" PRESENT="0"/>
			<Files TYPE="EXTERNAL_FONTS" PRESENT="0"/>
			<Files TYPE="PROFILE" PRESENT="1"/>
			<Files TYPE="FOOTNOTES" PRESENT="0"/>
		</DataFiles>
	</Head_np>
	<Body_np>
		<Section NAME="Front Page">
			<Page ID="Pg001" CROP_BOX="0 0 1649 2549" MEDIA_BOX="0 0 1649 2549" HREF="/1/Pg001" TOTAL_CHARS_COUNT="1587" SUSPICIOUS_CHARS_COUNT="0" PAGE_HEIGHT="2550" PAGE_WIDTH="1650" PAGE_TYPE="Single" PAGE_LABEL="1" PAGE_NO="1">
				<Entity FIRST_TOC_ENTRY_ID="1" DEPTH_LEVEL="1" PAGE_NO="1" HREF="/1/Ar00100" WORDCNT="388" IMAGES_RESOLUTION="140" INDEX_IN_DOC="1" SIZE="Large" CONTINUATION_TO="Ar00301" NAME="B A T T L E I N H A P P Y V A L L E Y" ENTITY_TYPE="Article" ID="Ar00100"/>
				<Entity FIRST_TOC_ENTRY_ID="2" DEPTH_LEVEL="2" PAGE_NO="1" LOGICAL_NAME="true" HREF="/1/Pc00101" WORDCNT="0" IMAGES_RESOLUTION="140" INDEX_IN_DOC="2" SIZE="XLarge" EMBEDDED_AFTER="Ar0010003" EMBEDDED_INTERSECT="1" EMBEDDED_INTO="Ar00100" NAME="" ENTITY_TYPE="Picture" ID="Pc00101">
					<Image EXT="jpg" H="1461" W="1419" ID="Pc0010100"/>
				</Entity>
				<Entity FIRST_TOC_ENTRY_ID="4" DEPTH_LEVEL="1" PAGE_NO="1" LOGICAL_NAME="true" HREF="/1/Ad00102" WORDCNT="56" IMAGES_RESOLUTION="140" INDEX_IN_DOC="4" SIZE="Medium" NAME="" ENTITY_TYPE="Ad" ID="Ad00102">
					<Image H="205" W="1403" ID="Ad0010201"/>
				</Entity>
			</Page>
			<Page ID="Pg002" CROP_BOX="0 0 1649 2549" MEDIA_BOX="0 0 1649 2549" HREF="/2/Pg002" TOTAL_CHARS_COUNT="5435" SUSPICIOUS_CHARS_COUNT="0" PAGE_HEIGHT="2550" PAGE_WIDTH="1650" PAGE_TYPE="Single" PAGE_LABEL="2" PAGE_NO="2">
				<Entity FIRST_TOC_ENTRY_ID="6" DEPTH_LEVEL="1" PAGE_NO="2" HREF="/2/Ar00200" WORDCNT="573" IMAGES_RESOLUTION="140" INDEX_IN_DOC="6" SIZE="Large" NAME="MICHIGAN STATE" ENTITY_TYPE="Article" ID="Ar00200"/>
				<Entity FIRST_TOC_ENTRY_ID="8" DEPTH_LEVEL="1" PAGE_NO="2" LOGICAL_NAME="true" HREF="/2/Ar00201" WORDCNT="249" IMAGES_RESOLUTION="140" INDEX_IN_DOC="8" SIZE="Small" NAME="" ENTITY_TYPE="Article" ID="Ar00201"/>
				<Entity FIRST_TOC_ENTRY_ID="11" DEPTH_LEVEL="1" PAGE_NO="2" HREF="/2/Ar00202" WORDCNT="88" IMAGES_RESOLUTION="140" INDEX_IN_DOC="12" SIZE="Small" NAME="Letters to the Editor" ENTITY_TYPE="Article" ID="Ar00202"/>
				<Entity FIRST_TOC_ENTRY_ID="12" DEPTH_LEVEL="1" PAGE_NO="2" HREF="/2/Ar00203" WORDCNT="30" IMAGES_RESOLUTION="140" INDEX_IN_DOC="13" SIZE="Small" NAME="Corrections" ENTITY_TYPE="Article" ID="Ar00203"/>
				<Entity FIRST_TOC_ENTRY_ID="10" DEPTH_LEVEL="2" PAGE_NO="2" LOGICAL_NAME="true" HREF="/2/Pc00204" WORDCNT="0" IMAGES_RESOLUTION="140" INDEX_IN_DOC="10" SIZE="Small" EMBEDDED_AFTER="Ar0020700" EMBEDDED_ABOVE="1" EMBEDDED_INTO="Ar00207" NAME="" ENTITY_TYPE="Picture" ID="Pc00204">
					<Image EXT="jpg" H="465" W="383" ID="Pc0020400"/>
				</Entity>
				<Entity FIRST_TOC_ENTRY_ID="5" DEPTH_LEVEL="1" PAGE_NO="2" HREF="/2/Ar00205" WORDCNT="100" IMAGES_RESOLUTION="140" INDEX_IN_DOC="5" SIZE="Medium" NAME="B1G TRAP" ENTITY_TYPE="Article" ID="Ar00205"/>
				<Entity FIRST_TOC_ENTRY_ID="7" DEPTH_LEVEL="1" PAGE_NO="2" HREF="/2/Ar00206" WORDCNT="103" IMAGES_RESOLUTION="140" INDEX_IN_DOC="7" SIZE="Medium" NAME="Who do you think will be in the Final Four?" ENTITY_TYPE="Article" ID="Ar00206"/>
				<Entity FIRST_TOC_ENTRY_ID="9" DEPTH_LEVEL="1" PAGE_NO="2" HREF="/2/Ar00207" WORDCNT="51" IMAGES_RESOLUTION="140" INDEX_IN_DOC="9" SIZE="Small" CONTINUATION_TO="Ar00302" NAME="Oct. 20 | PURDUE" ENTITY_TYPE="Article" ID="Ar00207"/>
			</Page>
			<Page ID="Pg003" CROP_BOX="0 0 1649 2549" MEDIA_BOX="0 0 1649 2549" HREF="/3/Pg003" TOTAL_CHARS_COUNT="8490" SUSPICIOUS_CHARS_COUNT="0" PAGE_HEIGHT="2550" PAGE_WIDTH="1650" PAGE_TYPE="Single" PAGE_LABEL="3" PAGE_NO="3">
				<Entity FIRST_TOC_ENTRY_ID="13" DEPTH_LEVEL="1" PAGE_NO="3" HREF="/3/Ar00300" WORDCNT="613" IMAGES_RESOLUTION="140" INDEX_IN_DOC="14" SIZE="Large" NAME="Nov. 17 | MARYLAND" ENTITY_TYPE="Article" ID="Ar00300"/>
				<Entity FIRST_TOC_ENTRY_ID="3" DEPTH_LEVEL="1" PAGE_NO="3" HREF="/3/Ar00301" WORDCNT="823" IMAGES_RESOLUTION="140" INDEX_IN_DOC="3" SIZE="Large" CONTINUATION_FROM="Ar00100" NAME="PENN STATE" ENTITY_TYPE="Article" ID="Ar00301"/>
				<Entity FIRST_TOC_ENTRY_ID="9" DEPTH_LEVEL="1" PAGE_NO="3" LOGICAL_NAME="true" HREF="/3/Ar00302" WORDCNT="576" IMAGES_RESOLUTION="140" INDEX_IN_DOC="11" SIZE="Large" CONTINUATION_FROM="Ar00207" NAME="Oct. 20 | PURDUE" ENTITY_TYPE="Article" ID="Ar00302"/>
				<Entity FIRST_TOC_ENTRY_ID="14" DEPTH_LEVEL="1" PAGE_NO="3" LOGICAL_NAME="true" HREF="/3/Ad00303" WORDCNT="32" IMAGES_RESOLUTION="140" INDEX_IN_DOC="15" SIZE="Small" NAME="" ENTITY_TYPE="Ad" ID="Ad00303">
					<Image H="286" W="532" ID="Ad0030301"/>
				</Entity>
			</Page>
			<Page ID="Pg004" CROP_BOX="0 0 1649 2549" MEDIA_BOX="0 0 1649 2549" HREF="/4/Pg004" TOTAL_CHARS_COUNT="6546" SUSPICIOUS_CHARS_COUNT="0" PAGE_HEIGHT="2550" PAGE_WIDTH="1650" PAGE_TYPE="Single" PAGE_LABEL="4" PAGE_NO="4">
				<Entity FIRST_TOC_ENTRY_ID="15" DEPTH_LEVEL="1" PAGE_NO="4" HREF="/4/Ar00400" WORDCNT="908" IMAGES_RESOLUTION="140" INDEX_IN_DOC="16" SIZE="Large" NAME="McSorley brings Ohio State familiar, yet challenging look" ENTITY_TYPE="Article" ID="Ar00400"/>
				<Entity FIRST_TOC_ENTRY_ID="17" DEPTH_LEVEL="1" PAGE_NO="4" HREF="/4/Ar00401" WORDCNT="515" IMAGES_RESOLUTION="140" INDEX_IN_DOC="18" SIZE="Large" NAME="Michigan WOLVERINES" ENTITY_TYPE="Article" ID="Ar00401"/>
				<Entity FIRST_TOC_ENTRY_ID="16" DEPTH_LEVEL="2" PAGE_NO="4" LOGICAL_NAME="true" HREF="/4/Pc00402" WORDCNT="0" IMAGES_RESOLUTION="140" INDEX_IN_DOC="17" SIZE="Medium" EMBEDDED_AFTER="Ar0040000" EMBEDDED_BELOW="1" EMBEDDED_INTO="Ar00400" NAME="" ENTITY_TYPE="Picture" ID="Pc00402">
					<Image EXT="jpg" H="518" W="546" ID="Pc0040200"/>
				</Entity>
				<Entity FIRST_TOC_ENTRY_ID="18" DEPTH_LEVEL="2" PAGE_NO="4" LOGICAL_NAME="true" HREF="/4/Pc00403" WORDCNT="0" IMAGES_RESOLUTION="140" INDEX_IN_DOC="19" SIZE="Small" EMBEDDED_AFTER="Ar0040100" EMBEDDED_BELOW="1" EMBEDDED_INTO="Ar00401" NAME="" ENTITY_TYPE="Picture" ID="Pc00403">
					<Image EXT="jpg" H="434" W="537" ID="Pc0040300"/>
				</Entity>
				<Entity FIRST_TOC_ENTRY_ID="20" DEPTH_LEVEL="1" PAGE_NO="4" HREF="/4/Ar00404" WORDCNT="32" IMAGES_RESOLUTION="140" INDEX_IN_DOC="21" SIZE="Small" NAME="The Wolverines" ENTITY_TYPE="Article" ID="Ar00404"/>
				<Entity FIRST_TOC_ENTRY_ID="19" DEPTH_LEVEL="1" PAGE_NO="4" HREF="/4/Ar00405" WORDCNT="68" IMAGES_RESOLUTION="140" INDEX_IN_DOC="20" SIZE="Medium" NAME="Who do you think will win the B1G Championship?" ENTITY_TYPE="Article" ID="Ar00405"/>
			</Page>
			<Page ID="Pg005" CROP_BOX="0 0 1649 2549" MEDIA_BOX="0 0 1649 2549" HREF="/5/Pg005" TOTAL_CHARS_COUNT="4810" SUSPICIOUS_CHARS_COUNT="0" PAGE_HEIGHT="2550" PAGE_WIDTH="1650" PAGE_TYPE="Single" PAGE_LABEL="5" PAGE_NO="5">
				<Entity FIRST_TOC_ENTRY_ID="21" DEPTH_LEVEL="1" PAGE_NO="5" HREF="/5/Ar00500" WORDCNT="359" IMAGES_RESOLUTION="140" INDEX_IN_DOC="22" SIZE="Medium" NAME="Indiana HOOSIERS" ENTITY_TYPE="Article" ID="Ar00500"/>
				<Entity FIRST_TOC_ENTRY_ID="27" DEPTH_LEVEL="1" PAGE_NO="5" LOGICAL_NAME="true" HREF="/5/Ar00501" WORDCNT="282" IMAGES_RESOLUTION="140" INDEX_IN_DOC="28" SIZE="Medium" NAME="season, Scott has already racked up over..." ENTITY_TYPE="Article" ID="Ar00501"/>
				<Entity FIRST_TOC_ENTRY_ID="28" DEPTH_LEVEL="1" PAGE_NO="5" HREF="/5/Ar00502" WORDCNT="456" IMAGES_RESOLUTION="140" INDEX_IN_DOC="29" SIZE="Large" NAME="Illinois FIGHTING ILLINI" ENTITY_TYPE="Article" ID="Ar00502"/>
				<Entity FIRST_TOC_ENTRY_ID="22" DEPTH_LEVEL="2" PAGE_NO="5" LOGICAL_NAME="true" HREF="/5/Pc00503" WORDCNT="0" IMAGES_RESOLUTION="140" INDEX_IN_DOC="23" SIZE="Medium" EMBEDDED_AFTER="Ar0050000" EMBEDDED_BELOW="1" EMBEDDED_INTO="Ar00500" NAME="" ENTITY_TYPE="Picture" ID="Pc00503">
					<Image EXT="jpg" H="839" W="648" ID="Pc0050300"/>
				</Entity>
				<Entity FIRST_TOC_ENTRY_ID="29" DEPTH_LEVEL="2" PAGE_NO="5" LOGICAL_NAME="true" HREF="/5/Pc00504" WORDCNT="0" IMAGES_RESOLUTION="140" INDEX_IN_DOC="30" SIZE="Large" EMBEDDED_AFTER="Ar0050200" EMBEDDED_BELOW="1" EMBEDDED_INTO="Ar00502" NAME="" ENTITY_TYPE="Picture" ID="Pc00504">
					<Image EXT="jpg" H="1012" W="831" ID="Pc0050400"/>
				</Entity>
				<Entity FIRST_TOC_ENTRY_ID="25" DEPTH_LEVEL="1" PAGE_NO="5" HREF="/5/Ar00505" WORDCNT="2" IMAGES_RESOLUTION="140" INDEX_IN_DOC="26" SIZE="Small" NAME="The Hoosiers" ENTITY_TYPE="Article" ID="Ar00505"/>
				<Entity FIRST_TOC_ENTRY_ID="23" DEPTH_LEVEL="1" PAGE_NO="5" HREF="/5/Ar00506" WORDCNT="3" IMAGES_RESOLUTION="140" INDEX_IN_DOC="24" SIZE="Small" NAME="The Fighting Illini" ENTITY_TYPE="Article" ID="Ar00506"/>
				<Entity FIRST_TOC_ENTRY_ID="26" DEPTH_LEVEL="2" PAGE_NO="5" LOGICAL_NAME="true" HREF="/5/Pc00507" WORDCNT="0" IMAGES_RESOLUTION="140" INDEX_IN_DOC="27" SIZE="Small" EMBEDDED_AFTER="Ar0050500" EMBEDDED_BELOW="1" EMBEDDED_INTO="Ar00505" NAME="" ENTITY_TYPE="Picture" ID="Pc00507">
					<Image EXT="jpg" H="101" W="336" ID="Pc0050700"/>
				</Entity>
				<Entity FIRST_TOC_ENTRY_ID="24" DEPTH_LEVEL="2" PAGE_NO="5" LOGICAL_NAME="true" HREF="/5/Pc00508" WORDCNT="0" IMAGES_RESOLUTION="140" INDEX_IN_DOC="25" SIZE="Small" EMBEDDED_AFTER="Ar0050600" EMBEDDED_BELOW="1" EMBEDDED_INTO="Ar00506" NAME="" ENTITY_TYPE="Picture" ID="Pc00508">
					<Image EXT="jpg" H="112" W="333" ID="Pc0050800"/>
				</Entity>
			</Page>
			<Page ID="Pg006" CROP_BOX="0 0 1649 2549" MEDIA_BOX="0 0 1649 2549" HREF="/6/Pg006" TOTAL_CHARS_COUNT="4345" SUSPICIOUS_CHARS_COUNT="0" PAGE_HEIGHT="2550" PAGE_WIDTH="1650" PAGE_TYPE="Single" PAGE_LABEL="6" PAGE_NO="6">
				<Entity FIRST_TOC_ENTRY_ID="30" DEPTH_LEVEL="1" PAGE_NO="6" HREF="/6/Ar00600" WORDCNT="587" IMAGES_RESOLUTION="140" INDEX_IN_DOC="31" SIZE="Large" NAME="Penn State NITTANY LIONS" ENTITY_TYPE="Article" ID="Ar00600"/>
				<Entity FIRST_TOC_ENTRY_ID="32" DEPTH_LEVEL="1" PAGE_NO="6" HREF="/6/Ar00601" WORDCNT="429" IMAGES_RESOLUTION="140" INDEX_IN_DOC="33" SIZE="Large" NAME="PurdueBOILERMAKERS" ENTITY_TYPE="Article" ID="Ar00601"/>
				<Entity FIRST_TOC_ENTRY_ID="31" DEPTH_LEVEL="2" PAGE_NO="6" LOGICAL_NAME="true" HREF="/6/Pc00602" WORDCNT="0" IMAGES_RESOLUTION="140" INDEX_IN_DOC="32" SIZE="Medium" EMBEDDED_AFTER="Ar0060000" EMBEDDED_BELOW="1" EMBEDDED_INTO="Ar00600" NAME="" ENTITY_TYPE="Picture" ID="Pc00602">
					<Image EXT="jpg" H="782" W="622" ID="Pc0060200"/>
				</Entity>
				<Entity FIRST_TOC_ENTRY_ID="33" DEPTH_LEVEL="2" PAGE_NO="6" LOGICAL_NAME="true" HREF="/6/Pc00603" WORDCNT="0" IMAGES_RESOLUTION="140" INDEX_IN_DOC="34" SIZE="Medium" EMBEDDED_AFTER="Ar0060100" EMBEDDED_BELOW="1" EMBEDDED_INTO="Ar00601" NAME="" ENTITY_TYPE="Picture" ID="Pc00603">
					<Image EXT="jpg" H="456" W="660" ID="Pc0060300"/>
				</Entity>
				<Entity FIRST_TOC_ENTRY_ID="36" DEPTH_LEVEL="1" PAGE_NO="6" HREF="/6/Ar00604" WORDCNT="2" IMAGES_RESOLUTION="140" INDEX_IN_DOC="37" SIZE="Small" NAME="The Boilermakers" ENTITY_TYPE="Article" ID="Ar00604"/>
				<Entity FIRST_TOC_ENTRY_ID="38" DEPTH_LEVEL="1" PAGE_NO="6" LOGICAL_NAME="true" HREF="/6/Ad00605" WORDCNT="11" IMAGES_RESOLUTION="140" INDEX_IN_DOC="39" SIZE="Large" NAME="" ENTITY_TYPE="Ad" ID="Ad00605">
					<Image H="1120" W="700" ID="Ad0060501"/>
				</Entity>
				<Entity FIRST_TOC_ENTRY_ID="34" DEPTH_LEVEL="1" PAGE_NO="6" HREF="/6/Ar00606" WORDCNT="3" IMAGES_RESOLUTION="140" INDEX_IN_DOC="35" SIZE="Small" NAME="The Nittany Lions" ENTITY_TYPE="Article" ID="Ar00606"/>
				<Entity FIRST_TOC_ENTRY_ID="35" DEPTH_LEVEL="2" PAGE_NO="6" LOGICAL_NAME="true" HREF="/6/Pc00607" WORDCNT="0" IMAGES_RESOLUTION="140" INDEX_IN_DOC="36" SIZE="Small" EMBEDDED_AFTER="Ar0060600" EMBEDDED_BELOW="1" EMBEDDED_INTO="Ar00606" NAME="" ENTITY_TYPE="Picture" ID="Pc00607">
					<Image EXT="jpg" H="109" W="332" ID="Pc0060700"/>
				</Entity>
				<Entity FIRST_TOC_ENTRY_ID="37" DEPTH_LEVEL="2" PAGE_NO="6" LOGICAL_NAME="true" HREF="/6/Pc00608" WORDCNT="0" IMAGES_RESOLUTION="140" INDEX_IN_DOC="38" SIZE="Small" EMBEDDED_AFTER="Ar0060400" EMBEDDED_BELOW="1" EMBEDDED_INTO="Ar00604" NAME="" ENTITY_TYPE="Picture" ID="Pc00608">
					<Image EXT="jpg" H="105" W="332" ID="Pc0060800"/>
				</Entity>
			</Page>
			<Page ID="Pg007" CROP_BOX="0 0 1649 2549" MEDIA_BOX="0 0 1649 2549" HREF="/7/Pg007" TOTAL_CHARS_COUNT="0" SUSPICIOUS_CHARS_COUNT="0" PAGE_HEIGHT="2550" PAGE_WIDTH="1650" PAGE_TYPE="Single" PAGE_LABEL="7" PAGE_NO="7">
				<Entity FIRST_TOC_ENTRY_ID="39" DEPTH_LEVEL="1" PAGE_NO="7" LOGICAL_NAME="true" HREF="/7/Ad00700" WORDCNT="145" IMAGES_RESOLUTION="140" INDEX_IN_DOC="40" SIZE="XLarge" NAME="" ENTITY_TYPE="Ad" ID="Ad00700">
					<Image H="2245" W="1400" ID="Ad0070001"/>
				</Entity>
			</Page>
			<Page ID="Pg008" CROP_BOX="0 0 1649 2549" MEDIA_BOX="0 0 1649 2549" HREF="/8/Pg008" TOTAL_CHARS_COUNT="4470" SUSPICIOUS_CHARS_COUNT="0" PAGE_HEIGHT="2550" PAGE_WIDTH="1650" PAGE_TYPE="Single" PAGE_LABEL="8" PAGE_NO="8">
				<Entity FIRST_TOC_ENTRY_ID="40" DEPTH_LEVEL="1" PAGE_NO="8" HREF="/8/Ar00800" WORDCNT="544" IMAGES_RESOLUTION="140" INDEX_IN_DOC="41" SIZE="Large" NAME="IowaHAWKEYES" ENTITY_TYPE="Article" ID="Ar00800"/>
				<Entity FIRST_TOC_ENTRY_ID="48" DEPTH_LEVEL="1" PAGE_NO="8" HREF="/8/Ar00801" WORDCNT="64" IMAGES_RESOLUTION="140" INDEX_IN_DOC="49" SIZE="Medium" NAME="Who do you think will win the Heisman Trophy?" ENTITY_TYPE="Article" ID="Ar00801"/>
				<Entity FIRST_TOC_ENTRY_ID="41" DEPTH_LEVEL="2" PAGE_NO="8" LOGICAL_NAME="true" HREF="/8/Pc00802" WORDCNT="0" IMAGES_RESOLUTION="140" INDEX_IN_DOC="42" SIZE="Medium" EMBEDDED_AFTER="Ar0080000" EMBEDDED_BELOW="1" EMBEDDED_INTO="Ar00800" NAME="" ENTITY_TYPE="Picture" ID="Pc00802">
					<Image EXT="jpg" H="619" W="807" ID="Pc0080200"/>
				</Entity>
				<Entity FIRST_TOC_ENTRY_ID="47" DEPTH_LEVEL="2" PAGE_NO="8" LOGICAL_NAME="true" HREF="/8/Pc00803" WORDCNT="0" IMAGES_RESOLUTION="140" INDEX_IN_DOC="48" SIZE="Medium" EMBEDDED_AFTER="Ar0080700" EMBEDDED_BELOW="1" EMBEDDED_INTO="Ar00807" NAME="" ENTITY_TYPE="Picture" ID="Pc00803">
					<Image EXT="jpg" H="622" W="831" ID="Pc0080300"/>
				</Entity>
				<Entity FIRST_TOC_ENTRY_ID="45" DEPTH_LEVEL="1" PAGE_NO="8" HREF="/8/Ar00804" WORDCNT="32" IMAGES_RESOLUTION="140" INDEX_IN_DOC="46" SIZE="Small" NAME="The Spartans" ENTITY_TYPE="Article" ID="Ar00804"/>
				<Entity FIRST_TOC_ENTRY_ID="42" DEPTH_LEVEL="2" PAGE_NO="8" LOGICAL_NAME="true" HREF="/8/Pc00805" WORDCNT="0" IMAGES_RESOLUTION="140" INDEX_IN_DOC="43" SIZE="Small" EMBEDDED_AFTER="Ar0080000" EMBEDDED_BELOW="1" EMBEDDED_RIGHT="1" EMBEDDED_INTO="Ar00800" NAME="" ENTITY_TYPE="Picture" ID="Pc00805">
					<Image EXT="jpg" H="123" W="242" ID="Pc0080500"/>
				</Entity>
				<Entity FIRST_TOC_ENTRY_ID="43" DEPTH_LEVEL="1" PAGE_NO="8" HREF="/8/Ar00806" WORDCNT="2" IMAGES_RESOLUTION="140" INDEX_IN_DOC="44" SIZE="Small" NAME="The Hawkeyes" ENTITY_TYPE="Article" ID="Ar00806"/>
				<Entity FIRST_TOC_ENTRY_ID="46" DEPTH_LEVEL="1" PAGE_NO="8" HREF="/8/Ar00807" WORDCNT="375" IMAGES_RESOLUTION="140" INDEX_IN_DOC="47" SIZE="Medium" NAME="Michigan State SPARTANS" ENTITY_TYPE="Article" ID="Ar00807"/>
				<Entity FIRST_TOC_ENTRY_ID="44" DEPTH_LEVEL="2" PAGE_NO="8" LOGICAL_NAME="true" HREF="/8/Pc00808" WORDCNT="0" IMAGES_RESOLUTION="140" INDEX_IN_DOC="45" SIZE="Small" EMBEDDED_AFTER="Ar0080600" EMBEDDED_BELOW="1" EMBEDDED_INTO="Ar00806" NAME="" ENTITY_TYPE="Picture" ID="Pc00808">
					<Image EXT="jpg" H="108" W="335" ID="Pc0080800"/>
				</Entity>
			</Page>
			<Page ID="Pg009" CROP_BOX="0 0 1649 2549" MEDIA_BOX="0 0 1649 2549" HREF="/9/Pg009" TOTAL_CHARS_COUNT="4109" SUSPICIOUS_CHARS_COUNT="0" PAGE_HEIGHT="2550" PAGE_WIDTH="1650" PAGE_TYPE="Single" PAGE_LABEL="9" PAGE_NO="9">
				<Entity FIRST_TOC_ENTRY_ID="49" DEPTH_LEVEL="1" PAGE_NO="9" HREF="/9/Ar00900" WORDCNT="431" IMAGES_RESOLUTION="140" INDEX_IN_DOC="50" SIZE="Large" NAME="Nebraska CORNHUSKERS" ENTITY_TYPE="Article" ID="Ar00900"/>
				<Entity FIRST_TOC_ENTRY_ID="54" DEPTH_LEVEL="1" PAGE_NO="9" HREF="/9/Ar00901" WORDCNT="472" IMAGES_RESOLUTION="140" INDEX_IN_DOC="55" SIZE="Large" NAME="Rutgers SCARLET KNIGHTS" ENTITY_TYPE="Article" ID="Ar00901"/>
				<Entity FIRST_TOC_ENTRY_ID="50" DEPTH_LEVEL="2" PAGE_NO="9" LOGICAL_NAME="true" HREF="/9/Pc00902" WORDCNT="0" IMAGES_RESOLUTION="140" INDEX_IN_DOC="51" SIZE="Large" EMBEDDED_AFTER="Ar0090000" EMBEDDED_BELOW="1" EMBEDDED_INTO="Ar00900" NAME="" ENTITY_TYPE="Picture" ID="Pc00902">
					<Image EXT="jpg" H="758" W="1043" ID="Pc0090200"/>
				</Entity>
				<Entity FIRST_TOC_ENTRY_ID="55" DEPTH_LEVEL="2" PAGE_NO="9" LOGICAL_NAME="true" HREF="/9/Pc00903" WORDCNT="0" IMAGES_RESOLUTION="140" INDEX_IN_DOC="56" SIZE="Medium" EMBEDDED_AFTER="Ar0090100" EMBEDDED_BELOW="1" EMBEDDED_INTO="Ar00901" NAME="" ENTITY_TYPE="Picture" ID="Pc00903">
					<Image EXT="jpg" H="776" W="672" ID="Pc0090300"/>
				</Entity>
				<Entity FIRST_TOC_ENTRY_ID="51" DEPTH_LEVEL="2" PAGE_NO="9" LOGICAL_NAME="true" HREF="/9/Pc00904" WORDCNT="0" IMAGES_RESOLUTION="140" INDEX_IN_DOC="52" SIZE="Small" EMBEDDED_AFTER="Ar0090000" EMBEDDED_BELOW="1" EMBEDDED_INTO="Ar00900" NAME="" ENTITY_TYPE="Picture" ID="Pc00904">
					<Image EXT="jpg" H="201" W="233" ID="Pc0090400"/>
				</Entity>
				<Entity FIRST_TOC_ENTRY_ID="52" DEPTH_LEVEL="1" PAGE_NO="9" HREF="/9/Ar00905" WORDCNT="2" IMAGES_RESOLUTION="140" INDEX_IN_DOC="53" SIZE="Small" NAME="The Cornhuskers" ENTITY_TYPE="Article" ID="Ar00905"/>
				<Entity FIRST_TOC_ENTRY_ID="57" DEPTH_LEVEL="1" PAGE_NO="9" HREF="/9/Ar00906" WORDCNT="33" IMAGES_RESOLUTION="140" INDEX_IN_DOC="58" SIZE="Small" NAME="The Scarlet Knights" ENTITY_TYPE="Article" ID="Ar00906"/>
				<Entity FIRST_TOC_ENTRY_ID="56" DEPTH_LEVEL="2" PAGE_NO="9" LOGICAL_NAME="true" HREF="/9/Pc00907" WORDCNT="0" IMAGES_RESOLUTION="140" INDEX_IN_DOC="57" SIZE="Small" EMBEDDED_AFTER="Ar0090100" EMBEDDED_BELOW="1" EMBEDDED_INTO="Ar00901" NAME="" ENTITY_TYPE="Picture" ID="Pc00907">
					<Image EXT="jpg" H="92" W="321" ID="Pc0090700"/>
				</Entity>
				<Entity FIRST_TOC_ENTRY_ID="53" DEPTH_LEVEL="2" PAGE_NO="9" LOGICAL_NAME="true" HREF="/9/Pc00908" WORDCNT="0" IMAGES_RESOLUTION="140" INDEX_IN_DOC="54" SIZE="Small" EMBEDDED_AFTER="Ar0090500" EMBEDDED_BELOW="1" EMBEDDED_INTO="Ar00905" NAME="" ENTITY_TYPE="Picture" ID="Pc00908">
					<Image EXT="jpg" H="106" W="331" ID="Pc0090800"/>
				</Entity>
			</Page>
			<Page ID="Pg010" CROP_BOX="0 0 1649 2549" MEDIA_BOX="0 0 1649 2549" HREF="/10/Pg010" TOTAL_CHARS_COUNT="4055" SUSPICIOUS_CHARS_COUNT="0" PAGE_HEIGHT="2550" PAGE_WIDTH="1650" PAGE_TYPE="Single" PAGE_LABEL="10" PAGE_NO="10">
				<Entity FIRST_TOC_ENTRY_ID="58" DEPTH_LEVEL="1" PAGE_NO="10" HREF="/10/Ar01000" WORDCNT="445" IMAGES_RESOLUTION="140" INDEX_IN_DOC="59" SIZE="Large" NAME="Maryland TERRAPINS" ENTITY_TYPE="Article" ID="Ar01000"/>
				<Entity FIRST_TOC_ENTRY_ID="63" DEPTH_LEVEL="1" PAGE_NO="10" HREF="/10/Ar01001" WORDCNT="483" IMAGES_RESOLUTION="140" INDEX_IN_DOC="64" SIZE="Large" NAME="Northwestern WILDCATS" ENTITY_TYPE="Article" ID="Ar01001"/>
				<Entity FIRST_TOC_ENTRY_ID="59" DEPTH_LEVEL="2" PAGE_NO="10" LOGICAL_NAME="true" HREF="/10/Pc01002" WORDCNT="0" IMAGES_RESOLUTION="140" INDEX_IN_DOC="60" SIZE="Large" EMBEDDED_AFTER="Ar0100000" EMBEDDED_RIGHT="1" EMBEDDED_INTO="Ar01000" NAME="" ENTITY_TYPE="Picture" ID="Pc01002">
					<Image EXT="jpg" H="1072" W="702" ID="Pc0100200"/>
				</Entity>
				<Entity FIRST_TOC_ENTRY_ID="64" DEPTH_LEVEL="2" PAGE_NO="10" LOGICAL_NAME="true" HREF="/10/Pc01003" WORDCNT="0" IMAGES_RESOLUTION="140" INDEX_IN_DOC="65" SIZE="Medium" EMBEDDED_AFTER="Ar0100100" EMBEDDED_BELOW="1" EMBEDDED_INTO="Ar01001" NAME="" ENTITY_TYPE="Picture" ID="Pc01003">
					<Image EXT="jpg" H="720" W="703" ID="Pc0100300"/>
				</Entity>
				<Entity FIRST_TOC_ENTRY_ID="61" DEPTH_LEVEL="1" PAGE_NO="10" HREF="/10/Ar01004" WORDCNT="2" IMAGES_RESOLUTION="140" INDEX_IN_DOC="62" SIZE="Small" NAME="The Terrapins" ENTITY_TYPE="Article" ID="Ar01004"/>
				<Entity FIRST_TOC_ENTRY_ID="60" DEPTH_LEVEL="2" PAGE_NO="10" LOGICAL_NAME="true" HREF="/10/Pc01005" WORDCNT="0" IMAGES_RESOLUTION="140" INDEX_IN_DOC="61" SIZE="Small" EMBEDDED_AFTER="Ar0100000" EMBEDDED_BELOW="1" EMBEDDED_INTO="Ar01000" NAME="" ENTITY_TYPE="Picture" ID="Pc01005">
					<Image EXT="jpg" H="158" W="267" ID="Pc0100500"/>
				</Entity>
				<Entity FIRST_TOC_ENTRY_ID="65" DEPTH_LEVEL="1" PAGE_NO="10" HREF="/10/Ar01006" WORDCNT="2" IMAGES_RESOLUTION="140" INDEX_IN_DOC="66" SIZE="Small" NAME="The Wildcats" ENTITY_TYPE="Article" ID="Ar01006"/>
				<Entity FIRST_TOC_ENTRY_ID="62" DEPTH_LEVEL="2" PAGE_NO="10" LOGICAL_NAME="true" HREF="/10/Pc01007" WORDCNT="0" IMAGES_RESOLUTION="140" INDEX_IN_DOC="63" SIZE="Small" EMBEDDED_AFTER="Ar0100400" EMBEDDED_BELOW="1" EMBEDDED_INTO="Ar01004" NAME="" ENTITY_TYPE="Picture" ID="Pc01007">
					<Image EXT="jpg" H="151" W="327" ID="Pc0100700"/>
				</Entity>
				<Entity FIRST_TOC_ENTRY_ID="66" DEPTH_LEVEL="2" PAGE_NO="10" LOGICAL_NAME="true" HREF="/10/Pc01008" WORDCNT="0" IMAGES_RESOLUTION="140" INDEX_IN_DOC="67" SIZE="Small" EMBEDDED_AFTER="Ar0100600" EMBEDDED_BELOW="1" EMBEDDED_INTO="Ar01006" NAME="" ENTITY_TYPE="Picture" ID="Pc01008">
					<Image EXT="jpg" H="147" W="299" ID="Pc0100800"/>
				</Entity>
			</Page>
			<Page ID="Pg011" CROP_BOX="0 0 1649 2549" MEDIA_BOX="0 0 1649 2549" HREF="/11/Pg011" TOTAL_CHARS_COUNT="4208" SUSPICIOUS_CHARS_COUNT="0" PAGE_HEIGHT="2550" PAGE_WIDTH="1650" PAGE_TYPE="Single" PAGE_LABEL="11" PAGE_NO="11">
				<Entity FIRST_TOC_ENTRY_ID="67" DEPTH_LEVEL="1" PAGE_NO="11" HREF="/11/Ar01100" WORDCNT="550" IMAGES_RESOLUTION="140" INDEX_IN_DOC="68" SIZE="Large" NAME="Wisconsin BADGERS" ENTITY_TYPE="Article" ID="Ar01100"/>
				<Entity FIRST_TOC_ENTRY_ID="71" DEPTH_LEVEL="1" PAGE_NO="11" HREF="/11/Ar01101" WORDCNT="370" IMAGES_RESOLUTION="140" INDEX_IN_DOC="72" SIZE="Large" NAME="Minnesota GOPHERS" ENTITY_TYPE="Article" ID="Ar01101"/>
				<Entity FIRST_TOC_ENTRY_ID="68" DEPTH_LEVEL="2" PAGE_NO="11" LOGICAL_NAME="true" HREF="/11/Pc01102" WORDCNT="0" IMAGES_RESOLUTION="140" INDEX_IN_DOC="69" SIZE="Large" EMBEDDED_AFTER="Ar0110000" EMBEDDED_LEFT="1" EMBEDDED_INTO="Ar01100" NAME="" ENTITY_TYPE="Picture" ID="Pc01102">
					<Image EXT="jpg" H="1074" W="703" ID="Pc0110200"/>
				</Entity>
				<Entity FIRST_TOC_ENTRY_ID="72" DEPTH_LEVEL="2" PAGE_NO="11" LOGICAL_NAME="true" HREF="/11/Pc01103" WORDCNT="0" IMAGES_RESOLUTION="140" INDEX_IN_DOC="73" SIZE="Medium" EMBEDDED_AFTER="Ar0110100" EMBEDDED_BELOW="1" EMBEDDED_INTO="Ar01101" NAME="" ENTITY_TYPE="Picture" ID="Pc01103">
					<Image EXT="jpg" H="722" W="704" ID="Pc0110300"/>
				</Entity>
				<Entity FIRST_TOC_ENTRY_ID="69" DEPTH_LEVEL="1" PAGE_NO="11" HREF="/11/Ar01104" WORDCNT="2" IMAGES_RESOLUTION="140" INDEX_IN_DOC="70" SIZE="Small" NAME="The Badgers" ENTITY_TYPE="Article" ID="Ar01104"/>
				<Entity FIRST_TOC_ENTRY_ID="74" DEPTH_LEVEL="1" PAGE_NO="11" HREF="/11/Ar01105" WORDCNT="2" IMAGES_RESOLUTION="140" INDEX_IN_DOC="75" SIZE="Small" NAME="The Gophers" ENTITY_TYPE="Article" ID="Ar01105"/>
				<Entity FIRST_TOC_ENTRY_ID="73" DEPTH_LEVEL="2" PAGE_NO="11" LOGICAL_NAME="true" HREF="/11/Pc01106" WORDCNT="0" IMAGES_RESOLUTION="140" INDEX_IN_DOC="74" SIZE="Small" EMBEDDED_AFTER="Ar0110100" EMBEDDED_BELOW="1" EMBEDDED_INTO="Ar01101" NAME="" ENTITY_TYPE="Picture" ID="Pc01106">
					<Image EXT="jpg" H="202" W="223" ID="Pc0110600"/>
				</Entity>
				<Entity FIRST_TOC_ENTRY_ID="70" DEPTH_LEVEL="2" PAGE_NO="11" LOGICAL_NAME="true" HREF="/11/Pc01107" WORDCNT="0" IMAGES_RESOLUTION="140" INDEX_IN_DOC="71" SIZE="Small" EMBEDDED_AFTER="Ar0110400" EMBEDDED_BELOW="1" EMBEDDED_INTO="Ar01104" NAME="" ENTITY_TYPE="Picture" ID="Pc01107">
					<Image EXT="jpg" H="115" W="321" ID="Pc0110700"/>
				</Entity>
				<Entity FIRST_TOC_ENTRY_ID="75" DEPTH_LEVEL="2" PAGE_NO="11" LOGICAL_NAME="true" HREF="/11/Pc01108" WORDCNT="0" IMAGES_RESOLUTION="140" INDEX_IN_DOC="76" SIZE="Small" EMBEDDED_AFTER="Ar0110500" EMBEDDED_BELOW="1" EMBEDDED_INTO="Ar01105" NAME="" ENTITY_TYPE="Picture" ID="Pc01108">
					<Image EXT="jpg" H="143" W="326" ID="Pc0110800"/>
				</Entity>
			</Page>
			<Page ID="Pg012" CROP_BOX="0 0 1649 2549" MEDIA_BOX="0 0 1649 2549" HREF="/12/Pg012" TOTAL_CHARS_COUNT="2471" SUSPICIOUS_CHARS_COUNT="0" PAGE_HEIGHT="2550" PAGE_WIDTH="1650" PAGE_TYPE="Single" PAGE_LABEL="12" PAGE_NO="12">
				<Entity FIRST_TOC_ENTRY_ID="76" DEPTH_LEVEL="1" PAGE_NO="12" HREF="/12/Ar01200" WORDCNT="580" IMAGES_RESOLUTION="140" INDEX_IN_DOC="77" SIZE="Large" NAME="Ohio State BUCKEYES" ENTITY_TYPE="Article" ID="Ar01200"/>
				<Entity FIRST_TOC_ENTRY_ID="77" DEPTH_LEVEL="2" PAGE_NO="12" LOGICAL_NAME="true" HREF="/12/Pc01201" WORDCNT="0" IMAGES_RESOLUTION="140" INDEX_IN_DOC="78" SIZE="Large" EMBEDDED_AFTER="Ar0120000" EMBEDDED_BELOW="1" EMBEDDED_INTO="Ar01200" NAME="" ENTITY_TYPE="Picture" ID="Pc01201">
					<Image EXT="jpg" H="833" W="665" ID="Pc0120100"/>
				</Entity>
				<Entity FIRST_TOC_ENTRY_ID="78" DEPTH_LEVEL="1" PAGE_NO="12" HREF="/12/Ar01202" WORDCNT="2" IMAGES_RESOLUTION="140" INDEX_IN_DOC="79" SIZE="Small" NAME="The Buckeyes" ENTITY_TYPE="Article" ID="Ar01202"/>
				<Entity FIRST_TOC_ENTRY_ID="80" DEPTH_LEVEL="1" PAGE_NO="12" LOGICAL_NAME="true" HREF="/12/Ad01203" WORDCNT="43" IMAGES_RESOLUTION="140" INDEX_IN_DOC="81" SIZE="XLarge" NAME="" ENTITY_TYPE="Ad" ID="Ad01203">
					<Image H="1124" W="1405" ID="Ad0120301"/>
				</Entity>
				<Entity FIRST_TOC_ENTRY_ID="79" DEPTH_LEVEL="2" PAGE_NO="12" LOGICAL_NAME="true" HREF="/12/Pc01204" WORDCNT="0" IMAGES_RESOLUTION="140" INDEX_IN_DOC="80" SIZE="Small" EMBEDDED_AFTER="Ar0120200" EMBEDDED_BELOW="1" EMBEDDED_INTO="Ar01202" NAME="" ENTITY_TYPE="Picture" ID="Pc01204">
					<Image EXT="jpg" H="95" W="341" ID="Pc0120400"/>
				</Entity>
			</Page>
		</Section>
	</Body_np>
	<Logic_np><TOC_Entries><TOC_Entry TOC_ENTRY_ID="1" TITLE="B A T T L E I N H A P P Y V A L L E Y" ENTITY_ID_REF="Ar00100" PAGE_NO="1" PAGE_LABEL="1" PRIM_ID_REF="Ar0010000" IS_IC="true"><TOC_Entry TOC_ENTRY_ID="2" TITLE="" ENTITY_ID_REF="Pc00101" PAGE_NO="1" PAGE_LABEL="1" PRIM_ID_REF="Pc0010100" IS_IC="true"/></TOC_Entry><TOC_Entry TOC_ENTRY_ID="3" TITLE="PENN STATE" ENTITY_ID_REF="Ar00301" PAGE_NO="3" PAGE_LABEL="3" PRIM_ID_REF="Ar0030100"/><TOC_Entry TOC_ENTRY_ID="4" TITLE="" ENTITY_ID_REF="Ad00102" PAGE_NO="1" PAGE_LABEL="1" PRIM_ID_REF="Ad0010201" IS_IC="true"/><TOC_Entry TOC_ENTRY_ID="5" TITLE="B1G TRAP" ENTITY_ID_REF="Ar00205" PAGE_NO="2" PAGE_LABEL="2" PRIM_ID_REF="Ar0020500" IS_IC="true"/><TOC_Entry TOC_ENTRY_ID="6" TITLE="MICHIGAN STATE" ENTITY_ID_REF="Ar00200" PAGE_NO="2" PAGE_LABEL="2" PRIM_ID_REF="Ar0020000" IS_IC="true"/><TOC_Entry TOC_ENTRY_ID="7" TITLE="Who do you think will be in the Final Four?" ENTITY_ID_REF="Ar00206" PAGE_NO="2" PAGE_LABEL="2" PRIM_ID_REF="Ar0020600" IS_IC="true"/><TOC_Entry TOC_ENTRY_ID="8" TITLE="" ENTITY_ID_REF="Ar00201" PAGE_NO="2" PAGE_LABEL="2" PRIM_ID_REF="Ar0020100" IS_IC="true"/><TOC_Entry TOC_ENTRY_ID="9" TITLE="Oct. 20 | PURDUE" ENTITY_ID_REF="Ar00207" PAGE_NO="2" PAGE_LABEL="2" PRIM_ID_REF="Ar0020700" IS_IC="true"><TOC_Entry TOC_ENTRY_ID="10" TITLE="" ENTITY_ID_REF="Pc00204" PAGE_NO="2" PAGE_LABEL="2" PRIM_ID_REF="Pc0020400" IS_IC="true"/></TOC_Entry><TOC_Entry TOC_ENTRY_ID="11" TITLE="Letters to the Editor" ENTITY_ID_REF="Ar00202" PAGE_NO="2" PAGE_LABEL="2" PRIM_ID_REF="Ar0020200" IS_IC="true"/><TOC_Entry TOC_ENTRY_ID="12" TITLE="Corrections" ENTITY_ID_REF="Ar00203" PAGE_NO="2" PAGE_LABEL="2" PRIM_ID_REF="Ar0020300" IS_IC="true"/><TOC_Entry TOC_ENTRY_ID="13" TITLE="Nov. 17 | MARYLAND" ENTITY_ID_REF="Ar00300" PAGE_NO="3" PAGE_LABEL="3" PRIM_ID_REF="Ar0030000" IS_IC="true"/><TOC_Entry TOC_ENTRY_ID="14" TITLE="" ENTITY_ID_REF="Ad00303" PAGE_NO="3" PAGE_LABEL="3" PRIM_ID_REF="Ad0030301" IS_IC="true"/><TOC_Entry TOC_ENTRY_ID="15" TITLE="McSorley brings Ohio State familiar, yet challenging look" ENTITY_ID_REF="Ar00400" PAGE_NO="4" PAGE_LABEL="4" PRIM_ID_REF="Ar0040000" IS_IC="true"><TOC_Entry TOC_ENTRY_ID="16" TITLE="" ENTITY_ID_REF="Pc00402" PAGE_NO="4" PAGE_LABEL="4" PRIM_ID_REF="Pc0040200" IS_IC="true"/></TOC_Entry><TOC_Entry TOC_ENTRY_ID="17" TITLE="Michigan WOLVERINES" ENTITY_ID_REF="Ar00401" PAGE_NO="4" PAGE_LABEL="4" PRIM_ID_REF="Ar0040100" IS_IC="true"><TOC_Entry TOC_ENTRY_ID="18" TITLE="" ENTITY_ID_REF="Pc00403" PAGE_NO="4" PAGE_LABEL="4" PRIM_ID_REF="Pc0040300" IS_IC="true"/></TOC_Entry><TOC_Entry TOC_ENTRY_ID="19" TITLE="Who do you think will win the B1G Championship?" ENTITY_ID_REF="Ar00405" PAGE_NO="4" PAGE_LABEL="4" PRIM_ID_REF="Ar0040500" IS_IC="true"/><TOC_Entry TOC_ENTRY_ID="20" TITLE="The Wolverines" ENTITY_ID_REF="Ar00404" PAGE_NO="4" PAGE_LABEL="4" PRIM_ID_REF="Ar0040400" IS_IC="true"/><TOC_Entry TOC_ENTRY_ID="21" TITLE="Indiana HOOSIERS" ENTITY_ID_REF="Ar00500" PAGE_NO="5" PAGE_LABEL="5" PRIM_ID_REF="Ar0050000" IS_IC="true"><TOC_Entry TOC_ENTRY_ID="22" TITLE="" ENTITY_ID_REF="Pc00503" PAGE_NO="5" PAGE_LABEL="5" PRIM_ID_REF="Pc0050300" IS_IC="true"/></TOC_Entry><TOC_Entry TOC_ENTRY_ID="23" TITLE="The Fighting Illini" ENTITY_ID_REF="Ar00506" PAGE_NO="5" PAGE_LABEL="5" PRIM_ID_REF="Ar0050600" IS_IC="true"><TOC_Entry TOC_ENTRY_ID="24" TITLE="" ENTITY_ID_REF="Pc00508" PAGE_NO="5" PAGE_LABEL="5" PRIM_ID_REF="Pc0050800" IS_IC="true"/></TOC_Entry><TOC_Entry TOC_ENTRY_ID="25" TITLE="The Hoosiers" ENTITY_ID_REF="Ar00505" PAGE_NO="5" PAGE_LABEL="5" PRIM_ID_REF="Ar0050500" IS_IC="true"><TOC_Entry TOC_ENTRY_ID="26" TITLE="" ENTITY_ID_REF="Pc00507" PAGE_NO="5" PAGE_LABEL="5" PRIM_ID_REF="Pc0050700" IS_IC="true"/></TOC_Entry><TOC_Entry TOC_ENTRY_ID="27" TITLE="season, Scott has already racked up over..." ENTITY_ID_REF="Ar00501" PAGE_NO="5" PAGE_LABEL="5" PRIM_ID_REF="Ar0050100" IS_IC="true"/><TOC_Entry TOC_ENTRY_ID="28" TITLE="Illinois FIGHTING ILLINI" ENTITY_ID_REF="Ar00502" PAGE_NO="5" PAGE_LABEL="5" PRIM_ID_REF="Ar0050200" IS_IC="true"><TOC_Entry TOC_ENTRY_ID="29" TITLE="" ENTITY_ID_REF="Pc00504" PAGE_NO="5" PAGE_LABEL="5" PRIM_ID_REF="Pc0050400" IS_IC="true"/></TOC_Entry><TOC_Entry TOC_ENTRY_ID="30" TITLE="Penn State NITTANY LIONS" ENTITY_ID_REF="Ar00600" PAGE_NO="6" PAGE_LABEL="6" PRIM_ID_REF="Ar0060000" IS_IC="true"><TOC_Entry TOC_ENTRY_ID="31" TITLE="" ENTITY_ID_REF="Pc00602" PAGE_NO="6" PAGE_LABEL="6" PRIM_ID_REF="Pc0060200" IS_IC="true"/></TOC_Entry><TOC_Entry TOC_ENTRY_ID="32" TITLE="PurdueBOILERMAKERS" ENTITY_ID_REF="Ar00601" PAGE_NO="6" PAGE_LABEL="6" PRIM_ID_REF="Ar0060100" IS_IC="true"><TOC_Entry TOC_ENTRY_ID="33" TITLE="" ENTITY_ID_REF="Pc00603" PAGE_NO="6" PAGE_LABEL="6" PRIM_ID_REF="Pc0060300" IS_IC="true"/></TOC_Entry><TOC_Entry TOC_ENTRY_ID="34" TITLE="The Nittany Lions" ENTITY_ID_REF="Ar00606" PAGE_NO="6" PAGE_LABEL="6" PRIM_ID_REF="Ar0060600" IS_IC="true"><TOC_Entry TOC_ENTRY_ID="35" TITLE="" ENTITY_ID_REF="Pc00607" PAGE_NO="6" PAGE_LABEL="6" PRIM_ID_REF="Pc0060700" IS_IC="true"/></TOC_Entry><TOC_Entry TOC_ENTRY_ID="36" TITLE="The Boilermakers" ENTITY_ID_REF="Ar00604" PAGE_NO="6" PAGE_LABEL="6" PRIM_ID_REF="Ar0060400" IS_IC="true"><TOC_Entry TOC_ENTRY_ID="37" TITLE="" ENTITY_ID_REF="Pc00608" PAGE_NO="6" PAGE_LABEL="6" PRIM_ID_REF="Pc0060800" IS_IC="true"/></TOC_Entry><TOC_Entry TOC_ENTRY_ID="38" TITLE="" ENTITY_ID_REF="Ad00605" PAGE_NO="6" PAGE_LABEL="6" PRIM_ID_REF="Ad0060501" IS_IC="true"/><TOC_Entry TOC_ENTRY_ID="39" TITLE="" ENTITY_ID_REF="Ad00700" PAGE_NO="7" PAGE_LABEL="7" PRIM_ID_REF="Ad0070001" IS_IC="true"/><TOC_Entry TOC_ENTRY_ID="40" TITLE="IowaHAWKEYES" ENTITY_ID_REF="Ar00800" PAGE_NO="8" PAGE_LABEL="8" PRIM_ID_REF="Ar0080000" IS_IC="true"><TOC_Entry TOC_ENTRY_ID="41" TITLE="" ENTITY_ID_REF="Pc00802" PAGE_NO="8" PAGE_LABEL="8" PRIM_ID_REF="Pc0080200" IS_IC="true"/><TOC_Entry TOC_ENTRY_ID="42" TITLE="" ENTITY_ID_REF="Pc00805" PAGE_NO="8" PAGE_LABEL="8" PRIM_ID_REF="Pc0080500" IS_IC="true"/></TOC_Entry><TOC_Entry TOC_ENTRY_ID="43" TITLE="The Hawkeyes" ENTITY_ID_REF="Ar00806" PAGE_NO="8" PAGE_LABEL="8" PRIM_ID_REF="Ar0080600" IS_IC="true"><TOC_Entry TOC_ENTRY_ID="44" TITLE="" ENTITY_ID_REF="Pc00808" PAGE_NO="8" PAGE_LABEL="8" PRIM_ID_REF="Pc0080800" IS_IC="true"/></TOC_Entry><TOC_Entry TOC_ENTRY_ID="45" TITLE="The Spartans" ENTITY_ID_REF="Ar00804" PAGE_NO="8" PAGE_LABEL="8" PRIM_ID_REF="Ar0080400" IS_IC="true"/><TOC_Entry TOC_ENTRY_ID="46" TITLE="Michigan State SPARTANS" ENTITY_ID_REF="Ar00807" PAGE_NO="8" PAGE_LABEL="8" PRIM_ID_REF="Ar0080700" IS_IC="true"><TOC_Entry TOC_ENTRY_ID="47" TITLE="" ENTITY_ID_REF="Pc00803" PAGE_NO="8" PAGE_LABEL="8" PRIM_ID_REF="Pc0080300" IS_IC="true"/></TOC_Entry><TOC_Entry TOC_ENTRY_ID="48" TITLE="Who do you think will win the Heisman Trophy?" ENTITY_ID_REF="Ar00801" PAGE_NO="8" PAGE_LABEL="8" PRIM_ID_REF="Ar0080100" IS_IC="true"/><TOC_Entry TOC_ENTRY_ID="49" TITLE="Nebraska CORNHUSKERS" ENTITY_ID_REF="Ar00900" PAGE_NO="9" PAGE_LABEL="9" PRIM_ID_REF="Ar0090000" IS_IC="true"><TOC_Entry TOC_ENTRY_ID="50" TITLE="" ENTITY_ID_REF="Pc00902" PAGE_NO="9" PAGE_LABEL="9" PRIM_ID_REF="Pc0090200" IS_IC="true"/><TOC_Entry TOC_ENTRY_ID="51" TITLE="" ENTITY_ID_REF="Pc00904" PAGE_NO="9" PAGE_LABEL="9" PRIM_ID_REF="Pc0090400" IS_IC="true"/></TOC_Entry><TOC_Entry TOC_ENTRY_ID="52" TITLE="The Cornhuskers" ENTITY_ID_REF="Ar00905" PAGE_NO="9" PAGE_LABEL="9" PRIM_ID_REF="Ar0090500" IS_IC="true"><TOC_Entry TOC_ENTRY_ID="53" TITLE="" ENTITY_ID_REF="Pc00908" PAGE_NO="9" PAGE_LABEL="9" PRIM_ID_REF="Pc0090800" IS_IC="true"/></TOC_Entry><TOC_Entry TOC_ENTRY_ID="54" TITLE="Rutgers SCARLET KNIGHTS" ENTITY_ID_REF="Ar00901" PAGE_NO="9" PAGE_LABEL="9" PRIM_ID_REF="Ar0090100" IS_IC="true"><TOC_Entry TOC_ENTRY_ID="55" TITLE="" ENTITY_ID_REF="Pc00903" PAGE_NO="9" PAGE_LABEL="9" PRIM_ID_REF="Pc0090300" IS_IC="true"/><TOC_Entry TOC_ENTRY_ID="56" TITLE="" ENTITY_ID_REF="Pc00907" PAGE_NO="9" PAGE_LABEL="9" PRIM_ID_REF="Pc0090700" IS_IC="true"/></TOC_Entry><TOC_Entry TOC_ENTRY_ID="57" TITLE="The Scarlet Knights" ENTITY_ID_REF="Ar00906" PAGE_NO="9" PAGE_LABEL="9" PRIM_ID_REF="Ar0090600" IS_IC="true"/><TOC_Entry TOC_ENTRY_ID="58" TITLE="Maryland TERRAPINS" ENTITY_ID_REF="Ar01000" PAGE_NO="10" PAGE_LABEL="10" PRIM_ID_REF="Ar0100000" IS_IC="true"><TOC_Entry TOC_ENTRY_ID="59" TITLE="" ENTITY_ID_REF="Pc01002" PAGE_NO="10" PAGE_LABEL="10" PRIM_ID_REF="Pc0100200" IS_IC="true"/><TOC_Entry TOC_ENTRY_ID="60" TITLE="" ENTITY_ID_REF="Pc01005" PAGE_NO="10" PAGE_LABEL="10" PRIM_ID_REF="Pc0100500" IS_IC="true"/></TOC_Entry><TOC_Entry TOC_ENTRY_ID="61" TITLE="The Terrapins" ENTITY_ID_REF="Ar01004" PAGE_NO="10" PAGE_LABEL="10" PRIM_ID_REF="Ar0100400" IS_IC="true"><TOC_Entry TOC_ENTRY_ID="62" TITLE="" ENTITY_ID_REF="Pc01007" PAGE_NO="10" PAGE_LABEL="10" PRIM_ID_REF="Pc0100700" IS_IC="true"/></TOC_Entry><TOC_Entry TOC_ENTRY_ID="63" TITLE="Northwestern WILDCATS" ENTITY_ID_REF="Ar01001" PAGE_NO="10" PAGE_LABEL="10" PRIM_ID_REF="Ar0100100" IS_IC="true"><TOC_Entry TOC_ENTRY_ID="64" TITLE="" ENTITY_ID_REF="Pc01003" PAGE_NO="10" PAGE_LABEL="10" PRIM_ID_REF="Pc0100300" IS_IC="true"/></TOC_Entry><TOC_Entry TOC_ENTRY_ID="65" TITLE="The Wildcats" ENTITY_ID_REF="Ar01006" PAGE_NO="10" PAGE_LABEL="10" PRIM_ID_REF="Ar0100600" IS_IC="true"><TOC_Entry TOC_ENTRY_ID="66" TITLE="" ENTITY_ID_REF="Pc01008" PAGE_NO="10" PAGE_LABEL="10" PRIM_ID_REF="Pc0100800" IS_IC="true"/></TOC_Entry><TOC_Entry TOC_ENTRY_ID="67" TITLE="Wisconsin BADGERS" ENTITY_ID_REF="Ar01100" PAGE_NO="11" PAGE_LABEL="11" PRIM_ID_REF="Ar0110000" IS_IC="true"><TOC_Entry TOC_ENTRY_ID="68" TITLE="" ENTITY_ID_REF="Pc01102" PAGE_NO="11" PAGE_LABEL="11" PRIM_ID_REF="Pc0110200" IS_IC="true"/></TOC_Entry><TOC_Entry TOC_ENTRY_ID="69" TITLE="The Badgers" ENTITY_ID_REF="Ar01104" PAGE_NO="11" PAGE_LABEL="11" PRIM_ID_REF="Ar0110400" IS_IC="true"><TOC_Entry TOC_ENTRY_ID="70" TITLE="" ENTITY_ID_REF="Pc01107" PAGE_NO="11" PAGE_LABEL="11" PRIM_ID_REF="Pc0110700" IS_IC="true"/></TOC_Entry><TOC_Entry TOC_ENTRY_ID="71" TITLE="Minnesota GOPHERS" ENTITY_ID_REF="Ar01101" PAGE_NO="11" PAGE_LABEL="11" PRIM_ID_REF="Ar0110100" IS_IC="true"><TOC_Entry TOC_ENTRY_ID="72" TITLE="" ENTITY_ID_REF="Pc01103" PAGE_NO="11" PAGE_LABEL="11" PRIM_ID_REF="Pc0110300" IS_IC="true"/><TOC_Entry TOC_ENTRY_ID="73" TITLE="" ENTITY_ID_REF="Pc01106" PAGE_NO="11" PAGE_LABEL="11" PRIM_ID_REF="Pc0110600" IS_IC="true"/></TOC_Entry><TOC_Entry TOC_ENTRY_ID="74" TITLE="The Gophers" ENTITY_ID_REF="Ar01105" PAGE_NO="11" PAGE_LABEL="11" PRIM_ID_REF="Ar0110500" IS_IC="true"><TOC_Entry TOC_ENTRY_ID="75" TITLE="" ENTITY_ID_REF="Pc01108" PAGE_NO="11" PAGE_LABEL="11" PRIM_ID_REF="Pc0110800" IS_IC="true"/></TOC_Entry><TOC_Entry TOC_ENTRY_ID="76" TITLE="Ohio State BUCKEYES" ENTITY_ID_REF="Ar01200" PAGE_NO="12" PAGE_LABEL="12" PRIM_ID_REF="Ar0120000" IS_IC="true"><TOC_Entry TOC_ENTRY_ID="77" TITLE="" ENTITY_ID_REF="Pc01201" PAGE_NO="12" PAGE_LABEL="12" PRIM_ID_REF="Pc0120100" IS_IC="true"/></TOC_Entry><TOC_Entry TOC_ENTRY_ID="78" TITLE="The Buckeyes" ENTITY_ID_REF="Ar01202" PAGE_NO="12" PAGE_LABEL="12" PRIM_ID_REF="Ar0120200" IS_IC="true"><TOC_Entry TOC_ENTRY_ID="79" TITLE="" ENTITY_ID_REF="Pc01204" PAGE_NO="12" PAGE_LABEL="12" PRIM_ID_REF="Pc0120400" IS_IC="true"/></TOC_Entry><TOC_Entry TOC_ENTRY_ID="80" TITLE="" ENTITY_ID_REF="Ad01203" PAGE_NO="12" PAGE_LABEL="12" PRIM_ID_REF="Ad0120301" IS_IC="true"/></TOC_Entries></Logic_np></Xmd_toc>
