<x:xmpmeta xmlns:x="adobe:ns:meta/" x:xmptk="Adobe XMP Core 5.4-c005 78.147326, 2012/08/23-13:03:03        ">
	<rdf:RDF xmlns:rdf="http://www.w3.org/1999/02/22-rdf-syntax-ns#">
		<rdf:Description rdf:about="" xmlns:xmp="http://ns.adobe.com/xap/1.0/" xmlns:dc="http://purl.org/dc/elements/1.1/" xmlns:xmpMM="http://ns.adobe.com/xap/1.0/mm/" xmlns:pdf="http://ns.adobe.com/pdf/1.3/" xmlns:pdfx="http://ns.adobe.com/pdfx/1.3/" xmlns:Olv="Olive" xmp:ModifyDate="2019-08-31T10:10:04+05:30" xmp:CreateDate="2016-03-21T22:03:28-04:00" xmp:MetadataDate="2019-08-31T10:10:04+05:30" xmp:CreatorTool="Adobe InDesign CC 2015 (Macintosh)" dc:format="application/pdf" xmpMM:DocumentID="uuid:c71a9d45-f3c0-9249-a6ae-a6b9bf4d4a1c" xmpMM:InstanceID="uuid:0a2fb859-dcd8-49c1-b760-6a771b767085" pdf:Producer="Adobe PDF Library 15.0" pdfx:OLV0_XMD_PAGE_COUNT="12" Olv:publication="OHI" Olv:issue_date="2016/ 3/22">
			<Olv:TimeTrack>
				<rdf:Seq>
					<rdf:li>
						<rdf:Description Olv:GUID="{00FEF87D-D34E-4E9F-A6A0-A9213FE118ED}" Olv:Status="Succeeded" Olv:File="060-OHI-2016-03-22-0001.pdf" Olv:Pages="12" Olv:Comp="SEG06" Olv:User="pipex" Olv:Start="2019-08-06T13:20:37+05:30" Olv:End="2019-08-06T13:20:53+05:30" Olv:TotalTime="00:00:16" Olv:IdleTime="00:00:00">
							<Olv:Operations>
								<rdf:Bag>
									<rdf:li>Auto Segmentation</rdf:li>
									<rdf:li>First session</rdf:li>
								</rdf:Bag>
							</Olv:Operations>
						</rdf:Description>
					</rdf:li>
					<rdf:li>
						<rdf:Description Olv:GUID="{BB1CBD4B-2A9C-4823-AC9D-EDF76793733B}" Olv:Status="None" Olv:File="060-OHI-2016-03-22-0001.pdf" Olv:Pages="12" Olv:Comp="MDOPS-C15" Olv:User="001660" Olv:Start="2019-08-18T11:32:15+05:30" Olv:End="2019-08-18T12:16:57+05:30" Olv:TotalTime="00:44:42" Olv:IdleTime="00:00:00">
							<Olv:Operations>
								<rdf:Bag>
									<rdf:li>Edit Segmentation</rdf:li>
								</rdf:Bag>
							</Olv:Operations>
						</rdf:Description>
					</rdf:li>
					<rdf:li>
						<rdf:Description Olv:GUID="{8B36C6BE-E75E-4BA6-988A-D4176A7266AB}" Olv:Status="None" Olv:File="060-OHI-2016-03-22-0001.pdf" Olv:Pages="12" Olv:Comp="MDOPS-C20" Olv:User="000678" Olv:Start="2019-08-28T13:35:18+05:30" Olv:End="2019-08-28T13:44:45+05:30" Olv:TotalTime="00:09:27" Olv:IdleTime="00:00:58">
							<Olv:Operations>
								<rdf:Bag>
									<rdf:li>Edit Segmentation</rdf:li>
								</rdf:Bag>
							</Olv:Operations>
						</rdf:Description>
					</rdf:li>
					<rdf:li>
						<rdf:Description Olv:GUID="{7AA6D44B-6359-4F7C-A8E4-0739DF86A78C}" Olv:Status="Succeeded" Olv:File="060-OHI-2016-03-22-0001.pdf" Olv:Pages="12" Olv:Comp="SEG03" Olv:User="pipex" Olv:Start="2019-08-31T10:10:05+05:30" Olv:End="2019-08-31T10:11:37+05:30" Olv:TotalTime="00:01:32" Olv:IdleTime="00:01:32">
							<Olv:Operations>
								<rdf:Bag>
									<rdf:li>Output</rdf:li>
								</rdf:Bag>
							</Olv:Operations>
						</rdf:Description>
					</rdf:li>
				</rdf:Seq>
			</Olv:TimeTrack>
		</rdf:Description>
	</rdf:RDF>
</x:xmpmeta>
