<x:xmpmeta xmlns:x="adobe:ns:meta/" x:xmptk="Adobe XMP Core 5.4-c005 78.147326, 2012/08/23-13:03:03        ">
	<rdf:RDF xmlns:rdf="http://www.w3.org/1999/02/22-rdf-syntax-ns#">
		<rdf:Description rdf:about="" xmlns:xmp="http://ns.adobe.com/xap/1.0/" xmlns:dc="http://purl.org/dc/elements/1.1/" xmlns:xmpMM="http://ns.adobe.com/xap/1.0/mm/" xmlns:pdf="http://ns.adobe.com/pdf/1.3/" xmlns:pdfx="http://ns.adobe.com/pdfx/1.3/" xmlns:Olv="Olive" xmp:ModifyDate="2019-08-31T10:54:57+05:30" xmp:CreateDate="2017-02-06T21:52:06-05:00" xmp:MetadataDate="2019-08-31T10:54:57+05:30" xmp:CreatorTool="Acrobat 11.0.17" dc:format="application/pdf" xmpMM:DocumentID="uuid:aa70401e-5d15-a042-8f33-20df4e127648" xmpMM:InstanceID="uuid:9d627e28-0ccb-44fa-9e64-78c7af486f3b" pdf:Producer="Adobe PDF Library 15.0" pdfx:OLV0_XMD_PAGE_COUNT="8" Olv:publication="OHI" Olv:issue_date="2017/ 2/ 7">
			<Olv:TimeTrack>
				<rdf:Seq>
					<rdf:li>
						<rdf:Description Olv:GUID="{DA4CAE4C-CB03-4484-AD2B-E6722B85225C}" Olv:Status="Succeeded" Olv:File="060-OHI-2017-02-07-0001.pdf" Olv:Pages="8" Olv:Comp="SEG07" Olv:User="pipex" Olv:Start="2019-08-06T13:23:53+05:30" Olv:End="2019-08-06T13:24:10+05:30" Olv:TotalTime="00:00:17" Olv:IdleTime="00:00:00">
							<Olv:Operations>
								<rdf:Bag>
									<rdf:li>Auto Segmentation</rdf:li>
									<rdf:li>First session</rdf:li>
								</rdf:Bag>
							</Olv:Operations>
						</rdf:Description>
					</rdf:li>
					<rdf:li>
						<rdf:Description Olv:GUID="{9E713674-5BC8-450C-BD40-4DB08298A294}" Olv:Status="None" Olv:File="060-OHI-2017-02-07-0001.pdf" Olv:Pages="8" Olv:Comp="MDOPS-C14" Olv:User="001663" Olv:Start="2019-08-19T13:24:47+05:30" Olv:End="2019-08-19T14:45:02+05:30" Olv:TotalTime="01:20:15" Olv:IdleTime="00:02:21">
							<Olv:Operations>
								<rdf:Bag>
									<rdf:li>Edit Segmentation</rdf:li>
								</rdf:Bag>
							</Olv:Operations>
						</rdf:Description>
					</rdf:li>
					<rdf:li>
						<rdf:Description Olv:GUID="{B313DEF6-2EB4-44BB-BE8B-609B0EC0F0C5}" Olv:Status="None" Olv:File="060-OHI-2017-02-07-0001.pdf" Olv:Pages="8" Olv:Comp="MDOPS-C20" Olv:User="000678" Olv:Start="2019-08-28T14:53:37+05:30" Olv:End="2019-08-28T14:59:33+05:30" Olv:TotalTime="00:05:56" Olv:IdleTime="00:01:07">
							<Olv:Operations>
								<rdf:Bag>
									<rdf:li>Edit Segmentation</rdf:li>
								</rdf:Bag>
							</Olv:Operations>
						</rdf:Description>
					</rdf:li>
					<rdf:li>
						<rdf:Description Olv:GUID="{F6DC3311-3233-49CC-965C-EC10B54E1EDE}" Olv:Status="Succeeded" Olv:File="060-OHI-2017-02-07-0001.pdf" Olv:Pages="8" Olv:Comp="SEG07" Olv:User="pipex" Olv:Start="2019-08-31T10:54:58+05:30" Olv:End="2019-08-31T10:56:00+05:30" Olv:TotalTime="00:01:02" Olv:IdleTime="00:01:02">
							<Olv:Operations>
								<rdf:Bag>
									<rdf:li>Output</rdf:li>
								</rdf:Bag>
							</Olv:Operations>
						</rdf:Description>
					</rdf:li>
				</rdf:Seq>
			</Olv:TimeTrack>
		</rdf:Description>
	</rdf:RDF>
</x:xmpmeta>
