<x:xmpmeta xmlns:x="adobe:ns:meta/" x:xmptk="Adobe XMP Core 5.4-c005 78.147326, 2012/08/23-13:03:03        ">
	<rdf:RDF xmlns:rdf="http://www.w3.org/1999/02/22-rdf-syntax-ns#">
		<rdf:Description rdf:about="" xmlns:xmp="http://ns.adobe.com/xap/1.0/" xmlns:dc="http://purl.org/dc/elements/1.1/" xmlns:xmpMM="http://ns.adobe.com/xap/1.0/mm/" xmlns:pdf="http://ns.adobe.com/pdf/1.3/" xmlns:pdfx="http://ns.adobe.com/pdfx/1.3/" xmlns:Olv="Olive" xmp:ModifyDate="2019-08-31T10:56:03+05:30" xmp:CreateDate="2017-02-15T21:41:35-05:00" xmp:MetadataDate="2019-08-31T10:56:03+05:30" xmp:CreatorTool="Acrobat 11.0.17" dc:format="application/pdf" xmpMM:DocumentID="uuid:9d7a6bd0-5afd-ca49-bf84-28790f660324" xmpMM:InstanceID="uuid:61cfd599-ad06-41f7-acf6-af45df61c6c6" pdf:Producer="Adobe PDF Library 15.0" pdfx:OLV0_XMD_PAGE_COUNT="8" Olv:publication="OHI" Olv:issue_date="2017/ 2/16">
			<Olv:TimeTrack>
				<rdf:Seq>
					<rdf:li>
						<rdf:Description Olv:GUID="{85533D8A-F561-4F33-B6E0-CD7A390EF978}" Olv:Status="Succeeded" Olv:File="060-OHI-2017-02-16-0001.pdf" Olv:Pages="8" Olv:Comp="SEG02" Olv:User="pipex" Olv:Start="2019-08-06T13:24:08+05:30" Olv:End="2019-08-06T13:24:18+05:30" Olv:TotalTime="00:00:10" Olv:IdleTime="00:00:00">
							<Olv:Operations>
								<rdf:Bag>
									<rdf:li>Auto Segmentation</rdf:li>
									<rdf:li>First session</rdf:li>
								</rdf:Bag>
							</Olv:Operations>
						</rdf:Description>
					</rdf:li>
					<rdf:li>
						<rdf:Description Olv:GUID="{56CA375F-5F97-45A8-86CF-E19317CE0D78}" Olv:Status="None" Olv:File="060-OHI-2017-02-16-0001.pdf" Olv:Pages="8" Olv:Comp="MDOPS-C17" Olv:User="001664" Olv:Start="2019-08-19T14:13:27+05:30" Olv:End="2019-08-19T14:53:13+05:30" Olv:TotalTime="00:39:46" Olv:IdleTime="00:00:34">
							<Olv:Operations>
								<rdf:Bag>
									<rdf:li>Edit Segmentation</rdf:li>
								</rdf:Bag>
							</Olv:Operations>
						</rdf:Description>
					</rdf:li>
					<rdf:li>
						<rdf:Description Olv:GUID="{D8E99C6C-4143-4342-AEB5-34A8D67153A5}" Olv:Status="None" Olv:File="060-OHI-2017-02-16-0001.pdf" Olv:Pages="8" Olv:Comp="MDOPS-C13" Olv:User="000953" Olv:Start="2019-08-28T15:01:24+05:30" Olv:End="2019-08-28T15:06:40+05:30" Olv:TotalTime="00:05:16" Olv:IdleTime="00:00:42">
							<Olv:Operations>
								<rdf:Bag>
									<rdf:li>Edit Segmentation</rdf:li>
								</rdf:Bag>
							</Olv:Operations>
						</rdf:Description>
					</rdf:li>
					<rdf:li>
						<rdf:Description Olv:GUID="{B70B5F65-9638-4283-A852-009E57CE646F}" Olv:Status="Succeeded" Olv:File="060-OHI-2017-02-16-0001.pdf" Olv:Pages="8" Olv:Comp="SEG04" Olv:User="pipex" Olv:Start="2019-08-31T10:56:04+05:30" Olv:End="2019-08-31T10:56:51+05:30" Olv:TotalTime="00:00:47" Olv:IdleTime="00:00:47">
							<Olv:Operations>
								<rdf:Bag>
									<rdf:li>Output</rdf:li>
								</rdf:Bag>
							</Olv:Operations>
						</rdf:Description>
					</rdf:li>
				</rdf:Seq>
			</Olv:TimeTrack>
		</rdf:Description>
	</rdf:RDF>
</x:xmpmeta>
