<x:xmpmeta xmlns:x="adobe:ns:meta/" x:xmptk="Adobe XMP Core 5.4-c005 78.147326, 2012/08/23-13:03:03        ">
	<rdf:RDF xmlns:rdf="http://www.w3.org/1999/02/22-rdf-syntax-ns#">
		<rdf:Description rdf:about="" xmlns:xmp="http://ns.adobe.com/xap/1.0/" xmlns:dc="http://purl.org/dc/elements/1.1/" xmlns:xmpMM="http://ns.adobe.com/xap/1.0/mm/" xmlns:pdf="http://ns.adobe.com/pdf/1.3/" xmlns:pdfx="http://ns.adobe.com/pdfx/1.3/" xmlns:Olv="Olive" xmp:ModifyDate="2019-08-31T11:23:15+05:30" xmp:CreateDate="2018-10-24T21:17:49-04:00" xmp:MetadataDate="2019-08-31T11:23:15+05:30" xmp:CreatorTool="Adobe InDesign CC 13.0 (Macintosh)" dc:format="application/pdf" xmpMM:DocumentID="uuid:256ef1ae-576e-a44f-a260-2ff0b1acf623" xmpMM:InstanceID="uuid:a6cb583e-7654-4931-ab7c-e9b65fb41eb1" pdf:Producer="Adobe PDF Library 15.0" pdfx:OLV0_XMD_PAGE_COUNT="8" Olv:publication="OHI" Olv:issue_date="2018/10/25">
			<Olv:TimeTrack>
				<rdf:Seq>
					<rdf:li>
						<rdf:Description Olv:GUID="{F85D78F6-5101-4B7F-B295-0205577E706A}" Olv:Status="Succeeded" Olv:File="060-OHI-2018-10-25-0001.pdf" Olv:Pages="8" Olv:Comp="SEG03" Olv:User="pipex" Olv:Start="2019-08-06T13:26:09+05:30" Olv:End="2019-08-06T13:26:22+05:30" Olv:TotalTime="00:00:13" Olv:IdleTime="00:00:00">
							<Olv:Operations>
								<rdf:Bag>
									<rdf:li>Auto Segmentation</rdf:li>
									<rdf:li>First session</rdf:li>
								</rdf:Bag>
							</Olv:Operations>
						</rdf:Description>
					</rdf:li>
					<rdf:li>
						<rdf:Description Olv:GUID="{02CA0B55-29F2-4133-911F-6EEE88871FE6}" Olv:Status="None" Olv:File="060-OHI-2018-10-25-0001.pdf" Olv:Pages="8" Olv:Comp="MDOPS-C15" Olv:User="001660" Olv:Start="2019-08-22T14:25:17+05:30" Olv:End="2019-08-22T14:57:31+05:30" Olv:TotalTime="00:32:14" Olv:IdleTime="00:02:34">
							<Olv:Operations>
								<rdf:Bag>
									<rdf:li>Edit Segmentation</rdf:li>
								</rdf:Bag>
							</Olv:Operations>
						</rdf:Description>
					</rdf:li>
					<rdf:li>
						<rdf:Description Olv:GUID="{1E7DD95F-9DA3-43C5-8287-373A4291CFE9}" Olv:Status="None" Olv:File="060-OHI-2018-10-25-0001.pdf" Olv:Pages="8" Olv:Comp="MDOPS-C07" Olv:User="000675" Olv:Start="2019-08-29T10:13:13+05:30" Olv:End="2019-08-29T10:25:25+05:30" Olv:TotalTime="00:12:12" Olv:IdleTime="00:06:44">
							<Olv:Operations>
								<rdf:Bag>
									<rdf:li>Edit Segmentation</rdf:li>
								</rdf:Bag>
							</Olv:Operations>
						</rdf:Description>
					</rdf:li>
					<rdf:li>
						<rdf:Description Olv:GUID="{0F0091CD-83F9-458A-9E95-02DCAD1EA74E}" Olv:Status="Succeeded" Olv:File="060-OHI-2018-10-25-0001.pdf" Olv:Pages="8" Olv:Comp="SEG07" Olv:User="pipex" Olv:Start="2019-08-31T11:23:16+05:30" Olv:End="2019-08-31T11:24:08+05:30" Olv:TotalTime="00:00:52" Olv:IdleTime="00:00:52">
							<Olv:Operations>
								<rdf:Bag>
									<rdf:li>Output</rdf:li>
								</rdf:Bag>
							</Olv:Operations>
						</rdf:Description>
					</rdf:li>
				</rdf:Seq>
			</Olv:TimeTrack>
		</rdf:Description>
	</rdf:RDF>
</x:xmpmeta>
