<x:xmpmeta xmlns:x="adobe:ns:meta/" x:xmptk="Adobe XMP Core 5.4-c005 78.147326, 2012/08/23-13:03:03        ">
	<rdf:RDF xmlns:rdf="http://www.w3.org/1999/02/22-rdf-syntax-ns#">
		<rdf:Description rdf:about="" xmlns:xmp="http://ns.adobe.com/xap/1.0/" xmlns:dc="http://purl.org/dc/elements/1.1/" xmlns:xmpMM="http://ns.adobe.com/xap/1.0/mm/" xmlns:pdf="http://ns.adobe.com/pdf/1.3/" xmlns:pdfx="http://ns.adobe.com/pdfx/1.3/" xmlns:Olv="Olive" xmp:ModifyDate="2019-08-31T10:17:48+05:30" xmp:CreateDate="2016-04-13T22:41:45-04:00" xmp:MetadataDate="2019-08-31T10:17:48+05:30" xmp:CreatorTool="Adobe InDesign CC 2015 (Macintosh)" dc:format="application/pdf" xmpMM:DocumentID="uuid:147c55e4-f6ff-2741-9a8d-214fa53132cb" xmpMM:InstanceID="uuid:d14c8172-722f-4e65-8736-63b058c0ba33" pdf:Producer="Adobe PDF Library 15.0" pdfx:OLV0_XMD_PAGE_COUNT="12" Olv:publication="OHI" Olv:issue_date="2016/ 4/14">
			<Olv:TimeTrack>
				<rdf:Seq>
					<rdf:li>
						<rdf:Description Olv:GUID="{81E1AF80-51B2-421A-AF99-3AE98D1DC030}" Olv:Status="Succeeded" Olv:File="060-OHI-2016-04-14-0001.pdf" Olv:Pages="12" Olv:Comp="SEG04" Olv:User="pipex" Olv:Start="2019-08-06T13:21:08+05:30" Olv:End="2019-08-06T13:21:20+05:30" Olv:TotalTime="00:00:12" Olv:IdleTime="00:00:00">
							<Olv:Operations>
								<rdf:Bag>
									<rdf:li>Auto Segmentation</rdf:li>
									<rdf:li>First session</rdf:li>
								</rdf:Bag>
							</Olv:Operations>
						</rdf:Description>
					</rdf:li>
					<rdf:li>
						<rdf:Description Olv:GUID="{589D47C9-1578-4846-A8D3-276204F6E545}" Olv:Status="None" Olv:File="060-OHI-2016-04-14-0001.pdf" Olv:Pages="12" Olv:Comp="MDOPS-C15" Olv:User="001660" Olv:Start="2019-08-18T12:47:21+05:30" Olv:End="2019-08-18T13:08:36+05:30" Olv:TotalTime="00:21:15" Olv:IdleTime="00:01:42">
							<Olv:Operations>
								<rdf:Bag>
									<rdf:li>Edit Segmentation</rdf:li>
								</rdf:Bag>
							</Olv:Operations>
						</rdf:Description>
					</rdf:li>
					<rdf:li>
						<rdf:Description Olv:GUID="{8CFE8534-AFED-4278-B4DE-94A1E1412104}" Olv:Status="None" Olv:File="060-OHI-2016-04-14-0001.pdf" Olv:Pages="12" Olv:Comp="MDOPS-C15" Olv:User="001660" Olv:Start="2019-08-18T13:35:56+05:30" Olv:End="2019-08-18T14:06:56+05:30" Olv:TotalTime="00:31:00" Olv:IdleTime="00:04:07">
							<Olv:Operations>
								<rdf:Bag>
									<rdf:li>Edit Segmentation</rdf:li>
								</rdf:Bag>
							</Olv:Operations>
						</rdf:Description>
					</rdf:li>
					<rdf:li>
						<rdf:Description Olv:GUID="{29519A87-7B15-40E2-8240-32BB1B860DA4}" Olv:Status="None" Olv:File="060-OHI-2016-04-14-0001.pdf" Olv:Pages="12" Olv:Comp="MDOPS-C15" Olv:User="001660" Olv:Start="2019-08-18T14:09:00+05:30" Olv:End="2019-08-18T14:09:18+05:30" Olv:TotalTime="00:00:18" Olv:IdleTime="00:00:00">
							<Olv:Operations>
								<rdf:Bag>
									<rdf:li>Edit Segmentation</rdf:li>
								</rdf:Bag>
							</Olv:Operations>
						</rdf:Description>
					</rdf:li>
					<rdf:li>
						<rdf:Description Olv:GUID="{67E64B05-D276-43AB-8612-3F1F87F7A9DF}" Olv:Status="None" Olv:File="060-OHI-2016-04-14-0001.pdf" Olv:Pages="12" Olv:Comp="MDOPS-C08" Olv:User="000949" Olv:Start="2019-08-28T13:51:53+05:30" Olv:End="2019-08-28T14:21:54+05:30" Olv:TotalTime="00:30:01" Olv:IdleTime="00:08:24">
							<Olv:Operations>
								<rdf:Bag>
									<rdf:li>Edit Segmentation</rdf:li>
								</rdf:Bag>
							</Olv:Operations>
						</rdf:Description>
					</rdf:li>
					<rdf:li>
						<rdf:Description Olv:GUID="{91CBCBD5-D94F-4C2A-9BD2-B3887379F47E}" Olv:Status="Succeeded" Olv:File="060-OHI-2016-04-14-0001.pdf" Olv:Pages="12" Olv:Comp="SEG03" Olv:User="pipex" Olv:Start="2019-08-31T10:17:48+05:30" Olv:End="2019-08-31T10:18:55+05:30" Olv:TotalTime="00:01:07" Olv:IdleTime="00:01:07">
							<Olv:Operations>
								<rdf:Bag>
									<rdf:li>Output</rdf:li>
								</rdf:Bag>
							</Olv:Operations>
						</rdf:Description>
					</rdf:li>
				</rdf:Seq>
			</Olv:TimeTrack>
		</rdf:Description>
	</rdf:RDF>
</x:xmpmeta>
