<x:xmpmeta xmlns:x="adobe:ns:meta/" x:xmptk="Adobe XMP Core 5.4-c005 78.147326, 2012/08/23-13:03:03        ">
	<rdf:RDF xmlns:rdf="http://www.w3.org/1999/02/22-rdf-syntax-ns#">
		<rdf:Description rdf:about="" xmlns:xmp="http://ns.adobe.com/xap/1.0/" xmlns:dc="http://purl.org/dc/elements/1.1/" xmlns:xmpMM="http://ns.adobe.com/xap/1.0/mm/" xmlns:stEvt="http://ns.adobe.com/xap/1.0/sType/ResourceEvent#" xmlns:stRef="http://ns.adobe.com/xap/1.0/sType/ResourceRef#" xmlns:pdf="http://ns.adobe.com/pdf/1.3/" xmlns:pdfx="http://ns.adobe.com/pdfx/1.3/" xmlns:Olv="Olive" xmp:CreatorTool="Adobe InDesign CC 13.0 (Macintosh)" xmp:MetadataDate="2019-08-31T11:33:40+05:30" xmp:CreateDate="2018-12-04T02:32:24Z" xmp:ModifyDate="2019-08-31T11:33:40+05:30" dc:format="application/pdf" xmpMM:OriginalDocumentID="xmp.did:97950407-990a-4237-a0e0-17fe541d6227" xmpMM:InstanceID="uuid:c0a55cbc-c4a5-4ddc-8747-11ed8c899639" xmpMM:DocumentID="xmp.id:041ffa15-ce65-4f6c-b5e9-1e55d4c21be3" xmpMM:RenditionClass="proof:pdf" pdf:Trapped="False" pdf:Producer="Mac OS X 10.12.6 Quartz PDFContext" pdfx:OLV0_XMD_PAGE_COUNT="8" Olv:publication="OHI" Olv:issue_date="2018/12/ 4">
			<Olv:TimeTrack>
				<rdf:Seq>
					<rdf:li>
						<rdf:Description Olv:GUID="{E9964AE9-041F-4616-AC6C-07F9E04F82DF}" Olv:Status="Succeeded" Olv:File="060-OHI-2018-12-04-0001.pdf" Olv:Pages="8" Olv:Comp="SEG07" Olv:User="pipex" Olv:Start="2019-08-06T13:26:34+05:30" Olv:End="2019-08-06T13:26:43+05:30" Olv:TotalTime="00:00:09" Olv:IdleTime="00:00:00">
							<Olv:Operations>
								<rdf:Bag>
									<rdf:li>Auto Segmentation</rdf:li>
									<rdf:li>First session</rdf:li>
								</rdf:Bag>
							</Olv:Operations>
						</rdf:Description>
					</rdf:li>
					<rdf:li>
						<rdf:Description Olv:GUID="{AA649D7A-D3D2-457A-8C7D-451CB8EA98A3}" Olv:Status="None" Olv:File="060-OHI-2018-12-04-0001.pdf" Olv:Pages="8" Olv:Comp="MDOPS-C18" Olv:User="001662" Olv:Start="2019-08-22T15:44:46+05:30" Olv:End="2019-08-22T16:16:49+05:30" Olv:TotalTime="00:32:03" Olv:IdleTime="00:03:52">
							<Olv:Operations>
								<rdf:Bag>
									<rdf:li>Edit Segmentation</rdf:li>
								</rdf:Bag>
							</Olv:Operations>
						</rdf:Description>
					</rdf:li>
					<rdf:li>
						<rdf:Description Olv:GUID="{21109242-B021-4AEF-83A9-675BAA3649BF}" Olv:Status="None" Olv:File="060-OHI-2018-12-04-0001.pdf" Olv:Pages="8" Olv:Comp="MDOPS-C20" Olv:User="000678" Olv:Start="2019-08-29T10:39:58+05:30" Olv:End="2019-08-29T10:49:45+05:30" Olv:TotalTime="00:09:47" Olv:IdleTime="00:01:52">
							<Olv:Operations>
								<rdf:Bag>
									<rdf:li>Edit Segmentation</rdf:li>
								</rdf:Bag>
							</Olv:Operations>
						</rdf:Description>
					</rdf:li>
					<rdf:li>
						<rdf:Description Olv:GUID="{994B6691-B18B-4B98-B46E-DAD16484A9DD}" Olv:Status="Succeeded" Olv:File="060-OHI-2018-12-04-0001.pdf" Olv:Pages="8" Olv:Comp="SEG06" Olv:User="pipex" Olv:Start="2019-08-31T11:33:42+05:30" Olv:End="2019-08-31T11:34:26+05:30" Olv:TotalTime="00:00:44" Olv:IdleTime="00:00:44">
							<Olv:Operations>
								<rdf:Bag>
									<rdf:li>Output</rdf:li>
								</rdf:Bag>
							</Olv:Operations>
						</rdf:Description>
					</rdf:li>
				</rdf:Seq>
			</Olv:TimeTrack>
		</rdf:Description>
	</rdf:RDF>
</x:xmpmeta>
