<x:xmpmeta xmlns:x="adobe:ns:meta/" x:xmptk="Adobe XMP Core 5.4-c005 78.147326, 2012/08/23-13:03:03        ">
	<rdf:RDF xmlns:rdf="http://www.w3.org/1999/02/22-rdf-syntax-ns#">
		<rdf:Description rdf:about="" xmlns:xmp="http://ns.adobe.com/xap/1.0/" xmlns:dc="http://purl.org/dc/elements/1.1/" xmlns:xmpMM="http://ns.adobe.com/xap/1.0/mm/" xmlns:pdf="http://ns.adobe.com/pdf/1.3/" xmlns:pdfx="http://ns.adobe.com/pdfx/1.3/" xmlns:Olv="Olive" xmp:ModifyDate="2019-08-31T11:03:07+05:30" xmp:CreateDate="2017-04-12T21:40:50-04:00" xmp:MetadataDate="2019-08-31T11:03:07+05:30" xmp:CreatorTool="Acrobat 11.0.17" dc:format="application/pdf" xmpMM:DocumentID="uuid:97e9f97d-d391-e148-9a6d-0a2f58be8bd3" xmpMM:InstanceID="uuid:e42dd6b5-9d3e-465d-8a0a-d33fa310472b" pdf:Producer="Adobe PDF Library 15.0" pdfx:OLV0_XMD_PAGE_COUNT="8" Olv:publication="OHI" Olv:issue_date="2017/ 4/13">
			<Olv:TimeTrack>
				<rdf:Seq>
					<rdf:li>
						<rdf:Description Olv:GUID="{B9219729-EC9A-42D4-80CE-3C0B9B3569C1}" Olv:Status="Succeeded" Olv:File="060-OHI-2017-04-13-0001.pdf" Olv:Pages="8" Olv:Comp="SEG04" Olv:User="pipex" Olv:Start="2019-08-06T13:24:45+05:30" Olv:End="2019-08-06T13:25:01+05:30" Olv:TotalTime="00:00:16" Olv:IdleTime="00:00:00">
							<Olv:Operations>
								<rdf:Bag>
									<rdf:li>Auto Segmentation</rdf:li>
									<rdf:li>First session</rdf:li>
								</rdf:Bag>
							</Olv:Operations>
						</rdf:Description>
					</rdf:li>
					<rdf:li>
						<rdf:Description Olv:GUID="{29AD30CE-1FD0-4171-ACDB-4351327AB1B9}" Olv:Status="None" Olv:File="060-OHI-2017-04-13-0001.pdf" Olv:Pages="8" Olv:Comp="MDOPS-C18" Olv:User="001662" Olv:Start="2019-08-19T16:41:58+05:30" Olv:End="2019-08-19T17:17:01+05:30" Olv:TotalTime="00:35:03" Olv:IdleTime="00:04:16">
							<Olv:Operations>
								<rdf:Bag>
									<rdf:li>Edit Segmentation</rdf:li>
								</rdf:Bag>
							</Olv:Operations>
						</rdf:Description>
					</rdf:li>
					<rdf:li>
						<rdf:Description Olv:GUID="{D20F0161-CA21-4AB7-9DE9-D79EEE16D1CB}" Olv:Status="None" Olv:File="060-OHI-2017-04-13-0001.pdf" Olv:Pages="8" Olv:Comp="MDOPS-B41" Olv:User="001090" Olv:Start="2019-08-28T15:31:31+05:30" Olv:End="2019-08-28T15:36:36+05:30" Olv:TotalTime="00:05:05" Olv:IdleTime="00:00:34">
							<Olv:Operations>
								<rdf:Bag>
									<rdf:li>Edit Segmentation</rdf:li>
								</rdf:Bag>
							</Olv:Operations>
						</rdf:Description>
					</rdf:li>
					<rdf:li>
						<rdf:Description Olv:GUID="{E68A11F9-4739-45E9-A89A-A91A7ACEF848}" Olv:Status="Succeeded" Olv:File="060-OHI-2017-04-13-0001.pdf" Olv:Pages="8" Olv:Comp="SEG03" Olv:User="pipex" Olv:Start="2019-08-31T11:03:08+05:30" Olv:End="2019-08-31T11:03:56+05:30" Olv:TotalTime="00:00:48" Olv:IdleTime="00:00:48">
							<Olv:Operations>
								<rdf:Bag>
									<rdf:li>Output</rdf:li>
								</rdf:Bag>
							</Olv:Operations>
						</rdf:Description>
					</rdf:li>
				</rdf:Seq>
			</Olv:TimeTrack>
		</rdf:Description>
	</rdf:RDF>
</x:xmpmeta>
