<?xml version="1.0" encoding="windows-1252" standalone="no"?>
<Xmd_toc REPOSITORY_FORMAT="1.0" PRXML_VER="2.5" PUBLICATION="OHI" PUBLICATION_DESCRIPTION="" ISSUE_DATE="18/04/2017" RELEASE_NO="060-OHI-2017-04-18-0001" LANGUAGE="English">
	<Head_np>
		<Meta SOURCE_RESOLUTION="72" PDF_DESTINATION_MAPPED="OLV0_Page_0001" TITLE_SNP_EXT="png" AD_SNP_EXT="png" IMAGE_SNP_EXT="jpg" IS_SOLID="false" DOC_DATE="18/04/2017" DOC_UID="OHI_18/04/2017" DOC_VER="1" TOTAL_CHARS_COUNT="49073" SUSPICIOUS_CHARS_COUNT="0" IS_CROSS_ORDERED="false" MULTI_LAYER_PAGE_IMG="true" DEFAULT_PREVIEW_IMG_EXT="png" DEFAULT_IMG_EXT="png" DEFAULT_PRIM_IMG_EXT="jpg" PAGE_PREVIEW_RESOLUTION="15" PAGE_THUMBNAIL_RESOLUTION="150" IMAGES_RESOLUTION="140" PAGES_NUMBER="12" SOURCE_TYPE="TIFF" BASE_HREF="OHI/2017/04/18">
			<Publisher XMD_VER="2.8.201.103" ACROBAT_VER="11.012" PUBLISHER="Olive" PROFILE_ID="OHI-2017-04-18.ini">
				<PublishDate>Sat, 31 Aug 2019 05:37:42 UTC</PublishDate>
				<PublishSWFCompatible>false</PublishSWFCompatible>
			</Publisher>
			<Resolutions>
				<Resolution DEFAULT="true">150</Resolution>
			</Resolutions>
			<LayerResolutions>
				<Resolution GRAPHIC_IMG_EXT="jpg">110</Resolution>
				<Resolution GRAPHIC_IMG_EXT="jpg">140</Resolution>
			</LayerResolutions>
		</Meta>
		<Link SOURCE="060-OHI-2017-04-18-0001.pdf"/>
		<DataFiles>
			<Files TYPE="DOC_PDF" PRESENT="1"/>
			<Files TYPE="PAGE_PDF" PRESENT="0"/>
			<Files TYPE="DOC_IMG" PRESENT="0"/>
			<Files TYPE="PAGE_IMG" PRESENT="0"/>
			<Files TYPE="PAGE_VIEW_IMG" PRESENT="1"/>
			<Files TYPE="PAGE_LAYERS_IMG" PRESENT="1"/>
			<Files TYPE="PAGE_PREVIEW_IMG" PRESENT="1"/>
			<Files TYPE="PRIMITIVE_IMG" PRESENT="1"/>
			<Files TYPE="SNIPPET_IMG" PRESENT="1"/>
			<Files TYPE="SEGMENTATION" PRESENT="0"/>
			<Files TYPE="PAGINATION_TEMPLATE_BACKGROUND" PRESENT="0"/>
			<Files TYPE="EXTERNAL_FONTS" PRESENT="0"/>
			<Files TYPE="PROFILE" PRESENT="1"/>
			<Files TYPE="FOOTNOTES" PRESENT="0"/>
		</DataFiles>
	</Head_np>
	<Body_np>
		<Section NAME="Front Page">
			<Page ID="Pg001" CROP_BOX="0 0 1706 2549" MEDIA_BOX="0 0 1706 2549" HREF="/1/Pg001" TOTAL_CHARS_COUNT="5345" SUSPICIOUS_CHARS_COUNT="0" PAGE_HEIGHT="2550" PAGE_WIDTH="1707" PAGE_TYPE="Single" PAGE_LABEL="1" PAGE_NO="1">
				<Entity FIRST_TOC_ENTRY_ID="4" DEPTH_LEVEL="1" PAGE_NO="1" HREF="/1/Ar00100" WORDCNT="399" IMAGES_RESOLUTION="140" INDEX_IN_DOC="4" SIZE="Large" CONTINUATION_TO="Ar00203" NAME="Could graduating seniors get into OSU today?" ENTITY_TYPE="Article" ID="Ar00100"/>
				<Entity FIRST_TOC_ENTRY_ID="15" DEPTH_LEVEL="1" PAGE_NO="1" HREF="/1/Ar00101" WORDCNT="348" IMAGES_RESOLUTION="140" INDEX_IN_DOC="15" SIZE="Medium" CONTINUATION_TO="Ar00300" NAME="Prayer spaces vary across the Big Ten" ENTITY_TYPE="Article" ID="Ar00101"/>
				<Entity FIRST_TOC_ENTRY_ID="5" DEPTH_LEVEL="2" PAGE_NO="1" LOGICAL_NAME="true" HREF="/1/Pc00102" WORDCNT="0" IMAGES_RESOLUTION="140" INDEX_IN_DOC="5" SIZE="Medium" EMBEDDED_AFTER="Ar0010000" EMBEDDED_BELOW="1" EMBEDDED_INTO="Ar00100" NAME="" ENTITY_TYPE="Picture" ID="Pc00102">
					<Image EXT="jpg" H="524" W="841" ID="Pc0010200"/>
				</Entity>
				<Entity FIRST_TOC_ENTRY_ID="12" DEPTH_LEVEL="2" PAGE_NO="1" LOGICAL_NAME="true" HREF="/1/Pc00103" WORDCNT="0" IMAGES_RESOLUTION="140" INDEX_IN_DOC="12" SIZE="Small" EMBEDDED_AFTER="Ar0010800" EMBEDDED_BELOW="1" EMBEDDED_INTO="Ar00108" NAME="" ENTITY_TYPE="Picture" ID="Pc00103">
					<Image EXT="jpg" H="329" W="553" ID="Pc0010300"/>
				</Entity>
				<Entity FIRST_TOC_ENTRY_ID="1" DEPTH_LEVEL="1" PAGE_NO="1" HREF="/1/Ar00104" WORDCNT="19" IMAGES_RESOLUTION="140" INDEX_IN_DOC="1" SIZE="Small" NAME="AGING SCIENTISTS" ENTITY_TYPE="Article" ID="Ar00104"/>
				<Entity FIRST_TOC_ENTRY_ID="2" DEPTH_LEVEL="1" PAGE_NO="1" HREF="/1/Ar00105" WORDCNT="14" IMAGES_RESOLUTION="140" INDEX_IN_DOC="2" SIZE="Small" NAME="CRIME MAP" ENTITY_TYPE="Article" ID="Ar00105"/>
				<Entity FIRST_TOC_ENTRY_ID="3" DEPTH_LEVEL="1" PAGE_NO="1" HREF="/1/Ar00106" WORDCNT="23" IMAGES_RESOLUTION="140" INDEX_IN_DOC="3" SIZE="Small" NAME="ART SHOW" ENTITY_TYPE="Article" ID="Ar00106"/>
				<Entity FIRST_TOC_ENTRY_ID="14" DEPTH_LEVEL="1" PAGE_NO="1" HREF="/1/Ar00107" WORDCNT="21" IMAGES_RESOLUTION="140" INDEX_IN_DOC="14" SIZE="Small" NAME="WIDE RECEIVERS" ENTITY_TYPE="Article" ID="Ar00107"/>
				<Entity FIRST_TOC_ENTRY_ID="11" DEPTH_LEVEL="1" PAGE_NO="1" HREF="/1/Ar00108" WORDCNT="410" IMAGES_RESOLUTION="140" INDEX_IN_DOC="11" SIZE="Medium" CONTINUATION_TO="Ar00404" NAME="J.D. Vance talks Ohio opioid epidemic" ENTITY_TYPE="Article" ID="Ar00108"/>
				<Entity FIRST_TOC_ENTRY_ID="22" DEPTH_LEVEL="1" PAGE_NO="1" LOGICAL_NAME="true" HREF="/1/Ad00109" WORDCNT="26" IMAGES_RESOLUTION="140" INDEX_IN_DOC="22" SIZE="Medium" NAME="" ENTITY_TYPE="Ad" ID="Ad00109">
					<Image H="210" W="1418" ID="Ad0010901"/>
				</Entity>
			</Page>
			<Page ID="Pg002" CROP_BOX="0 0 1706 2549" MEDIA_BOX="0 0 1706 2549" HREF="/2/Pg002" TOTAL_CHARS_COUNT="6499" SUSPICIOUS_CHARS_COUNT="0" PAGE_HEIGHT="2550" PAGE_WIDTH="1707" PAGE_TYPE="Single" PAGE_LABEL="2" PAGE_NO="2">
				<Entity FIRST_TOC_ENTRY_ID="24" DEPTH_LEVEL="1" PAGE_NO="2" HREF="/2/Ar00200" WORDCNT="766" IMAGES_RESOLUTION="140" INDEX_IN_DOC="24" SIZE="Large" NAME="Economists worried about aging population of researchers STUDY" ENTITY_TYPE="Article" ID="Ar00200"/>
				<Entity FIRST_TOC_ENTRY_ID="25" DEPTH_LEVEL="2" PAGE_NO="2" LOGICAL_NAME="true" HREF="/2/Pc00201" WORDCNT="0" IMAGES_RESOLUTION="140" INDEX_IN_DOC="25" SIZE="Medium" EMBEDDED_AFTER="Ar0020000" EMBEDDED_BELOW="1" EMBEDDED_INTO="Ar00200" NAME="" ENTITY_TYPE="Picture" ID="Pc00201">
					<Image EXT="jpg" H="583" W="841" ID="Pc0020100"/>
				</Entity>
				<Entity FIRST_TOC_ENTRY_ID="7" DEPTH_LEVEL="2" PAGE_NO="2" LOGICAL_NAME="true" HREF="/2/Pc00202" WORDCNT="0" IMAGES_RESOLUTION="140" INDEX_IN_DOC="7" SIZE="Medium" EMBEDDED_AFTER="Ar0020300" EMBEDDED_BELOW="1" EMBEDDED_RIGHT="1" EMBEDDED_INTO="Ar00203" NAME="" ENTITY_TYPE="Picture" ID="Pc00202">
					<Image EXT="jpg" H="573" W="841" ID="Pc0020200"/>
				</Entity>
				<Entity FIRST_TOC_ENTRY_ID="6" DEPTH_LEVEL="1" PAGE_NO="2" HREF="/2/Ar00203" WORDCNT="652" IMAGES_RESOLUTION="140" INDEX_IN_DOC="6" SIZE="Large" CONTINUATION_TO="Ar00503" CONTINUATION_FROM="Ar00100" NAME="ADMISSIONS" ENTITY_TYPE="Article" ID="Ar00203"/>
				<Entity FIRST_TOC_ENTRY_ID="23" DEPTH_LEVEL="1" PAGE_NO="2" HREF="/2/Ar00204" WORDCNT="26" IMAGES_RESOLUTION="140" INDEX_IN_DOC="23" SIZE="Small" NAME="LANTERN APP" ENTITY_TYPE="Article" ID="Ar00204"/>
			</Page>
			<Page ID="Pg003" CROP_BOX="0 0 1706 2549" MEDIA_BOX="0 0 1706 2549" HREF="/3/Pg003" TOTAL_CHARS_COUNT="6757" SUSPICIOUS_CHARS_COUNT="0" PAGE_HEIGHT="2550" PAGE_WIDTH="1707" PAGE_TYPE="Single" PAGE_LABEL="3" PAGE_NO="3">
				<Entity FIRST_TOC_ENTRY_ID="16" DEPTH_LEVEL="1" PAGE_NO="3" HREF="/3/Ar00300" WORDCNT="1056" IMAGES_RESOLUTION="140" INDEX_IN_DOC="16" SIZE="XLarge" CONTINUATION_TO="Ar00401" CONTINUATION_FROM="Ar00101" NAME="PRAYER SPACES" ENTITY_TYPE="Article" ID="Ar00300"/>
				<Entity FIRST_TOC_ENTRY_ID="17" DEPTH_LEVEL="2" PAGE_NO="3" LOGICAL_NAME="true" HREF="/3/Pc00301" WORDCNT="0" IMAGES_RESOLUTION="140" INDEX_IN_DOC="17" SIZE="Medium" EMBEDDED_AFTER="Ar0030000" EMBEDDED_BELOW="1" EMBEDDED_INTO="Ar00300" NAME="" ENTITY_TYPE="Picture" ID="Pc00301">
					<Image EXT="jpg" H="487" W="1041" ID="Pc0030100"/>
				</Entity>
				<Entity FIRST_TOC_ENTRY_ID="28" DEPTH_LEVEL="1" PAGE_NO="3" LOGICAL_NAME="true" HREF="/3/Ad00302" WORDCNT="410" IMAGES_RESOLUTION="140" INDEX_IN_DOC="28" SIZE="Large" NAME="" ENTITY_TYPE="Ad" ID="Ad00302">
					<Image H="1554" W="377" ID="Ad0030201"/>
				</Entity>
				<Entity FIRST_TOC_ENTRY_ID="29" DEPTH_LEVEL="1" PAGE_NO="3" LOGICAL_NAME="true" HREF="/3/Ad00303" WORDCNT="8" IMAGES_RESOLUTION="140" INDEX_IN_DOC="29" SIZE="Small" NAME="" ENTITY_TYPE="Ad" ID="Ad00303">
					<Image H="239" W="379" ID="Ad0030301"/>
				</Entity>
				<Entity FIRST_TOC_ENTRY_ID="31" DEPTH_LEVEL="1" PAGE_NO="3" HREF="/3/Ar00304" WORDCNT="30" IMAGES_RESOLUTION="140" INDEX_IN_DOC="31" SIZE="Small" NAME="Corrections" ENTITY_TYPE="Article" ID="Ar00304"/>
				<Entity FIRST_TOC_ENTRY_ID="30" DEPTH_LEVEL="1" PAGE_NO="3" HREF="/3/Ar00305" WORDCNT="88" IMAGES_RESOLUTION="140" INDEX_IN_DOC="30" SIZE="Small" NAME="Letters to the Editor" ENTITY_TYPE="Article" ID="Ar00305"/>
				<Entity FIRST_TOC_ENTRY_ID="27" DEPTH_LEVEL="1" PAGE_NO="3" HREF="/3/Ar00306" WORDCNT="16" IMAGES_RESOLUTION="140" INDEX_IN_DOC="27" SIZE="Small" NAME="FOLLOW US" ENTITY_TYPE="Article" ID="Ar00306"/>
				<Entity FIRST_TOC_ENTRY_ID="26" DEPTH_LEVEL="1" PAGE_NO="3" LOGICAL_NAME="true" HREF="/3/Ar00307" WORDCNT="236" IMAGES_RESOLUTION="140" INDEX_IN_DOC="26" SIZE="Small" NAME="" ENTITY_TYPE="Article" ID="Ar00307"/>
			</Page>
			<Page ID="Pg004" CROP_BOX="0 0 1706 2549" MEDIA_BOX="0 0 1706 2549" HREF="/4/Pg004" TOTAL_CHARS_COUNT="6081" SUSPICIOUS_CHARS_COUNT="0" PAGE_HEIGHT="2550" PAGE_WIDTH="1707" PAGE_TYPE="Single" PAGE_LABEL="4" PAGE_NO="4">
				<Entity FIRST_TOC_ENTRY_ID="32" DEPTH_LEVEL="1" PAGE_NO="4" HREF="/4/Ar00400" WORDCNT="217" IMAGES_RESOLUTION="140" INDEX_IN_DOC="32" SIZE="Medium" NAME="Campus area crime map: April 10 - 16" ENTITY_TYPE="Article" ID="Ar00400"/>
				<Entity FIRST_TOC_ENTRY_ID="18" DEPTH_LEVEL="1" PAGE_NO="4" HREF="/4/Ar00401" WORDCNT="437" IMAGES_RESOLUTION="140" INDEX_IN_DOC="18" SIZE="Medium" CONTINUATION_FROM="Ar00300" NAME="PRAYER SPACES" ENTITY_TYPE="Article" ID="Ar00401"/>
				<Entity FIRST_TOC_ENTRY_ID="33" DEPTH_LEVEL="2" PAGE_NO="4" LOGICAL_NAME="true" HREF="/4/Pc00402" WORDCNT="0" IMAGES_RESOLUTION="140" INDEX_IN_DOC="33" SIZE="Large" EMBEDDED_AFTER="Ar0040000" EMBEDDED_BELOW="1" EMBEDDED_INTO="Ar00400" NAME="" ENTITY_TYPE="Picture" ID="Pc00402">
					<Image EXT="jpg" H="784" W="841" ID="Pc0040200"/>
				</Entity>
				<Entity FIRST_TOC_ENTRY_ID="19" DEPTH_LEVEL="2" PAGE_NO="4" LOGICAL_NAME="true" HREF="/4/Pc00403" WORDCNT="0" IMAGES_RESOLUTION="140" INDEX_IN_DOC="19" SIZE="Medium" EMBEDDED_AFTER="Ar0040100" EMBEDDED_BELOW="1" EMBEDDED_RIGHT="1" EMBEDDED_INTO="Ar00401" NAME="" ENTITY_TYPE="Picture" ID="Pc00403">
					<Image EXT="jpg" H="491" W="841" ID="Pc0040300"/>
				</Entity>
				<Entity FIRST_TOC_ENTRY_ID="13" DEPTH_LEVEL="1" PAGE_NO="4" HREF="/4/Ar00404" WORDCNT="595" IMAGES_RESOLUTION="140" INDEX_IN_DOC="13" SIZE="Large" CONTINUATION_FROM="Ar00108" NAME="J.D. VANCE" ENTITY_TYPE="Article" ID="Ar00404"/>
				<Entity FIRST_TOC_ENTRY_ID="20" DEPTH_LEVEL="2" PAGE_NO="4" LOGICAL_NAME="true" HREF="/4/Pc00405" WORDCNT="0" IMAGES_RESOLUTION="140" INDEX_IN_DOC="20" SIZE="Small" EMBEDDED_AFTER="Ar0040100" EMBEDDED_BELOW="1" EMBEDDED_RIGHT="1" EMBEDDED_INTO="Ar00401" NAME="" ENTITY_TYPE="Picture" ID="Pc00405">
					<Image EXT="jpg" H="76" W="277" ID="Pc0040500"/>
				</Entity>
				<Entity FIRST_TOC_ENTRY_ID="34" DEPTH_LEVEL="1" PAGE_NO="4" LOGICAL_NAME="true" HREF="/4/Ad00406" WORDCNT="2" IMAGES_RESOLUTION="140" INDEX_IN_DOC="34" SIZE="Small" NAME="" ENTITY_TYPE="Ad" ID="Ad00406">
					<Image H="360" W="261" ID="Ad0040601"/>
				</Entity>
				<Entity FIRST_TOC_ENTRY_ID="21" DEPTH_LEVEL="2" PAGE_NO="4" LOGICAL_NAME="true" HREF="/4/Pc00407" WORDCNT="0" IMAGES_RESOLUTION="140" INDEX_IN_DOC="21" SIZE="Small" EMBEDDED_AFTER="Ar0040100" EMBEDDED_BELOW="1" EMBEDDED_RIGHT="1" EMBEDDED_INTO="Ar00401" NAME="" ENTITY_TYPE="Picture" ID="Pc00407">
					<Image EXT="jpg" H="132" W="275" ID="Pc0040700"/>
				</Entity>
				<Entity FIRST_TOC_ENTRY_ID="35" DEPTH_LEVEL="1" PAGE_NO="4" HREF="/4/Ar00408" WORDCNT="180" IMAGES_RESOLUTION="140" INDEX_IN_DOC="35" SIZE="Small" NAME="Accommodation for religious holidays" ENTITY_TYPE="Article" ID="Ar00408"/>
			</Page>
			<Page ID="Pg005" CROP_BOX="0 0 1706 2549" MEDIA_BOX="0 0 1706 2549" HREF="/5/Pg005" TOTAL_CHARS_COUNT="4532" SUSPICIOUS_CHARS_COUNT="0" PAGE_HEIGHT="2550" PAGE_WIDTH="1707" PAGE_TYPE="Single" PAGE_LABEL="5" PAGE_NO="5">
				<Entity FIRST_TOC_ENTRY_ID="9" DEPTH_LEVEL="2" PAGE_NO="5" LOGICAL_NAME="true" HREF="/5/Pc00500" WORDCNT="0" IMAGES_RESOLUTION="140" INDEX_IN_DOC="9" SIZE="Small" EMBEDDED_AFTER="Ar0050300" EMBEDDED_BELOW="1" EMBEDDED_RIGHT="1" EMBEDDED_INTO="Ar00503" NAME="" ENTITY_TYPE="Picture" ID="Pc00500">
					<Image EXT="jpg" H="327" W="553" ID="Pc0050000"/>
				</Entity>
				<Entity FIRST_TOC_ENTRY_ID="37" DEPTH_LEVEL="1" PAGE_NO="5" LOGICAL_NAME="true" HREF="/5/Ad00501" WORDCNT="0" IMAGES_RESOLUTION="140" INDEX_IN_DOC="37" SIZE="XLarge" NAME="" ENTITY_TYPE="Ad" ID="Ad00501">
					<Image H="1104" W="1418" ID="Ad0050101"/>
				</Entity>
				<Entity FIRST_TOC_ENTRY_ID="36" DEPTH_LEVEL="1" PAGE_NO="5" LOGICAL_NAME="true" HREF="/5/Ad00502" WORDCNT="2" IMAGES_RESOLUTION="140" INDEX_IN_DOC="36" SIZE="Small" NAME="" ENTITY_TYPE="Ad" ID="Ad00502">
					<Image H="236" W="257" ID="Ad0050201"/>
				</Entity>
				<Entity FIRST_TOC_ENTRY_ID="8" DEPTH_LEVEL="1" PAGE_NO="5" HREF="/5/Ar00503" WORDCNT="1040" IMAGES_RESOLUTION="140" INDEX_IN_DOC="8" SIZE="XLarge" CONTINUATION_FROM="Ar00203" NAME="ADMISSIONS" ENTITY_TYPE="Article" ID="Ar00503"/>
				<Entity FIRST_TOC_ENTRY_ID="10" DEPTH_LEVEL="2" PAGE_NO="5" LOGICAL_NAME="true" HREF="/5/Pc00504" WORDCNT="0" IMAGES_RESOLUTION="140" INDEX_IN_DOC="10" SIZE="Small" EMBEDDED_AFTER="Ar0050300" EMBEDDED_BELOW="1" EMBEDDED_RIGHT="1" EMBEDDED_INTO="Ar00503" NAME="" ENTITY_TYPE="Picture" ID="Pc00504">
					<Image EXT="jpg" H="58" W="277" ID="Pc0050400"/>
				</Entity>
			</Page>
			<Page ID="Pg006" CROP_BOX="0 0 1706 2549" MEDIA_BOX="0 0 1706 2549" HREF="/6/Pg006" TOTAL_CHARS_COUNT="3159" SUSPICIOUS_CHARS_COUNT="0" PAGE_HEIGHT="2550" PAGE_WIDTH="1707" PAGE_TYPE="Single" PAGE_LABEL="6" PAGE_NO="6">
				<Entity FIRST_TOC_ENTRY_ID="38" DEPTH_LEVEL="1" PAGE_NO="6" HREF="/6/Ar00600" WORDCNT="467" IMAGES_RESOLUTION="140" INDEX_IN_DOC="38" SIZE="Large" NAME="Department of Art BFA seniors showcase final projects" ENTITY_TYPE="Article" ID="Ar00600"/>
				<Entity FIRST_TOC_ENTRY_ID="39" DEPTH_LEVEL="2" PAGE_NO="6" LOGICAL_NAME="true" HREF="/6/Pc00601" WORDCNT="0" IMAGES_RESOLUTION="140" INDEX_IN_DOC="39" SIZE="Medium" EMBEDDED_AFTER="Ar0060000" EMBEDDED_BELOW="1" EMBEDDED_INTO="Ar00600" NAME="" ENTITY_TYPE="Picture" ID="Pc00601">
					<Image EXT="jpg" H="501" W="697" ID="Pc0060100"/>
				</Entity>
				<Entity FIRST_TOC_ENTRY_ID="42" DEPTH_LEVEL="2" PAGE_NO="6" LOGICAL_NAME="true" HREF="/6/Pc00602" WORDCNT="0" IMAGES_RESOLUTION="140" INDEX_IN_DOC="42" SIZE="Medium" EMBEDDED_AFTER="Ar0060500" EMBEDDED_BELOW="1" EMBEDDED_INTO="Ar00605" NAME="" ENTITY_TYPE="Picture" ID="Pc00602">
					<Image EXT="jpg" H="422" W="697" ID="Pc0060200"/>
				</Entity>
				<Entity FIRST_TOC_ENTRY_ID="40" DEPTH_LEVEL="1" PAGE_NO="6" LOGICAL_NAME="true" HREF="/6/Ad00603" WORDCNT="0" IMAGES_RESOLUTION="140" INDEX_IN_DOC="40" SIZE="Large" NAME="" ENTITY_TYPE="Ad" ID="Ad00603">
					<Image H="1099" W="711" ID="Ad0060301"/>
				</Entity>
				<Entity FIRST_TOC_ENTRY_ID="44" DEPTH_LEVEL="1" PAGE_NO="6" LOGICAL_NAME="true" HREF="/6/Ad00604" WORDCNT="8" IMAGES_RESOLUTION="140" INDEX_IN_DOC="44" SIZE="Small" NAME="" ENTITY_TYPE="Ad" ID="Ad00604">
					<Image H="543" W="339" ID="Ad0060401"/>
				</Entity>
				<Entity FIRST_TOC_ENTRY_ID="41" DEPTH_LEVEL="1" PAGE_NO="6" HREF="/6/Ar00605" WORDCNT="309" IMAGES_RESOLUTION="140" INDEX_IN_DOC="41" SIZE="Medium" CONTINUATION_TO="Ar00705" NAME="Student DJ makes gigs from top to bottom" ENTITY_TYPE="Article" ID="Ar00605"/>
			</Page>
			<Page ID="Pg007" CROP_BOX="0 0 1706 2549" MEDIA_BOX="0 0 1706 2549" HREF="/7/Pg007" TOTAL_CHARS_COUNT="3471" SUSPICIOUS_CHARS_COUNT="0" PAGE_HEIGHT="2550" PAGE_WIDTH="1707" PAGE_TYPE="Single" PAGE_LABEL="7" PAGE_NO="7">
				<Entity FIRST_TOC_ENTRY_ID="45" DEPTH_LEVEL="1" PAGE_NO="7" HREF="/7/Ar00700" WORDCNT="508" IMAGES_RESOLUTION="140" INDEX_IN_DOC="45" SIZE="Large" NAME="Student baking club bakes for a cause" ENTITY_TYPE="Article" ID="Ar00700"/>
				<Entity FIRST_TOC_ENTRY_ID="46" DEPTH_LEVEL="2" PAGE_NO="7" LOGICAL_NAME="true" HREF="/7/Pc00701" WORDCNT="0" IMAGES_RESOLUTION="140" INDEX_IN_DOC="46" SIZE="Medium" EMBEDDED_AFTER="Ar0070000" EMBEDDED_BELOW="1" EMBEDDED_INTO="Ar00700" NAME="" ENTITY_TYPE="Picture" ID="Pc00701">
					<Image EXT="jpg" H="497" W="697" ID="Pc0070100"/>
				</Entity>
				<Entity FIRST_TOC_ENTRY_ID="49" DEPTH_LEVEL="1" PAGE_NO="7" LOGICAL_NAME="true" HREF="/7/Ad00702" WORDCNT="8" IMAGES_RESOLUTION="140" INDEX_IN_DOC="49" SIZE="Small" NAME="" ENTITY_TYPE="Ad" ID="Ad00702">
					<Image H="370" W="700" ID="Ad0070201"/>
				</Entity>
				<Entity FIRST_TOC_ENTRY_ID="48" DEPTH_LEVEL="1" PAGE_NO="7" LOGICAL_NAME="true" HREF="/7/Ad00703" WORDCNT="13" IMAGES_RESOLUTION="140" INDEX_IN_DOC="48" SIZE="Medium" NAME="" ENTITY_TYPE="Ad" ID="Ad00703">
					<Image H="1062" W="340" ID="Ad0070301"/>
				</Entity>
				<Entity FIRST_TOC_ENTRY_ID="47" DEPTH_LEVEL="2" PAGE_NO="7" LOGICAL_NAME="true" HREF="/7/Pc00704" WORDCNT="0" IMAGES_RESOLUTION="140" INDEX_IN_DOC="47" SIZE="Small" EMBEDDED_AFTER="Ar0070000" EMBEDDED_BELOW="1" EMBEDDED_INTO="Ar00700" NAME="" ENTITY_TYPE="Picture" ID="Pc00704">
					<Image EXT="jpg" H="93" W="349" ID="Pc0070400"/>
				</Entity>
				<Entity FIRST_TOC_ENTRY_ID="43" DEPTH_LEVEL="1" PAGE_NO="7" HREF="/7/Ar00705" WORDCNT="333" IMAGES_RESOLUTION="140" INDEX_IN_DOC="43" SIZE="Medium" CONTINUATION_FROM="Ar00605" NAME="CROWDER" ENTITY_TYPE="Article" ID="Ar00705"/>
				<Entity FIRST_TOC_ENTRY_ID="50" DEPTH_LEVEL="1" PAGE_NO="7" LOGICAL_NAME="true" HREF="/7/Ad00706" WORDCNT="131" IMAGES_RESOLUTION="140" INDEX_IN_DOC="50" SIZE="Large" NAME="" ENTITY_TYPE="Ad" ID="Ad00706">
					<Image H="1102" W="710" ID="Ad0070601"/>
				</Entity>
			</Page>
			<Page ID="Pg008" CROP_BOX="0 0 1706 2549" MEDIA_BOX="0 0 1706 2549" HREF="/8/Pg008" TOTAL_CHARS_COUNT="1329" SUSPICIOUS_CHARS_COUNT="0" PAGE_HEIGHT="2550" PAGE_WIDTH="1707" PAGE_TYPE="Single" PAGE_LABEL="8" PAGE_NO="8">
				<Entity FIRST_TOC_ENTRY_ID="51" DEPTH_LEVEL="1" PAGE_NO="8" HREF="/8/Ar00800" WORDCNT="259" IMAGES_RESOLUTION="140" INDEX_IN_DOC="51" SIZE="Medium" CONTINUATION_TO="Ar00903" NAME="Memoir tells story of closeted OSU administrator" ENTITY_TYPE="Article" ID="Ar00800"/>
				<Entity FIRST_TOC_ENTRY_ID="55" DEPTH_LEVEL="1" PAGE_NO="8" HREF="/8/Ar00801" WORDCNT="42" IMAGES_RESOLUTION="140" INDEX_IN_DOC="55" SIZE="Small" NAME="Mi Tierra Baila showcases traditional Hispanic dance" ENTITY_TYPE="Article" ID="Ar00801"/>
				<Entity FIRST_TOC_ENTRY_ID="52" DEPTH_LEVEL="2" PAGE_NO="8" LOGICAL_NAME="true" HREF="/8/Pc00802" WORDCNT="0" IMAGES_RESOLUTION="140" INDEX_IN_DOC="52" SIZE="Small" EMBEDDED_AFTER="Ar0080000" EMBEDDED_BELOW="1" EMBEDDED_INTO="Ar00800" NAME="" ENTITY_TYPE="Picture" ID="Pc00802">
					<Image EXT="jpg" H="334" W="553" ID="Pc0080200"/>
				</Entity>
				<Entity FIRST_TOC_ENTRY_ID="56" DEPTH_LEVEL="2" PAGE_NO="8" LOGICAL_NAME="true" HREF="/8/Pc00803" WORDCNT="0" IMAGES_RESOLUTION="140" INDEX_IN_DOC="56" SIZE="Large" EMBEDDED_AFTER="Ar0080100" EMBEDDED_BELOW="1" EMBEDDED_INTO="Ar00801" NAME="" ENTITY_TYPE="Picture" ID="Pc00803">
					<Image EXT="jpg" H="711" W="841" ID="Pc0080300"/>
				</Entity>
				<Entity FIRST_TOC_ENTRY_ID="57" DEPTH_LEVEL="1" PAGE_NO="8" LOGICAL_NAME="true" HREF="/8/Ad00804" WORDCNT="19" IMAGES_RESOLUTION="140" INDEX_IN_DOC="57" SIZE="XLarge" NAME="" ENTITY_TYPE="Ad" ID="Ad00804">
					<Image H="1128" W="1418" ID="Ad0080401"/>
				</Entity>
			</Page>
			<Page ID="Pg009" CROP_BOX="0 0 1706 2549" MEDIA_BOX="0 0 1706 2549" HREF="/9/Pg009" TOTAL_CHARS_COUNT="2257" SUSPICIOUS_CHARS_COUNT="0" PAGE_HEIGHT="2550" PAGE_WIDTH="1707" PAGE_TYPE="Single" PAGE_LABEL="9" PAGE_NO="9">
				<Entity FIRST_TOC_ENTRY_ID="60" DEPTH_LEVEL="1" PAGE_NO="9" LOGICAL_NAME="true" HREF="/9/Ad00900" WORDCNT="34" IMAGES_RESOLUTION="140" INDEX_IN_DOC="60" SIZE="Large" NAME="" ENTITY_TYPE="Ad" ID="Ad00900">
					<Image H="1050" W="698" ID="Ad0090001"/>
				</Entity>
				<Entity FIRST_TOC_ENTRY_ID="61" DEPTH_LEVEL="1" PAGE_NO="9" LOGICAL_NAME="true" HREF="/9/Ad00901" WORDCNT="0" IMAGES_RESOLUTION="140" INDEX_IN_DOC="61" SIZE="Large" NAME="" ENTITY_TYPE="Ad" ID="Ad00901">
					<Image H="1103" W="708" ID="Ad0090101"/>
				</Entity>
				<Entity FIRST_TOC_ENTRY_ID="59" DEPTH_LEVEL="1" PAGE_NO="9" LOGICAL_NAME="true" HREF="/9/Ad00902" WORDCNT="30" IMAGES_RESOLUTION="140" INDEX_IN_DOC="59" SIZE="Large" NAME="" ENTITY_TYPE="Ad" ID="Ad00902">
					<Image H="1106" W="701" ID="Ad0090201"/>
				</Entity>
				<Entity FIRST_TOC_ENTRY_ID="53" DEPTH_LEVEL="1" PAGE_NO="9" HREF="/9/Ar00903" WORDCNT="544" IMAGES_RESOLUTION="140" INDEX_IN_DOC="53" SIZE="Medium" CONTINUATION_FROM="Ar00800" NAME="MEMOIR" ENTITY_TYPE="Article" ID="Ar00903"/>
				<Entity FIRST_TOC_ENTRY_ID="58" DEPTH_LEVEL="1" PAGE_NO="9" LOGICAL_NAME="true" HREF="/9/Ad00904" WORDCNT="2" IMAGES_RESOLUTION="140" INDEX_IN_DOC="58" SIZE="Small" NAME="" ENTITY_TYPE="Ad" ID="Ad00904">
					<Image H="294" W="348" ID="Ad0090401"/>
				</Entity>
				<Entity FIRST_TOC_ENTRY_ID="54" DEPTH_LEVEL="2" PAGE_NO="9" LOGICAL_NAME="true" HREF="/9/Pc00905" WORDCNT="0" IMAGES_RESOLUTION="140" INDEX_IN_DOC="54" SIZE="Small" EMBEDDED_AFTER="Ar0090300" EMBEDDED_BELOW="1" EMBEDDED_RIGHT="1" EMBEDDED_INTO="Ar00903" NAME="" ENTITY_TYPE="Picture" ID="Pc00905">
					<Image EXT="jpg" H="179" W="348" ID="Pc0090500"/>
				</Entity>
			</Page>
			<Page ID="Pg010" CROP_BOX="0 0 1706 2549" MEDIA_BOX="0 0 1706 2549" HREF="/10/Pg010" TOTAL_CHARS_COUNT="3834" SUSPICIOUS_CHARS_COUNT="0" PAGE_HEIGHT="2550" PAGE_WIDTH="1707" PAGE_TYPE="Single" PAGE_LABEL="10" PAGE_NO="10">
				<Entity FIRST_TOC_ENTRY_ID="62" DEPTH_LEVEL="1" PAGE_NO="10" HREF="/10/Ar01000" WORDCNT="600" IMAGES_RESOLUTION="140" INDEX_IN_DOC="62" SIZE="Large" NAME="WOMEN�S LACROSSE Assistant coach Jill Byers joins professional staff" ENTITY_TYPE="Article" ID="Ar01000"/>
				<Entity FIRST_TOC_ENTRY_ID="79" DEPTH_LEVEL="1" PAGE_NO="10" HREF="/10/Ar01001" WORDCNT="290" IMAGES_RESOLUTION="140" INDEX_IN_DOC="79" SIZE="Medium" CONTINUATION_FROM="Ar01203" NAME="OFFENSE" ENTITY_TYPE="Article" ID="Ar01001"/>
				<Entity FIRST_TOC_ENTRY_ID="63" DEPTH_LEVEL="2" PAGE_NO="10" LOGICAL_NAME="true" HREF="/10/Pc01002" WORDCNT="0" IMAGES_RESOLUTION="140" INDEX_IN_DOC="63" SIZE="Medium" EMBEDDED_AFTER="Ar0100000" EMBEDDED_BELOW="1" EMBEDDED_INTO="Ar01000" NAME="" ENTITY_TYPE="Picture" ID="Pc01002">
					<Image EXT="jpg" H="652" W="841" ID="Pc0100200"/>
				</Entity>
				<Entity FIRST_TOC_ENTRY_ID="66" DEPTH_LEVEL="2" PAGE_NO="10" LOGICAL_NAME="true" HREF="/10/Pc01003" WORDCNT="0" IMAGES_RESOLUTION="140" INDEX_IN_DOC="66" SIZE="Medium" EMBEDDED_AFTER="Ar0100700" EMBEDDED_BELOW="1" EMBEDDED_INTO="Ar01007" NAME="" ENTITY_TYPE="Picture" ID="Pc01003">
					<Image EXT="jpg" H="426" W="841" ID="Pc0100300"/>
				</Entity>
				<Entity FIRST_TOC_ENTRY_ID="67" DEPTH_LEVEL="2" PAGE_NO="10" LOGICAL_NAME="true" HREF="/10/Pc01004" WORDCNT="0" IMAGES_RESOLUTION="140" INDEX_IN_DOC="67" SIZE="Medium" EMBEDDED_AFTER="Ar0100700" EMBEDDED_BELOW="1" EMBEDDED_INTO="Ar01007" NAME="" ENTITY_TYPE="Picture" ID="Pc01004">
					<Image EXT="jpg" H="451" W="841" ID="Pc0100400"/>
				</Entity>
				<Entity FIRST_TOC_ENTRY_ID="64" DEPTH_LEVEL="1" PAGE_NO="10" LOGICAL_NAME="true" HREF="/10/Ad01005" WORDCNT="4" IMAGES_RESOLUTION="140" INDEX_IN_DOC="64" SIZE="Medium" NAME="" ENTITY_TYPE="Ad" ID="Ad01005">
					<Image H="1111" W="265" ID="Ad0100501"/>
				</Entity>
				<Entity FIRST_TOC_ENTRY_ID="80" DEPTH_LEVEL="2" PAGE_NO="10" LOGICAL_NAME="true" HREF="/10/Pc01006" WORDCNT="0" IMAGES_RESOLUTION="140" INDEX_IN_DOC="80" SIZE="Small" EMBEDDED_AFTER="Ar0100100" EMBEDDED_BELOW="1" EMBEDDED_INTO="Ar01001" NAME="" ENTITY_TYPE="Picture" ID="Pc01006">
					<Image EXT="jpg" H="63" W="284" ID="Pc0100600"/>
				</Entity>
				<Entity FIRST_TOC_ENTRY_ID="65" DEPTH_LEVEL="1" PAGE_NO="10" HREF="/10/Ar01007" WORDCNT="57" IMAGES_RESOLUTION="140" INDEX_IN_DOC="65" SIZE="Small" NAME="Honorary coaches" ENTITY_TYPE="Article" ID="Ar01007"/>
			</Page>
			<Page ID="Pg011" CROP_BOX="0 0 1706 2549" MEDIA_BOX="0 0 1706 2549" HREF="/11/Pg011" TOTAL_CHARS_COUNT="690" SUSPICIOUS_CHARS_COUNT="0" PAGE_HEIGHT="2550" PAGE_WIDTH="1707" PAGE_TYPE="Single" PAGE_LABEL="11" PAGE_NO="11">
				<Entity FIRST_TOC_ENTRY_ID="68" DEPTH_LEVEL="1" PAGE_NO="11" HREF="/11/Ar01100" WORDCNT="148" IMAGES_RESOLUTION="140" INDEX_IN_DOC="68" SIZE="Medium" NAME="Former Buckeyes return to their roots" ENTITY_TYPE="Article" ID="Ar01100"/>
				<Entity FIRST_TOC_ENTRY_ID="69" DEPTH_LEVEL="2" PAGE_NO="11" LOGICAL_NAME="true" HREF="/11/Pc01101" WORDCNT="0" IMAGES_RESOLUTION="140" INDEX_IN_DOC="69" SIZE="Medium" EMBEDDED_AFTER="Ar0110000" EMBEDDED_BELOW="1" EMBEDDED_INTO="Ar01100" NAME="" ENTITY_TYPE="Picture" ID="Pc01101">
					<Image EXT="jpg" H="429" W="697" ID="Pc0110100"/>
				</Entity>
				<Entity FIRST_TOC_ENTRY_ID="70" DEPTH_LEVEL="2" PAGE_NO="11" LOGICAL_NAME="true" HREF="/11/Pc01102" WORDCNT="0" IMAGES_RESOLUTION="140" INDEX_IN_DOC="70" SIZE="Medium" EMBEDDED_AFTER="Ar0110000" EMBEDDED_BELOW="1" EMBEDDED_INTO="Ar01100" NAME="" ENTITY_TYPE="Picture" ID="Pc01102">
					<Image EXT="jpg" H="427" W="698" ID="Pc0110200"/>
				</Entity>
				<Entity FIRST_TOC_ENTRY_ID="71" DEPTH_LEVEL="2" PAGE_NO="11" LOGICAL_NAME="true" HREF="/11/Pc01103" WORDCNT="0" IMAGES_RESOLUTION="140" INDEX_IN_DOC="71" SIZE="Medium" EMBEDDED_AFTER="Ar0110000" EMBEDDED_BELOW="1" EMBEDDED_INTO="Ar01100" NAME="" ENTITY_TYPE="Picture" ID="Pc01103">
					<Image EXT="jpg" H="394" W="697" ID="Pc0110300"/>
				</Entity>
				<Entity FIRST_TOC_ENTRY_ID="72" DEPTH_LEVEL="2" PAGE_NO="11" LOGICAL_NAME="true" HREF="/11/Pc01104" WORDCNT="0" IMAGES_RESOLUTION="140" INDEX_IN_DOC="72" SIZE="Medium" EMBEDDED_AFTER="Ar0110000" EMBEDDED_BELOW="1" EMBEDDED_INTO="Ar01100" NAME="" ENTITY_TYPE="Picture" ID="Pc01104">
					<Image EXT="jpg" H="435" W="697" ID="Pc0110400"/>
				</Entity>
				<Entity FIRST_TOC_ENTRY_ID="73" DEPTH_LEVEL="2" PAGE_NO="11" LOGICAL_NAME="true" HREF="/11/Pc01105" WORDCNT="0" IMAGES_RESOLUTION="140" INDEX_IN_DOC="73" SIZE="Medium" EMBEDDED_AFTER="Ar0110000" EMBEDDED_BELOW="1" EMBEDDED_INTO="Ar01100" NAME="" ENTITY_TYPE="Picture" ID="Pc01105">
					<Image EXT="jpg" H="434" W="697" ID="Pc0110500"/>
				</Entity>
				<Entity FIRST_TOC_ENTRY_ID="74" DEPTH_LEVEL="2" PAGE_NO="11" LOGICAL_NAME="true" HREF="/11/Pc01106" WORDCNT="0" IMAGES_RESOLUTION="140" INDEX_IN_DOC="74" SIZE="Medium" EMBEDDED_AFTER="Ar0110000" EMBEDDED_BELOW="1" EMBEDDED_INTO="Ar01100" NAME="" ENTITY_TYPE="Picture" ID="Pc01106">
					<Image EXT="jpg" H="419" W="697" ID="Pc0110600"/>
				</Entity>
				<Entity FIRST_TOC_ENTRY_ID="75" DEPTH_LEVEL="1" PAGE_NO="11" LOGICAL_NAME="true" HREF="/11/Ad01107" WORDCNT="171" IMAGES_RESOLUTION="140" INDEX_IN_DOC="75" SIZE="Large" NAME="" ENTITY_TYPE="Ad" ID="Ad01107">
					<Image H="1130" W="710" ID="Ad0110701"/>
				</Entity>
			</Page>
			<Page ID="Pg012" CROP_BOX="0 0 1706 2549" MEDIA_BOX="0 0 1706 2549" HREF="/12/Pg012" TOTAL_CHARS_COUNT="5119" SUSPICIOUS_CHARS_COUNT="0" PAGE_HEIGHT="2550" PAGE_WIDTH="1707" PAGE_TYPE="Single" PAGE_LABEL="12" PAGE_NO="12">
				<Entity FIRST_TOC_ENTRY_ID="81" DEPTH_LEVEL="1" PAGE_NO="12" HREF="/12/Ar01200" WORDCNT="668" IMAGES_RESOLUTION="140" INDEX_IN_DOC="81" SIZE="Large" NAME="Offense in bloom after spring practice" ENTITY_TYPE="Article" ID="Ar01200"/>
				<Entity FIRST_TOC_ENTRY_ID="78" DEPTH_LEVEL="2" PAGE_NO="12" LOGICAL_NAME="true" HREF="/12/Pc01201" WORDCNT="0" IMAGES_RESOLUTION="140" INDEX_IN_DOC="78" SIZE="Large" EMBEDDED_AFTER="Ar0120300" EMBEDDED_BELOW="1" EMBEDDED_INTO="Ar01203" NAME="" ENTITY_TYPE="Picture" ID="Pc01201">
					<Image EXT="jpg" H="692" W="841" ID="Pc0120100"/>
				</Entity>
				<Entity FIRST_TOC_ENTRY_ID="82" DEPTH_LEVEL="2" PAGE_NO="12" LOGICAL_NAME="true" HREF="/12/Pc01202" WORDCNT="0" IMAGES_RESOLUTION="140" INDEX_IN_DOC="82" SIZE="Medium" EMBEDDED_AFTER="Ar0120000" EMBEDDED_BELOW="1" EMBEDDED_INTO="Ar01200" NAME="" ENTITY_TYPE="Picture" ID="Pc01202">
					<Image EXT="jpg" H="603" W="841" ID="Pc0120200"/>
				</Entity>
				<Entity FIRST_TOC_ENTRY_ID="77" DEPTH_LEVEL="1" PAGE_NO="12" HREF="/12/Ar01203" WORDCNT="539" IMAGES_RESOLUTION="140" INDEX_IN_DOC="77" SIZE="Large" CONTINUATION_TO="Ar01001" NAME="Wide receivers top priority heading to fall camp" ENTITY_TYPE="Article" ID="Ar01203"/>
				<Entity FIRST_TOC_ENTRY_ID="83" DEPTH_LEVEL="2" PAGE_NO="12" LOGICAL_NAME="true" HREF="/12/Pc01204" WORDCNT="0" IMAGES_RESOLUTION="140" INDEX_IN_DOC="83" SIZE="Small" EMBEDDED_AFTER="Ar0120000" EMBEDDED_BELOW="1" EMBEDDED_INTO="Ar01200" NAME="" ENTITY_TYPE="Picture" ID="Pc01204">
					<Image EXT="jpg" H="94" W="273" ID="Pc0120400"/>
				</Entity>
				<Entity FIRST_TOC_ENTRY_ID="76" DEPTH_LEVEL="1" PAGE_NO="12" HREF="/12/Ar01205" WORDCNT="18" IMAGES_RESOLUTION="140" INDEX_IN_DOC="76" SIZE="Small" NAME="SPRING GAME" ENTITY_TYPE="Article" ID="Ar01205"/>
			</Page>
		</Section>
	</Body_np>
	<Logic_np><TOC_Entries><TOC_Entry TOC_ENTRY_ID="1" TITLE="AGING SCIENTISTS" ENTITY_ID_REF="Ar00104" PAGE_NO="1" PAGE_LABEL="1" PRIM_ID_REF="Ar0010400" IS_IC="true"/><TOC_Entry TOC_ENTRY_ID="2" TITLE="CRIME MAP" ENTITY_ID_REF="Ar00105" PAGE_NO="1" PAGE_LABEL="1" PRIM_ID_REF="Ar0010500" IS_IC="true"/><TOC_Entry TOC_ENTRY_ID="3" TITLE="ART SHOW" ENTITY_ID_REF="Ar00106" PAGE_NO="1" PAGE_LABEL="1" PRIM_ID_REF="Ar0010600" IS_IC="true"/><TOC_Entry TOC_ENTRY_ID="4" TITLE="Could graduating seniors get into OSU today?" ENTITY_ID_REF="Ar00100" PAGE_NO="1" PAGE_LABEL="1" PRIM_ID_REF="Ar0010000" IS_IC="true"><TOC_Entry TOC_ENTRY_ID="5" TITLE="" ENTITY_ID_REF="Pc00102" PAGE_NO="1" PAGE_LABEL="1" PRIM_ID_REF="Pc0010200" IS_IC="true"/></TOC_Entry><TOC_Entry TOC_ENTRY_ID="6" TITLE="ADMISSIONS" ENTITY_ID_REF="Ar00203" PAGE_NO="2" PAGE_LABEL="2" PRIM_ID_REF="Ar0020300"><TOC_Entry TOC_ENTRY_ID="7" TITLE="" ENTITY_ID_REF="Pc00202" PAGE_NO="2" PAGE_LABEL="2" PRIM_ID_REF="Pc0020200" IS_IC="true"/></TOC_Entry><TOC_Entry TOC_ENTRY_ID="8" TITLE="ADMISSIONS" ENTITY_ID_REF="Ar00503" PAGE_NO="5" PAGE_LABEL="5" PRIM_ID_REF="Ar0050300"><TOC_Entry TOC_ENTRY_ID="9" TITLE="" ENTITY_ID_REF="Pc00500" PAGE_NO="5" PAGE_LABEL="5" PRIM_ID_REF="Pc0050000" IS_IC="true"/><TOC_Entry TOC_ENTRY_ID="10" TITLE="" ENTITY_ID_REF="Pc00504" PAGE_NO="5" PAGE_LABEL="5" PRIM_ID_REF="Pc0050400" IS_IC="true"/></TOC_Entry><TOC_Entry TOC_ENTRY_ID="11" TITLE="J.D. Vance talks Ohio opioid epidemic" ENTITY_ID_REF="Ar00108" PAGE_NO="1" PAGE_LABEL="1" PRIM_ID_REF="Ar0010800" IS_IC="true"><TOC_Entry TOC_ENTRY_ID="12" TITLE="" ENTITY_ID_REF="Pc00103" PAGE_NO="1" PAGE_LABEL="1" PRIM_ID_REF="Pc0010300" IS_IC="true"/></TOC_Entry><TOC_Entry TOC_ENTRY_ID="13" TITLE="J.D. VANCE" ENTITY_ID_REF="Ar00404" PAGE_NO="4" PAGE_LABEL="4" PRIM_ID_REF="Ar0040400"/><TOC_Entry TOC_ENTRY_ID="14" TITLE="WIDE RECEIVERS" ENTITY_ID_REF="Ar00107" PAGE_NO="1" PAGE_LABEL="1" PRIM_ID_REF="Ar0010700" IS_IC="true"/><TOC_Entry TOC_ENTRY_ID="15" TITLE="Prayer spaces vary across the Big Ten" ENTITY_ID_REF="Ar00101" PAGE_NO="1" PAGE_LABEL="1" PRIM_ID_REF="Ar0010100" IS_IC="true"/><TOC_Entry TOC_ENTRY_ID="16" TITLE="PRAYER SPACES" ENTITY_ID_REF="Ar00300" PAGE_NO="3" PAGE_LABEL="3" PRIM_ID_REF="Ar0030000"><TOC_Entry TOC_ENTRY_ID="17" TITLE="" ENTITY_ID_REF="Pc00301" PAGE_NO="3" PAGE_LABEL="3" PRIM_ID_REF="Pc0030100" IS_IC="true"/></TOC_Entry><TOC_Entry TOC_ENTRY_ID="18" TITLE="PRAYER SPACES" ENTITY_ID_REF="Ar00401" PAGE_NO="4" PAGE_LABEL="4" PRIM_ID_REF="Ar0040100"><TOC_Entry TOC_ENTRY_ID="19" TITLE="" ENTITY_ID_REF="Pc00403" PAGE_NO="4" PAGE_LABEL="4" PRIM_ID_REF="Pc0040300" IS_IC="true"/><TOC_Entry TOC_ENTRY_ID="20" TITLE="" ENTITY_ID_REF="Pc00405" PAGE_NO="4" PAGE_LABEL="4" PRIM_ID_REF="Pc0040500" IS_IC="true"/><TOC_Entry TOC_ENTRY_ID="21" TITLE="" ENTITY_ID_REF="Pc00407" PAGE_NO="4" PAGE_LABEL="4" PRIM_ID_REF="Pc0040700" IS_IC="true"/></TOC_Entry><TOC_Entry TOC_ENTRY_ID="22" TITLE="" ENTITY_ID_REF="Ad00109" PAGE_NO="1" PAGE_LABEL="1" PRIM_ID_REF="Ad0010901" IS_IC="true"/><TOC_Entry TOC_ENTRY_ID="23" TITLE="LANTERN APP" ENTITY_ID_REF="Ar00204" PAGE_NO="2" PAGE_LABEL="2" PRIM_ID_REF="Ar0020400" IS_IC="true"/><TOC_Entry TOC_ENTRY_ID="24" TITLE="Economists worried about aging population of researchers STUDY" ENTITY_ID_REF="Ar00200" PAGE_NO="2" PAGE_LABEL="2" PRIM_ID_REF="Ar0020000" IS_IC="true"><TOC_Entry TOC_ENTRY_ID="25" TITLE="" ENTITY_ID_REF="Pc00201" PAGE_NO="2" PAGE_LABEL="2" PRIM_ID_REF="Pc0020100" IS_IC="true"/></TOC_Entry><TOC_Entry TOC_ENTRY_ID="26" TITLE="" ENTITY_ID_REF="Ar00307" PAGE_NO="3" PAGE_LABEL="3" PRIM_ID_REF="Ar0030700" IS_IC="true"/><TOC_Entry TOC_ENTRY_ID="27" TITLE="FOLLOW US" ENTITY_ID_REF="Ar00306" PAGE_NO="3" PAGE_LABEL="3" PRIM_ID_REF="Ar0030600" IS_IC="true"/><TOC_Entry TOC_ENTRY_ID="28" TITLE="" ENTITY_ID_REF="Ad00302" PAGE_NO="3" PAGE_LABEL="3" PRIM_ID_REF="Ad0030201" IS_IC="true"/><TOC_Entry TOC_ENTRY_ID="29" TITLE="" ENTITY_ID_REF="Ad00303" PAGE_NO="3" PAGE_LABEL="3" PRIM_ID_REF="Ad0030301" IS_IC="true"/><TOC_Entry TOC_ENTRY_ID="30" TITLE="Letters to the Editor" ENTITY_ID_REF="Ar00305" PAGE_NO="3" PAGE_LABEL="3" PRIM_ID_REF="Ar0030500" IS_IC="true"/><TOC_Entry TOC_ENTRY_ID="31" TITLE="Corrections" ENTITY_ID_REF="Ar00304" PAGE_NO="3" PAGE_LABEL="3" PRIM_ID_REF="Ar0030400" IS_IC="true"/><TOC_Entry TOC_ENTRY_ID="32" TITLE="Campus area crime map: April 10 - 16" ENTITY_ID_REF="Ar00400" PAGE_NO="4" PAGE_LABEL="4" PRIM_ID_REF="Ar0040000" IS_IC="true"><TOC_Entry TOC_ENTRY_ID="33" TITLE="" ENTITY_ID_REF="Pc00402" PAGE_NO="4" PAGE_LABEL="4" PRIM_ID_REF="Pc0040200" IS_IC="true"/></TOC_Entry><TOC_Entry TOC_ENTRY_ID="34" TITLE="" ENTITY_ID_REF="Ad00406" PAGE_NO="4" PAGE_LABEL="4" PRIM_ID_REF="Ad0040601" IS_IC="true"/><TOC_Entry TOC_ENTRY_ID="35" TITLE="Accommodation for religious holidays" ENTITY_ID_REF="Ar00408" PAGE_NO="4" PAGE_LABEL="4" PRIM_ID_REF="Ar0040800" IS_IC="true"/><TOC_Entry TOC_ENTRY_ID="36" TITLE="" ENTITY_ID_REF="Ad00502" PAGE_NO="5" PAGE_LABEL="5" PRIM_ID_REF="Ad0050201" IS_IC="true"/><TOC_Entry TOC_ENTRY_ID="37" TITLE="" ENTITY_ID_REF="Ad00501" PAGE_NO="5" PAGE_LABEL="5" PRIM_ID_REF="Ad0050101" IS_IC="true"/><TOC_Entry TOC_ENTRY_ID="38" TITLE="Department of Art BFA seniors showcase final projects" ENTITY_ID_REF="Ar00600" PAGE_NO="6" PAGE_LABEL="6" PRIM_ID_REF="Ar0060000" IS_IC="true"><TOC_Entry TOC_ENTRY_ID="39" TITLE="" ENTITY_ID_REF="Pc00601" PAGE_NO="6" PAGE_LABEL="6" PRIM_ID_REF="Pc0060100" IS_IC="true"/></TOC_Entry><TOC_Entry TOC_ENTRY_ID="40" TITLE="" ENTITY_ID_REF="Ad00603" PAGE_NO="6" PAGE_LABEL="6" PRIM_ID_REF="Ad0060301" IS_IC="true"/><TOC_Entry TOC_ENTRY_ID="41" TITLE="Student DJ makes gigs from top to bottom" ENTITY_ID_REF="Ar00605" PAGE_NO="6" PAGE_LABEL="6" PRIM_ID_REF="Ar0060500" IS_IC="true"><TOC_Entry TOC_ENTRY_ID="42" TITLE="" ENTITY_ID_REF="Pc00602" PAGE_NO="6" PAGE_LABEL="6" PRIM_ID_REF="Pc0060200" IS_IC="true"/></TOC_Entry><TOC_Entry TOC_ENTRY_ID="43" TITLE="CROWDER" ENTITY_ID_REF="Ar00705" PAGE_NO="7" PAGE_LABEL="7" PRIM_ID_REF="Ar0070500"/><TOC_Entry TOC_ENTRY_ID="44" TITLE="" ENTITY_ID_REF="Ad00604" PAGE_NO="6" PAGE_LABEL="6" PRIM_ID_REF="Ad0060401" IS_IC="true"/><TOC_Entry TOC_ENTRY_ID="45" TITLE="Student baking club bakes for a cause" ENTITY_ID_REF="Ar00700" PAGE_NO="7" PAGE_LABEL="7" PRIM_ID_REF="Ar0070000" IS_IC="true"><TOC_Entry TOC_ENTRY_ID="46" TITLE="" ENTITY_ID_REF="Pc00701" PAGE_NO="7" PAGE_LABEL="7" PRIM_ID_REF="Pc0070100" IS_IC="true"/><TOC_Entry TOC_ENTRY_ID="47" TITLE="" ENTITY_ID_REF="Pc00704" PAGE_NO="7" PAGE_LABEL="7" PRIM_ID_REF="Pc0070400" IS_IC="true"/></TOC_Entry><TOC_Entry TOC_ENTRY_ID="48" TITLE="" ENTITY_ID_REF="Ad00703" PAGE_NO="7" PAGE_LABEL="7" PRIM_ID_REF="Ad0070301" IS_IC="true"/><TOC_Entry TOC_ENTRY_ID="49" TITLE="" ENTITY_ID_REF="Ad00702" PAGE_NO="7" PAGE_LABEL="7" PRIM_ID_REF="Ad0070201" IS_IC="true"/><TOC_Entry TOC_ENTRY_ID="50" TITLE="" ENTITY_ID_REF="Ad00706" PAGE_NO="7" PAGE_LABEL="7" PRIM_ID_REF="Ad0070601" IS_IC="true"/><TOC_Entry TOC_ENTRY_ID="51" TITLE="Memoir tells story of closeted OSU administrator" ENTITY_ID_REF="Ar00800" PAGE_NO="8" PAGE_LABEL="8" PRIM_ID_REF="Ar0080000" IS_IC="true"><TOC_Entry TOC_ENTRY_ID="52" TITLE="" ENTITY_ID_REF="Pc00802" PAGE_NO="8" PAGE_LABEL="8" PRIM_ID_REF="Pc0080200" IS_IC="true"/></TOC_Entry><TOC_Entry TOC_ENTRY_ID="53" TITLE="MEMOIR" ENTITY_ID_REF="Ar00903" PAGE_NO="9" PAGE_LABEL="9" PRIM_ID_REF="Ar0090300"><TOC_Entry TOC_ENTRY_ID="54" TITLE="" ENTITY_ID_REF="Pc00905" PAGE_NO="9" PAGE_LABEL="9" PRIM_ID_REF="Pc0090500" IS_IC="true"/></TOC_Entry><TOC_Entry TOC_ENTRY_ID="55" TITLE="Mi Tierra Baila showcases traditional Hispanic dance" ENTITY_ID_REF="Ar00801" PAGE_NO="8" PAGE_LABEL="8" PRIM_ID_REF="Ar0080100" IS_IC="true"><TOC_Entry TOC_ENTRY_ID="56" TITLE="" ENTITY_ID_REF="Pc00803" PAGE_NO="8" PAGE_LABEL="8" PRIM_ID_REF="Pc0080300" IS_IC="true"/></TOC_Entry><TOC_Entry TOC_ENTRY_ID="57" TITLE="" ENTITY_ID_REF="Ad00804" PAGE_NO="8" PAGE_LABEL="8" PRIM_ID_REF="Ad0080401" IS_IC="true"/><TOC_Entry TOC_ENTRY_ID="58" TITLE="" ENTITY_ID_REF="Ad00904" PAGE_NO="9" PAGE_LABEL="9" PRIM_ID_REF="Ad0090401" IS_IC="true"/><TOC_Entry TOC_ENTRY_ID="59" TITLE="" ENTITY_ID_REF="Ad00902" PAGE_NO="9" PAGE_LABEL="9" PRIM_ID_REF="Ad0090201" IS_IC="true"/><TOC_Entry TOC_ENTRY_ID="60" TITLE="" ENTITY_ID_REF="Ad00900" PAGE_NO="9" PAGE_LABEL="9" PRIM_ID_REF="Ad0090001" IS_IC="true"/><TOC_Entry TOC_ENTRY_ID="61" TITLE="" ENTITY_ID_REF="Ad00901" PAGE_NO="9" PAGE_LABEL="9" PRIM_ID_REF="Ad0090101" IS_IC="true"/><TOC_Entry TOC_ENTRY_ID="62" TITLE="WOMEN�S LACROSSE Assistant coach Jill Byers joins professional staff" ENTITY_ID_REF="Ar01000" PAGE_NO="10" PAGE_LABEL="10" PRIM_ID_REF="Ar0100000" IS_IC="true"><TOC_Entry TOC_ENTRY_ID="63" TITLE="" ENTITY_ID_REF="Pc01002" PAGE_NO="10" PAGE_LABEL="10" PRIM_ID_REF="Pc0100200" IS_IC="true"/></TOC_Entry><TOC_Entry TOC_ENTRY_ID="64" TITLE="" ENTITY_ID_REF="Ad01005" PAGE_NO="10" PAGE_LABEL="10" PRIM_ID_REF="Ad0100501" IS_IC="true"/><TOC_Entry TOC_ENTRY_ID="65" TITLE="Honorary coaches" ENTITY_ID_REF="Ar01007" PAGE_NO="10" PAGE_LABEL="10" PRIM_ID_REF="Ar0100700" IS_IC="true"><TOC_Entry TOC_ENTRY_ID="66" TITLE="" ENTITY_ID_REF="Pc01003" PAGE_NO="10" PAGE_LABEL="10" PRIM_ID_REF="Pc0100300" IS_IC="true"/><TOC_Entry TOC_ENTRY_ID="67" TITLE="" ENTITY_ID_REF="Pc01004" PAGE_NO="10" PAGE_LABEL="10" PRIM_ID_REF="Pc0100400" IS_IC="true"/></TOC_Entry><TOC_Entry TOC_ENTRY_ID="68" TITLE="Former Buckeyes return to their roots" ENTITY_ID_REF="Ar01100" PAGE_NO="11" PAGE_LABEL="11" PRIM_ID_REF="Ar0110000" IS_IC="true"><TOC_Entry TOC_ENTRY_ID="69" TITLE="" ENTITY_ID_REF="Pc01101" PAGE_NO="11" PAGE_LABEL="11" PRIM_ID_REF="Pc0110100" IS_IC="true"/><TOC_Entry TOC_ENTRY_ID="70" TITLE="" ENTITY_ID_REF="Pc01102" PAGE_NO="11" PAGE_LABEL="11" PRIM_ID_REF="Pc0110200" IS_IC="true"/><TOC_Entry TOC_ENTRY_ID="71" TITLE="" ENTITY_ID_REF="Pc01103" PAGE_NO="11" PAGE_LABEL="11" PRIM_ID_REF="Pc0110300" IS_IC="true"/><TOC_Entry TOC_ENTRY_ID="72" TITLE="" ENTITY_ID_REF="Pc01104" PAGE_NO="11" PAGE_LABEL="11" PRIM_ID_REF="Pc0110400" IS_IC="true"/><TOC_Entry TOC_ENTRY_ID="73" TITLE="" ENTITY_ID_REF="Pc01105" PAGE_NO="11" PAGE_LABEL="11" PRIM_ID_REF="Pc0110500" IS_IC="true"/><TOC_Entry TOC_ENTRY_ID="74" TITLE="" ENTITY_ID_REF="Pc01106" PAGE_NO="11" PAGE_LABEL="11" PRIM_ID_REF="Pc0110600" IS_IC="true"/></TOC_Entry><TOC_Entry TOC_ENTRY_ID="75" TITLE="" ENTITY_ID_REF="Ad01107" PAGE_NO="11" PAGE_LABEL="11" PRIM_ID_REF="Ad0110701" IS_IC="true"/><TOC_Entry TOC_ENTRY_ID="76" TITLE="SPRING GAME" ENTITY_ID_REF="Ar01205" PAGE_NO="12" PAGE_LABEL="12" PRIM_ID_REF="Ar0120500" IS_IC="true"/><TOC_Entry TOC_ENTRY_ID="77" TITLE="Wide receivers top priority heading to fall camp" ENTITY_ID_REF="Ar01203" PAGE_NO="12" PAGE_LABEL="12" PRIM_ID_REF="Ar0120300" IS_IC="true"><TOC_Entry TOC_ENTRY_ID="78" TITLE="" ENTITY_ID_REF="Pc01201" PAGE_NO="12" PAGE_LABEL="12" PRIM_ID_REF="Pc0120100" IS_IC="true"/></TOC_Entry><TOC_Entry TOC_ENTRY_ID="79" TITLE="OFFENSE" ENTITY_ID_REF="Ar01001" PAGE_NO="10" PAGE_LABEL="10" PRIM_ID_REF="Ar0100100"><TOC_Entry TOC_ENTRY_ID="80" TITLE="" ENTITY_ID_REF="Pc01006" PAGE_NO="10" PAGE_LABEL="10" PRIM_ID_REF="Pc0100600" IS_IC="true"/></TOC_Entry><TOC_Entry TOC_ENTRY_ID="81" TITLE="Offense in bloom after spring practice" ENTITY_ID_REF="Ar01200" PAGE_NO="12" PAGE_LABEL="12" PRIM_ID_REF="Ar0120000" IS_IC="true"><TOC_Entry TOC_ENTRY_ID="82" TITLE="" ENTITY_ID_REF="Pc01202" PAGE_NO="12" PAGE_LABEL="12" PRIM_ID_REF="Pc0120200" IS_IC="true"/><TOC_Entry TOC_ENTRY_ID="83" TITLE="" ENTITY_ID_REF="Pc01204" PAGE_NO="12" PAGE_LABEL="12" PRIM_ID_REF="Pc0120400" IS_IC="true"/></TOC_Entry></TOC_Entries></Logic_np></Xmd_toc>
