<?xml version="1.0" encoding="windows-1252" standalone="no"?>
<Xmd_toc REPOSITORY_FORMAT="1.0" PRXML_VER="2.5" PUBLICATION="OHI" PUBLICATION_DESCRIPTION="" ISSUE_DATE="25/10/2016" RELEASE_NO="060-OHI-2016-10-25-0001" LANGUAGE="English">
	<Head_np>
		<Meta SOURCE_RESOLUTION="72" PDF_DESTINATION_MAPPED="OLV0_Page_0001" TITLE_SNP_EXT="png" AD_SNP_EXT="png" IMAGE_SNP_EXT="jpg" IS_SOLID="false" DOC_DATE="25/10/2016" DOC_UID="OHI_25/10/2016" DOC_VER="1" TOTAL_CHARS_COUNT="43796" SUSPICIOUS_CHARS_COUNT="0" IS_CROSS_ORDERED="false" MULTI_LAYER_PAGE_IMG="true" DEFAULT_PREVIEW_IMG_EXT="png" DEFAULT_IMG_EXT="png" DEFAULT_PRIM_IMG_EXT="jpg" PAGE_PREVIEW_RESOLUTION="15" PAGE_THUMBNAIL_RESOLUTION="150" IMAGES_RESOLUTION="140" PAGES_NUMBER="12" SOURCE_TYPE="TIFF" BASE_HREF="OHI/2016/10/25">
			<Publisher XMD_VER="2.8.201.103" ACROBAT_VER="11.012" PUBLISHER="Olive" PROFILE_ID="OHI-2016-10-25.ini">
				<PublishDate>Sat, 31 Aug 2019 04:16:55 UTC</PublishDate>
				<PublishSWFCompatible>false</PublishSWFCompatible>
			</Publisher>
			<Resolutions>
				<Resolution DEFAULT="true">150</Resolution>
			</Resolutions>
			<LayerResolutions>
				<Resolution GRAPHIC_IMG_EXT="jpg">110</Resolution>
				<Resolution GRAPHIC_IMG_EXT="jpg">140</Resolution>
			</LayerResolutions>
		</Meta>
		<Link SOURCE="060-OHI-2016-10-25-0001.pdf"/>
		<DataFiles>
			<Files TYPE="DOC_PDF" PRESENT="1"/>
			<Files TYPE="PAGE_PDF" PRESENT="0"/>
			<Files TYPE="DOC_IMG" PRESENT="0"/>
			<Files TYPE="PAGE_IMG" PRESENT="0"/>
			<Files TYPE="PAGE_VIEW_IMG" PRESENT="1"/>
			<Files TYPE="PAGE_LAYERS_IMG" PRESENT="1"/>
			<Files TYPE="PAGE_PREVIEW_IMG" PRESENT="1"/>
			<Files TYPE="PRIMITIVE_IMG" PRESENT="1"/>
			<Files TYPE="SNIPPET_IMG" PRESENT="1"/>
			<Files TYPE="SEGMENTATION" PRESENT="0"/>
			<Files TYPE="PAGINATION_TEMPLATE_BACKGROUND" PRESENT="0"/>
			<Files TYPE="EXTERNAL_FONTS" PRESENT="0"/>
			<Files TYPE="PROFILE" PRESENT="1"/>
			<Files TYPE="FOOTNOTES" PRESENT="0"/>
		</DataFiles>
	</Head_np>
	<Body_np>
		<Section NAME="Front Page">
			<Page ID="Pg001" CROP_BOX="0 0 1706 2549" MEDIA_BOX="0 0 1706 2549" HREF="/1/Pg001" TOTAL_CHARS_COUNT="1434" SUSPICIOUS_CHARS_COUNT="0" PAGE_HEIGHT="2550" PAGE_WIDTH="1707" PAGE_TYPE="Single" PAGE_LABEL="1" PAGE_NO="1">
				<Entity FIRST_TOC_ENTRY_ID="4" DEPTH_LEVEL="1" PAGE_NO="1" HREF="/1/Ar00100" WORDCNT="28" IMAGES_RESOLUTION="140" INDEX_IN_DOC="4" SIZE="Small" NAME="Around Around the the World World" ENTITY_TYPE="Article" ID="Ar00100"/>
				<Entity FIRST_TOC_ENTRY_ID="8" DEPTH_LEVEL="1" PAGE_NO="1" HREF="/1/Ar00101" WORDCNT="216" IMAGES_RESOLUTION="140" INDEX_IN_DOC="8" SIZE="Medium" CONTINUATION_TO="Ar00301" NAME="Is caffeine that bad?" ENTITY_TYPE="Article" ID="Ar00101"/>
				<Entity FIRST_TOC_ENTRY_ID="14" DEPTH_LEVEL="1" PAGE_NO="1" HREF="/1/Ar00102" WORDCNT="29" IMAGES_RESOLUTION="140" INDEX_IN_DOC="14" SIZE="Small" NAME="STAFF PICKS" ENTITY_TYPE="Article" ID="Ar00102"/>
				<Entity FIRST_TOC_ENTRY_ID="9" DEPTH_LEVEL="2" PAGE_NO="1" LOGICAL_NAME="true" HREF="/1/Pc00103" WORDCNT="0" IMAGES_RESOLUTION="140" INDEX_IN_DOC="9" SIZE="Medium" EMBEDDED_AFTER="Ar0010100" EMBEDDED_BELOW="1" EMBEDDED_INTO="Ar00101" NAME="" ENTITY_TYPE="Picture" ID="Pc00103">
					<Image EXT="jpg" H="465" W="697" ID="Pc0010300"/>
				</Entity>
				<Entity FIRST_TOC_ENTRY_ID="1" DEPTH_LEVEL="1" PAGE_NO="1" HREF="/1/Ar00104" WORDCNT="29" IMAGES_RESOLUTION="140" INDEX_IN_DOC="1" SIZE="Small" NAME="Buckeye Buckeye Donuts Donuts" ENTITY_TYPE="Article" ID="Ar00104"/>
				<Entity FIRST_TOC_ENTRY_ID="6" DEPTH_LEVEL="1" PAGE_NO="1" HREF="/1/Ar00105" WORDCNT="24" IMAGES_RESOLUTION="140" INDEX_IN_DOC="6" SIZE="Small" NAME="Mobile Mobile Eats Eats" ENTITY_TYPE="Article" ID="Ar00105"/>
				<Entity FIRST_TOC_ENTRY_ID="12" DEPTH_LEVEL="1" PAGE_NO="1" HREF="/1/Ar00106" WORDCNT="22" IMAGES_RESOLUTION="140" INDEX_IN_DOC="12" SIZE="Small" NAME="Best Best of of" ENTITY_TYPE="Article" ID="Ar00106"/>
				<Entity FIRST_TOC_ENTRY_ID="15" DEPTH_LEVEL="2" PAGE_NO="1" LOGICAL_NAME="true" HREF="/1/Pc00107" WORDCNT="0" IMAGES_RESOLUTION="140" INDEX_IN_DOC="15" SIZE="Small" EMBEDDED_AFTER="Ar0010200" EMBEDDED_BELOW="1" EMBEDDED_INTO="Ar00102" NAME="" ENTITY_TYPE="Picture" ID="Pc00107">
					<Image EXT="jpg" H="367" W="336" ID="Pc0010700"/>
				</Entity>
				<Entity FIRST_TOC_ENTRY_ID="7" DEPTH_LEVEL="2" PAGE_NO="1" LOGICAL_NAME="true" HREF="/1/Pc00108" WORDCNT="0" IMAGES_RESOLUTION="140" INDEX_IN_DOC="7" SIZE="Medium" EMBEDDED_AFTER="Ar0010500" EMBEDDED_INTERSECT="1" EMBEDDED_INTO="Ar00105" NAME="" ENTITY_TYPE="Picture" ID="Pc00108">
					<Image EXT="jpg" H="1279" W="341" ID="Pc0010800"/>
				</Entity>
				<Entity FIRST_TOC_ENTRY_ID="13" DEPTH_LEVEL="2" PAGE_NO="1" LOGICAL_NAME="true" HREF="/1/Pc00109" WORDCNT="0" IMAGES_RESOLUTION="140" INDEX_IN_DOC="13" SIZE="Medium" EMBEDDED_AFTER="Ar0010600" EMBEDDED_INTERSECT="1" EMBEDDED_INTO="Ar00106" NAME="" ENTITY_TYPE="Picture" ID="Pc00109">
					<Image EXT="jpg" H="1260" W="340" ID="Pc0010900"/>
				</Entity>
				<Entity FIRST_TOC_ENTRY_ID="2" DEPTH_LEVEL="2" PAGE_NO="1" LOGICAL_NAME="true" HREF="/1/Pc00110" WORDCNT="0" IMAGES_RESOLUTION="140" INDEX_IN_DOC="2" SIZE="Medium" EMBEDDED_AFTER="Ar0010400" EMBEDDED_INTERSECT="1" EMBEDDED_INTO="Ar00104" NAME="" ENTITY_TYPE="Picture" ID="Pc00110">
					<Image EXT="jpg" H="1261" W="346" ID="Pc0011000"/>
				</Entity>
				<Entity FIRST_TOC_ENTRY_ID="5" DEPTH_LEVEL="2" PAGE_NO="1" LOGICAL_NAME="true" HREF="/1/Pc00111" WORDCNT="0" IMAGES_RESOLUTION="140" INDEX_IN_DOC="5" SIZE="Medium" EMBEDDED_AFTER="Ar0010000" EMBEDDED_INTERSECT="1" EMBEDDED_INTO="Ar00100" NAME="" ENTITY_TYPE="Picture" ID="Pc00111">
					<Image EXT="jpg" H="1266" W="352" ID="Pc0011100"/>
				</Entity>
				<Entity FIRST_TOC_ENTRY_ID="3" DEPTH_LEVEL="1" PAGE_NO="1" LOGICAL_NAME="true" HREF="/1/Ar00112" WORDCNT="2" IMAGES_RESOLUTION="140" INDEX_IN_DOC="3" SIZE="Small" NAME="BUCKEYE BITES" ENTITY_TYPE="Article" ID="Ar00112"/>
			</Page>
			<Page ID="Pg002" CROP_BOX="0 0 1706 2549" MEDIA_BOX="0 0 1706 2549" HREF="/2/Pg002" TOTAL_CHARS_COUNT="3289" SUSPICIOUS_CHARS_COUNT="0" PAGE_HEIGHT="2550" PAGE_WIDTH="1707" PAGE_TYPE="Single" PAGE_LABEL="2" PAGE_NO="2">
				<Entity FIRST_TOC_ENTRY_ID="16" DEPTH_LEVEL="1" PAGE_NO="2" HREF="/2/Ar00200" WORDCNT="570" IMAGES_RESOLUTION="140" INDEX_IN_DOC="16" SIZE="Large" CONTINUATION_TO="Ar00303" NAME="Things change, Buckeye Donuts remains the same" ENTITY_TYPE="Article" ID="Ar00200"/>
				<Entity FIRST_TOC_ENTRY_ID="17" DEPTH_LEVEL="2" PAGE_NO="2" LOGICAL_NAME="true" HREF="/2/Pc00201" WORDCNT="0" IMAGES_RESOLUTION="140" INDEX_IN_DOC="17" SIZE="Small" EMBEDDED_AFTER="Ar0020000" EMBEDDED_BELOW="1" EMBEDDED_INTO="Ar00200" NAME="" ENTITY_TYPE="Picture" ID="Pc00201">
					<Image EXT="jpg" H="336" W="265" ID="Pc0020100"/>
				</Entity>
				<Entity FIRST_TOC_ENTRY_ID="21" DEPTH_LEVEL="1" PAGE_NO="2" HREF="/2/Ar00202" WORDCNT="209" IMAGES_RESOLUTION="140" INDEX_IN_DOC="21" SIZE="Large" NAME="STAFF PICK: BEST DESSERT" ENTITY_TYPE="Article" ID="Ar00202"/>
				<Entity FIRST_TOC_ENTRY_ID="20" DEPTH_LEVEL="1" PAGE_NO="2" LOGICAL_NAME="true" HREF="/2/Ad00203" WORDCNT="0" IMAGES_RESOLUTION="140" INDEX_IN_DOC="20" SIZE="Large" NAME="" ENTITY_TYPE="Ad" ID="Ad00203">
					<Image H="1100" W="712" ID="Ad0020301"/>
				</Entity>
				<Entity FIRST_TOC_ENTRY_ID="22" DEPTH_LEVEL="1" PAGE_NO="2" LOGICAL_NAME="true" HREF="/2/Ad00204" WORDCNT="102" IMAGES_RESOLUTION="140" INDEX_IN_DOC="22" SIZE="Large" NAME="" ENTITY_TYPE="Ad" ID="Ad00204">
					<Image H="1100" W="714" ID="Ad0020401"/>
				</Entity>
			</Page>
			<Page ID="Pg003" CROP_BOX="0 0 1706 2549" MEDIA_BOX="0 0 1706 2549" HREF="/3/Pg003" TOTAL_CHARS_COUNT="6065" SUSPICIOUS_CHARS_COUNT="0" PAGE_HEIGHT="2550" PAGE_WIDTH="1707" PAGE_TYPE="Single" PAGE_LABEL="3" PAGE_NO="3">
				<Entity FIRST_TOC_ENTRY_ID="24" DEPTH_LEVEL="1" PAGE_NO="3" HREF="/3/Ar00300" WORDCNT="601" IMAGES_RESOLUTION="140" INDEX_IN_DOC="24" SIZE="Large" NAME="The happiest hours around Columbus" ENTITY_TYPE="Article" ID="Ar00300"/>
				<Entity FIRST_TOC_ENTRY_ID="10" DEPTH_LEVEL="1" PAGE_NO="3" HREF="/3/Ar00301" WORDCNT="449" IMAGES_RESOLUTION="140" INDEX_IN_DOC="10" SIZE="Medium" CONTINUATION_FROM="Ar00101" NAME="CAFFEINE" ENTITY_TYPE="Article" ID="Ar00301"/>
				<Entity FIRST_TOC_ENTRY_ID="23" DEPTH_LEVEL="1" PAGE_NO="3" HREF="/3/Ar00302" WORDCNT="284" IMAGES_RESOLUTION="140" INDEX_IN_DOC="23" SIZE="Medium" NAME="STAFF PICK: BEST COFFEE" ENTITY_TYPE="Article" ID="Ar00302"/>
				<Entity FIRST_TOC_ENTRY_ID="18" DEPTH_LEVEL="1" PAGE_NO="3" HREF="/3/Ar00303" WORDCNT="228" IMAGES_RESOLUTION="140" INDEX_IN_DOC="18" SIZE="Small" CONTINUATION_FROM="Ar00200" NAME="DONUTS" ENTITY_TYPE="Article" ID="Ar00303"/>
				<Entity FIRST_TOC_ENTRY_ID="19" DEPTH_LEVEL="2" PAGE_NO="3" LOGICAL_NAME="true" HREF="/3/Pc00304" WORDCNT="0" IMAGES_RESOLUTION="140" INDEX_IN_DOC="19" SIZE="Small" EMBEDDED_AFTER="Ar0030300" EMBEDDED_BELOW="1" EMBEDDED_RIGHT="1" EMBEDDED_INTO="Ar00303" NAME="" ENTITY_TYPE="Picture" ID="Pc00304">
					<Image EXT="jpg" H="225" W="193" ID="Pc0030400"/>
				</Entity>
				<Entity FIRST_TOC_ENTRY_ID="11" DEPTH_LEVEL="2" PAGE_NO="3" LOGICAL_NAME="true" HREF="/3/Pc00305" WORDCNT="0" IMAGES_RESOLUTION="140" INDEX_IN_DOC="11" SIZE="Small" EMBEDDED_AFTER="Ar0030100" EMBEDDED_BELOW="1" EMBEDDED_RIGHT="1" EMBEDDED_INTO="Ar00301" NAME="" ENTITY_TYPE="Picture" ID="Pc00305">
					<Image EXT="jpg" H="47" W="266" ID="Pc0030500"/>
				</Entity>
				<Entity FIRST_TOC_ENTRY_ID="25" DEPTH_LEVEL="1" PAGE_NO="3" LOGICAL_NAME="true" HREF="/3/Ad00306" WORDCNT="3" IMAGES_RESOLUTION="140" INDEX_IN_DOC="25" SIZE="Medium" NAME="" ENTITY_TYPE="Ad" ID="Ad00306">
					<Image H="333" W="1423" ID="Ad0030601"/>
				</Entity>
			</Page>
			<Page ID="Pg004" CROP_BOX="0 0 1706 2549" MEDIA_BOX="0 0 1706 2549" HREF="/4/Pg004" TOTAL_CHARS_COUNT="5931" SUSPICIOUS_CHARS_COUNT="0" PAGE_HEIGHT="2550" PAGE_WIDTH="1707" PAGE_TYPE="Single" PAGE_LABEL="4" PAGE_NO="4">
				<Entity FIRST_TOC_ENTRY_ID="26" DEPTH_LEVEL="1" PAGE_NO="4" HREF="/4/Ar00400" WORDCNT="525" IMAGES_RESOLUTION="140" INDEX_IN_DOC="26" SIZE="Large" NAME="Authentic Chinese is hard to find, but worth a try" ENTITY_TYPE="Article" ID="Ar00400"/>
				<Entity FIRST_TOC_ENTRY_ID="27" DEPTH_LEVEL="2" PAGE_NO="4" LOGICAL_NAME="true" HREF="/4/Pc00401" WORDCNT="0" IMAGES_RESOLUTION="140" INDEX_IN_DOC="27" SIZE="Small" EMBEDDED_AFTER="Ar0040000" EMBEDDED_BELOW="1" EMBEDDED_INTO="Ar00400" NAME="" ENTITY_TYPE="Picture" ID="Pc00401">
					<Image EXT="jpg" H="371" W="553" ID="Pc0040100"/>
				</Entity>
				<Entity FIRST_TOC_ENTRY_ID="30" DEPTH_LEVEL="2" PAGE_NO="4" LOGICAL_NAME="true" HREF="/4/Pc00402" WORDCNT="0" IMAGES_RESOLUTION="140" INDEX_IN_DOC="30" SIZE="Small" EMBEDDED_AFTER="Ar0040500" EMBEDDED_BELOW="1" EMBEDDED_INTO="Ar00405" NAME="" ENTITY_TYPE="Picture" ID="Pc00402">
					<Image EXT="jpg" H="360" W="553" ID="Pc0040200"/>
				</Entity>
				<Entity FIRST_TOC_ENTRY_ID="33" DEPTH_LEVEL="1" PAGE_NO="4" HREF="/4/Ar00403" WORDCNT="252" IMAGES_RESOLUTION="140" INDEX_IN_DOC="33" SIZE="Large" NAME="STAFF PICK: BEST ASIAN" ENTITY_TYPE="Article" ID="Ar00403"/>
				<Entity FIRST_TOC_ENTRY_ID="28" DEPTH_LEVEL="2" PAGE_NO="4" LOGICAL_NAME="true" HREF="/4/Pc00404" WORDCNT="0" IMAGES_RESOLUTION="140" INDEX_IN_DOC="28" SIZE="Small" EMBEDDED_AFTER="Ar0040000" EMBEDDED_LEFT="1" EMBEDDED_INTO="Ar00400" NAME="" ENTITY_TYPE="Picture" ID="Pc00404">
					<Image EXT="jpg" H="147" W="155" ID="Pc0040400"/>
				</Entity>
				<Entity FIRST_TOC_ENTRY_ID="29" DEPTH_LEVEL="1" PAGE_NO="4" HREF="/4/Ar00405" WORDCNT="641" IMAGES_RESOLUTION="140" INDEX_IN_DOC="29" SIZE="Large" NAME="Italian tradition lives on in cooking" ENTITY_TYPE="Article" ID="Ar00405"/>
				<Entity FIRST_TOC_ENTRY_ID="31" DEPTH_LEVEL="2" PAGE_NO="4" LOGICAL_NAME="true" HREF="/4/Pc00406" WORDCNT="0" IMAGES_RESOLUTION="140" INDEX_IN_DOC="31" SIZE="Small" EMBEDDED_AFTER="Ar0040500" EMBEDDED_LEFT="1" EMBEDDED_INTO="Ar00405" NAME="" ENTITY_TYPE="Picture" ID="Pc00406">
					<Image EXT="jpg" H="175" W="153" ID="Pc0040600"/>
				</Entity>
				<Entity FIRST_TOC_ENTRY_ID="32" DEPTH_LEVEL="2" PAGE_NO="4" LOGICAL_NAME="true" HREF="/4/Pc00407" WORDCNT="0" IMAGES_RESOLUTION="140" INDEX_IN_DOC="32" SIZE="Small" EMBEDDED_AFTER="Ar0040500" EMBEDDED_BELOW="1" EMBEDDED_RIGHT="1" EMBEDDED_INTO="Ar00405" NAME="" ENTITY_TYPE="Picture" ID="Pc00407">
					<Image EXT="jpg" H="56" W="269" ID="Pc0040700"/>
				</Entity>
				<Entity FIRST_TOC_ENTRY_ID="34" DEPTH_LEVEL="1" PAGE_NO="4" LOGICAL_NAME="true" HREF="/4/Ad00408" WORDCNT="4" IMAGES_RESOLUTION="140" INDEX_IN_DOC="34" SIZE="Medium" NAME="" ENTITY_TYPE="Ad" ID="Ad00408">
					<Image H="1125" W="265" ID="Ad0040801"/>
				</Entity>
			</Page>
			<Page ID="Pg005" CROP_BOX="0 0 1706 2549" MEDIA_BOX="0 0 1706 2549" HREF="/5/Pg005" TOTAL_CHARS_COUNT="0" SUSPICIOUS_CHARS_COUNT="0" PAGE_HEIGHT="2550" PAGE_WIDTH="1707" PAGE_TYPE="Single" PAGE_LABEL="5" PAGE_NO="5">
				<Entity FIRST_TOC_ENTRY_ID="35" DEPTH_LEVEL="1" PAGE_NO="5" LOGICAL_NAME="true" HREF="/5/Ad00500" WORDCNT="102" IMAGES_RESOLUTION="140" INDEX_IN_DOC="35" SIZE="XLarge" NAME="" ENTITY_TYPE="Ad" ID="Ad00500">
					<Image H="2191" W="1292" ID="Ad0050001"/>
				</Entity>
			</Page>
			<Page ID="Pg006" CROP_BOX="0 0 1706 2549" MEDIA_BOX="0 0 1706 2549" HREF="/6/Pg006" TOTAL_CHARS_COUNT="3245" SUSPICIOUS_CHARS_COUNT="0" PAGE_HEIGHT="2550" PAGE_WIDTH="1707" PAGE_TYPE="Single" PAGE_LABEL="6" PAGE_NO="6">
				<Entity FIRST_TOC_ENTRY_ID="36" DEPTH_LEVEL="1" PAGE_NO="6" HREF="/6/Ar00600" WORDCNT="534" IMAGES_RESOLUTION="140" INDEX_IN_DOC="36" SIZE="Large" NAME="Guide to Greek grub" ENTITY_TYPE="Article" ID="Ar00600"/>
				<Entity FIRST_TOC_ENTRY_ID="37" DEPTH_LEVEL="2" PAGE_NO="6" LOGICAL_NAME="true" HREF="/6/Pc00601" WORDCNT="0" IMAGES_RESOLUTION="140" INDEX_IN_DOC="37" SIZE="Medium" EMBEDDED_AFTER="Ar0060000" EMBEDDED_BELOW="1" EMBEDDED_INTO="Ar00600" NAME="" ENTITY_TYPE="Picture" ID="Pc00601">
					<Image EXT="jpg" H="427" W="697" ID="Pc0060100"/>
				</Entity>
				<Entity FIRST_TOC_ENTRY_ID="38" DEPTH_LEVEL="2" PAGE_NO="6" LOGICAL_NAME="true" HREF="/6/Pc00602" WORDCNT="0" IMAGES_RESOLUTION="140" INDEX_IN_DOC="38" SIZE="Small" EMBEDDED_AFTER="Ar0060000" EMBEDDED_LEFT="1" EMBEDDED_INTO="Ar00600" NAME="" ENTITY_TYPE="Picture" ID="Pc00602">
					<Image EXT="jpg" H="139" W="169" ID="Pc0060200"/>
				</Entity>
				<Entity FIRST_TOC_ENTRY_ID="39" DEPTH_LEVEL="2" PAGE_NO="6" LOGICAL_NAME="true" HREF="/6/Ar00603" WORDCNT="11" IMAGES_RESOLUTION="140" INDEX_IN_DOC="39" SIZE="Small" EMBEDDED_AFTER="Ar0060000" EMBEDDED_INTO="Ar00600" NAME="JOIN OUR MAILING LIST www.thelantern.com..." ENTITY_TYPE="Article" ID="Ar00603"/>
				<Entity FIRST_TOC_ENTRY_ID="40" DEPTH_LEVEL="1" PAGE_NO="6" LOGICAL_NAME="true" HREF="/6/Ad00604" WORDCNT="74" IMAGES_RESOLUTION="140" INDEX_IN_DOC="40" SIZE="Large" NAME="" ENTITY_TYPE="Ad" ID="Ad00604">
					<Image H="1102" W="705" ID="Ad0060401"/>
				</Entity>
				<Entity FIRST_TOC_ENTRY_ID="41" DEPTH_LEVEL="1" PAGE_NO="6" HREF="/6/Ar00605" WORDCNT="224" IMAGES_RESOLUTION="140" INDEX_IN_DOC="41" SIZE="Large" NAME="STAFF PICK: BEST PIZZA" ENTITY_TYPE="Article" ID="Ar00605"/>
				<Entity FIRST_TOC_ENTRY_ID="42" DEPTH_LEVEL="1" PAGE_NO="6" LOGICAL_NAME="true" HREF="/6/Ad00606" WORDCNT="47" IMAGES_RESOLUTION="140" INDEX_IN_DOC="42" SIZE="Medium" NAME="" ENTITY_TYPE="Ad" ID="Ad00606">
					<Image H="544" W="712" ID="Ad0060601"/>
				</Entity>
			</Page>
			<Page ID="Pg007" CROP_BOX="0 0 1706 2549" MEDIA_BOX="0 0 1706 2549" HREF="/7/Pg007" TOTAL_CHARS_COUNT="0" SUSPICIOUS_CHARS_COUNT="0" PAGE_HEIGHT="2550" PAGE_WIDTH="1707" PAGE_TYPE="Single" PAGE_LABEL="7" PAGE_NO="7">
				<Entity FIRST_TOC_ENTRY_ID="43" DEPTH_LEVEL="1" PAGE_NO="7" LOGICAL_NAME="true" HREF="/7/Ad00700" WORDCNT="21" IMAGES_RESOLUTION="140" INDEX_IN_DOC="43" SIZE="XLarge" NAME="" ENTITY_TYPE="Ad" ID="Ad00700">
					<Image H="2156" W="1426" ID="Ad0070001"/>
				</Entity>
			</Page>
			<Page ID="Pg008" CROP_BOX="0 0 1706 2549" MEDIA_BOX="0 0 1706 2549" HREF="/8/Pg008" TOTAL_CHARS_COUNT="1958" SUSPICIOUS_CHARS_COUNT="0" PAGE_HEIGHT="2550" PAGE_WIDTH="1707" PAGE_TYPE="Single" PAGE_LABEL="8" PAGE_NO="8">
				<Entity FIRST_TOC_ENTRY_ID="44" DEPTH_LEVEL="1" PAGE_NO="8" HREF="/8/Ar00800" WORDCNT="103" IMAGES_RESOLUTION="140" INDEX_IN_DOC="44" SIZE="Small" NAME="Microwave-ready French toast makes simple, filling breakfast" ENTITY_TYPE="Article" ID="Ar00800"/>
				<Entity FIRST_TOC_ENTRY_ID="45" DEPTH_LEVEL="2" PAGE_NO="8" LOGICAL_NAME="true" HREF="/8/Pc00801" WORDCNT="0" IMAGES_RESOLUTION="140" INDEX_IN_DOC="45" SIZE="Small" EMBEDDED_AFTER="Ar0080000" EMBEDDED_BELOW="1" EMBEDDED_INTO="Ar00800" NAME="" ENTITY_TYPE="Picture" ID="Pc00801">
					<Image EXT="jpg" H="299" W="265" ID="Pc0080100"/>
				</Entity>
				<Entity FIRST_TOC_ENTRY_ID="47" DEPTH_LEVEL="1" PAGE_NO="8" HREF="/8/Ar00802" WORDCNT="147" IMAGES_RESOLUTION="140" INDEX_IN_DOC="47" SIZE="Medium" NAME="Microwave-ready French toast" ENTITY_TYPE="Article" ID="Ar00802"/>
				<Entity FIRST_TOC_ENTRY_ID="48" DEPTH_LEVEL="1" PAGE_NO="8" HREF="/8/Ar00803" WORDCNT="251" IMAGES_RESOLUTION="140" INDEX_IN_DOC="48" SIZE="Large" NAME="STAFF PICK: BEST MEXICAN" ENTITY_TYPE="Article" ID="Ar00803"/>
				<Entity FIRST_TOC_ENTRY_ID="49" DEPTH_LEVEL="1" PAGE_NO="8" LOGICAL_NAME="true" HREF="/8/Ad00804" WORDCNT="0" IMAGES_RESOLUTION="140" INDEX_IN_DOC="49" SIZE="XLarge" NAME="" ENTITY_TYPE="Ad" ID="Ad00804">
					<Image H="1104" W="1417" ID="Ad0080401"/>
				</Entity>
				<Entity FIRST_TOC_ENTRY_ID="46" DEPTH_LEVEL="2" PAGE_NO="8" LOGICAL_NAME="true" HREF="/8/Pc00805" WORDCNT="0" IMAGES_RESOLUTION="140" INDEX_IN_DOC="46" SIZE="Small" EMBEDDED_AFTER="Ar0080000" EMBEDDED_BELOW="1" EMBEDDED_INTO="Ar00800" NAME="" ENTITY_TYPE="Picture" ID="Pc00805">
					<Image EXT="jpg" H="97" W="275" ID="Pc0080500"/>
				</Entity>
			</Page>
			<Page ID="Pg009" CROP_BOX="0 0 1706 2549" MEDIA_BOX="0 0 1706 2549" HREF="/9/Pg009" TOTAL_CHARS_COUNT="5499" SUSPICIOUS_CHARS_COUNT="0" PAGE_HEIGHT="2550" PAGE_WIDTH="1707" PAGE_TYPE="Single" PAGE_LABEL="9" PAGE_NO="9">
				<Entity FIRST_TOC_ENTRY_ID="50" DEPTH_LEVEL="1" PAGE_NO="9" HREF="/9/Ar00900" WORDCNT="508" IMAGES_RESOLUTION="140" INDEX_IN_DOC="50" SIZE="Large" NAME="Food trucks offer grub on the go" ENTITY_TYPE="Article" ID="Ar00900"/>
				<Entity FIRST_TOC_ENTRY_ID="52" DEPTH_LEVEL="1" PAGE_NO="9" HREF="/9/Ar00901" WORDCNT="325" IMAGES_RESOLUTION="140" INDEX_IN_DOC="52" SIZE="Medium" NAME="Best delivery in Columbus" ENTITY_TYPE="Article" ID="Ar00901"/>
				<Entity FIRST_TOC_ENTRY_ID="55" DEPTH_LEVEL="1" PAGE_NO="9" LOGICAL_NAME="true" HREF="/9/Ar00902" WORDCNT="235" IMAGES_RESOLUTION="140" INDEX_IN_DOC="55" SIZE="Small" NAME="" ENTITY_TYPE="Article" ID="Ar00902"/>
				<Entity FIRST_TOC_ENTRY_ID="53" DEPTH_LEVEL="2" PAGE_NO="9" LOGICAL_NAME="true" HREF="/9/Pc00903" WORDCNT="0" IMAGES_RESOLUTION="140" INDEX_IN_DOC="53" SIZE="Medium" EMBEDDED_AFTER="Ar0090100" EMBEDDED_BELOW="1" EMBEDDED_INTO="Ar00901" NAME="" ENTITY_TYPE="Picture" ID="Pc00903">
					<Image EXT="jpg" H="477" W="697" ID="Pc0090300"/>
				</Entity>
				<Entity FIRST_TOC_ENTRY_ID="51" DEPTH_LEVEL="2" PAGE_NO="9" LOGICAL_NAME="true" HREF="/9/Pc00904" WORDCNT="0" IMAGES_RESOLUTION="140" INDEX_IN_DOC="51" SIZE="Medium" EMBEDDED_AFTER="Ar0090000" EMBEDDED_BELOW="1" EMBEDDED_INTO="Ar00900" NAME="" ENTITY_TYPE="Picture" ID="Pc00904">
					<Image EXT="jpg" H="720" W="697" ID="Pc0090400"/>
				</Entity>
				<Entity FIRST_TOC_ENTRY_ID="54" DEPTH_LEVEL="2" PAGE_NO="9" LOGICAL_NAME="true" HREF="/9/Pc00905" WORDCNT="0" IMAGES_RESOLUTION="140" INDEX_IN_DOC="54" SIZE="Small" EMBEDDED_AFTER="Ar0090100" EMBEDDED_BELOW="1" EMBEDDED_INTO="Ar00901" NAME="" ENTITY_TYPE="Picture" ID="Pc00905">
					<Image EXT="jpg" H="47" W="341" ID="Pc0090500"/>
				</Entity>
				<Entity FIRST_TOC_ENTRY_ID="57" DEPTH_LEVEL="1" PAGE_NO="9" LOGICAL_NAME="true" HREF="/9/Ad00906" WORDCNT="185" IMAGES_RESOLUTION="140" INDEX_IN_DOC="57" SIZE="Medium" NAME="" ENTITY_TYPE="Ad" ID="Ad00906">
					<Image H="873" W="346" ID="Ad0090601"/>
				</Entity>
				<Entity FIRST_TOC_ENTRY_ID="58" DEPTH_LEVEL="1" PAGE_NO="9" HREF="/9/Ar00907" WORDCNT="88" IMAGES_RESOLUTION="140" INDEX_IN_DOC="58" SIZE="Small" NAME="Letters to the Editor" ENTITY_TYPE="Article" ID="Ar00907"/>
				<Entity FIRST_TOC_ENTRY_ID="59" DEPTH_LEVEL="1" PAGE_NO="9" HREF="/9/Ar00908" WORDCNT="30" IMAGES_RESOLUTION="140" INDEX_IN_DOC="59" SIZE="Small" NAME="Corrections" ENTITY_TYPE="Article" ID="Ar00908"/>
				<Entity FIRST_TOC_ENTRY_ID="56" DEPTH_LEVEL="1" PAGE_NO="9" HREF="/9/Ar00909" WORDCNT="16" IMAGES_RESOLUTION="140" INDEX_IN_DOC="56" SIZE="Small" NAME="FOLLOW US" ENTITY_TYPE="Article" ID="Ar00909"/>
			</Page>
			<Page ID="Pg010" CROP_BOX="0 0 1706 2549" MEDIA_BOX="0 0 1706 2549" HREF="/10/Pg010" TOTAL_CHARS_COUNT="6374" SUSPICIOUS_CHARS_COUNT="0" PAGE_HEIGHT="2550" PAGE_WIDTH="1707" PAGE_TYPE="Single" PAGE_LABEL="10" PAGE_NO="10">
				<Entity FIRST_TOC_ENTRY_ID="60" DEPTH_LEVEL="1" PAGE_NO="10" HREF="/10/Ar01000" WORDCNT="597" IMAGES_RESOLUTION="140" INDEX_IN_DOC="60" SIZE="Large" NAME="Alumnus brings a new taste to Columbus with Hai Pok� food truck" ENTITY_TYPE="Article" ID="Ar01000"/>
				<Entity FIRST_TOC_ENTRY_ID="74" DEPTH_LEVEL="1" PAGE_NO="10" HREF="/10/Ar01001" WORDCNT="204" IMAGES_RESOLUTION="140" INDEX_IN_DOC="74" SIZE="Small" CONTINUATION_FROM="Ar01200" NAME="BRUNCH" ENTITY_TYPE="Article" ID="Ar01001"/>
				<Entity FIRST_TOC_ENTRY_ID="66" DEPTH_LEVEL="1" PAGE_NO="10" HREF="/10/Ar01002" WORDCNT="494" IMAGES_RESOLUTION="140" INDEX_IN_DOC="66" SIZE="Medium" CONTINUATION_FROM="Ar01100" NAME="VEGAN" ENTITY_TYPE="Article" ID="Ar01002"/>
				<Entity FIRST_TOC_ENTRY_ID="61" DEPTH_LEVEL="2" PAGE_NO="10" LOGICAL_NAME="true" HREF="/10/Pc01003" WORDCNT="0" IMAGES_RESOLUTION="140" INDEX_IN_DOC="61" SIZE="Medium" EMBEDDED_AFTER="Ar0100000" EMBEDDED_BELOW="1" EMBEDDED_INTO="Ar01000" NAME="" ENTITY_TYPE="Picture" ID="Pc01003">
					<Image EXT="jpg" H="512" W="841" ID="Pc0100300"/>
				</Entity>
				<Entity FIRST_TOC_ENTRY_ID="63" DEPTH_LEVEL="1" PAGE_NO="10" HREF="/10/Ar01004" WORDCNT="222" IMAGES_RESOLUTION="140" INDEX_IN_DOC="63" SIZE="Large" NAME="STAFF PICK: BEST HEALTHY FOOD" ENTITY_TYPE="Article" ID="Ar01004"/>
				<Entity FIRST_TOC_ENTRY_ID="62" DEPTH_LEVEL="2" PAGE_NO="10" LOGICAL_NAME="true" HREF="/10/Ar01005" WORDCNT="9" IMAGES_RESOLUTION="140" INDEX_IN_DOC="62" SIZE="Small" EMBEDDED_AFTER="Ar0100000" EMBEDDED_INTO="Ar01000" NAME="MORE ON OUR WEBSITE www.thelantern.com" ENTITY_TYPE="Article" ID="Ar01005"/>
				<Entity FIRST_TOC_ENTRY_ID="75" DEPTH_LEVEL="2" PAGE_NO="10" LOGICAL_NAME="true" HREF="/10/Pc01006" WORDCNT="0" IMAGES_RESOLUTION="140" INDEX_IN_DOC="75" SIZE="Small" EMBEDDED_AFTER="Ar0100100" EMBEDDED_BELOW="1" EMBEDDED_RIGHT="1" EMBEDDED_INTO="Ar01001" NAME="" ENTITY_TYPE="Picture" ID="Pc01006">
					<Image EXT="jpg" H="41" W="268" ID="Pc0100600"/>
				</Entity>
				<Entity FIRST_TOC_ENTRY_ID="67" DEPTH_LEVEL="2" PAGE_NO="10" LOGICAL_NAME="true" HREF="/10/Pc01007" WORDCNT="0" IMAGES_RESOLUTION="140" INDEX_IN_DOC="67" SIZE="Small" EMBEDDED_AFTER="Ar0100200" EMBEDDED_BELOW="1" EMBEDDED_RIGHT="1" EMBEDDED_INTO="Ar01002" NAME="" ENTITY_TYPE="Picture" ID="Pc01007">
					<Image EXT="jpg" H="71" W="284" ID="Pc0100700"/>
				</Entity>
				<Entity FIRST_TOC_ENTRY_ID="68" DEPTH_LEVEL="2" PAGE_NO="10" LOGICAL_NAME="true" HREF="/10/Pc01008" WORDCNT="0" IMAGES_RESOLUTION="140" INDEX_IN_DOC="68" SIZE="Small" EMBEDDED_AFTER="Ar0100200" EMBEDDED_BELOW="1" EMBEDDED_RIGHT="1" EMBEDDED_INTO="Ar01002" NAME="" ENTITY_TYPE="Picture" ID="Pc01008">
					<Image EXT="jpg" H="50" W="227" ID="Pc0100800"/>
				</Entity>
			</Page>
			<Page ID="Pg011" CROP_BOX="0 0 1706 2549" MEDIA_BOX="0 0 1706 2549" HREF="/11/Pg011" TOTAL_CHARS_COUNT="2807" SUSPICIOUS_CHARS_COUNT="0" PAGE_HEIGHT="2550" PAGE_WIDTH="1707" PAGE_TYPE="Single" PAGE_LABEL="11" PAGE_NO="11">
				<Entity FIRST_TOC_ENTRY_ID="64" DEPTH_LEVEL="1" PAGE_NO="11" HREF="/11/Ar01100" WORDCNT="410" IMAGES_RESOLUTION="140" INDEX_IN_DOC="64" SIZE="Large" CONTINUATION_TO="Ar01002" NAME="Columbus offers plenty of vegan eats" ENTITY_TYPE="Article" ID="Ar01100"/>
				<Entity FIRST_TOC_ENTRY_ID="65" DEPTH_LEVEL="2" PAGE_NO="11" LOGICAL_NAME="true" HREF="/11/Pc01101" WORDCNT="0" IMAGES_RESOLUTION="140" INDEX_IN_DOC="65" SIZE="Small" EMBEDDED_AFTER="Ar0110000" EMBEDDED_BELOW="1" EMBEDDED_INTO="Ar01100" NAME="" ENTITY_TYPE="Picture" ID="Pc01101">
					<Image EXT="jpg" H="411" W="554" ID="Pc0110100"/>
				</Entity>
				<Entity FIRST_TOC_ENTRY_ID="70" DEPTH_LEVEL="1" PAGE_NO="11" HREF="/11/Ar01102" WORDCNT="253" IMAGES_RESOLUTION="140" INDEX_IN_DOC="70" SIZE="Large" NAME="STAFF PICK: BEST DATE NIGHT" ENTITY_TYPE="Article" ID="Ar01102"/>
				<Entity FIRST_TOC_ENTRY_ID="69" DEPTH_LEVEL="1" PAGE_NO="11" LOGICAL_NAME="true" HREF="/11/Ad01103" WORDCNT="134" IMAGES_RESOLUTION="140" INDEX_IN_DOC="69" SIZE="Large" NAME="" ENTITY_TYPE="Ad" ID="Ad01103">
					<Image H="1100" W="713" ID="Ad0110301"/>
				</Entity>
				<Entity FIRST_TOC_ENTRY_ID="71" DEPTH_LEVEL="1" PAGE_NO="11" LOGICAL_NAME="true" HREF="/11/Ad01104" WORDCNT="136" IMAGES_RESOLUTION="140" INDEX_IN_DOC="71" SIZE="Large" NAME="" ENTITY_TYPE="Ad" ID="Ad01104">
					<Image H="1100" W="711" ID="Ad0110401"/>
				</Entity>
			</Page>
			<Page ID="Pg012" CROP_BOX="0 0 1706 2549" MEDIA_BOX="0 0 1706 2549" HREF="/12/Pg012" TOTAL_CHARS_COUNT="7194" SUSPICIOUS_CHARS_COUNT="0" PAGE_HEIGHT="2550" PAGE_WIDTH="1707" PAGE_TYPE="Single" PAGE_LABEL="12" PAGE_NO="12">
				<Entity FIRST_TOC_ENTRY_ID="72" DEPTH_LEVEL="1" PAGE_NO="12" HREF="/12/Ar01200" WORDCNT="833" IMAGES_RESOLUTION="140" INDEX_IN_DOC="72" SIZE="Large" CONTINUATION_TO="Ar01001" NAME="Best brunches around Ohio State" ENTITY_TYPE="Article" ID="Ar01200"/>
				<Entity FIRST_TOC_ENTRY_ID="79" DEPTH_LEVEL="1" PAGE_NO="12" HREF="/12/Ar01201" WORDCNT="412" IMAGES_RESOLUTION="140" INDEX_IN_DOC="79" SIZE="Large" NAME="BW3s scores with prices, atmosphere" ENTITY_TYPE="Article" ID="Ar01201"/>
				<Entity FIRST_TOC_ENTRY_ID="76" DEPTH_LEVEL="1" PAGE_NO="12" HREF="/12/Ar01202" WORDCNT="431" IMAGES_RESOLUTION="140" INDEX_IN_DOC="76" SIZE="Large" NAME="Wings Over soars with taste, menu, sauces" ENTITY_TYPE="Article" ID="Ar01202"/>
				<Entity FIRST_TOC_ENTRY_ID="73" DEPTH_LEVEL="2" PAGE_NO="12" LOGICAL_NAME="true" HREF="/12/Pc01203" WORDCNT="0" IMAGES_RESOLUTION="140" INDEX_IN_DOC="73" SIZE="Medium" EMBEDDED_AFTER="Ar0120000" EMBEDDED_BELOW="1" EMBEDDED_INTO="Ar01200" NAME="" ENTITY_TYPE="Picture" ID="Pc01203">
					<Image EXT="jpg" H="640" W="553" ID="Pc0120300"/>
				</Entity>
				<Entity FIRST_TOC_ENTRY_ID="77" DEPTH_LEVEL="2" PAGE_NO="12" LOGICAL_NAME="true" HREF="/12/Pc01204" WORDCNT="0" IMAGES_RESOLUTION="140" INDEX_IN_DOC="77" SIZE="Small" EMBEDDED_AFTER="Ar0120200" EMBEDDED_BELOW="1" EMBEDDED_INTO="Ar01202" NAME="" ENTITY_TYPE="Picture" ID="Pc01204">
					<Image EXT="jpg" H="38" W="318" ID="Pc0120400"/>
				</Entity>
				<Entity FIRST_TOC_ENTRY_ID="78" DEPTH_LEVEL="2" PAGE_NO="12" LOGICAL_NAME="true" HREF="/12/Pc01205" WORDCNT="0" IMAGES_RESOLUTION="140" INDEX_IN_DOC="78" SIZE="Small" EMBEDDED_AFTER="Ar0120200" EMBEDDED_BELOW="1" EMBEDDED_INTO="Ar01202" NAME="" ENTITY_TYPE="Picture" ID="Pc01205">
					<Image EXT="jpg" H="301" W="412" ID="Pc0120500"/>
				</Entity>
				<Entity FIRST_TOC_ENTRY_ID="80" DEPTH_LEVEL="2" PAGE_NO="12" LOGICAL_NAME="true" HREF="/12/Pc01206" WORDCNT="0" IMAGES_RESOLUTION="140" INDEX_IN_DOC="80" SIZE="Small" EMBEDDED_AFTER="Ar0120100" EMBEDDED_BELOW="1" EMBEDDED_INTO="Ar01201" NAME="" ENTITY_TYPE="Picture" ID="Pc01206">
					<Image EXT="jpg" H="72" W="309" ID="Pc0120600"/>
				</Entity>
				<Entity FIRST_TOC_ENTRY_ID="81" DEPTH_LEVEL="2" PAGE_NO="12" LOGICAL_NAME="true" HREF="/12/Pc01207" WORDCNT="0" IMAGES_RESOLUTION="140" INDEX_IN_DOC="81" SIZE="Small" EMBEDDED_AFTER="Ar0120100" EMBEDDED_BELOW="1" EMBEDDED_INTO="Ar01201" NAME="" ENTITY_TYPE="Picture" ID="Pc01207">
					<Image EXT="jpg" H="74" W="210" ID="Pc0120700"/>
				</Entity>
			</Page>
		</Section>
	</Body_np>
	<Logic_np><TOC_Entries><TOC_Entry TOC_ENTRY_ID="1" TITLE="Buckeye Buckeye Donuts Donuts" ENTITY_ID_REF="Ar00104" PAGE_NO="1" PAGE_LABEL="1" PRIM_ID_REF="Ar0010400" IS_IC="true"><TOC_Entry TOC_ENTRY_ID="2" TITLE="" ENTITY_ID_REF="Pc00110" PAGE_NO="1" PAGE_LABEL="1" PRIM_ID_REF="Pc0011000" IS_IC="true"/></TOC_Entry><TOC_Entry TOC_ENTRY_ID="3" TITLE="BUCKEYE BITES" ENTITY_ID_REF="Ar00112" PAGE_NO="1" PAGE_LABEL="1" PRIM_ID_REF="Ar0011200" IS_IC="true"/><TOC_Entry TOC_ENTRY_ID="4" TITLE="Around Around the the World World" ENTITY_ID_REF="Ar00100" PAGE_NO="1" PAGE_LABEL="1" PRIM_ID_REF="Ar0010000" IS_IC="true"><TOC_Entry TOC_ENTRY_ID="5" TITLE="" ENTITY_ID_REF="Pc00111" PAGE_NO="1" PAGE_LABEL="1" PRIM_ID_REF="Pc0011100" IS_IC="true"/></TOC_Entry><TOC_Entry TOC_ENTRY_ID="6" TITLE="Mobile Mobile Eats Eats" ENTITY_ID_REF="Ar00105" PAGE_NO="1" PAGE_LABEL="1" PRIM_ID_REF="Ar0010500" IS_IC="true"><TOC_Entry TOC_ENTRY_ID="7" TITLE="" ENTITY_ID_REF="Pc00108" PAGE_NO="1" PAGE_LABEL="1" PRIM_ID_REF="Pc0010800" IS_IC="true"/></TOC_Entry><TOC_Entry TOC_ENTRY_ID="8" TITLE="Is caffeine that bad?" ENTITY_ID_REF="Ar00101" PAGE_NO="1" PAGE_LABEL="1" PRIM_ID_REF="Ar0010100" IS_IC="true"><TOC_Entry TOC_ENTRY_ID="9" TITLE="" ENTITY_ID_REF="Pc00103" PAGE_NO="1" PAGE_LABEL="1" PRIM_ID_REF="Pc0010300" IS_IC="true"/></TOC_Entry><TOC_Entry TOC_ENTRY_ID="10" TITLE="CAFFEINE" ENTITY_ID_REF="Ar00301" PAGE_NO="3" PAGE_LABEL="3" PRIM_ID_REF="Ar0030100"><TOC_Entry TOC_ENTRY_ID="11" TITLE="" ENTITY_ID_REF="Pc00305" PAGE_NO="3" PAGE_LABEL="3" PRIM_ID_REF="Pc0030500" IS_IC="true"/></TOC_Entry><TOC_Entry TOC_ENTRY_ID="12" TITLE="Best Best of of" ENTITY_ID_REF="Ar00106" PAGE_NO="1" PAGE_LABEL="1" PRIM_ID_REF="Ar0010600" IS_IC="true"><TOC_Entry TOC_ENTRY_ID="13" TITLE="" ENTITY_ID_REF="Pc00109" PAGE_NO="1" PAGE_LABEL="1" PRIM_ID_REF="Pc0010900" IS_IC="true"/></TOC_Entry><TOC_Entry TOC_ENTRY_ID="14" TITLE="STAFF PICKS" ENTITY_ID_REF="Ar00102" PAGE_NO="1" PAGE_LABEL="1" PRIM_ID_REF="Ar0010200" IS_IC="true"><TOC_Entry TOC_ENTRY_ID="15" TITLE="" ENTITY_ID_REF="Pc00107" PAGE_NO="1" PAGE_LABEL="1" PRIM_ID_REF="Pc0010700" IS_IC="true"/></TOC_Entry><TOC_Entry TOC_ENTRY_ID="16" TITLE="Things change, Buckeye Donuts remains the same" ENTITY_ID_REF="Ar00200" PAGE_NO="2" PAGE_LABEL="2" PRIM_ID_REF="Ar0020000" IS_IC="true"><TOC_Entry TOC_ENTRY_ID="17" TITLE="" ENTITY_ID_REF="Pc00201" PAGE_NO="2" PAGE_LABEL="2" PRIM_ID_REF="Pc0020100" IS_IC="true"/></TOC_Entry><TOC_Entry TOC_ENTRY_ID="18" TITLE="DONUTS" ENTITY_ID_REF="Ar00303" PAGE_NO="3" PAGE_LABEL="3" PRIM_ID_REF="Ar0030300"><TOC_Entry TOC_ENTRY_ID="19" TITLE="" ENTITY_ID_REF="Pc00304" PAGE_NO="3" PAGE_LABEL="3" PRIM_ID_REF="Pc0030400" IS_IC="true"/></TOC_Entry><TOC_Entry TOC_ENTRY_ID="20" TITLE="" ENTITY_ID_REF="Ad00203" PAGE_NO="2" PAGE_LABEL="2" PRIM_ID_REF="Ad0020301" IS_IC="true"/><TOC_Entry TOC_ENTRY_ID="21" TITLE="STAFF PICK: BEST DESSERT" ENTITY_ID_REF="Ar00202" PAGE_NO="2" PAGE_LABEL="2" PRIM_ID_REF="Ar0020200" IS_IC="true"/><TOC_Entry TOC_ENTRY_ID="22" TITLE="" ENTITY_ID_REF="Ad00204" PAGE_NO="2" PAGE_LABEL="2" PRIM_ID_REF="Ad0020401" IS_IC="true"/><TOC_Entry TOC_ENTRY_ID="23" TITLE="STAFF PICK: BEST COFFEE" ENTITY_ID_REF="Ar00302" PAGE_NO="3" PAGE_LABEL="3" PRIM_ID_REF="Ar0030200" IS_IC="true"/><TOC_Entry TOC_ENTRY_ID="24" TITLE="The happiest hours around Columbus" ENTITY_ID_REF="Ar00300" PAGE_NO="3" PAGE_LABEL="3" PRIM_ID_REF="Ar0030000" IS_IC="true"/><TOC_Entry TOC_ENTRY_ID="25" TITLE="" ENTITY_ID_REF="Ad00306" PAGE_NO="3" PAGE_LABEL="3" PRIM_ID_REF="Ad0030601" IS_IC="true"/><TOC_Entry TOC_ENTRY_ID="26" TITLE="Authentic Chinese is hard to find, but worth a try" ENTITY_ID_REF="Ar00400" PAGE_NO="4" PAGE_LABEL="4" PRIM_ID_REF="Ar0040000" IS_IC="true"><TOC_Entry TOC_ENTRY_ID="27" TITLE="" ENTITY_ID_REF="Pc00401" PAGE_NO="4" PAGE_LABEL="4" PRIM_ID_REF="Pc0040100" IS_IC="true"/><TOC_Entry TOC_ENTRY_ID="28" TITLE="" ENTITY_ID_REF="Pc00404" PAGE_NO="4" PAGE_LABEL="4" PRIM_ID_REF="Pc0040400" IS_IC="true"/></TOC_Entry><TOC_Entry TOC_ENTRY_ID="29" TITLE="Italian tradition lives on in cooking" ENTITY_ID_REF="Ar00405" PAGE_NO="4" PAGE_LABEL="4" PRIM_ID_REF="Ar0040500" IS_IC="true"><TOC_Entry TOC_ENTRY_ID="30" TITLE="" ENTITY_ID_REF="Pc00402" PAGE_NO="4" PAGE_LABEL="4" PRIM_ID_REF="Pc0040200" IS_IC="true"/><TOC_Entry TOC_ENTRY_ID="31" TITLE="" ENTITY_ID_REF="Pc00406" PAGE_NO="4" PAGE_LABEL="4" PRIM_ID_REF="Pc0040600" IS_IC="true"/><TOC_Entry TOC_ENTRY_ID="32" TITLE="" ENTITY_ID_REF="Pc00407" PAGE_NO="4" PAGE_LABEL="4" PRIM_ID_REF="Pc0040700" IS_IC="true"/></TOC_Entry><TOC_Entry TOC_ENTRY_ID="33" TITLE="STAFF PICK: BEST ASIAN" ENTITY_ID_REF="Ar00403" PAGE_NO="4" PAGE_LABEL="4" PRIM_ID_REF="Ar0040300" IS_IC="true"/><TOC_Entry TOC_ENTRY_ID="34" TITLE="" ENTITY_ID_REF="Ad00408" PAGE_NO="4" PAGE_LABEL="4" PRIM_ID_REF="Ad0040801" IS_IC="true"/><TOC_Entry TOC_ENTRY_ID="35" TITLE="" ENTITY_ID_REF="Ad00500" PAGE_NO="5" PAGE_LABEL="5" PRIM_ID_REF="Ad0050001" IS_IC="true"/><TOC_Entry TOC_ENTRY_ID="36" TITLE="Guide to Greek grub" ENTITY_ID_REF="Ar00600" PAGE_NO="6" PAGE_LABEL="6" PRIM_ID_REF="Ar0060000" IS_IC="true"><TOC_Entry TOC_ENTRY_ID="37" TITLE="" ENTITY_ID_REF="Pc00601" PAGE_NO="6" PAGE_LABEL="6" PRIM_ID_REF="Pc0060100" IS_IC="true"/><TOC_Entry TOC_ENTRY_ID="38" TITLE="" ENTITY_ID_REF="Pc00602" PAGE_NO="6" PAGE_LABEL="6" PRIM_ID_REF="Pc0060200" IS_IC="true"/><TOC_Entry TOC_ENTRY_ID="39" TITLE="JOIN OUR MAILING LIST www.thelantern.com..." ENTITY_ID_REF="Ar00603" PAGE_NO="6" PAGE_LABEL="6" PRIM_ID_REF="Ar0060300" IS_IC="true"/></TOC_Entry><TOC_Entry TOC_ENTRY_ID="40" TITLE="" ENTITY_ID_REF="Ad00604" PAGE_NO="6" PAGE_LABEL="6" PRIM_ID_REF="Ad0060401" IS_IC="true"/><TOC_Entry TOC_ENTRY_ID="41" TITLE="STAFF PICK: BEST PIZZA" ENTITY_ID_REF="Ar00605" PAGE_NO="6" PAGE_LABEL="6" PRIM_ID_REF="Ar0060500" IS_IC="true"/><TOC_Entry TOC_ENTRY_ID="42" TITLE="" ENTITY_ID_REF="Ad00606" PAGE_NO="6" PAGE_LABEL="6" PRIM_ID_REF="Ad0060601" IS_IC="true"/><TOC_Entry TOC_ENTRY_ID="43" TITLE="" ENTITY_ID_REF="Ad00700" PAGE_NO="7" PAGE_LABEL="7" PRIM_ID_REF="Ad0070001" IS_IC="true"/><TOC_Entry TOC_ENTRY_ID="44" TITLE="Microwave-ready French toast makes simple, filling breakfast" ENTITY_ID_REF="Ar00800" PAGE_NO="8" PAGE_LABEL="8" PRIM_ID_REF="Ar0080000" IS_IC="true"><TOC_Entry TOC_ENTRY_ID="45" TITLE="" ENTITY_ID_REF="Pc00801" PAGE_NO="8" PAGE_LABEL="8" PRIM_ID_REF="Pc0080100" IS_IC="true"/><TOC_Entry TOC_ENTRY_ID="46" TITLE="" ENTITY_ID_REF="Pc00805" PAGE_NO="8" PAGE_LABEL="8" PRIM_ID_REF="Pc0080500" IS_IC="true"/></TOC_Entry><TOC_Entry TOC_ENTRY_ID="47" TITLE="Microwave-ready French toast" ENTITY_ID_REF="Ar00802" PAGE_NO="8" PAGE_LABEL="8" PRIM_ID_REF="Ar0080200" IS_IC="true"/><TOC_Entry TOC_ENTRY_ID="48" TITLE="STAFF PICK: BEST MEXICAN" ENTITY_ID_REF="Ar00803" PAGE_NO="8" PAGE_LABEL="8" PRIM_ID_REF="Ar0080300" IS_IC="true"/><TOC_Entry TOC_ENTRY_ID="49" TITLE="" ENTITY_ID_REF="Ad00804" PAGE_NO="8" PAGE_LABEL="8" PRIM_ID_REF="Ad0080401" IS_IC="true"/><TOC_Entry TOC_ENTRY_ID="50" TITLE="Food trucks offer grub on the go" ENTITY_ID_REF="Ar00900" PAGE_NO="9" PAGE_LABEL="9" PRIM_ID_REF="Ar0090000" IS_IC="true"><TOC_Entry TOC_ENTRY_ID="51" TITLE="" ENTITY_ID_REF="Pc00904" PAGE_NO="9" PAGE_LABEL="9" PRIM_ID_REF="Pc0090400" IS_IC="true"/></TOC_Entry><TOC_Entry TOC_ENTRY_ID="52" TITLE="Best delivery in Columbus" ENTITY_ID_REF="Ar00901" PAGE_NO="9" PAGE_LABEL="9" PRIM_ID_REF="Ar0090100" IS_IC="true"><TOC_Entry TOC_ENTRY_ID="53" TITLE="" ENTITY_ID_REF="Pc00903" PAGE_NO="9" PAGE_LABEL="9" PRIM_ID_REF="Pc0090300" IS_IC="true"/><TOC_Entry TOC_ENTRY_ID="54" TITLE="" ENTITY_ID_REF="Pc00905" PAGE_NO="9" PAGE_LABEL="9" PRIM_ID_REF="Pc0090500" IS_IC="true"/></TOC_Entry><TOC_Entry TOC_ENTRY_ID="55" TITLE="" ENTITY_ID_REF="Ar00902" PAGE_NO="9" PAGE_LABEL="9" PRIM_ID_REF="Ar0090200" IS_IC="true"/><TOC_Entry TOC_ENTRY_ID="56" TITLE="FOLLOW US" ENTITY_ID_REF="Ar00909" PAGE_NO="9" PAGE_LABEL="9" PRIM_ID_REF="Ar0090900" IS_IC="true"/><TOC_Entry TOC_ENTRY_ID="57" TITLE="" ENTITY_ID_REF="Ad00906" PAGE_NO="9" PAGE_LABEL="9" PRIM_ID_REF="Ad0090601" IS_IC="true"/><TOC_Entry TOC_ENTRY_ID="58" TITLE="Letters to the Editor" ENTITY_ID_REF="Ar00907" PAGE_NO="9" PAGE_LABEL="9" PRIM_ID_REF="Ar0090700" IS_IC="true"/><TOC_Entry TOC_ENTRY_ID="59" TITLE="Corrections" ENTITY_ID_REF="Ar00908" PAGE_NO="9" PAGE_LABEL="9" PRIM_ID_REF="Ar0090800" IS_IC="true"/><TOC_Entry TOC_ENTRY_ID="60" TITLE="Alumnus brings a new taste to Columbus with Hai Pok� food truck" ENTITY_ID_REF="Ar01000" PAGE_NO="10" PAGE_LABEL="10" PRIM_ID_REF="Ar0100000" IS_IC="true"><TOC_Entry TOC_ENTRY_ID="61" TITLE="" ENTITY_ID_REF="Pc01003" PAGE_NO="10" PAGE_LABEL="10" PRIM_ID_REF="Pc0100300" IS_IC="true"/><TOC_Entry TOC_ENTRY_ID="62" TITLE="MORE ON OUR WEBSITE www.thelantern.com" ENTITY_ID_REF="Ar01005" PAGE_NO="10" PAGE_LABEL="10" PRIM_ID_REF="Ar0100500" IS_IC="true"/></TOC_Entry><TOC_Entry TOC_ENTRY_ID="63" TITLE="STAFF PICK: BEST HEALTHY FOOD" ENTITY_ID_REF="Ar01004" PAGE_NO="10" PAGE_LABEL="10" PRIM_ID_REF="Ar0100400" IS_IC="true"/><TOC_Entry TOC_ENTRY_ID="64" TITLE="Columbus offers plenty of vegan eats" ENTITY_ID_REF="Ar01100" PAGE_NO="11" PAGE_LABEL="11" PRIM_ID_REF="Ar0110000" IS_IC="true"><TOC_Entry TOC_ENTRY_ID="65" TITLE="" ENTITY_ID_REF="Pc01101" PAGE_NO="11" PAGE_LABEL="11" PRIM_ID_REF="Pc0110100" IS_IC="true"/></TOC_Entry><TOC_Entry TOC_ENTRY_ID="66" TITLE="VEGAN" ENTITY_ID_REF="Ar01002" PAGE_NO="10" PAGE_LABEL="10" PRIM_ID_REF="Ar0100200"><TOC_Entry TOC_ENTRY_ID="67" TITLE="" ENTITY_ID_REF="Pc01007" PAGE_NO="10" PAGE_LABEL="10" PRIM_ID_REF="Pc0100700" IS_IC="true"/><TOC_Entry TOC_ENTRY_ID="68" TITLE="" ENTITY_ID_REF="Pc01008" PAGE_NO="10" PAGE_LABEL="10" PRIM_ID_REF="Pc0100800" IS_IC="true"/></TOC_Entry><TOC_Entry TOC_ENTRY_ID="69" TITLE="" ENTITY_ID_REF="Ad01103" PAGE_NO="11" PAGE_LABEL="11" PRIM_ID_REF="Ad0110301" IS_IC="true"/><TOC_Entry TOC_ENTRY_ID="70" TITLE="STAFF PICK: BEST DATE NIGHT" ENTITY_ID_REF="Ar01102" PAGE_NO="11" PAGE_LABEL="11" PRIM_ID_REF="Ar0110200" IS_IC="true"/><TOC_Entry TOC_ENTRY_ID="71" TITLE="" ENTITY_ID_REF="Ad01104" PAGE_NO="11" PAGE_LABEL="11" PRIM_ID_REF="Ad0110401" IS_IC="true"/><TOC_Entry TOC_ENTRY_ID="72" TITLE="Best brunches around Ohio State" ENTITY_ID_REF="Ar01200" PAGE_NO="12" PAGE_LABEL="12" PRIM_ID_REF="Ar0120000" IS_IC="true"><TOC_Entry TOC_ENTRY_ID="73" TITLE="" ENTITY_ID_REF="Pc01203" PAGE_NO="12" PAGE_LABEL="12" PRIM_ID_REF="Pc0120300" IS_IC="true"/></TOC_Entry><TOC_Entry TOC_ENTRY_ID="74" TITLE="BRUNCH" ENTITY_ID_REF="Ar01001" PAGE_NO="10" PAGE_LABEL="10" PRIM_ID_REF="Ar0100100"><TOC_Entry TOC_ENTRY_ID="75" TITLE="" ENTITY_ID_REF="Pc01006" PAGE_NO="10" PAGE_LABEL="10" PRIM_ID_REF="Pc0100600" IS_IC="true"/></TOC_Entry><TOC_Entry TOC_ENTRY_ID="76" TITLE="Wings Over soars with taste, menu, sauces" ENTITY_ID_REF="Ar01202" PAGE_NO="12" PAGE_LABEL="12" PRIM_ID_REF="Ar0120200" IS_IC="true"><TOC_Entry TOC_ENTRY_ID="77" TITLE="" ENTITY_ID_REF="Pc01204" PAGE_NO="12" PAGE_LABEL="12" PRIM_ID_REF="Pc0120400" IS_IC="true"/><TOC_Entry TOC_ENTRY_ID="78" TITLE="" ENTITY_ID_REF="Pc01205" PAGE_NO="12" PAGE_LABEL="12" PRIM_ID_REF="Pc0120500" IS_IC="true"/></TOC_Entry><TOC_Entry TOC_ENTRY_ID="79" TITLE="BW3s scores with prices, atmosphere" ENTITY_ID_REF="Ar01201" PAGE_NO="12" PAGE_LABEL="12" PRIM_ID_REF="Ar0120100" IS_IC="true"><TOC_Entry TOC_ENTRY_ID="80" TITLE="" ENTITY_ID_REF="Pc01206" PAGE_NO="12" PAGE_LABEL="12" PRIM_ID_REF="Pc0120600" IS_IC="true"/><TOC_Entry TOC_ENTRY_ID="81" TITLE="" ENTITY_ID_REF="Pc01207" PAGE_NO="12" PAGE_LABEL="12" PRIM_ID_REF="Pc0120700" IS_IC="true"/></TOC_Entry></TOC_Entries></Logic_np></Xmd_toc>
