<x:xmpmeta xmlns:x="adobe:ns:meta/" x:xmptk="Adobe XMP Core 5.4-c005 78.147326, 2012/08/23-13:03:03        ">
	<rdf:RDF xmlns:rdf="http://www.w3.org/1999/02/22-rdf-syntax-ns#">
		<rdf:Description rdf:about="" xmlns:xmp="http://ns.adobe.com/xap/1.0/" xmlns:dc="http://purl.org/dc/elements/1.1/" xmlns:xmpMM="http://ns.adobe.com/xap/1.0/mm/" xmlns:pdf="http://ns.adobe.com/pdf/1.3/" xmlns:pdfx="http://ns.adobe.com/pdfx/1.3/" xmlns:Olv="Olive" xmp:ModifyDate="2019-08-31T09:50:37+05:30" xmp:CreateDate="2016-11-28T22:05:38-05:00" xmp:MetadataDate="2019-08-31T09:50:37+05:30" xmp:CreatorTool="Adobe InDesign CC 2015 (Macintosh)" dc:format="application/pdf" xmpMM:DocumentID="uuid:e747f96a-690a-8a4c-9032-4e13142aa5ca" xmpMM:InstanceID="uuid:e0adaa82-ca82-4322-b70d-c23de1e56993" pdf:Producer="Adobe PDF Library 15.0" pdfx:OLV0_XMD_PAGE_COUNT="8" Olv:publication="OHI" Olv:issue_date="2016/11/29">
			<Olv:TimeTrack>
				<rdf:Seq>
					<rdf:li>
						<rdf:Description Olv:GUID="{3D67DCA4-E264-4764-AA83-EE6BA21C8FD4}" Olv:Status="Succeeded" Olv:File="060-OHI-2016-11-29-0001.pdf" Olv:Pages="8" Olv:Comp="SEG06" Olv:User="pipex" Olv:Start="2019-08-06T13:19:07+05:30" Olv:End="2019-08-06T13:19:18+05:30" Olv:TotalTime="00:00:11" Olv:IdleTime="00:00:00">
							<Olv:Operations>
								<rdf:Bag>
									<rdf:li>Auto Segmentation</rdf:li>
									<rdf:li>First session</rdf:li>
								</rdf:Bag>
							</Olv:Operations>
						</rdf:Description>
					</rdf:li>
					<rdf:li>
						<rdf:Description Olv:GUID="{F9F0C4C2-488F-48BA-BDB0-3E46C14F4C7B}" Olv:Status="None" Olv:File="060-OHI-2016-11-29-0001.pdf" Olv:Pages="8" Olv:Comp="MDOPS-C15" Olv:User="001660" Olv:Start="2019-08-19T11:16:27+05:30" Olv:End="2019-08-19T11:47:39+05:30" Olv:TotalTime="00:31:12" Olv:IdleTime="00:00:45">
							<Olv:Operations>
								<rdf:Bag>
									<rdf:li>Edit Segmentation</rdf:li>
								</rdf:Bag>
							</Olv:Operations>
						</rdf:Description>
					</rdf:li>
					<rdf:li>
						<rdf:Description Olv:GUID="{45D86BD0-646C-4C95-A9F3-684F3DDB5E57}" Olv:Status="None" Olv:File="060-OHI-2016-11-29-0001.pdf" Olv:Pages="8" Olv:Comp="MDOPS-C09" Olv:User="001128" Olv:Start="2019-08-28T14:40:58+05:30" Olv:End="2019-08-28T14:48:39+05:30" Olv:TotalTime="00:07:41" Olv:IdleTime="00:01:21">
							<Olv:Operations>
								<rdf:Bag>
									<rdf:li>Edit Segmentation</rdf:li>
								</rdf:Bag>
							</Olv:Operations>
						</rdf:Description>
					</rdf:li>
					<rdf:li>
						<rdf:Description Olv:GUID="{E86332F5-A83A-47EC-A032-FFF383D70FAC}" Olv:Status="Succeeded" Olv:File="060-OHI-2016-11-29-0001.pdf" Olv:Pages="8" Olv:Comp="SEG07" Olv:User="pipex" Olv:Start="2019-08-31T09:50:38+05:30" Olv:End="2019-08-31T09:51:31+05:30" Olv:TotalTime="00:00:53" Olv:IdleTime="00:00:53">
							<Olv:Operations>
								<rdf:Bag>
									<rdf:li>Output</rdf:li>
								</rdf:Bag>
							</Olv:Operations>
						</rdf:Description>
					</rdf:li>
				</rdf:Seq>
			</Olv:TimeTrack>
		</rdf:Description>
	</rdf:RDF>
</x:xmpmeta>
