<?xml version="1.0" encoding="windows-1252" standalone="no"?>
<Xmd_toc REPOSITORY_FORMAT="1.0" PRXML_VER="2.5" PUBLICATION="OHI" PUBLICATION_DESCRIPTION="" ISSUE_DATE="19/10/2017" RELEASE_NO="060-OHI-2017-10-19-0001" LANGUAGE="English">
	<Head_np>
		<Meta SOURCE_RESOLUTION="72" PDF_DESTINATION_MAPPED="OLV0_Page_0001" TITLE_SNP_EXT="png" AD_SNP_EXT="png" IMAGE_SNP_EXT="jpg" IS_SOLID="false" DOC_DATE="19/10/2017" DOC_UID="OHI_19/10/2017" DOC_VER="1" TOTAL_CHARS_COUNT="41850" SUSPICIOUS_CHARS_COUNT="0" IS_CROSS_ORDERED="false" MULTI_LAYER_PAGE_IMG="true" DEFAULT_PREVIEW_IMG_EXT="png" DEFAULT_IMG_EXT="png" DEFAULT_PRIM_IMG_EXT="jpg" PAGE_PREVIEW_RESOLUTION="15" PAGE_THUMBNAIL_RESOLUTION="150" IMAGES_RESOLUTION="140" PAGES_NUMBER="8" SOURCE_TYPE="TIFF" BASE_HREF="OHI/2017/10/19">
			<Publisher XMD_VER="2.8.201.103" ACROBAT_VER="11.012" PUBLISHER="Olive" PROFILE_ID="OHI-2017-10-19.ini">
				<PublishDate>Sat, 31 Aug 2019 05:04:05 UTC</PublishDate>
				<PublishSWFCompatible>false</PublishSWFCompatible>
			</Publisher>
			<Resolutions>
				<Resolution DEFAULT="true">150</Resolution>
			</Resolutions>
			<LayerResolutions>
				<Resolution GRAPHIC_IMG_EXT="jpg">110</Resolution>
				<Resolution GRAPHIC_IMG_EXT="jpg">140</Resolution>
			</LayerResolutions>
		</Meta>
		<Link SOURCE="060-OHI-2017-10-19-0001.pdf"/>
		<DataFiles>
			<Files TYPE="DOC_PDF" PRESENT="1"/>
			<Files TYPE="PAGE_PDF" PRESENT="0"/>
			<Files TYPE="DOC_IMG" PRESENT="0"/>
			<Files TYPE="PAGE_IMG" PRESENT="0"/>
			<Files TYPE="PAGE_VIEW_IMG" PRESENT="1"/>
			<Files TYPE="PAGE_LAYERS_IMG" PRESENT="1"/>
			<Files TYPE="PAGE_PREVIEW_IMG" PRESENT="1"/>
			<Files TYPE="PRIMITIVE_IMG" PRESENT="1"/>
			<Files TYPE="SNIPPET_IMG" PRESENT="1"/>
			<Files TYPE="SEGMENTATION" PRESENT="0"/>
			<Files TYPE="PAGINATION_TEMPLATE_BACKGROUND" PRESENT="0"/>
			<Files TYPE="EXTERNAL_FONTS" PRESENT="0"/>
			<Files TYPE="PROFILE" PRESENT="1"/>
			<Files TYPE="FOOTNOTES" PRESENT="0"/>
		</DataFiles>
	</Head_np>
	<Body_np>
		<Section NAME="Front Page">
			<Page ID="Pg001" CROP_BOX="0 0 1649 2549" MEDIA_BOX="0 0 1649 2549" HREF="/1/Pg001" TOTAL_CHARS_COUNT="4865" SUSPICIOUS_CHARS_COUNT="0" PAGE_HEIGHT="2550" PAGE_WIDTH="1650" PAGE_TYPE="Single" PAGE_LABEL="1" PAGE_NO="1">
				<Entity FIRST_TOC_ENTRY_ID="1" DEPTH_LEVEL="1" PAGE_NO="1" HREF="/1/Ar00100" WORDCNT="376" IMAGES_RESOLUTION="140" INDEX_IN_DOC="1" SIZE="Large" CONTINUATION_TO="Ar00301" NAME="Cardinal Health perception different nationally than at Ohio State" ENTITY_TYPE="Article" ID="Ar00100"/>
				<Entity FIRST_TOC_ENTRY_ID="10" DEPTH_LEVEL="1" PAGE_NO="1" HREF="/1/Ar00101" WORDCNT="349" IMAGES_RESOLUTION="140" INDEX_IN_DOC="10" SIZE="Medium" CONTINUATION_TO="Ar00300" NAME="No, really. Are you OK?" ENTITY_TYPE="Article" ID="Ar00101"/>
				<Entity FIRST_TOC_ENTRY_ID="15" DEPTH_LEVEL="1" PAGE_NO="1" HREF="/1/Ar00102" WORDCNT="264" IMAGES_RESOLUTION="140" INDEX_IN_DOC="15" SIZE="Medium" CONTINUATION_TO="Ar00200" NAME="Pay It Forward unites students with service" ENTITY_TYPE="Article" ID="Ar00102"/>
				<Entity FIRST_TOC_ENTRY_ID="7" DEPTH_LEVEL="1" PAGE_NO="1" HREF="/1/Ar00103" WORDCNT="16" IMAGES_RESOLUTION="140" INDEX_IN_DOC="7" SIZE="Small" NAME="HIGHBALL" ENTITY_TYPE="Article" ID="Ar00103"/>
				<Entity FIRST_TOC_ENTRY_ID="16" DEPTH_LEVEL="2" PAGE_NO="1" LOGICAL_NAME="true" HREF="/1/Pc00104" WORDCNT="0" IMAGES_RESOLUTION="140" INDEX_IN_DOC="16" SIZE="Medium" EMBEDDED_AFTER="Ar0010200" EMBEDDED_BELOW="1" EMBEDDED_INTO="Ar00102" NAME="" ENTITY_TYPE="Picture" ID="Pc00104">
					<Image EXT="jpg" H="480" W="546" ID="Pc0010400"/>
				</Entity>
				<Entity FIRST_TOC_ENTRY_ID="2" DEPTH_LEVEL="2" PAGE_NO="1" LOGICAL_NAME="true" HREF="/1/Pc00105" WORDCNT="0" IMAGES_RESOLUTION="140" INDEX_IN_DOC="2" SIZE="Large" EMBEDDED_AFTER="Ar0010000" EMBEDDED_RIGHT="1" EMBEDDED_INTO="Ar00100" NAME="" ENTITY_TYPE="Picture" ID="Pc00105">
					<Image EXT="jpg" H="611" W="1088" ID="Pc0010500"/>
				</Entity>
				<Entity FIRST_TOC_ENTRY_ID="6" DEPTH_LEVEL="1" PAGE_NO="1" HREF="/1/Ar00106" WORDCNT="15" IMAGES_RESOLUTION="140" INDEX_IN_DOC="6" SIZE="Small" NAME="RESEARCH" ENTITY_TYPE="Article" ID="Ar00106"/>
				<Entity FIRST_TOC_ENTRY_ID="8" DEPTH_LEVEL="1" PAGE_NO="1" HREF="/1/Ar00107" WORDCNT="15" IMAGES_RESOLUTION="140" INDEX_IN_DOC="8" SIZE="Small" NAME="FOOTBALL" ENTITY_TYPE="Article" ID="Ar00107"/>
				<Entity FIRST_TOC_ENTRY_ID="9" DEPTH_LEVEL="1" PAGE_NO="1" HREF="/1/Ar00108" WORDCNT="18" IMAGES_RESOLUTION="140" INDEX_IN_DOC="9" SIZE="Small" NAME="WRESTLING" ENTITY_TYPE="Article" ID="Ar00108"/>
			</Page>
			<Page ID="Pg002" CROP_BOX="0 0 1649 2549" MEDIA_BOX="0 0 1649 2549" HREF="/2/Pg002" TOTAL_CHARS_COUNT="6278" SUSPICIOUS_CHARS_COUNT="0" PAGE_HEIGHT="2550" PAGE_WIDTH="1650" PAGE_TYPE="Single" PAGE_LABEL="2" PAGE_NO="2">
				<Entity FIRST_TOC_ENTRY_ID="15" DEPTH_LEVEL="1" PAGE_NO="2" LOGICAL_NAME="true" HREF="/2/Ar00200" WORDCNT="426" IMAGES_RESOLUTION="140" INDEX_IN_DOC="17" SIZE="Medium" CONTINUATION_FROM="Ar00102" NAME="Pay It Forward unites students with service" ENTITY_TYPE="Article" ID="Ar00200"/>
				<Entity FIRST_TOC_ENTRY_ID="18" DEPTH_LEVEL="1" PAGE_NO="2" HREF="/2/Ar00201" WORDCNT="1018" IMAGES_RESOLUTION="140" INDEX_IN_DOC="19" SIZE="XLarge" NAME="Everyone is a gamer, if only for recovery" ENTITY_TYPE="Article" ID="Ar00201"/>
				<Entity FIRST_TOC_ENTRY_ID="19" DEPTH_LEVEL="2" PAGE_NO="2" LOGICAL_NAME="true" HREF="/2/Pc00202" WORDCNT="0" IMAGES_RESOLUTION="140" INDEX_IN_DOC="20" SIZE="Medium" EMBEDDED_AFTER="Ar0020100" EMBEDDED_BELOW="1" EMBEDDED_INTO="Ar00201" NAME="" ENTITY_TYPE="Picture" ID="Pc00202">
					<Image EXT="jpg" H="541" W="831" ID="Pc0020200"/>
				</Entity>
				<Entity FIRST_TOC_ENTRY_ID="14" DEPTH_LEVEL="2" PAGE_NO="2" LOGICAL_NAME="true" HREF="/2/Pc00203" WORDCNT="0" IMAGES_RESOLUTION="140" INDEX_IN_DOC="14" SIZE="Medium" EMBEDDED_AFTER="Ar0030003" EMBEDDED_INTO="Ar00300" NAME="" ENTITY_TYPE="Picture" ID="Pc00203">
					<Image EXT="jpg" H="545" W="546" ID="Pc0020300"/>
				</Entity>
				<Entity FIRST_TOC_ENTRY_ID="17" DEPTH_LEVEL="1" PAGE_NO="2" HREF="/2/Ar00204" WORDCNT="26" IMAGES_RESOLUTION="140" INDEX_IN_DOC="18" SIZE="Small" NAME="LANTERN APP" ENTITY_TYPE="Article" ID="Ar00204"/>
			</Page>
			<Page ID="Pg003" CROP_BOX="0 0 1649 2549" MEDIA_BOX="0 0 1649 2549" HREF="/3/Pg003" TOTAL_CHARS_COUNT="7462" SUSPICIOUS_CHARS_COUNT="0" PAGE_HEIGHT="2550" PAGE_WIDTH="1650" PAGE_TYPE="Single" PAGE_LABEL="3" PAGE_NO="3">
				<Entity FIRST_TOC_ENTRY_ID="11" DEPTH_LEVEL="1" PAGE_NO="3" HREF="/3/Ar00300" WORDCNT="631" IMAGES_RESOLUTION="140" INDEX_IN_DOC="11" SIZE="Large" CONTINUATION_FROM="Ar00101" NAME="AWARENESS" ENTITY_TYPE="Article" ID="Ar00300"/>
				<Entity FIRST_TOC_ENTRY_ID="3" DEPTH_LEVEL="1" PAGE_NO="3" HREF="/3/Ar00301" WORDCNT="647" IMAGES_RESOLUTION="140" INDEX_IN_DOC="3" SIZE="Large" CONTINUATION_FROM="Ar00100" NAME="HEALTH" ENTITY_TYPE="Article" ID="Ar00301"/>
				<Entity FIRST_TOC_ENTRY_ID="20" DEPTH_LEVEL="1" PAGE_NO="3" LOGICAL_NAME="true" HREF="/3/Ar00302" WORDCNT="217" IMAGES_RESOLUTION="140" INDEX_IN_DOC="21" SIZE="Small" NAME="" ENTITY_TYPE="Article" ID="Ar00302"/>
				<Entity FIRST_TOC_ENTRY_ID="12" DEPTH_LEVEL="2" PAGE_NO="3" LOGICAL_NAME="true" HREF="/3/Pc00303" WORDCNT="0" IMAGES_RESOLUTION="140" INDEX_IN_DOC="12" SIZE="Medium" EMBEDDED_AFTER="Ar0030000" EMBEDDED_RIGHT="1" EMBEDDED_INTO="Ar00300" NAME="" ENTITY_TYPE="Picture" ID="Pc00303">
					<Image EXT="jpg" H="538" W="831" ID="Pc0030300"/>
				</Entity>
				<Entity FIRST_TOC_ENTRY_ID="4" DEPTH_LEVEL="2" PAGE_NO="3" LOGICAL_NAME="true" HREF="/3/Pc00304" WORDCNT="0" IMAGES_RESOLUTION="140" INDEX_IN_DOC="4" SIZE="Small" EMBEDDED_AFTER="Ar0030100" EMBEDDED_BELOW="1" EMBEDDED_RIGHT="1" EMBEDDED_INTO="Ar00301" NAME="" ENTITY_TYPE="Picture" ID="Pc00304">
					<Image EXT="jpg" H="320" W="546" ID="Pc0030400"/>
				</Entity>
				<Entity FIRST_TOC_ENTRY_ID="13" DEPTH_LEVEL="2" PAGE_NO="3" LOGICAL_NAME="true" HREF="/3/Pc00305" WORDCNT="0" IMAGES_RESOLUTION="140" INDEX_IN_DOC="13" SIZE="Small" EMBEDDED_AFTER="Ar0030000" EMBEDDED_BELOW="1" EMBEDDED_RIGHT="1" EMBEDDED_INTO="Ar00300" NAME="" ENTITY_TYPE="Picture" ID="Pc00305">
					<Image EXT="jpg" H="130" W="261" ID="Pc0030500"/>
				</Entity>
				<Entity FIRST_TOC_ENTRY_ID="5" DEPTH_LEVEL="2" PAGE_NO="3" LOGICAL_NAME="true" HREF="/3/Pc00306" WORDCNT="0" IMAGES_RESOLUTION="140" INDEX_IN_DOC="5" SIZE="Small" EMBEDDED_AFTER="Ar0030100" EMBEDDED_BELOW="1" EMBEDDED_RIGHT="1" EMBEDDED_INTO="Ar00301" NAME="" ENTITY_TYPE="Picture" ID="Pc00306">
					<Image EXT="jpg" H="57" W="261" ID="Pc0030600"/>
				</Entity>
				<Entity FIRST_TOC_ENTRY_ID="25" DEPTH_LEVEL="1" PAGE_NO="3" LOGICAL_NAME="true" HREF="/3/Ad00307" WORDCNT="48" IMAGES_RESOLUTION="140" INDEX_IN_DOC="26" SIZE="Small" NAME="" ENTITY_TYPE="Ad" ID="Ad00307">
					<Image H="391" W="265" ID="Ad0030701"/>
				</Entity>
				<Entity FIRST_TOC_ENTRY_ID="21" DEPTH_LEVEL="1" PAGE_NO="3" LOGICAL_NAME="true" HREF="/3/Ad00308" WORDCNT="0" IMAGES_RESOLUTION="140" INDEX_IN_DOC="22" SIZE="Small" NAME="" ENTITY_TYPE="Ad" ID="Ad00308">
					<Image H="285" W="545" ID="Ad0030801"/>
				</Entity>
				<Entity FIRST_TOC_ENTRY_ID="22" DEPTH_LEVEL="1" PAGE_NO="3" HREF="/3/Ar00309" WORDCNT="16" IMAGES_RESOLUTION="140" INDEX_IN_DOC="23" SIZE="Small" NAME="FOLLOW US" ENTITY_TYPE="Article" ID="Ar00309"/>
				<Entity FIRST_TOC_ENTRY_ID="23" DEPTH_LEVEL="1" PAGE_NO="3" HREF="/3/Ar00310" WORDCNT="54" IMAGES_RESOLUTION="140" INDEX_IN_DOC="24" SIZE="Small" NAME="Letters to the Editor" ENTITY_TYPE="Article" ID="Ar00310"/>
				<Entity FIRST_TOC_ENTRY_ID="24" DEPTH_LEVEL="1" PAGE_NO="3" HREF="/3/Ar00311" WORDCNT="34" IMAGES_RESOLUTION="140" INDEX_IN_DOC="25" SIZE="Small" NAME="Email letters to:" ENTITY_TYPE="Article" ID="Ar00311"/>
				<Entity FIRST_TOC_ENTRY_ID="26" DEPTH_LEVEL="1" PAGE_NO="3" HREF="/3/Ar00312" WORDCNT="30" IMAGES_RESOLUTION="140" INDEX_IN_DOC="27" SIZE="Small" NAME="Corrections" ENTITY_TYPE="Article" ID="Ar00312"/>
			</Page>
			<Page ID="Pg004" CROP_BOX="0 0 1649 2549" MEDIA_BOX="0 0 1649 2549" HREF="/4/Pg004" TOTAL_CHARS_COUNT="4963" SUSPICIOUS_CHARS_COUNT="0" PAGE_HEIGHT="2550" PAGE_WIDTH="1650" PAGE_TYPE="Single" PAGE_LABEL="4" PAGE_NO="4">
				<Entity FIRST_TOC_ENTRY_ID="28" DEPTH_LEVEL="1" PAGE_NO="4" HREF="/4/Ar00400" WORDCNT="720" IMAGES_RESOLUTION="140" INDEX_IN_DOC="29" SIZE="Large" NAME="SPOOKTACULAR Highball makes return" ENTITY_TYPE="Article" ID="Ar00400"/>
				<Entity FIRST_TOC_ENTRY_ID="29" DEPTH_LEVEL="2" PAGE_NO="4" LOGICAL_NAME="true" HREF="/4/Pc00401" WORDCNT="0" IMAGES_RESOLUTION="140" INDEX_IN_DOC="30" SIZE="Large" EMBEDDED_AFTER="Ar0040000" EMBEDDED_INTERSECT="1" EMBEDDED_INTO="Ar00400" NAME="" ENTITY_TYPE="Picture" ID="Pc00401">
					<Image EXT="jpg" H="710" W="922" ID="Pc0040100"/>
				</Entity>
				<Entity FIRST_TOC_ENTRY_ID="30" DEPTH_LEVEL="1" PAGE_NO="4" HREF="/4/Ar00402" WORDCNT="425" IMAGES_RESOLUTION="140" INDEX_IN_DOC="31" SIZE="Large" NAME="WHAT�S UP THIS WEEK" ENTITY_TYPE="Article" ID="Ar00402"/>
				<Entity FIRST_TOC_ENTRY_ID="31" DEPTH_LEVEL="1" PAGE_NO="4" LOGICAL_NAME="true" HREF="/4/Ad00403" WORDCNT="29" IMAGES_RESOLUTION="140" INDEX_IN_DOC="32" SIZE="Medium" NAME="" ENTITY_TYPE="Ad" ID="Ad00403">
					<Image H="310" W="1157" ID="Ad0040301"/>
				</Entity>
				<Entity FIRST_TOC_ENTRY_ID="27" DEPTH_LEVEL="1" PAGE_NO="4" HREF="/4/Ar00404" WORDCNT="24" IMAGES_RESOLUTION="140" INDEX_IN_DOC="28" SIZE="Small" NAME="PSYCHIC" ENTITY_TYPE="Article" ID="Ar00404"/>
			</Page>
			<Page ID="Pg005" CROP_BOX="0 0 1649 2549" MEDIA_BOX="0 0 1649 2549" HREF="/5/Pg005" TOTAL_CHARS_COUNT="4636" SUSPICIOUS_CHARS_COUNT="0" PAGE_HEIGHT="2550" PAGE_WIDTH="1650" PAGE_TYPE="Single" PAGE_LABEL="5" PAGE_NO="5">
				<Entity FIRST_TOC_ENTRY_ID="32" DEPTH_LEVEL="1" PAGE_NO="5" HREF="/5/Ar00500" WORDCNT="572" IMAGES_RESOLUTION="140" INDEX_IN_DOC="33" SIZE="Large" NAME="Is a trip to Wine on High in your future?" ENTITY_TYPE="Article" ID="Ar00500"/>
				<Entity FIRST_TOC_ENTRY_ID="34" DEPTH_LEVEL="1" PAGE_NO="5" HREF="/5/Ar00501" WORDCNT="594" IMAGES_RESOLUTION="140" INDEX_IN_DOC="35" SIZE="Large" NAME="Not your average magicians: P3 Magic Theater" ENTITY_TYPE="Article" ID="Ar00501"/>
				<Entity FIRST_TOC_ENTRY_ID="33" DEPTH_LEVEL="2" PAGE_NO="5" LOGICAL_NAME="true" HREF="/5/Pc00502" WORDCNT="0" IMAGES_RESOLUTION="140" INDEX_IN_DOC="34" SIZE="Large" EMBEDDED_AFTER="Ar0050000" EMBEDDED_BELOW="1" EMBEDDED_INTO="Ar00500" NAME="" ENTITY_TYPE="Picture" ID="Pc00502">
					<Image EXT="jpg" H="920" W="748" ID="Pc0050200"/>
				</Entity>
				<Entity FIRST_TOC_ENTRY_ID="35" DEPTH_LEVEL="2" PAGE_NO="5" LOGICAL_NAME="true" HREF="/5/Pc00503" WORDCNT="0" IMAGES_RESOLUTION="140" INDEX_IN_DOC="36" SIZE="Large" EMBEDDED_AFTER="Ar0050100" EMBEDDED_BELOW="1" EMBEDDED_INTO="Ar00501" NAME="" ENTITY_TYPE="Picture" ID="Pc00503">
					<Image EXT="jpg" H="553" W="1044" ID="Pc0050300"/>
				</Entity>
			</Page>
			<Page ID="Pg006" CROP_BOX="0 0 1649 2549" MEDIA_BOX="0 0 1649 2549" HREF="/6/Pg006" TOTAL_CHARS_COUNT="5954" SUSPICIOUS_CHARS_COUNT="0" PAGE_HEIGHT="2550" PAGE_WIDTH="1650" PAGE_TYPE="Single" PAGE_LABEL="6" PAGE_NO="6">
				<Entity FIRST_TOC_ENTRY_ID="52" DEPTH_LEVEL="1" PAGE_NO="6" HREF="/6/Ar00600" WORDCNT="947" IMAGES_RESOLUTION="140" INDEX_IN_DOC="53" SIZE="XLarge" CONTINUATION_FROM="Ar00801" NAME="BASKETBALL" ENTITY_TYPE="Article" ID="Ar00600"/>
				<Entity FIRST_TOC_ENTRY_ID="48" DEPTH_LEVEL="1" PAGE_NO="6" HREF="/6/Ar00601" WORDCNT="296" IMAGES_RESOLUTION="140" INDEX_IN_DOC="49" SIZE="Medium" CONTINUATION_FROM="Ar00800" NAME="FOOTBALL" ENTITY_TYPE="Article" ID="Ar00601"/>
				<Entity FIRST_TOC_ENTRY_ID="53" DEPTH_LEVEL="2" PAGE_NO="6" LOGICAL_NAME="true" HREF="/6/Pc00602" WORDCNT="0" IMAGES_RESOLUTION="140" INDEX_IN_DOC="54" SIZE="Small" EMBEDDED_INTO="Ar00600" NAME="" ENTITY_TYPE="Picture" ID="Pc00602">
					<Image EXT="jpg" H="427" W="326" ID="Pc0060200"/>
				</Entity>
				<Entity FIRST_TOC_ENTRY_ID="49" DEPTH_LEVEL="2" PAGE_NO="6" LOGICAL_NAME="true" HREF="/6/Pc00603" WORDCNT="0" IMAGES_RESOLUTION="140" INDEX_IN_DOC="50" SIZE="Small" EMBEDDED_AFTER="Ar0060100" EMBEDDED_RIGHT="1" EMBEDDED_INTO="Ar00601" NAME="" ENTITY_TYPE="Picture" ID="Pc00603">
					<Image EXT="jpg" H="326" W="545" ID="Pc0060300"/>
				</Entity>
				<Entity FIRST_TOC_ENTRY_ID="36" DEPTH_LEVEL="1" PAGE_NO="6" LOGICAL_NAME="true" HREF="/6/Ad00604" WORDCNT="189" IMAGES_RESOLUTION="140" INDEX_IN_DOC="37" SIZE="Large" NAME="" ENTITY_TYPE="Ad" ID="Ad00604">
					<Image H="1386" W="697" ID="Ad0060401"/>
				</Entity>
				<Entity FIRST_TOC_ENTRY_ID="56" DEPTH_LEVEL="1" PAGE_NO="6" HREF="/6/Ar00605" WORDCNT="234" IMAGES_RESOLUTION="140" INDEX_IN_DOC="57" SIZE="Medium" CONTINUATION_FROM="Ar00802" NAME="WRESTLING" ENTITY_TYPE="Article" ID="Ar00605"/>
				<Entity FIRST_TOC_ENTRY_ID="50" DEPTH_LEVEL="2" PAGE_NO="6" LOGICAL_NAME="true" HREF="/6/Pc00606" WORDCNT="0" IMAGES_RESOLUTION="140" INDEX_IN_DOC="51" SIZE="Small" EMBEDDED_AFTER="Ar0060100" EMBEDDED_BELOW="1" EMBEDDED_RIGHT="1" EMBEDDED_INTO="Ar00601" NAME="" ENTITY_TYPE="Picture" ID="Pc00606">
					<Image EXT="jpg" H="57" W="262" ID="Pc0060600"/>
				</Entity>
			</Page>
			<Page ID="Pg007" CROP_BOX="0 0 1649 2549" MEDIA_BOX="0 0 1649 2549" HREF="/7/Pg007" TOTAL_CHARS_COUNT="2561" SUSPICIOUS_CHARS_COUNT="0" PAGE_HEIGHT="2550" PAGE_WIDTH="1650" PAGE_TYPE="Single" PAGE_LABEL="7" PAGE_NO="7">
				<Entity FIRST_TOC_ENTRY_ID="37" DEPTH_LEVEL="1" PAGE_NO="7" HREF="/7/Ar00700" WORDCNT="627" IMAGES_RESOLUTION="140" INDEX_IN_DOC="38" SIZE="Large" NAME="Ohio State travels to face UMass" ENTITY_TYPE="Article" ID="Ar00700"/>
				<Entity FIRST_TOC_ENTRY_ID="38" DEPTH_LEVEL="2" PAGE_NO="7" LOGICAL_NAME="true" HREF="/7/Pc00701" WORDCNT="0" IMAGES_RESOLUTION="140" INDEX_IN_DOC="39" SIZE="Medium" EMBEDDED_AFTER="Ar0070000" EMBEDDED_BELOW="1" EMBEDDED_INTO="Ar00700" NAME="" ENTITY_TYPE="Picture" ID="Pc00701">
					<Image EXT="jpg" H="570" W="830" ID="Pc0070100"/>
				</Entity>
				<Entity FIRST_TOC_ENTRY_ID="39" DEPTH_LEVEL="2" PAGE_NO="7" LOGICAL_NAME="true" HREF="/7/Pc00702" WORDCNT="0" IMAGES_RESOLUTION="140" INDEX_IN_DOC="40" SIZE="Small" EMBEDDED_AFTER="Ar0070000" EMBEDDED_BELOW="1" EMBEDDED_INTO="Ar00700" NAME="" ENTITY_TYPE="Picture" ID="Pc00702">
					<Image EXT="jpg" H="125" W="299" ID="Pc0070200"/>
				</Entity>
				<Entity FIRST_TOC_ENTRY_ID="42" DEPTH_LEVEL="1" PAGE_NO="7" HREF="/7/Ar00703" WORDCNT="1" IMAGES_RESOLUTION="140" INDEX_IN_DOC="43" SIZE="Medium" NAME="Puzzles" ENTITY_TYPE="Article" ID="Ar00703"/>
				<Entity FIRST_TOC_ENTRY_ID="43" DEPTH_LEVEL="2" PAGE_NO="7" LOGICAL_NAME="true" HREF="/7/Pc00704" WORDCNT="0" IMAGES_RESOLUTION="140" INDEX_IN_DOC="44" SIZE="Medium" EMBEDDED_AFTER="Ar0070300" EMBEDDED_BELOW="1" EMBEDDED_INTO="Ar00703" NAME="" ENTITY_TYPE="Picture" ID="Pc00704">
					<Image EXT="jpg" H="544" W="564" ID="Pc0070400"/>
				</Entity>
				<Entity FIRST_TOC_ENTRY_ID="44" DEPTH_LEVEL="2" PAGE_NO="7" LOGICAL_NAME="true" HREF="/7/Pc00705" WORDCNT="0" IMAGES_RESOLUTION="140" INDEX_IN_DOC="45" SIZE="Large" EMBEDDED_AFTER="Ar0070300" EMBEDDED_BELOW="1" EMBEDDED_INTO="Ar00703" NAME="" ENTITY_TYPE="Picture" ID="Pc00705">
					<Image EXT="jpg" H="655" W="889" ID="Pc0070500"/>
				</Entity>
				<Entity FIRST_TOC_ENTRY_ID="41" DEPTH_LEVEL="2" PAGE_NO="7" LOGICAL_NAME="true" HREF="/7/Pc00706" WORDCNT="0" IMAGES_RESOLUTION="140" INDEX_IN_DOC="42" SIZE="Small" EMBEDDED_AFTER="Ar0070700" EMBEDDED_LEFT="1" EMBEDDED_INTO="Ar00707" NAME="" ENTITY_TYPE="Picture" ID="Pc00706">
					<Image EXT="jpg" H="237" W="274" ID="Pc0070600"/>
				</Entity>
				<Entity FIRST_TOC_ENTRY_ID="40" DEPTH_LEVEL="1" PAGE_NO="7" HREF="/7/Ar00707" WORDCNT="7" IMAGES_RESOLUTION="140" INDEX_IN_DOC="41" SIZE="Small" NAME="Answer Key for Oct. 17:" ENTITY_TYPE="Article" ID="Ar00707"/>
			</Page>
			<Page ID="Pg008" CROP_BOX="0 0 1649 2549" MEDIA_BOX="0 0 1649 2549" HREF="/8/Pg008" TOTAL_CHARS_COUNT="5131" SUSPICIOUS_CHARS_COUNT="0" PAGE_HEIGHT="2550" PAGE_WIDTH="1650" PAGE_TYPE="Single" PAGE_LABEL="8" PAGE_NO="8">
				<Entity FIRST_TOC_ENTRY_ID="46" DEPTH_LEVEL="1" PAGE_NO="8" HREF="/8/Ar00800" WORDCNT="431" IMAGES_RESOLUTION="140" INDEX_IN_DOC="47" SIZE="Large" CONTINUATION_TO="Ar00601" NAME="Process stays the same, results improve" ENTITY_TYPE="Article" ID="Ar00800"/>
				<Entity FIRST_TOC_ENTRY_ID="51" DEPTH_LEVEL="1" PAGE_NO="8" HREF="/8/Ar00801" WORDCNT="121" IMAGES_RESOLUTION="140" INDEX_IN_DOC="52" SIZE="Medium" CONTINUATION_TO="Ar00600" NAME="With the future uncertain, it is now or never for Ohio State" ENTITY_TYPE="Article" ID="Ar00801"/>
				<Entity FIRST_TOC_ENTRY_ID="54" DEPTH_LEVEL="1" PAGE_NO="8" HREF="/8/Ar00802" WORDCNT="638" IMAGES_RESOLUTION="140" INDEX_IN_DOC="55" SIZE="Large" CONTINUATION_TO="Ar00605" NAME="Volunteer coach finds talent in overlooked recruits" ENTITY_TYPE="Article" ID="Ar00802"/>
				<Entity FIRST_TOC_ENTRY_ID="47" DEPTH_LEVEL="2" PAGE_NO="8" LOGICAL_NAME="true" HREF="/8/Pc00803" WORDCNT="0" IMAGES_RESOLUTION="140" INDEX_IN_DOC="48" SIZE="Medium" EMBEDDED_AFTER="Ar0080000" EMBEDDED_BELOW="1" EMBEDDED_INTO="Ar00800" NAME="" ENTITY_TYPE="Picture" ID="Pc00803">
					<Image EXT="jpg" H="563" W="830" ID="Pc0080300"/>
				</Entity>
				<Entity FIRST_TOC_ENTRY_ID="55" DEPTH_LEVEL="2" PAGE_NO="8" LOGICAL_NAME="true" HREF="/8/Pc00804" WORDCNT="0" IMAGES_RESOLUTION="140" INDEX_IN_DOC="56" SIZE="Medium" EMBEDDED_AFTER="Ar0080200" EMBEDDED_BELOW="1" EMBEDDED_INTO="Ar00802" NAME="" ENTITY_TYPE="Picture" ID="Pc00804">
					<Image EXT="jpg" H="744" W="546" ID="Pc0080400"/>
				</Entity>
				<Entity FIRST_TOC_ENTRY_ID="45" DEPTH_LEVEL="1" PAGE_NO="8" HREF="/8/Ar00805" WORDCNT="17" IMAGES_RESOLUTION="140" INDEX_IN_DOC="46" SIZE="Small" NAME="HOCKEY" ENTITY_TYPE="Article" ID="Ar00805"/>
			</Page>
		</Section>
	</Body_np>
	<Logic_np><TOC_Entries><TOC_Entry TOC_ENTRY_ID="1" TITLE="Cardinal Health perception different nationally than at Ohio State" ENTITY_ID_REF="Ar00100" PAGE_NO="1" PAGE_LABEL="1" PRIM_ID_REF="Ar0010000" IS_IC="true"><TOC_Entry TOC_ENTRY_ID="2" TITLE="" ENTITY_ID_REF="Pc00105" PAGE_NO="1" PAGE_LABEL="1" PRIM_ID_REF="Pc0010500" IS_IC="true"/></TOC_Entry><TOC_Entry TOC_ENTRY_ID="3" TITLE="HEALTH" ENTITY_ID_REF="Ar00301" PAGE_NO="3" PAGE_LABEL="3" PRIM_ID_REF="Ar0030100"><TOC_Entry TOC_ENTRY_ID="4" TITLE="" ENTITY_ID_REF="Pc00304" PAGE_NO="3" PAGE_LABEL="3" PRIM_ID_REF="Pc0030400" IS_IC="true"/><TOC_Entry TOC_ENTRY_ID="5" TITLE="" ENTITY_ID_REF="Pc00306" PAGE_NO="3" PAGE_LABEL="3" PRIM_ID_REF="Pc0030600" IS_IC="true"/></TOC_Entry><TOC_Entry TOC_ENTRY_ID="6" TITLE="RESEARCH" ENTITY_ID_REF="Ar00106" PAGE_NO="1" PAGE_LABEL="1" PRIM_ID_REF="Ar0010600" IS_IC="true"/><TOC_Entry TOC_ENTRY_ID="7" TITLE="HIGHBALL" ENTITY_ID_REF="Ar00103" PAGE_NO="1" PAGE_LABEL="1" PRIM_ID_REF="Ar0010300" IS_IC="true"/><TOC_Entry TOC_ENTRY_ID="8" TITLE="FOOTBALL" ENTITY_ID_REF="Ar00107" PAGE_NO="1" PAGE_LABEL="1" PRIM_ID_REF="Ar0010700" IS_IC="true"/><TOC_Entry TOC_ENTRY_ID="9" TITLE="WRESTLING" ENTITY_ID_REF="Ar00108" PAGE_NO="1" PAGE_LABEL="1" PRIM_ID_REF="Ar0010800" IS_IC="true"/><TOC_Entry TOC_ENTRY_ID="10" TITLE="No, really. Are you OK?" ENTITY_ID_REF="Ar00101" PAGE_NO="1" PAGE_LABEL="1" PRIM_ID_REF="Ar0010100" IS_IC="true"/><TOC_Entry TOC_ENTRY_ID="11" TITLE="AWARENESS" ENTITY_ID_REF="Ar00300" PAGE_NO="3" PAGE_LABEL="3" PRIM_ID_REF="Ar0030000"><TOC_Entry TOC_ENTRY_ID="12" TITLE="" ENTITY_ID_REF="Pc00303" PAGE_NO="3" PAGE_LABEL="3" PRIM_ID_REF="Pc0030300" IS_IC="true"/><TOC_Entry TOC_ENTRY_ID="13" TITLE="" ENTITY_ID_REF="Pc00305" PAGE_NO="3" PAGE_LABEL="3" PRIM_ID_REF="Pc0030500" IS_IC="true"/><TOC_Entry TOC_ENTRY_ID="14" TITLE="" ENTITY_ID_REF="Pc00203" PAGE_NO="2" PAGE_LABEL="2" PRIM_ID_REF="Pc0020300" IS_IC="true"/></TOC_Entry><TOC_Entry TOC_ENTRY_ID="15" TITLE="Pay It Forward unites students with service" ENTITY_ID_REF="Ar00102" PAGE_NO="1" PAGE_LABEL="1" PRIM_ID_REF="Ar0010200" IS_IC="true"><TOC_Entry TOC_ENTRY_ID="16" TITLE="" ENTITY_ID_REF="Pc00104" PAGE_NO="1" PAGE_LABEL="1" PRIM_ID_REF="Pc0010400" IS_IC="true"/></TOC_Entry><TOC_Entry TOC_ENTRY_ID="17" TITLE="LANTERN APP" ENTITY_ID_REF="Ar00204" PAGE_NO="2" PAGE_LABEL="2" PRIM_ID_REF="Ar0020400" IS_IC="true"/><TOC_Entry TOC_ENTRY_ID="18" TITLE="Everyone is a gamer, if only for recovery" ENTITY_ID_REF="Ar00201" PAGE_NO="2" PAGE_LABEL="2" PRIM_ID_REF="Ar0020100" IS_IC="true"><TOC_Entry TOC_ENTRY_ID="19" TITLE="" ENTITY_ID_REF="Pc00202" PAGE_NO="2" PAGE_LABEL="2" PRIM_ID_REF="Pc0020200" IS_IC="true"/></TOC_Entry><TOC_Entry TOC_ENTRY_ID="20" TITLE="" ENTITY_ID_REF="Ar00302" PAGE_NO="3" PAGE_LABEL="3" PRIM_ID_REF="Ar0030200" IS_IC="true"/><TOC_Entry TOC_ENTRY_ID="21" TITLE="" ENTITY_ID_REF="Ad00308" PAGE_NO="3" PAGE_LABEL="3" PRIM_ID_REF="Ad0030801" IS_IC="true"/><TOC_Entry TOC_ENTRY_ID="22" TITLE="FOLLOW US" ENTITY_ID_REF="Ar00309" PAGE_NO="3" PAGE_LABEL="3" PRIM_ID_REF="Ar0030900" IS_IC="true"/><TOC_Entry TOC_ENTRY_ID="23" TITLE="Letters to the Editor" ENTITY_ID_REF="Ar00310" PAGE_NO="3" PAGE_LABEL="3" PRIM_ID_REF="Ar0031000" IS_IC="true"/><TOC_Entry TOC_ENTRY_ID="24" TITLE="Email letters to:" ENTITY_ID_REF="Ar00311" PAGE_NO="3" PAGE_LABEL="3" PRIM_ID_REF="Ar0031100" IS_IC="true"/><TOC_Entry TOC_ENTRY_ID="25" TITLE="" ENTITY_ID_REF="Ad00307" PAGE_NO="3" PAGE_LABEL="3" PRIM_ID_REF="Ad0030701" IS_IC="true"/><TOC_Entry TOC_ENTRY_ID="26" TITLE="Corrections" ENTITY_ID_REF="Ar00312" PAGE_NO="3" PAGE_LABEL="3" PRIM_ID_REF="Ar0031200" IS_IC="true"/><TOC_Entry TOC_ENTRY_ID="27" TITLE="PSYCHIC" ENTITY_ID_REF="Ar00404" PAGE_NO="4" PAGE_LABEL="4" PRIM_ID_REF="Ar0040400" IS_IC="true"/><TOC_Entry TOC_ENTRY_ID="28" TITLE="SPOOKTACULAR Highball makes return" ENTITY_ID_REF="Ar00400" PAGE_NO="4" PAGE_LABEL="4" PRIM_ID_REF="Ar0040000" IS_IC="true"><TOC_Entry TOC_ENTRY_ID="29" TITLE="" ENTITY_ID_REF="Pc00401" PAGE_NO="4" PAGE_LABEL="4" PRIM_ID_REF="Pc0040100" IS_IC="true"/></TOC_Entry><TOC_Entry TOC_ENTRY_ID="30" TITLE="WHAT�S UP THIS WEEK" ENTITY_ID_REF="Ar00402" PAGE_NO="4" PAGE_LABEL="4" PRIM_ID_REF="Ar0040200" IS_IC="true"/><TOC_Entry TOC_ENTRY_ID="31" TITLE="" ENTITY_ID_REF="Ad00403" PAGE_NO="4" PAGE_LABEL="4" PRIM_ID_REF="Ad0040301" IS_IC="true"/><TOC_Entry TOC_ENTRY_ID="32" TITLE="Is a trip to Wine on High in your future?" ENTITY_ID_REF="Ar00500" PAGE_NO="5" PAGE_LABEL="5" PRIM_ID_REF="Ar0050000" IS_IC="true"><TOC_Entry TOC_ENTRY_ID="33" TITLE="" ENTITY_ID_REF="Pc00502" PAGE_NO="5" PAGE_LABEL="5" PRIM_ID_REF="Pc0050200" IS_IC="true"/></TOC_Entry><TOC_Entry TOC_ENTRY_ID="34" TITLE="Not your average magicians: P3 Magic Theater" ENTITY_ID_REF="Ar00501" PAGE_NO="5" PAGE_LABEL="5" PRIM_ID_REF="Ar0050100" IS_IC="true"><TOC_Entry TOC_ENTRY_ID="35" TITLE="" ENTITY_ID_REF="Pc00503" PAGE_NO="5" PAGE_LABEL="5" PRIM_ID_REF="Pc0050300" IS_IC="true"/></TOC_Entry><TOC_Entry TOC_ENTRY_ID="36" TITLE="" ENTITY_ID_REF="Ad00604" PAGE_NO="6" PAGE_LABEL="6" PRIM_ID_REF="Ad0060401" IS_IC="true"/><TOC_Entry TOC_ENTRY_ID="37" TITLE="Ohio State travels to face UMass" ENTITY_ID_REF="Ar00700" PAGE_NO="7" PAGE_LABEL="7" PRIM_ID_REF="Ar0070000" IS_IC="true"><TOC_Entry TOC_ENTRY_ID="38" TITLE="" ENTITY_ID_REF="Pc00701" PAGE_NO="7" PAGE_LABEL="7" PRIM_ID_REF="Pc0070100" IS_IC="true"/><TOC_Entry TOC_ENTRY_ID="39" TITLE="" ENTITY_ID_REF="Pc00702" PAGE_NO="7" PAGE_LABEL="7" PRIM_ID_REF="Pc0070200" IS_IC="true"/></TOC_Entry><TOC_Entry TOC_ENTRY_ID="40" TITLE="Answer Key for Oct. 17:" ENTITY_ID_REF="Ar00707" PAGE_NO="7" PAGE_LABEL="7" PRIM_ID_REF="Ar0070700" IS_IC="true"><TOC_Entry TOC_ENTRY_ID="41" TITLE="" ENTITY_ID_REF="Pc00706" PAGE_NO="7" PAGE_LABEL="7" PRIM_ID_REF="Pc0070600" IS_IC="true"/></TOC_Entry><TOC_Entry TOC_ENTRY_ID="42" TITLE="Puzzles" ENTITY_ID_REF="Ar00703" PAGE_NO="7" PAGE_LABEL="7" PRIM_ID_REF="Ar0070300" IS_IC="true"><TOC_Entry TOC_ENTRY_ID="43" TITLE="" ENTITY_ID_REF="Pc00704" PAGE_NO="7" PAGE_LABEL="7" PRIM_ID_REF="Pc0070400" IS_IC="true"/><TOC_Entry TOC_ENTRY_ID="44" TITLE="" ENTITY_ID_REF="Pc00705" PAGE_NO="7" PAGE_LABEL="7" PRIM_ID_REF="Pc0070500" IS_IC="true"/></TOC_Entry><TOC_Entry TOC_ENTRY_ID="45" TITLE="HOCKEY" ENTITY_ID_REF="Ar00805" PAGE_NO="8" PAGE_LABEL="8" PRIM_ID_REF="Ar0080500" IS_IC="true"/><TOC_Entry TOC_ENTRY_ID="46" TITLE="Process stays the same, results improve" ENTITY_ID_REF="Ar00800" PAGE_NO="8" PAGE_LABEL="8" PRIM_ID_REF="Ar0080000" IS_IC="true"><TOC_Entry TOC_ENTRY_ID="47" TITLE="" ENTITY_ID_REF="Pc00803" PAGE_NO="8" PAGE_LABEL="8" PRIM_ID_REF="Pc0080300" IS_IC="true"/></TOC_Entry><TOC_Entry TOC_ENTRY_ID="48" TITLE="FOOTBALL" ENTITY_ID_REF="Ar00601" PAGE_NO="6" PAGE_LABEL="6" PRIM_ID_REF="Ar0060100"><TOC_Entry TOC_ENTRY_ID="49" TITLE="" ENTITY_ID_REF="Pc00603" PAGE_NO="6" PAGE_LABEL="6" PRIM_ID_REF="Pc0060300" IS_IC="true"/><TOC_Entry TOC_ENTRY_ID="50" TITLE="" ENTITY_ID_REF="Pc00606" PAGE_NO="6" PAGE_LABEL="6" PRIM_ID_REF="Pc0060600" IS_IC="true"/></TOC_Entry><TOC_Entry TOC_ENTRY_ID="51" TITLE="With the future uncertain, it is now or never for Ohio State" ENTITY_ID_REF="Ar00801" PAGE_NO="8" PAGE_LABEL="8" PRIM_ID_REF="Ar0080100" IS_IC="true"/><TOC_Entry TOC_ENTRY_ID="52" TITLE="BASKETBALL" ENTITY_ID_REF="Ar00600" PAGE_NO="6" PAGE_LABEL="6" PRIM_ID_REF="Ar0060000"><TOC_Entry TOC_ENTRY_ID="53" TITLE="" ENTITY_ID_REF="Pc00602" PAGE_NO="6" PAGE_LABEL="6" PRIM_ID_REF="Pc0060200" IS_IC="true"/></TOC_Entry><TOC_Entry TOC_ENTRY_ID="54" TITLE="Volunteer coach finds talent in overlooked recruits" ENTITY_ID_REF="Ar00802" PAGE_NO="8" PAGE_LABEL="8" PRIM_ID_REF="Ar0080200" IS_IC="true"><TOC_Entry TOC_ENTRY_ID="55" TITLE="" ENTITY_ID_REF="Pc00804" PAGE_NO="8" PAGE_LABEL="8" PRIM_ID_REF="Pc0080400" IS_IC="true"/></TOC_Entry><TOC_Entry TOC_ENTRY_ID="56" TITLE="WRESTLING" ENTITY_ID_REF="Ar00605" PAGE_NO="6" PAGE_LABEL="6" PRIM_ID_REF="Ar0060500"/></TOC_Entries></Logic_np></Xmd_toc>
