<x:xmpmeta xmlns:x="adobe:ns:meta/" x:xmptk="Adobe XMP Core 5.4-c005 78.147326, 2012/08/23-13:03:03        ">
	<rdf:RDF xmlns:rdf="http://www.w3.org/1999/02/22-rdf-syntax-ns#">
		<rdf:Description rdf:about="" xmlns:xmp="http://ns.adobe.com/xap/1.0/" xmlns:dc="http://purl.org/dc/elements/1.1/" xmlns:xmpMM="http://ns.adobe.com/xap/1.0/mm/" xmlns:pdf="http://ns.adobe.com/pdf/1.3/" xmlns:pdfx="http://ns.adobe.com/pdfx/1.3/" xmlns:Olv="Olive" xmp:ModifyDate="2019-08-31T11:10:20+05:30" xmp:CreateDate="2017-08-28T22:00:33-04:00" xmp:MetadataDate="2019-08-31T11:10:20+05:30" xmp:CreatorTool="Adobe InDesign CC 2017 (Macintosh)" dc:format="application/pdf" xmpMM:DocumentID="uuid:48b2f966-62b8-6948-b3b5-f8e14e65be03" xmpMM:InstanceID="uuid:cbbf0f29-ec4f-42df-b962-d742b31d0dfc" pdf:Producer="Adobe PDF Library 15.0" pdfx:OLV0_XMD_PAGE_COUNT="8" Olv:publication="OHI" Olv:issue_date="2017/ 8/29">
			<Olv:TimeTrack>
				<rdf:Seq>
					<rdf:li>
						<rdf:Description Olv:GUID="{E97D5784-B5CB-42AE-8228-A57B9F8C4F22}" Olv:Status="Succeeded" Olv:File="060-OHI-2017-08-29-0001.pdf" Olv:Pages="8" Olv:Comp="SEG06" Olv:User="pipex" Olv:Start="2019-08-06T13:25:20+05:30" Olv:End="2019-08-06T13:25:29+05:30" Olv:TotalTime="00:00:09" Olv:IdleTime="00:00:00">
							<Olv:Operations>
								<rdf:Bag>
									<rdf:li>Auto Segmentation</rdf:li>
									<rdf:li>First session</rdf:li>
								</rdf:Bag>
							</Olv:Operations>
						</rdf:Description>
					</rdf:li>
					<rdf:li>
						<rdf:Description Olv:GUID="{E1714DA2-1A41-41BE-BC6F-CA868AEC8A16}" Olv:Status="None" Olv:File="060-OHI-2017-08-29-0001.pdf" Olv:Pages="8" Olv:Comp="MDOPS-C16" Olv:User="001661" Olv:Start="2019-08-20T10:19:45+05:30" Olv:End="2019-08-20T11:21:55+05:30" Olv:TotalTime="01:02:10" Olv:IdleTime="00:14:31">
							<Olv:Operations>
								<rdf:Bag>
									<rdf:li>Edit Segmentation</rdf:li>
								</rdf:Bag>
							</Olv:Operations>
						</rdf:Description>
					</rdf:li>
					<rdf:li>
						<rdf:Description Olv:GUID="{380AF076-15D4-4728-A8E3-5FEC74B30C7B}" Olv:Status="None" Olv:File="060-OHI-2017-08-29-0001.pdf" Olv:Pages="8" Olv:Comp="MDOPS-C2" Olv:User="001086" Olv:Start="2019-08-28T16:05:41+05:30" Olv:End="2019-08-28T16:12:07+05:30" Olv:TotalTime="00:06:26" Olv:IdleTime="00:00:35">
							<Olv:Operations>
								<rdf:Bag>
									<rdf:li>Edit Segmentation</rdf:li>
								</rdf:Bag>
							</Olv:Operations>
						</rdf:Description>
					</rdf:li>
					<rdf:li>
						<rdf:Description Olv:GUID="{831EB9D1-A11F-4C47-B5EE-6D112B754E88}" Olv:Status="Succeeded" Olv:File="060-OHI-2017-08-29-0001.pdf" Olv:Pages="8" Olv:Comp="SEG03" Olv:User="pipex" Olv:Start="2019-08-31T11:10:22+05:30" Olv:End="2019-08-31T11:10:59+05:30" Olv:TotalTime="00:00:37" Olv:IdleTime="00:00:37">
							<Olv:Operations>
								<rdf:Bag>
									<rdf:li>Output</rdf:li>
								</rdf:Bag>
							</Olv:Operations>
						</rdf:Description>
					</rdf:li>
				</rdf:Seq>
			</Olv:TimeTrack>
		</rdf:Description>
	</rdf:RDF>
</x:xmpmeta>
