<x:xmpmeta xmlns:x="adobe:ns:meta/" x:xmptk="Adobe XMP Core 5.4-c005 78.147326, 2012/08/23-13:03:03        ">
	<rdf:RDF xmlns:rdf="http://www.w3.org/1999/02/22-rdf-syntax-ns#">
		<rdf:Description rdf:about="" xmlns:xmp="http://ns.adobe.com/xap/1.0/" xmlns:dc="http://purl.org/dc/elements/1.1/" xmlns:xmpMM="http://ns.adobe.com/xap/1.0/mm/" xmlns:pdf="http://ns.adobe.com/pdf/1.3/" xmlns:pdfx="http://ns.adobe.com/pdfx/1.3/" xmlns:Olv="Olive" xmp:ModifyDate="2019-08-31T12:06:53+05:30" xmp:CreateDate="2018-09-24T21:33:21-04:00" xmp:MetadataDate="2019-08-31T12:06:53+05:30" xmp:CreatorTool="Adobe InDesign CC 13.0 (Macintosh)" dc:format="application/pdf" xmpMM:DocumentID="uuid:cc551e47-b97a-294e-83c8-e4a024f8c990" xmpMM:InstanceID="uuid:b50b45b2-a7ef-4593-a01a-27ea0eb39c8a" pdf:Producer="Adobe PDF Library 15.0" pdfx:OLV0_XMD_PAGE_COUNT="8" Olv:publication="OHI" Olv:issue_date="2018/ 9/25">
			<Olv:TimeTrack>
				<rdf:Seq>
					<rdf:li>
						<rdf:Description Olv:GUID="{9A19660C-547A-4E41-AF43-B3E8F6DE2D71}" Olv:Status="Succeeded" Olv:File="060-OHI-2018-09-25-0001.pdf" Olv:Pages="8" Olv:Comp="SEG03" Olv:User="pipex" Olv:Start="2019-08-06T13:58:01+05:30" Olv:End="2019-08-06T13:58:15+05:30" Olv:TotalTime="00:00:14" Olv:IdleTime="00:00:00">
							<Olv:Operations>
								<rdf:Bag>
									<rdf:li>Auto Segmentation</rdf:li>
									<rdf:li>First session</rdf:li>
								</rdf:Bag>
							</Olv:Operations>
						</rdf:Description>
					</rdf:li>
					<rdf:li>
						<rdf:Description Olv:GUID="{F479C115-F074-4FE8-AAD1-26C51BC1A5A6}" Olv:Status="None" Olv:File="060-OHI-2018-09-25-0001.pdf" Olv:Pages="8" Olv:Comp="MDOPS-C14" Olv:User="001663" Olv:Start="2019-08-22T12:40:04+05:30" Olv:End="2019-08-22T13:27:00+05:30" Olv:TotalTime="00:46:56" Olv:IdleTime="00:00:58">
							<Olv:Operations>
								<rdf:Bag>
									<rdf:li>Edit Segmentation</rdf:li>
								</rdf:Bag>
							</Olv:Operations>
						</rdf:Description>
					</rdf:li>
					<rdf:li>
						<rdf:Description Olv:GUID="{2B11BB58-C42F-4013-9ED6-497310009AA7}" Olv:Status="None" Olv:File="060-OHI-2018-09-25-0001.pdf" Olv:Pages="8" Olv:Comp="MDOPS-C14" Olv:User="001663" Olv:Start="2019-08-22T13:50:25+05:30" Olv:End="2019-08-22T13:57:29+05:30" Olv:TotalTime="00:07:04" Olv:IdleTime="00:00:00">
							<Olv:Operations>
								<rdf:Bag>
									<rdf:li>Edit Segmentation</rdf:li>
								</rdf:Bag>
							</Olv:Operations>
						</rdf:Description>
					</rdf:li>
					<rdf:li>
						<rdf:Description Olv:GUID="{9EF06476-158F-4C04-BAE7-3C621C89816B}" Olv:Status="None" Olv:File="060-OHI-2018-09-25-0001.pdf" Olv:Pages="8" Olv:Comp="MDOPS-C07" Olv:User="000675" Olv:Start="2019-08-29T09:55:40+05:30" Olv:End="2019-08-29T10:07:00+05:30" Olv:TotalTime="00:11:20" Olv:IdleTime="00:03:55">
							<Olv:Operations>
								<rdf:Bag>
									<rdf:li>Edit Segmentation</rdf:li>
								</rdf:Bag>
							</Olv:Operations>
						</rdf:Description>
					</rdf:li>
					<rdf:li>
						<rdf:Description Olv:GUID="{7244A336-4144-48B0-9153-B4C191A99162}" Olv:Status="Succeeded" Olv:File="060-OHI-2018-09-25-0001.pdf" Olv:Pages="8" Olv:Comp="SEG07" Olv:User="pipex" Olv:Start="2019-08-31T12:06:54+05:30" Olv:End="2019-08-31T12:07:52+05:30" Olv:TotalTime="00:00:58" Olv:IdleTime="00:00:58">
							<Olv:Operations>
								<rdf:Bag>
									<rdf:li>Output</rdf:li>
								</rdf:Bag>
							</Olv:Operations>
						</rdf:Description>
					</rdf:li>
				</rdf:Seq>
			</Olv:TimeTrack>
		</rdf:Description>
	</rdf:RDF>
</x:xmpmeta>
