<x:xmpmeta xmlns:x="adobe:ns:meta/" x:xmptk="Adobe XMP Core 5.4-c005 78.147326, 2012/08/23-13:03:03        ">
	<rdf:RDF xmlns:rdf="http://www.w3.org/1999/02/22-rdf-syntax-ns#">
		<rdf:Description rdf:about="" xmlns:xmp="http://ns.adobe.com/xap/1.0/" xmlns:dc="http://purl.org/dc/elements/1.1/" xmlns:xmpMM="http://ns.adobe.com/xap/1.0/mm/" xmlns:pdf="http://ns.adobe.com/pdf/1.3/" xmlns:pdfx="http://ns.adobe.com/pdfx/1.3/" xmlns:Olv="Olive" xmp:ModifyDate="2019-08-31T11:06:31+05:30" xmp:CreateDate="2017-04-17T21:56:48-04:00" xmp:MetadataDate="2019-08-31T11:06:31+05:30" xmp:CreatorTool="Acrobat 11.0.17" dc:format="application/pdf" xmpMM:DocumentID="uuid:571f3489-24a0-ea43-8299-2bbeb5a65169" xmpMM:InstanceID="uuid:6de3012e-905c-4545-9a7f-4f9e5a1f488f" pdf:Producer="Adobe PDF Library 15.0" pdfx:OLV0_XMD_PAGE_COUNT="12" Olv:publication="OHI" Olv:issue_date="2017/ 4/18">
			<Olv:TimeTrack>
				<rdf:Seq>
					<rdf:li>
						<rdf:Description Olv:GUID="{26672EED-C5FE-44FF-B370-75FACFBBBD33}" Olv:Status="Succeeded" Olv:File="060-OHI-2017-04-18-0001.pdf" Olv:Pages="12" Olv:Comp="SEG06" Olv:User="pipex" Olv:Start="2019-08-06T13:24:43+05:30" Olv:End="2019-08-06T13:25:01+05:30" Olv:TotalTime="00:00:18" Olv:IdleTime="00:00:00">
							<Olv:Operations>
								<rdf:Bag>
									<rdf:li>Auto Segmentation</rdf:li>
									<rdf:li>First session</rdf:li>
								</rdf:Bag>
							</Olv:Operations>
						</rdf:Description>
					</rdf:li>
					<rdf:li>
						<rdf:Description Olv:GUID="{1183D1EE-5C12-4FCE-AD5F-FEE89BE814A4}" Olv:Status="None" Olv:File="060-OHI-2017-04-18-0001.pdf" Olv:Pages="12" Olv:Comp="MDOPS-C17" Olv:User="001664" Olv:Start="2019-08-20T09:08:05+05:30" Olv:End="2019-08-20T10:17:20+05:30" Olv:TotalTime="01:09:15" Olv:IdleTime="00:09:32">
							<Olv:Operations>
								<rdf:Bag>
									<rdf:li>Edit Segmentation</rdf:li>
								</rdf:Bag>
							</Olv:Operations>
						</rdf:Description>
					</rdf:li>
					<rdf:li>
						<rdf:Description Olv:GUID="{CEEF3C01-5229-4624-997C-F052B9E91220}" Olv:Status="None" Olv:File="060-OHI-2017-04-18-0001.pdf" Olv:Pages="12" Olv:Comp="MDOPS-C08" Olv:User="000949" Olv:Start="2019-08-28T15:33:46+05:30" Olv:End="2019-08-28T15:44:36+05:30" Olv:TotalTime="00:10:50" Olv:IdleTime="00:02:35">
							<Olv:Operations>
								<rdf:Bag>
									<rdf:li>Edit Segmentation</rdf:li>
								</rdf:Bag>
							</Olv:Operations>
						</rdf:Description>
					</rdf:li>
					<rdf:li>
						<rdf:Description Olv:GUID="{AEB7B8CA-041C-4A9B-8398-801D31FFB87C}" Olv:Status="Succeeded" Olv:File="060-OHI-2017-04-18-0001.pdf" Olv:Pages="12" Olv:Comp="SEG03" Olv:User="pipex" Olv:Start="2019-08-31T11:06:32+05:30" Olv:End="2019-08-31T11:07:42+05:30" Olv:TotalTime="00:01:10" Olv:IdleTime="00:01:10">
							<Olv:Operations>
								<rdf:Bag>
									<rdf:li>Output</rdf:li>
								</rdf:Bag>
							</Olv:Operations>
						</rdf:Description>
					</rdf:li>
				</rdf:Seq>
			</Olv:TimeTrack>
		</rdf:Description>
	</rdf:RDF>
</x:xmpmeta>
