<x:xmpmeta xmlns:x="adobe:ns:meta/" x:xmptk="Adobe XMP Core 5.4-c005 78.147326, 2012/08/23-13:03:03        ">
	<rdf:RDF xmlns:rdf="http://www.w3.org/1999/02/22-rdf-syntax-ns#">
		<rdf:Description rdf:about="" xmlns:xmp="http://ns.adobe.com/xap/1.0/" xmlns:dc="http://purl.org/dc/elements/1.1/" xmlns:pdf="http://ns.adobe.com/pdf/1.3/" xmlns:xmpMM="http://ns.adobe.com/xap/1.0/mm/" xmlns:pdfx="http://ns.adobe.com/pdfx/1.3/" xmlns:Olv="Olive" xmp:CreatorTool="Adobe InDesign CC 2015 (Windows)" xmp:ModifyDate="2019-08-31T10:22:43+05:30" xmp:CreateDate="2016-07-27T01:07:01-04:00" xmp:MetadataDate="2019-08-31T10:22:43+05:30" dc:format="application/pdf" pdf:Producer="Acrobat Distiller 15.0 (Windows)" xmpMM:DocumentID="uuid:799a1e1e-be86-47ba-9ccb-35398d363972" xmpMM:InstanceID="uuid:fc7aca77-8d3e-44bc-b2bc-18d1b33032c2" pdfx:OLV0_XMD_PAGE_COUNT="56" Olv:publication="OHI" Olv:issue_date="2016/ 8/ 1">
			<Olv:TimeTrack>
				<rdf:Seq>
					<rdf:li>
						<rdf:Description Olv:GUID="{40E5A5E7-2769-4421-9D79-37730FB1F54E}" Olv:Status="Succeeded" Olv:File="060-OHI-2016-08-01-0001.pdf" Olv:Pages="56" Olv:Comp="SEG04" Olv:User="pipex" Olv:Start="2019-08-06T13:21:26+05:30" Olv:End="2019-08-06T13:22:24+05:30" Olv:TotalTime="00:00:58" Olv:IdleTime="00:00:58">
							<Olv:Operations>
								<rdf:Bag>
									<rdf:li>Auto Segmentation</rdf:li>
									<rdf:li>First session</rdf:li>
								</rdf:Bag>
							</Olv:Operations>
						</rdf:Description>
					</rdf:li>
					<rdf:li>
						<rdf:Description Olv:GUID="{0DE32CAF-0CC3-48BF-9E7A-41B3B194C2FF}" Olv:Status="None" Olv:File="060-OHI-2016-08-01-0001.pdf" Olv:Pages="56" Olv:Comp="MDOPS-C17" Olv:User="001664" Olv:Start="2019-08-18T14:07:17+05:30" Olv:End="2019-08-18T17:14:51+05:30" Olv:TotalTime="03:07:34" Olv:IdleTime="00:23:21">
							<Olv:Operations>
								<rdf:Bag>
									<rdf:li>Edit Segmentation</rdf:li>
								</rdf:Bag>
							</Olv:Operations>
						</rdf:Description>
					</rdf:li>
					<rdf:li>
						<rdf:Description Olv:GUID="{FA6B8455-E093-48D6-B6F2-A4D36870F36B}" Olv:Status="None" Olv:File="060-OHI-2016-08-01-0001.pdf" Olv:Pages="55" Olv:Comp="MDOPS-C07" Olv:User="000675" Olv:Start="2019-08-28T14:02:16+05:30" Olv:End="2019-08-28T14:26:50+05:30" Olv:TotalTime="00:24:34" Olv:IdleTime="00:14:22">
							<Olv:Operations>
								<rdf:Bag>
									<rdf:li>Edit Segmentation</rdf:li>
									<rdf:li>Predefined Areas</rdf:li>
								</rdf:Bag>
							</Olv:Operations>
						</rdf:Description>
					</rdf:li>
					<rdf:li>
						<rdf:Description Olv:GUID="{8942BDC7-1313-4AFA-B0D2-971E9D246873}" Olv:Status="Succeeded" Olv:File="060-OHI-2016-08-01-0001.pdf" Olv:Pages="55" Olv:Comp="SEG07" Olv:User="pipex" Olv:Start="2019-08-31T10:22:44+05:30" Olv:End="2019-08-31T10:27:10+05:30" Olv:TotalTime="00:04:26" Olv:IdleTime="00:04:26">
							<Olv:Operations>
								<rdf:Bag>
									<rdf:li>Output</rdf:li>
								</rdf:Bag>
							</Olv:Operations>
						</rdf:Description>
					</rdf:li>
				</rdf:Seq>
			</Olv:TimeTrack>
		</rdf:Description>
	</rdf:RDF>
</x:xmpmeta>
