<x:xmpmeta xmlns:x="adobe:ns:meta/" x:xmptk="Adobe XMP Core 5.4-c005 78.147326, 2012/08/23-13:03:03        ">
	<rdf:RDF xmlns:rdf="http://www.w3.org/1999/02/22-rdf-syntax-ns#">
		<rdf:Description rdf:about="" xmlns:xmp="http://ns.adobe.com/xap/1.0/" xmlns:dc="http://purl.org/dc/elements/1.1/" xmlns:xmpMM="http://ns.adobe.com/xap/1.0/mm/" xmlns:pdf="http://ns.adobe.com/pdf/1.3/" xmlns:pdfx="http://ns.adobe.com/pdfx/1.3/" xmlns:Olv="Olive" xmp:ModifyDate="2019-08-31T12:04:09+05:30" xmp:CreateDate="2018-08-29T21:59:01-04:00" xmp:MetadataDate="2019-08-31T12:04:09+05:30" xmp:CreatorTool="Adobe InDesign CC 13.0 (Macintosh)" dc:format="application/pdf" xmpMM:DocumentID="uuid:7ec24d72-0cef-3a40-9f93-1ccccb96f001" xmpMM:InstanceID="uuid:95f06af8-9b51-4fa9-bc08-c17100dd8a7d" pdf:Producer="Adobe PDF Library 15.0" pdfx:OLV0_XMD_PAGE_COUNT="8" Olv:publication="OHI" Olv:issue_date="2018/ 8/30">
			<Olv:TimeTrack>
				<rdf:Seq>
					<rdf:li>
						<rdf:Description Olv:GUID="{BF4CB411-33A1-4C23-9506-B969BC1D267C}" Olv:Status="Succeeded" Olv:File="060-OHI-2018-08-30-0001.pdf" Olv:Pages="8" Olv:Comp="SEG03" Olv:User="pipex" Olv:Start="2019-08-06T13:57:46+05:30" Olv:End="2019-08-06T13:57:58+05:30" Olv:TotalTime="00:00:12" Olv:IdleTime="00:00:00">
							<Olv:Operations>
								<rdf:Bag>
									<rdf:li>Auto Segmentation</rdf:li>
									<rdf:li>First session</rdf:li>
								</rdf:Bag>
							</Olv:Operations>
						</rdf:Description>
					</rdf:li>
					<rdf:li>
						<rdf:Description Olv:GUID="{60C47DD4-5AE5-4E93-96A2-6041040211E0}" Olv:Status="None" Olv:File="060-OHI-2018-08-30-0001.pdf" Olv:Pages="8" Olv:Comp="MDOPS-C14" Olv:User="001663" Olv:Start="2019-08-22T11:38:11+05:30" Olv:End="2019-08-22T12:21:43+05:30" Olv:TotalTime="00:43:32" Olv:IdleTime="00:01:04">
							<Olv:Operations>
								<rdf:Bag>
									<rdf:li>Edit Segmentation</rdf:li>
								</rdf:Bag>
							</Olv:Operations>
						</rdf:Description>
					</rdf:li>
					<rdf:li>
						<rdf:Description Olv:GUID="{E987F7CB-8DE9-4EDD-8BA4-D71073EF5FFB}" Olv:Status="None" Olv:File="060-OHI-2018-08-30-0001.pdf" Olv:Pages="8" Olv:Comp="MDOPS-C14" Olv:User="001663" Olv:Start="2019-08-22T12:27:06+05:30" Olv:End="2019-08-22T12:39:21+05:30" Olv:TotalTime="00:12:15" Olv:IdleTime="00:00:00">
							<Olv:Operations>
								<rdf:Bag>
									<rdf:li>Edit Segmentation</rdf:li>
								</rdf:Bag>
							</Olv:Operations>
						</rdf:Description>
					</rdf:li>
					<rdf:li>
						<rdf:Description Olv:GUID="{FA0A7D65-4A5A-427C-9F93-A677D453D9D5}" Olv:Status="None" Olv:File="060-OHI-2018-08-30-0001.pdf" Olv:Pages="8" Olv:Comp="MDOPS-C08" Olv:User="000949" Olv:Start="2019-08-29T09:37:23+05:30" Olv:End="2019-08-29T09:51:42+05:30" Olv:TotalTime="00:14:19" Olv:IdleTime="00:03:41">
							<Olv:Operations>
								<rdf:Bag>
									<rdf:li>Edit Segmentation</rdf:li>
								</rdf:Bag>
							</Olv:Operations>
						</rdf:Description>
					</rdf:li>
					<rdf:li>
						<rdf:Description Olv:GUID="{1CA43D49-320F-44DA-A42C-EE9778348E4D}" Olv:Status="Succeeded" Olv:File="060-OHI-2018-08-30-0001.pdf" Olv:Pages="8" Olv:Comp="SEG03" Olv:User="pipex" Olv:Start="2019-08-31T12:04:09+05:30" Olv:End="2019-08-31T12:05:08+05:30" Olv:TotalTime="00:00:59" Olv:IdleTime="00:00:59">
							<Olv:Operations>
								<rdf:Bag>
									<rdf:li>Output</rdf:li>
								</rdf:Bag>
							</Olv:Operations>
						</rdf:Description>
					</rdf:li>
				</rdf:Seq>
			</Olv:TimeTrack>
		</rdf:Description>
	</rdf:RDF>
</x:xmpmeta>
