<x:xmpmeta xmlns:x="adobe:ns:meta/" x:xmptk="Adobe XMP Core 5.4-c005 78.147326, 2012/08/23-13:03:03        ">
	<rdf:RDF xmlns:rdf="http://www.w3.org/1999/02/22-rdf-syntax-ns#">
		<rdf:Description rdf:about="" xmlns:xmp="http://ns.adobe.com/xap/1.0/" xmlns:dc="http://purl.org/dc/elements/1.1/" xmlns:xmpMM="http://ns.adobe.com/xap/1.0/mm/" xmlns:pdf="http://ns.adobe.com/pdf/1.3/" xmlns:pdfx="http://ns.adobe.com/pdfx/1.3/" xmlns:Olv="Olive" xmp:ModifyDate="2019-08-31T10:22:22+05:30" xmp:CreateDate="2016-04-04T22:52:47-04:00" xmp:MetadataDate="2019-08-31T10:22:22+05:30" xmp:CreatorTool="Adobe InDesign CC 2015 (Macintosh)" dc:format="application/pdf" xmpMM:DocumentID="uuid:c74642ee-e06e-4241-84d7-9ab809b75a44" xmpMM:InstanceID="uuid:a2ca3896-948e-4127-a1b2-e46cf06686fc" pdf:Producer="Adobe PDF Library 15.0" pdfx:OLV0_XMD_PAGE_COUNT="8" Olv:publication="OHI" Olv:issue_date="2016/ 4/ 5">
			<Olv:TimeTrack>
				<rdf:Seq>
					<rdf:li>
						<rdf:Description Olv:GUID="{312483D9-74C1-4F52-82B9-60A0B5877C8F}" Olv:Status="Succeeded" Olv:File="060-OHI-2016-04-05-0001.pdf" Olv:Pages="8" Olv:Comp="SEG06" Olv:User="pipex" Olv:Start="2019-08-06T13:20:57+05:30" Olv:End="2019-08-06T13:21:07+05:30" Olv:TotalTime="00:00:10" Olv:IdleTime="00:00:00">
							<Olv:Operations>
								<rdf:Bag>
									<rdf:li>Auto Segmentation</rdf:li>
									<rdf:li>First session</rdf:li>
								</rdf:Bag>
							</Olv:Operations>
						</rdf:Description>
					</rdf:li>
					<rdf:li>
						<rdf:Description Olv:GUID="{59018E57-3404-4AB1-9040-4B1395ADD402}" Olv:Status="None" Olv:File="060-OHI-2016-04-05-0001.pdf" Olv:Pages="8" Olv:Comp="MDOPS-C15" Olv:User="001660" Olv:Start="2019-08-18T12:17:13+05:30" Olv:End="2019-08-18T12:45:20+05:30" Olv:TotalTime="00:28:07" Olv:IdleTime="00:00:00">
							<Olv:Operations>
								<rdf:Bag>
									<rdf:li>Edit Segmentation</rdf:li>
								</rdf:Bag>
							</Olv:Operations>
						</rdf:Description>
					</rdf:li>
					<rdf:li>
						<rdf:Description Olv:GUID="{C04761AD-D788-4C68-9716-67BF1E4E5C97}" Olv:Status="None" Olv:File="060-OHI-2016-04-05-0001.pdf" Olv:Pages="8" Olv:Comp="MDOPS-C2" Olv:User="001086" Olv:Start="2019-08-28T13:45:08+05:30" Olv:End="2019-08-28T14:05:54+05:30" Olv:TotalTime="00:20:46" Olv:IdleTime="00:07:39">
							<Olv:Operations>
								<rdf:Bag>
									<rdf:li>Annotations (Links)</rdf:li>
									<rdf:li>Edit Segmentation</rdf:li>
								</rdf:Bag>
							</Olv:Operations>
						</rdf:Description>
					</rdf:li>
					<rdf:li>
						<rdf:Description Olv:GUID="{68E65FCD-3FF9-454C-86C1-35E0DD232E4F}" Olv:Status="Succeeded" Olv:File="060-OHI-2016-04-05-0001.pdf" Olv:Pages="8" Olv:Comp="SEG06" Olv:User="pipex" Olv:Start="2019-08-31T10:22:22+05:30" Olv:End="2019-08-31T10:23:16+05:30" Olv:TotalTime="00:00:54" Olv:IdleTime="00:00:54">
							<Olv:Operations>
								<rdf:Bag>
									<rdf:li>Output</rdf:li>
								</rdf:Bag>
							</Olv:Operations>
						</rdf:Description>
					</rdf:li>
				</rdf:Seq>
			</Olv:TimeTrack>
		</rdf:Description>
	</rdf:RDF>
</x:xmpmeta>
