<x:xmpmeta xmlns:x="adobe:ns:meta/" x:xmptk="Adobe XMP Core 5.4-c005 78.147326, 2012/08/23-13:03:03        ">
	<rdf:RDF xmlns:rdf="http://www.w3.org/1999/02/22-rdf-syntax-ns#">
		<rdf:Description rdf:about="" xmlns:xmp="http://ns.adobe.com/xap/1.0/" xmlns:dc="http://purl.org/dc/elements/1.1/" xmlns:xmpMM="http://ns.adobe.com/xap/1.0/mm/" xmlns:pdf="http://ns.adobe.com/pdf/1.3/" xmlns:pdfx="http://ns.adobe.com/pdfx/1.3/" xmlns:Olv="Olive" xmp:ModifyDate="2019-08-31T10:01:06+05:30" xmp:CreateDate="2016-02-16T22:16:43-05:00" xmp:MetadataDate="2019-08-31T10:01:06+05:30" xmp:CreatorTool="Adobe InDesign CC 2015 (Macintosh)" dc:format="application/pdf" xmpMM:DocumentID="uuid:ede5c320-fd48-8d46-8adc-0bed497775c7" xmpMM:InstanceID="uuid:3e21c164-df25-4caf-bc81-fe180064f0f0" pdf:Producer="Adobe PDF Library 15.0" pdfx:OLV0_XMD_PAGE_COUNT="8" Olv:publication="OHI" Olv:issue_date="2016/ 2/17">
			<Olv:TimeTrack>
				<rdf:Seq>
					<rdf:li>
						<rdf:Description Olv:GUID="{5BA3F9DF-9340-4435-8F6E-BFFE29CCCB63}" Olv:Status="Succeeded" Olv:File="060-OHI-2016-02-17-0001.pdf" Olv:Pages="8" Olv:Comp="SEG06" Olv:User="pipex" Olv:Start="2019-08-06T13:20:02+05:30" Olv:End="2019-08-06T13:20:16+05:30" Olv:TotalTime="00:00:14" Olv:IdleTime="00:00:00">
							<Olv:Operations>
								<rdf:Bag>
									<rdf:li>Auto Segmentation</rdf:li>
									<rdf:li>First session</rdf:li>
								</rdf:Bag>
							</Olv:Operations>
						</rdf:Description>
					</rdf:li>
					<rdf:li>
						<rdf:Description Olv:GUID="{F6445DAA-A817-41E1-B2F5-6AC55E00B133}" Olv:Status="None" Olv:File="060-OHI-2016-02-17-0001.pdf" Olv:Pages="8" Olv:Comp="MDOPS-C14" Olv:User="001663" Olv:Start="2019-08-18T09:33:54+05:30" Olv:End="2019-08-18T11:50:49+05:30" Olv:TotalTime="02:16:55" Olv:IdleTime="00:16:32">
							<Olv:Operations>
								<rdf:Bag>
									<rdf:li>Edit Segmentation</rdf:li>
								</rdf:Bag>
							</Olv:Operations>
						</rdf:Description>
					</rdf:li>
					<rdf:li>
						<rdf:Description Olv:GUID="{1299F849-855D-4365-8DB6-CB4A4F33A68C}" Olv:Status="None" Olv:File="060-OHI-2016-02-17-0001.pdf" Olv:Pages="8" Olv:Comp="MDOPS-C20" Olv:User="000678" Olv:Start="2019-08-28T13:18:14+05:30" Olv:End="2019-08-28T13:25:49+05:30" Olv:TotalTime="00:07:35" Olv:IdleTime="00:02:13">
							<Olv:Operations>
								<rdf:Bag>
									<rdf:li>Edit Segmentation</rdf:li>
								</rdf:Bag>
							</Olv:Operations>
						</rdf:Description>
					</rdf:li>
					<rdf:li>
						<rdf:Description Olv:GUID="{AC16DAAB-E888-4D29-A4BB-37A1E0E96C30}" Olv:Status="Succeeded" Olv:File="060-OHI-2016-02-17-0001.pdf" Olv:Pages="8" Olv:Comp="SEG07" Olv:User="pipex" Olv:Start="2019-08-31T10:01:07+05:30" Olv:End="2019-08-31T10:02:14+05:30" Olv:TotalTime="00:01:07" Olv:IdleTime="00:01:07">
							<Olv:Operations>
								<rdf:Bag>
									<rdf:li>Output</rdf:li>
								</rdf:Bag>
							</Olv:Operations>
						</rdf:Description>
					</rdf:li>
				</rdf:Seq>
			</Olv:TimeTrack>
		</rdf:Description>
	</rdf:RDF>
</x:xmpmeta>
