<?xml version="1.0" encoding="windows-1252" standalone="no"?>
<Xmd_toc REPOSITORY_FORMAT="1.0" PRXML_VER="2.5" PUBLICATION="OHI" PUBLICATION_DESCRIPTION="" ISSUE_DATE="14/09/2017" RELEASE_NO="060-OHI-2017-09-14-0001" LANGUAGE="English">
	<Head_np>
		<Meta SOURCE_RESOLUTION="72" PDF_DESTINATION_MAPPED="OLV0_Page_0001" TITLE_SNP_EXT="png" AD_SNP_EXT="png" IMAGE_SNP_EXT="jpg" IS_SOLID="false" DOC_DATE="14/09/2017" DOC_UID="OHI_14/09/2017" DOC_VER="1" TOTAL_CHARS_COUNT="48711" SUSPICIOUS_CHARS_COUNT="0" IS_CROSS_ORDERED="false" MULTI_LAYER_PAGE_IMG="true" DEFAULT_PREVIEW_IMG_EXT="png" DEFAULT_IMG_EXT="png" DEFAULT_PRIM_IMG_EXT="jpg" PAGE_PREVIEW_RESOLUTION="15" PAGE_THUMBNAIL_RESOLUTION="150" IMAGES_RESOLUTION="140" PAGES_NUMBER="12" SOURCE_TYPE="TIFF" BASE_HREF="OHI/2017/09/14">
			<Publisher XMD_VER="2.8.201.103" ACROBAT_VER="11.012" PUBLISHER="Olive" PROFILE_ID="OHI-2017-09-14.ini">
				<PublishDate>Sat, 31 Aug 2019 05:47:23 UTC</PublishDate>
				<PublishSWFCompatible>false</PublishSWFCompatible>
			</Publisher>
			<Resolutions>
				<Resolution DEFAULT="true">150</Resolution>
			</Resolutions>
			<LayerResolutions>
				<Resolution GRAPHIC_IMG_EXT="jpg">110</Resolution>
				<Resolution GRAPHIC_IMG_EXT="jpg">140</Resolution>
			</LayerResolutions>
		</Meta>
		<Link SOURCE="060-OHI-2017-09-14-0001.pdf"/>
		<DataFiles>
			<Files TYPE="DOC_PDF" PRESENT="1"/>
			<Files TYPE="PAGE_PDF" PRESENT="0"/>
			<Files TYPE="DOC_IMG" PRESENT="0"/>
			<Files TYPE="PAGE_IMG" PRESENT="0"/>
			<Files TYPE="PAGE_VIEW_IMG" PRESENT="1"/>
			<Files TYPE="PAGE_LAYERS_IMG" PRESENT="1"/>
			<Files TYPE="PAGE_PREVIEW_IMG" PRESENT="1"/>
			<Files TYPE="PRIMITIVE_IMG" PRESENT="1"/>
			<Files TYPE="SNIPPET_IMG" PRESENT="1"/>
			<Files TYPE="SEGMENTATION" PRESENT="0"/>
			<Files TYPE="PAGINATION_TEMPLATE_BACKGROUND" PRESENT="0"/>
			<Files TYPE="EXTERNAL_FONTS" PRESENT="0"/>
			<Files TYPE="PROFILE" PRESENT="1"/>
			<Files TYPE="FOOTNOTES" PRESENT="0"/>
		</DataFiles>
	</Head_np>
	<Body_np>
		<Section NAME="Front Page">
			<Page ID="Pg001" CROP_BOX="0 0 1649 2549" MEDIA_BOX="0 0 1649 2549" HREF="/1/Pg001" TOTAL_CHARS_COUNT="4870" SUSPICIOUS_CHARS_COUNT="0" PAGE_HEIGHT="2550" PAGE_WIDTH="1650" PAGE_TYPE="Single" PAGE_LABEL="1" PAGE_NO="1">
				<Entity FIRST_TOC_ENTRY_ID="5" DEPTH_LEVEL="1" PAGE_NO="1" HREF="/1/Ar00100" WORDCNT="741" IMAGES_RESOLUTION="140" INDEX_IN_DOC="5" SIZE="XLarge" NAME="RIVALRY REDEFINED" ENTITY_TYPE="Article" ID="Ar00100"/>
				<Entity FIRST_TOC_ENTRY_ID="8" DEPTH_LEVEL="1" PAGE_NO="1" HREF="/1/Ar00101" WORDCNT="382" IMAGES_RESOLUTION="140" INDEX_IN_DOC="8" SIZE="Large" CONTINUATION_TO="Ar00201" NAME="Freshman J.K. Dobbins prepares for first run through Big Ten" ENTITY_TYPE="Article" ID="Ar00101"/>
				<Entity FIRST_TOC_ENTRY_ID="6" DEPTH_LEVEL="2" PAGE_NO="1" LOGICAL_NAME="true" HREF="/1/Pc00102" WORDCNT="0" IMAGES_RESOLUTION="140" INDEX_IN_DOC="6" SIZE="Medium" EMBEDDED_AFTER="Ar0010000" EMBEDDED_BELOW="1" EMBEDDED_INTO="Ar00100" NAME="" ENTITY_TYPE="Picture" ID="Pc00102">
					<Image EXT="jpg" H="538" W="856" ID="Pc0010200"/>
				</Entity>
				<Entity FIRST_TOC_ENTRY_ID="9" DEPTH_LEVEL="2" PAGE_NO="1" LOGICAL_NAME="true" HREF="/1/Pc00103" WORDCNT="0" IMAGES_RESOLUTION="140" INDEX_IN_DOC="9" SIZE="Small" EMBEDDED_AFTER="Ar0010100" EMBEDDED_BELOW="1" EMBEDDED_INTO="Ar00101" NAME="" ENTITY_TYPE="Picture" ID="Pc00103">
					<Image EXT="jpg" H="325" W="276" ID="Pc0010300"/>
				</Entity>
				<Entity FIRST_TOC_ENTRY_ID="7" DEPTH_LEVEL="2" PAGE_NO="1" LOGICAL_NAME="true" HREF="/1/Pc00104" WORDCNT="0" IMAGES_RESOLUTION="140" INDEX_IN_DOC="7" SIZE="Small" EMBEDDED_AFTER="Ar0010000" EMBEDDED_BELOW="1" EMBEDDED_INTO="Ar00100" NAME="" ENTITY_TYPE="Picture" ID="Pc00104">
					<Image EXT="jpg" H="108" W="288" ID="Pc0010400"/>
				</Entity>
				<Entity FIRST_TOC_ENTRY_ID="1" DEPTH_LEVEL="1" PAGE_NO="1" LOGICAL_NAME="true" HREF="/1/Ad00105" WORDCNT="2" IMAGES_RESOLUTION="140" INDEX_IN_DOC="1" SIZE="Small" NAME="" ENTITY_TYPE="Ad" ID="Ad00105">
					<Image H="166" W="1407" ID="Ad0010501"/>
				</Entity>
				<Entity FIRST_TOC_ENTRY_ID="2" DEPTH_LEVEL="1" PAGE_NO="1" HREF="/1/Ar00106" WORDCNT="7" IMAGES_RESOLUTION="140" INDEX_IN_DOC="2" SIZE="Small" NAME="PREDICTIONS" ENTITY_TYPE="Article" ID="Ar00106"/>
				<Entity FIRST_TOC_ENTRY_ID="4" DEPTH_LEVEL="1" PAGE_NO="1" HREF="/1/Ar00107" WORDCNT="10" IMAGES_RESOLUTION="140" INDEX_IN_DOC="4" SIZE="Small" NAME="JT BARRETT" ENTITY_TYPE="Article" ID="Ar00107"/>
				<Entity FIRST_TOC_ENTRY_ID="3" DEPTH_LEVEL="2" PAGE_NO="1" LOGICAL_NAME="true" HREF="/1/Pc00108" WORDCNT="0" IMAGES_RESOLUTION="140" INDEX_IN_DOC="3" SIZE="Small" EMBEDDED_AFTER="Ar0010600" EMBEDDED_RIGHT="1" EMBEDDED_INTO="Ar00106" NAME="" ENTITY_TYPE="Picture" ID="Pc00108">
					<Image EXT="jpg" H="154" W="356" ID="Pc0010800"/>
				</Entity>
			</Page>
			<Page ID="Pg002" CROP_BOX="0 0 1649 2549" MEDIA_BOX="0 0 1649 2549" HREF="/2/Pg002" TOTAL_CHARS_COUNT="6574" SUSPICIOUS_CHARS_COUNT="0" PAGE_HEIGHT="2550" PAGE_WIDTH="1650" PAGE_TYPE="Single" PAGE_LABEL="2" PAGE_NO="2">
				<Entity FIRST_TOC_ENTRY_ID="13" DEPTH_LEVEL="1" PAGE_NO="2" HREF="/2/Ar00200" WORDCNT="713" IMAGES_RESOLUTION="140" INDEX_IN_DOC="13" SIZE="Large" NAME="Roundtable: 4 writers weigh in on Big Ten" ENTITY_TYPE="Article" ID="Ar00200"/>
				<Entity FIRST_TOC_ENTRY_ID="10" DEPTH_LEVEL="1" PAGE_NO="2" HREF="/2/Ar00201" WORDCNT="354" IMAGES_RESOLUTION="140" INDEX_IN_DOC="10" SIZE="Medium" CONTINUATION_FROM="Ar00101" NAME="DOBBINS" ENTITY_TYPE="Article" ID="Ar00201"/>
				<Entity FIRST_TOC_ENTRY_ID="14" DEPTH_LEVEL="1" PAGE_NO="2" LOGICAL_NAME="true" HREF="/2/Ad00202" WORDCNT="121" IMAGES_RESOLUTION="140" INDEX_IN_DOC="14" SIZE="Small" NAME="" ENTITY_TYPE="Ad" ID="Ad00202">
					<Image H="747" W="260" ID="Ad0020201"/>
				</Entity>
				<Entity FIRST_TOC_ENTRY_ID="11" DEPTH_LEVEL="2" PAGE_NO="2" LOGICAL_NAME="true" HREF="/2/Pc00203" WORDCNT="0" IMAGES_RESOLUTION="140" INDEX_IN_DOC="11" SIZE="Small" EMBEDDED_AFTER="Ar0020100" EMBEDDED_BELOW="1" EMBEDDED_RIGHT="1" EMBEDDED_INTO="Ar00201" NAME="" ENTITY_TYPE="Picture" ID="Pc00203">
					<Image EXT="jpg" H="64" W="293" ID="Pc0020300"/>
				</Entity>
				<Entity FIRST_TOC_ENTRY_ID="12" DEPTH_LEVEL="2" PAGE_NO="2" LOGICAL_NAME="true" HREF="/2/Pc00204" WORDCNT="0" IMAGES_RESOLUTION="140" INDEX_IN_DOC="12" SIZE="Small" EMBEDDED_AFTER="Ar0020100" EMBEDDED_BELOW="1" EMBEDDED_RIGHT="1" EMBEDDED_INTO="Ar00201" NAME="" ENTITY_TYPE="Picture" ID="Pc00204">
					<Image EXT="jpg" H="204" W="293" ID="Pc0020400"/>
				</Entity>
				<Entity FIRST_TOC_ENTRY_ID="16" DEPTH_LEVEL="1" PAGE_NO="2" LOGICAL_NAME="true" HREF="/2/Ad00205" WORDCNT="0" IMAGES_RESOLUTION="140" INDEX_IN_DOC="16" SIZE="Small" NAME="" ENTITY_TYPE="Ad" ID="Ad00205">
					<Image H="280" W="555" ID="Ad0020501"/>
				</Entity>
				<Entity FIRST_TOC_ENTRY_ID="15" DEPTH_LEVEL="1" PAGE_NO="2" LOGICAL_NAME="true" HREF="/2/Ar00206" WORDCNT="212" IMAGES_RESOLUTION="140" INDEX_IN_DOC="15" SIZE="Small" NAME="" ENTITY_TYPE="Article" ID="Ar00206"/>
				<Entity FIRST_TOC_ENTRY_ID="17" DEPTH_LEVEL="1" PAGE_NO="2" HREF="/2/Ar00207" WORDCNT="16" IMAGES_RESOLUTION="140" INDEX_IN_DOC="17" SIZE="Small" NAME="FOLLOW US" ENTITY_TYPE="Article" ID="Ar00207"/>
				<Entity FIRST_TOC_ENTRY_ID="19" DEPTH_LEVEL="1" PAGE_NO="2" HREF="/2/Ar00208" WORDCNT="88" IMAGES_RESOLUTION="140" INDEX_IN_DOC="19" SIZE="Small" NAME="Letters to the Editor" ENTITY_TYPE="Article" ID="Ar00208"/>
				<Entity FIRST_TOC_ENTRY_ID="18" DEPTH_LEVEL="1" PAGE_NO="2" HREF="/2/Ar00209" WORDCNT="65" IMAGES_RESOLUTION="140" INDEX_IN_DOC="18" SIZE="Medium" NAME="Who will be in the Big Ten Championship?" ENTITY_TYPE="Article" ID="Ar00209"/>
				<Entity FIRST_TOC_ENTRY_ID="20" DEPTH_LEVEL="1" PAGE_NO="2" HREF="/2/Ar00210" WORDCNT="30" IMAGES_RESOLUTION="140" INDEX_IN_DOC="20" SIZE="Small" NAME="Corrections" ENTITY_TYPE="Article" ID="Ar00210"/>
			</Page>
			<Page ID="Pg003" CROP_BOX="0 0 1649 2549" MEDIA_BOX="0 0 1649 2549" HREF="/3/Pg003" TOTAL_CHARS_COUNT="6320" SUSPICIOUS_CHARS_COUNT="0" PAGE_HEIGHT="2550" PAGE_WIDTH="1650" PAGE_TYPE="Single" PAGE_LABEL="3" PAGE_NO="3">
				<Entity FIRST_TOC_ENTRY_ID="24" DEPTH_LEVEL="1" PAGE_NO="3" HREF="/3/Ar00300" WORDCNT="461" IMAGES_RESOLUTION="140" INDEX_IN_DOC="24" SIZE="Large" NAME="Minnesota Golden Gophers" ENTITY_TYPE="Article" ID="Ar00300"/>
				<Entity FIRST_TOC_ENTRY_ID="27" DEPTH_LEVEL="1" PAGE_NO="3" HREF="/3/Ar00301" WORDCNT="454" IMAGES_RESOLUTION="140" INDEX_IN_DOC="27" SIZE="Large" NAME="Illinois Fighting Illini" ENTITY_TYPE="Article" ID="Ar00301"/>
				<Entity FIRST_TOC_ENTRY_ID="22" DEPTH_LEVEL="2" PAGE_NO="3" LOGICAL_NAME="true" HREF="/3/Pc00302" WORDCNT="0" IMAGES_RESOLUTION="140" INDEX_IN_DOC="22" SIZE="Medium" EMBEDDED_AFTER="Ar0030600" EMBEDDED_BELOW="1" EMBEDDED_INTO="Ar00306" NAME="" ENTITY_TYPE="Picture" ID="Pc00302">
					<Image EXT="jpg" H="388" W="688" ID="Pc0030200"/>
				</Entity>
				<Entity FIRST_TOC_ENTRY_ID="25" DEPTH_LEVEL="2" PAGE_NO="3" LOGICAL_NAME="true" HREF="/3/Pc00303" WORDCNT="0" IMAGES_RESOLUTION="140" INDEX_IN_DOC="25" SIZE="Medium" EMBEDDED_AFTER="Ar0030000" EMBEDDED_BELOW="1" EMBEDDED_INTO="Ar00300" NAME="" ENTITY_TYPE="Picture" ID="Pc00303">
					<Image EXT="jpg" H="424" W="699" ID="Pc0030300"/>
				</Entity>
				<Entity FIRST_TOC_ENTRY_ID="28" DEPTH_LEVEL="2" PAGE_NO="3" LOGICAL_NAME="true" HREF="/3/Pc00304" WORDCNT="0" IMAGES_RESOLUTION="140" INDEX_IN_DOC="28" SIZE="Small" EMBEDDED_AFTER="Ar0030100" EMBEDDED_RIGHT="1" EMBEDDED_INTO="Ar00301" NAME="" ENTITY_TYPE="Picture" ID="Pc00304">
					<Image EXT="jpg" H="487" W="378" ID="Pc0030400"/>
				</Entity>
				<Entity FIRST_TOC_ENTRY_ID="23" DEPTH_LEVEL="2" PAGE_NO="3" LOGICAL_NAME="true" HREF="/3/Pc00305" WORDCNT="0" IMAGES_RESOLUTION="140" INDEX_IN_DOC="23" SIZE="Small" EMBEDDED_AFTER="Ar0030600" EMBEDDED_BELOW="1" EMBEDDED_INTO="Ar00306" NAME="" ENTITY_TYPE="Picture" ID="Pc00305">
					<Image EXT="jpg" H="183" W="359" ID="Pc0030500"/>
				</Entity>
				<Entity FIRST_TOC_ENTRY_ID="21" DEPTH_LEVEL="1" PAGE_NO="3" HREF="/3/Ar00306" WORDCNT="494" IMAGES_RESOLUTION="140" INDEX_IN_DOC="21" SIZE="Large" NAME="Iowa Hawkeyes" ENTITY_TYPE="Article" ID="Ar00306"/>
				<Entity FIRST_TOC_ENTRY_ID="26" DEPTH_LEVEL="2" PAGE_NO="3" LOGICAL_NAME="true" HREF="/3/Pc00307" WORDCNT="0" IMAGES_RESOLUTION="140" INDEX_IN_DOC="26" SIZE="Small" EMBEDDED_AFTER="Ar0030000" EMBEDDED_BELOW="1" EMBEDDED_INTO="Ar00300" NAME="" ENTITY_TYPE="Picture" ID="Pc00307">
					<Image EXT="jpg" H="168" W="360" ID="Pc0030700"/>
				</Entity>
				<Entity FIRST_TOC_ENTRY_ID="29" DEPTH_LEVEL="2" PAGE_NO="3" LOGICAL_NAME="true" HREF="/3/Pc00308" WORDCNT="0" IMAGES_RESOLUTION="140" INDEX_IN_DOC="29" SIZE="Small" EMBEDDED_AFTER="Ar0030100" EMBEDDED_BELOW="1" EMBEDDED_INTO="Ar00301" NAME="" ENTITY_TYPE="Picture" ID="Pc00308">
					<Image EXT="jpg" H="192" W="356" ID="Pc0030800"/>
				</Entity>
			</Page>
			<Page ID="Pg004" CROP_BOX="0 0 1649 2549" MEDIA_BOX="0 0 1649 2549" HREF="/4/Pg004" TOTAL_CHARS_COUNT="4360" SUSPICIOUS_CHARS_COUNT="0" PAGE_HEIGHT="2550" PAGE_WIDTH="1650" PAGE_TYPE="Single" PAGE_LABEL="4" PAGE_NO="4">
				<Entity FIRST_TOC_ENTRY_ID="30" DEPTH_LEVEL="1" PAGE_NO="4" HREF="/4/Ar00400" WORDCNT="404" IMAGES_RESOLUTION="140" INDEX_IN_DOC="30" SIZE="Large" NAME="Nebraska Cornhuskers" ENTITY_TYPE="Article" ID="Ar00400"/>
				<Entity FIRST_TOC_ENTRY_ID="31" DEPTH_LEVEL="2" PAGE_NO="4" LOGICAL_NAME="true" HREF="/4/Pc00401" WORDCNT="0" IMAGES_RESOLUTION="140" INDEX_IN_DOC="31" SIZE="Medium" EMBEDDED_AFTER="Ar0040000" EMBEDDED_BELOW="1" EMBEDDED_INTO="Ar00400" NAME="" ENTITY_TYPE="Picture" ID="Pc00401">
					<Image EXT="jpg" H="428" W="693" ID="Pc0040100"/>
				</Entity>
				<Entity FIRST_TOC_ENTRY_ID="32" DEPTH_LEVEL="2" PAGE_NO="4" LOGICAL_NAME="true" HREF="/4/Pc00402" WORDCNT="0" IMAGES_RESOLUTION="140" INDEX_IN_DOC="32" SIZE="Small" EMBEDDED_AFTER="Ar0040000" EMBEDDED_BELOW="1" EMBEDDED_INTO="Ar00400" NAME="" ENTITY_TYPE="Picture" ID="Pc00402">
					<Image EXT="jpg" H="428" W="349" ID="Pc0040200"/>
				</Entity>
				<Entity FIRST_TOC_ENTRY_ID="36" DEPTH_LEVEL="2" PAGE_NO="4" LOGICAL_NAME="true" HREF="/4/Pc00403" WORDCNT="0" IMAGES_RESOLUTION="140" INDEX_IN_DOC="36" SIZE="Medium" EMBEDDED_AFTER="Ar0040600" EMBEDDED_BELOW="1" EMBEDDED_INTO="Ar00406" NAME="" ENTITY_TYPE="Picture" ID="Pc00403">
					<Image EXT="jpg" H="520" W="688" ID="Pc0040300"/>
				</Entity>
				<Entity FIRST_TOC_ENTRY_ID="33" DEPTH_LEVEL="2" PAGE_NO="4" LOGICAL_NAME="true" HREF="/4/Pc00404" WORDCNT="0" IMAGES_RESOLUTION="140" INDEX_IN_DOC="33" SIZE="Small" EMBEDDED_AFTER="Ar0040000" EMBEDDED_BELOW="1" EMBEDDED_INTO="Ar00400" NAME="" ENTITY_TYPE="Picture" ID="Pc00404">
					<Image EXT="jpg" H="124" W="359" ID="Pc0040400"/>
				</Entity>
				<Entity FIRST_TOC_ENTRY_ID="34" DEPTH_LEVEL="2" PAGE_NO="4" LOGICAL_NAME="true" HREF="/4/Pc00405" WORDCNT="0" IMAGES_RESOLUTION="140" INDEX_IN_DOC="34" SIZE="Small" EMBEDDED_AFTER="Ar0040000" EMBEDDED_BELOW="1" EMBEDDED_INTO="Ar00400" NAME="" ENTITY_TYPE="Picture" ID="Pc00405">
					<Image EXT="jpg" H="185" W="355" ID="Pc0040500"/>
				</Entity>
				<Entity FIRST_TOC_ENTRY_ID="35" DEPTH_LEVEL="1" PAGE_NO="4" HREF="/4/Ar00406" WORDCNT="467" IMAGES_RESOLUTION="140" INDEX_IN_DOC="35" SIZE="Large" NAME="Northwestern Wildcats" ENTITY_TYPE="Article" ID="Ar00406"/>
				<Entity FIRST_TOC_ENTRY_ID="37" DEPTH_LEVEL="2" PAGE_NO="4" LOGICAL_NAME="true" HREF="/4/Pc00407" WORDCNT="0" IMAGES_RESOLUTION="140" INDEX_IN_DOC="37" SIZE="Small" EMBEDDED_AFTER="Ar0040600" EMBEDDED_RIGHT="1" EMBEDDED_INTO="Ar00406" NAME="" ENTITY_TYPE="Picture" ID="Pc00407">
					<Image EXT="jpg" H="177" W="359" ID="Pc0040700"/>
				</Entity>
				<Entity FIRST_TOC_ENTRY_ID="38" DEPTH_LEVEL="1" PAGE_NO="4" HREF="/4/Ar00408" WORDCNT="77" IMAGES_RESOLUTION="140" INDEX_IN_DOC="38" SIZE="Medium" NAME="Who do you think will be the coach of the year?" ENTITY_TYPE="Article" ID="Ar00408"/>
			</Page>
			<Page ID="Pg005" CROP_BOX="0 0 1649 2549" MEDIA_BOX="0 0 1649 2549" HREF="/5/Pg005" TOTAL_CHARS_COUNT="6" SUSPICIOUS_CHARS_COUNT="0" PAGE_HEIGHT="2550" PAGE_WIDTH="1650" PAGE_TYPE="Single" PAGE_LABEL="5" PAGE_NO="5">
				<Entity FIRST_TOC_ENTRY_ID="40" DEPTH_LEVEL="1" PAGE_NO="5" HREF="/5/Ar00500" WORDCNT="1" IMAGES_RESOLUTION="140" INDEX_IN_DOC="40" SIZE="Small" NAME="ROOKIE" ENTITY_TYPE="Article" ID="Ar00500"/>
				<Entity FIRST_TOC_ENTRY_ID="39" DEPTH_LEVEL="1" PAGE_NO="5" LOGICAL_NAME="true" HREF="/5/Ad00501" WORDCNT="395" IMAGES_RESOLUTION="140" INDEX_IN_DOC="39" SIZE="XLarge" NAME="" ENTITY_TYPE="Ad" ID="Ad00501">
					<Image H="2271" W="1439" ID="Ad0050101"/>
				</Entity>
			</Page>
			<Page ID="Pg006" CROP_BOX="0 0 1649 2549" MEDIA_BOX="0 0 1649 2549" HREF="/6/Pg006" TOTAL_CHARS_COUNT="2048" SUSPICIOUS_CHARS_COUNT="0" PAGE_HEIGHT="2550" PAGE_WIDTH="1650" PAGE_TYPE="Single" PAGE_LABEL="6" PAGE_NO="6">
				<Entity FIRST_TOC_ENTRY_ID="41" DEPTH_LEVEL="1" PAGE_NO="6" HREF="/6/Ar00600" WORDCNT="380" IMAGES_RESOLUTION="140" INDEX_IN_DOC="41" SIZE="Large" NAME="Purdue Boilermakers" ENTITY_TYPE="Article" ID="Ar00600"/>
				<Entity FIRST_TOC_ENTRY_ID="42" DEPTH_LEVEL="2" PAGE_NO="6" LOGICAL_NAME="true" HREF="/6/Pc00601" WORDCNT="0" IMAGES_RESOLUTION="140" INDEX_IN_DOC="42" SIZE="Large" EMBEDDED_AFTER="Ar0060000" EMBEDDED_BELOW="1" EMBEDDED_INTO="Ar00600" NAME="" ENTITY_TYPE="Picture" ID="Pc00601">
					<Image EXT="jpg" H="710" W="1081" ID="Pc0060100"/>
				</Entity>
				<Entity FIRST_TOC_ENTRY_ID="43" DEPTH_LEVEL="2" PAGE_NO="6" LOGICAL_NAME="true" HREF="/6/Pc00602" WORDCNT="0" IMAGES_RESOLUTION="140" INDEX_IN_DOC="43" SIZE="Small" EMBEDDED_AFTER="Ar0060000" EMBEDDED_BELOW="1" EMBEDDED_INTO="Ar00600" NAME="" ENTITY_TYPE="Picture" ID="Pc00602">
					<Image EXT="jpg" H="217" W="357" ID="Pc0060200"/>
				</Entity>
				<Entity FIRST_TOC_ENTRY_ID="44" DEPTH_LEVEL="2" PAGE_NO="6" LOGICAL_NAME="true" HREF="/6/Pc00603" WORDCNT="0" IMAGES_RESOLUTION="140" INDEX_IN_DOC="44" SIZE="Small" EMBEDDED_AFTER="Ar0060000" EMBEDDED_BELOW="1" EMBEDDED_INTO="Ar00600" NAME="" ENTITY_TYPE="Picture" ID="Pc00603">
					<Image EXT="jpg" H="115" W="361" ID="Pc0060300"/>
				</Entity>
				<Entity FIRST_TOC_ENTRY_ID="45" DEPTH_LEVEL="1" PAGE_NO="6" HREF="/6/Ar00604" WORDCNT="116" IMAGES_RESOLUTION="140" INDEX_IN_DOC="45" SIZE="Large" NAME="Buckeye Football 2017 Schedule" ENTITY_TYPE="Article" ID="Ar00604"/>
				<Entity FIRST_TOC_ENTRY_ID="46" DEPTH_LEVEL="1" PAGE_NO="6" LOGICAL_NAME="true" HREF="/6/Ad00605" WORDCNT="29" IMAGES_RESOLUTION="140" INDEX_IN_DOC="46" SIZE="Medium" NAME="" ENTITY_TYPE="Ad" ID="Ad00605">
					<Image H="283" W="1143" ID="Ad0060501"/>
				</Entity>
			</Page>
			<Page ID="Pg007" CROP_BOX="0 0 1649 2549" MEDIA_BOX="0 0 1649 2549" HREF="/7/Pg007" TOTAL_CHARS_COUNT="4279" SUSPICIOUS_CHARS_COUNT="0" PAGE_HEIGHT="2550" PAGE_WIDTH="1650" PAGE_TYPE="Single" PAGE_LABEL="7" PAGE_NO="7">
				<Entity FIRST_TOC_ENTRY_ID="47" DEPTH_LEVEL="1" PAGE_NO="7" HREF="/7/Ar00700" WORDCNT="433" IMAGES_RESOLUTION="140" INDEX_IN_DOC="47" SIZE="Large" NAME="Indiana Hoosiers" ENTITY_TYPE="Article" ID="Ar00700"/>
				<Entity FIRST_TOC_ENTRY_ID="53" DEPTH_LEVEL="1" PAGE_NO="7" HREF="/7/Ar00701" WORDCNT="76" IMAGES_RESOLUTION="140" INDEX_IN_DOC="53" SIZE="Medium" NAME="Who do you think will be the offensive player of the year?" ENTITY_TYPE="Article" ID="Ar00701"/>
				<Entity FIRST_TOC_ENTRY_ID="48" DEPTH_LEVEL="2" PAGE_NO="7" LOGICAL_NAME="true" HREF="/7/Pc00702" WORDCNT="0" IMAGES_RESOLUTION="140" INDEX_IN_DOC="48" SIZE="Medium" EMBEDDED_AFTER="Ar0070000" EMBEDDED_BELOW="1" EMBEDDED_INTO="Ar00700" NAME="" ENTITY_TYPE="Picture" ID="Pc00702">
					<Image EXT="jpg" H="679" W="703" ID="Pc0070200"/>
				</Entity>
				<Entity FIRST_TOC_ENTRY_ID="51" DEPTH_LEVEL="2" PAGE_NO="7" LOGICAL_NAME="true" HREF="/7/Pc00703" WORDCNT="0" IMAGES_RESOLUTION="140" INDEX_IN_DOC="51" SIZE="Medium" EMBEDDED_AFTER="Ar0070500" EMBEDDED_BELOW="1" EMBEDDED_INTO="Ar00705" NAME="" ENTITY_TYPE="Picture" ID="Pc00703">
					<Image EXT="jpg" H="519" W="706" ID="Pc0070300"/>
				</Entity>
				<Entity FIRST_TOC_ENTRY_ID="49" DEPTH_LEVEL="2" PAGE_NO="7" LOGICAL_NAME="true" HREF="/7/Pc00704" WORDCNT="0" IMAGES_RESOLUTION="140" INDEX_IN_DOC="49" SIZE="Small" EMBEDDED_AFTER="Ar0070000" EMBEDDED_BELOW="1" EMBEDDED_INTO="Ar00700" NAME="" ENTITY_TYPE="Picture" ID="Pc00704">
					<Image EXT="jpg" H="187" W="362" ID="Pc0070400"/>
				</Entity>
				<Entity FIRST_TOC_ENTRY_ID="50" DEPTH_LEVEL="1" PAGE_NO="7" HREF="/7/Ar00705" WORDCNT="450" IMAGES_RESOLUTION="140" INDEX_IN_DOC="50" SIZE="Large" NAME="Wisconsin Badgers" ENTITY_TYPE="Article" ID="Ar00705"/>
				<Entity FIRST_TOC_ENTRY_ID="52" DEPTH_LEVEL="2" PAGE_NO="7" LOGICAL_NAME="true" HREF="/7/Pc00706" WORDCNT="0" IMAGES_RESOLUTION="140" INDEX_IN_DOC="52" SIZE="Small" EMBEDDED_AFTER="Ar0070500" EMBEDDED_RIGHT="1" EMBEDDED_INTO="Ar00705" NAME="" ENTITY_TYPE="Picture" ID="Pc00706">
					<Image EXT="jpg" H="197" W="359" ID="Pc0070600"/>
				</Entity>
			</Page>
			<Page ID="Pg008" CROP_BOX="0 0 1649 2549" MEDIA_BOX="0 0 1649 2549" HREF="/8/Pg008" TOTAL_CHARS_COUNT="0" SUSPICIOUS_CHARS_COUNT="0" PAGE_HEIGHT="2550" PAGE_WIDTH="1650" PAGE_TYPE="Single" PAGE_LABEL="8" PAGE_NO="8">
				<Entity FIRST_TOC_ENTRY_ID="54" DEPTH_LEVEL="1" PAGE_NO="8" LOGICAL_NAME="true" HREF="/8/Ad00800" WORDCNT="239" IMAGES_RESOLUTION="140" INDEX_IN_DOC="54" SIZE="XLarge" NAME="" ENTITY_TYPE="Ad" ID="Ad00800">
					<Image H="2244" W="1434" ID="Ad0080001"/>
				</Entity>
			</Page>
			<Page ID="Pg009" CROP_BOX="0 0 1649 2549" MEDIA_BOX="0 0 1649 2549" HREF="/9/Pg009" TOTAL_CHARS_COUNT="4408" SUSPICIOUS_CHARS_COUNT="0" PAGE_HEIGHT="2550" PAGE_WIDTH="1650" PAGE_TYPE="Single" PAGE_LABEL="9" PAGE_NO="9">
				<Entity FIRST_TOC_ENTRY_ID="59" DEPTH_LEVEL="1" PAGE_NO="9" HREF="/9/Ar00900" WORDCNT="410" IMAGES_RESOLUTION="140" INDEX_IN_DOC="59" SIZE="Large" NAME="Maryland Terrapins" ENTITY_TYPE="Article" ID="Ar00900"/>
				<Entity FIRST_TOC_ENTRY_ID="63" DEPTH_LEVEL="1" PAGE_NO="9" HREF="/9/Ar00901" WORDCNT="70" IMAGES_RESOLUTION="140" INDEX_IN_DOC="63" SIZE="Medium" NAME="Who do you think will be the defensive player of the year?" ENTITY_TYPE="Article" ID="Ar00901"/>
				<Entity FIRST_TOC_ENTRY_ID="56" DEPTH_LEVEL="2" PAGE_NO="9" LOGICAL_NAME="true" HREF="/9/Pc00902" WORDCNT="0" IMAGES_RESOLUTION="140" INDEX_IN_DOC="56" SIZE="Medium" EMBEDDED_AFTER="Ar0090800" EMBEDDED_BELOW="1" EMBEDDED_INTO="Ar00908" NAME="" ENTITY_TYPE="Picture" ID="Pc00902">
					<Image EXT="jpg" H="437" W="688" ID="Pc0090200"/>
				</Entity>
				<Entity FIRST_TOC_ENTRY_ID="57" DEPTH_LEVEL="2" PAGE_NO="9" LOGICAL_NAME="true" HREF="/9/Pc00903" WORDCNT="0" IMAGES_RESOLUTION="140" INDEX_IN_DOC="57" SIZE="Small" EMBEDDED_AFTER="Ar0090800" EMBEDDED_BELOW="1" EMBEDDED_INTO="Ar00908" NAME="" ENTITY_TYPE="Picture" ID="Pc00903">
					<Image EXT="jpg" H="437" W="351" ID="Pc0090300"/>
				</Entity>
				<Entity FIRST_TOC_ENTRY_ID="60" DEPTH_LEVEL="2" PAGE_NO="9" LOGICAL_NAME="true" HREF="/9/Pc00904" WORDCNT="0" IMAGES_RESOLUTION="140" INDEX_IN_DOC="60" SIZE="Medium" EMBEDDED_AFTER="Ar0090000" EMBEDDED_BELOW="1" EMBEDDED_INTO="Ar00900" NAME="" ENTITY_TYPE="Picture" ID="Pc00904">
					<Image EXT="jpg" H="502" W="712" ID="Pc0090400"/>
				</Entity>
				<Entity FIRST_TOC_ENTRY_ID="58" DEPTH_LEVEL="2" PAGE_NO="9" LOGICAL_NAME="true" HREF="/9/Pc00905" WORDCNT="0" IMAGES_RESOLUTION="140" INDEX_IN_DOC="58" SIZE="Small" EMBEDDED_AFTER="Ar0090800" EMBEDDED_BELOW="1" EMBEDDED_INTO="Ar00908" NAME="" ENTITY_TYPE="Picture" ID="Pc00905">
					<Image EXT="jpg" H="179" W="367" ID="Pc0090500"/>
				</Entity>
				<Entity FIRST_TOC_ENTRY_ID="61" DEPTH_LEVEL="2" PAGE_NO="9" LOGICAL_NAME="true" HREF="/9/Pc00906" WORDCNT="0" IMAGES_RESOLUTION="140" INDEX_IN_DOC="61" SIZE="Small" EMBEDDED_AFTER="Ar0090000" EMBEDDED_BELOW="1" EMBEDDED_INTO="Ar00900" NAME="" ENTITY_TYPE="Picture" ID="Pc00906">
					<Image EXT="jpg" H="131" W="360" ID="Pc0090600"/>
				</Entity>
				<Entity FIRST_TOC_ENTRY_ID="62" DEPTH_LEVEL="2" PAGE_NO="9" LOGICAL_NAME="true" HREF="/9/Pc00907" WORDCNT="0" IMAGES_RESOLUTION="140" INDEX_IN_DOC="62" SIZE="Small" EMBEDDED_AFTER="Ar0090000" EMBEDDED_BELOW="1" EMBEDDED_INTO="Ar00900" NAME="" ENTITY_TYPE="Picture" ID="Pc00907">
					<Image EXT="jpg" H="187" W="361" ID="Pc0090700"/>
				</Entity>
				<Entity FIRST_TOC_ENTRY_ID="55" DEPTH_LEVEL="1" PAGE_NO="9" HREF="/9/Ar00908" WORDCNT="490" IMAGES_RESOLUTION="140" INDEX_IN_DOC="55" SIZE="Large" NAME="Rutgers Scarlet Knights" ENTITY_TYPE="Article" ID="Ar00908"/>
			</Page>
			<Page ID="Pg010" CROP_BOX="0 0 1649 2549" MEDIA_BOX="0 0 1649 2549" HREF="/10/Pg010" TOTAL_CHARS_COUNT="4327" SUSPICIOUS_CHARS_COUNT="0" PAGE_HEIGHT="2550" PAGE_WIDTH="1650" PAGE_TYPE="Single" PAGE_LABEL="10" PAGE_NO="10">
				<Entity FIRST_TOC_ENTRY_ID="67" DEPTH_LEVEL="1" PAGE_NO="10" HREF="/10/Ar01000" WORDCNT="502" IMAGES_RESOLUTION="140" INDEX_IN_DOC="67" SIZE="Large" NAME="Michigan State Spartans" ENTITY_TYPE="Article" ID="Ar01000"/>
				<Entity FIRST_TOC_ENTRY_ID="65" DEPTH_LEVEL="2" PAGE_NO="10" LOGICAL_NAME="true" HREF="/10/Pc01001" WORDCNT="0" IMAGES_RESOLUTION="140" INDEX_IN_DOC="65" SIZE="Medium" EMBEDDED_AFTER="Ar0100400" EMBEDDED_BELOW="1" EMBEDDED_INTO="Ar01004" NAME="" ENTITY_TYPE="Picture" ID="Pc01001">
					<Image EXT="jpg" H="596" W="788" ID="Pc0100100"/>
				</Entity>
				<Entity FIRST_TOC_ENTRY_ID="68" DEPTH_LEVEL="2" PAGE_NO="10" LOGICAL_NAME="true" HREF="/10/Pc01002" WORDCNT="0" IMAGES_RESOLUTION="140" INDEX_IN_DOC="68" SIZE="Medium" EMBEDDED_AFTER="Ar0100000" EMBEDDED_BELOW="1" EMBEDDED_INTO="Ar01000" NAME="" ENTITY_TYPE="Picture" ID="Pc01002">
					<Image EXT="jpg" H="781" W="572" ID="Pc0100200"/>
				</Entity>
				<Entity FIRST_TOC_ENTRY_ID="69" DEPTH_LEVEL="2" PAGE_NO="10" LOGICAL_NAME="true" HREF="/10/Pc01003" WORDCNT="0" IMAGES_RESOLUTION="140" INDEX_IN_DOC="69" SIZE="Medium" EMBEDDED_AFTER="Ar0100000" EMBEDDED_BELOW="1" EMBEDDED_INTO="Ar01000" NAME="" ENTITY_TYPE="Picture" ID="Pc01003">
					<Image EXT="jpg" H="704" W="564" ID="Pc0100300"/>
				</Entity>
				<Entity FIRST_TOC_ENTRY_ID="64" DEPTH_LEVEL="1" PAGE_NO="10" HREF="/10/Ar01004" WORDCNT="484" IMAGES_RESOLUTION="140" INDEX_IN_DOC="64" SIZE="Large" NAME="Penn State Nittany Lions" ENTITY_TYPE="Article" ID="Ar01004"/>
				<Entity FIRST_TOC_ENTRY_ID="66" DEPTH_LEVEL="2" PAGE_NO="10" LOGICAL_NAME="true" HREF="/10/Pc01005" WORDCNT="0" IMAGES_RESOLUTION="140" INDEX_IN_DOC="66" SIZE="Small" EMBEDDED_AFTER="Ar0100400" EMBEDDED_RIGHT="1" EMBEDDED_INTO="Ar01004" NAME="" ENTITY_TYPE="Picture" ID="Pc01005">
					<Image EXT="jpg" H="200" W="393" ID="Pc0100500"/>
				</Entity>
				<Entity FIRST_TOC_ENTRY_ID="70" DEPTH_LEVEL="2" PAGE_NO="10" LOGICAL_NAME="true" HREF="/10/Pc01006" WORDCNT="0" IMAGES_RESOLUTION="140" INDEX_IN_DOC="70" SIZE="Small" EMBEDDED_AFTER="Ar0100000" EMBEDDED_BELOW="1" EMBEDDED_INTO="Ar01000" NAME="" ENTITY_TYPE="Picture" ID="Pc01006">
					<Image EXT="jpg" H="187" W="275" ID="Pc0100600"/>
				</Entity>
			</Page>
			<Page ID="Pg011" CROP_BOX="0 0 1649 2549" MEDIA_BOX="0 0 1649 2549" HREF="/11/Pg011" TOTAL_CHARS_COUNT="5080" SUSPICIOUS_CHARS_COUNT="0" PAGE_HEIGHT="2550" PAGE_WIDTH="1650" PAGE_TYPE="Single" PAGE_LABEL="11" PAGE_NO="11">
				<Entity FIRST_TOC_ENTRY_ID="71" DEPTH_LEVEL="1" PAGE_NO="11" HREF="/11/Ar01100" WORDCNT="382" IMAGES_RESOLUTION="140" INDEX_IN_DOC="71" SIZE="Large" NAME="Michigan Wolverines" ENTITY_TYPE="Article" ID="Ar01100"/>
				<Entity FIRST_TOC_ENTRY_ID="74" DEPTH_LEVEL="1" PAGE_NO="11" HREF="/11/Ar01101" WORDCNT="793" IMAGES_RESOLUTION="140" INDEX_IN_DOC="74" SIZE="Large" NAME="Ohio State seeks redemption against Penn State" ENTITY_TYPE="Article" ID="Ar01101"/>
				<Entity FIRST_TOC_ENTRY_ID="72" DEPTH_LEVEL="2" PAGE_NO="11" LOGICAL_NAME="true" HREF="/11/Pc01102" WORDCNT="0" IMAGES_RESOLUTION="140" INDEX_IN_DOC="72" SIZE="Large" EMBEDDED_AFTER="Ar0110000" EMBEDDED_BELOW="1" EMBEDDED_INTO="Ar01100" NAME="" ENTITY_TYPE="Picture" ID="Pc01102">
					<Image EXT="jpg" H="624" W="1048" ID="Pc0110200"/>
				</Entity>
				<Entity FIRST_TOC_ENTRY_ID="75" DEPTH_LEVEL="2" PAGE_NO="11" LOGICAL_NAME="true" HREF="/11/Pc01103" WORDCNT="0" IMAGES_RESOLUTION="140" INDEX_IN_DOC="75" SIZE="Medium" EMBEDDED_AFTER="Ar0110100" EMBEDDED_BELOW="1" EMBEDDED_INTO="Ar01101" NAME="" ENTITY_TYPE="Picture" ID="Pc01103">
					<Image EXT="jpg" H="576" W="546" ID="Pc0110300"/>
				</Entity>
				<Entity FIRST_TOC_ENTRY_ID="78" DEPTH_LEVEL="2" PAGE_NO="11" LOGICAL_NAME="true" HREF="/11/Pc01104" WORDCNT="0" IMAGES_RESOLUTION="140" INDEX_IN_DOC="78" SIZE="Small" EMBEDDED_AFTER="Ar0110700" EMBEDDED_BELOW="1" EMBEDDED_INTO="Ar01107" NAME="" ENTITY_TYPE="Picture" ID="Pc01104">
					<Image EXT="jpg" H="231" W="261" ID="Pc0110400"/>
				</Entity>
				<Entity FIRST_TOC_ENTRY_ID="73" DEPTH_LEVEL="2" PAGE_NO="11" LOGICAL_NAME="true" HREF="/11/Pc01105" WORDCNT="0" IMAGES_RESOLUTION="140" INDEX_IN_DOC="73" SIZE="Small" EMBEDDED_AFTER="Ar0110000" EMBEDDED_BELOW="1" EMBEDDED_INTO="Ar01100" NAME="" ENTITY_TYPE="Picture" ID="Pc01105">
					<Image EXT="jpg" H="186" W="360" ID="Pc0110500"/>
				</Entity>
				<Entity FIRST_TOC_ENTRY_ID="76" DEPTH_LEVEL="2" PAGE_NO="11" LOGICAL_NAME="true" HREF="/11/Pc01106" WORDCNT="0" IMAGES_RESOLUTION="140" INDEX_IN_DOC="76" SIZE="Small" EMBEDDED_AFTER="Ar0110100" EMBEDDED_BELOW="1" EMBEDDED_INTO="Ar01101" NAME="" ENTITY_TYPE="Picture" ID="Pc01106">
					<Image EXT="jpg" H="48" W="281" ID="Pc0110600"/>
				</Entity>
				<Entity FIRST_TOC_ENTRY_ID="77" DEPTH_LEVEL="1" PAGE_NO="11" HREF="/11/Ar01107" WORDCNT="8" IMAGES_RESOLUTION="140" INDEX_IN_DOC="77" SIZE="Small" NAME="Puzzles Answer Key for Sept. 12:" ENTITY_TYPE="Article" ID="Ar01107"/>
			</Page>
			<Page ID="Pg012" CROP_BOX="0 0 1649 2549" MEDIA_BOX="0 0 1649 2549" HREF="/12/Pg012" TOTAL_CHARS_COUNT="6439" SUSPICIOUS_CHARS_COUNT="0" PAGE_HEIGHT="2550" PAGE_WIDTH="1650" PAGE_TYPE="Single" PAGE_LABEL="12" PAGE_NO="12">
				<Entity FIRST_TOC_ENTRY_ID="79" DEPTH_LEVEL="1" PAGE_NO="12" HREF="/12/Ar01200" WORDCNT="981" IMAGES_RESOLUTION="140" INDEX_IN_DOC="79" SIZE="XLarge" NAME="JT Barrett passes through Big Ten for final time" ENTITY_TYPE="Article" ID="Ar01200"/>
				<Entity FIRST_TOC_ENTRY_ID="82" DEPTH_LEVEL="1" PAGE_NO="12" HREF="/12/Ar01201" WORDCNT="528" IMAGES_RESOLUTION="140" INDEX_IN_DOC="82" SIZE="Large" NAME="The Ohio State Buckeyes" ENTITY_TYPE="Article" ID="Ar01201"/>
				<Entity FIRST_TOC_ENTRY_ID="80" DEPTH_LEVEL="2" PAGE_NO="12" LOGICAL_NAME="true" HREF="/12/Pc01202" WORDCNT="0" IMAGES_RESOLUTION="140" INDEX_IN_DOC="80" SIZE="Medium" EMBEDDED_AFTER="Ar0120000" EMBEDDED_BELOW="1" EMBEDDED_INTO="Ar01200" NAME="" ENTITY_TYPE="Picture" ID="Pc01202">
					<Image EXT="jpg" H="568" W="556" ID="Pc0120200"/>
				</Entity>
				<Entity FIRST_TOC_ENTRY_ID="83" DEPTH_LEVEL="2" PAGE_NO="12" LOGICAL_NAME="true" HREF="/12/Pc01203" WORDCNT="0" IMAGES_RESOLUTION="140" INDEX_IN_DOC="83" SIZE="Medium" EMBEDDED_AFTER="Ar0120100" EMBEDDED_BELOW="1" EMBEDDED_INTO="Ar01201" NAME="" ENTITY_TYPE="Picture" ID="Pc01203">
					<Image EXT="jpg" H="491" W="699" ID="Pc0120300"/>
				</Entity>
				<Entity FIRST_TOC_ENTRY_ID="81" DEPTH_LEVEL="2" PAGE_NO="12" LOGICAL_NAME="true" HREF="/12/Pc01204" WORDCNT="0" IMAGES_RESOLUTION="140" INDEX_IN_DOC="81" SIZE="Small" EMBEDDED_AFTER="Ar0120000" EMBEDDED_BELOW="1" EMBEDDED_INTO="Ar01200" NAME="" ENTITY_TYPE="Picture" ID="Pc01204">
					<Image EXT="jpg" H="71" W="288" ID="Pc0120400"/>
				</Entity>
				<Entity FIRST_TOC_ENTRY_ID="84" DEPTH_LEVEL="2" PAGE_NO="12" LOGICAL_NAME="true" HREF="/12/Pc01205" WORDCNT="0" IMAGES_RESOLUTION="140" INDEX_IN_DOC="84" SIZE="Small" EMBEDDED_AFTER="Ar0120100" EMBEDDED_BELOW="1" EMBEDDED_INTO="Ar01201" NAME="" ENTITY_TYPE="Picture" ID="Pc01205">
					<Image EXT="jpg" H="78" W="357" ID="Pc0120500"/>
				</Entity>
				<Entity FIRST_TOC_ENTRY_ID="85" DEPTH_LEVEL="2" PAGE_NO="12" LOGICAL_NAME="true" HREF="/12/Pc01206" WORDCNT="0" IMAGES_RESOLUTION="140" INDEX_IN_DOC="85" SIZE="Small" EMBEDDED_AFTER="Ar0120100" EMBEDDED_BELOW="1" EMBEDDED_INTO="Ar01201" NAME="" ENTITY_TYPE="Picture" ID="Pc01206">
					<Image EXT="jpg" H="48" W="357" ID="Pc0120600"/>
				</Entity>
				<Entity FIRST_TOC_ENTRY_ID="86" DEPTH_LEVEL="2" PAGE_NO="12" LOGICAL_NAME="true" HREF="/12/Pc01207" WORDCNT="0" IMAGES_RESOLUTION="140" INDEX_IN_DOC="86" SIZE="Small" EMBEDDED_AFTER="Ar0120100" EMBEDDED_BELOW="1" EMBEDDED_INTO="Ar01201" NAME="" ENTITY_TYPE="Picture" ID="Pc01207">
					<Image EXT="jpg" H="144" W="352" ID="Pc0120700"/>
				</Entity>
			</Page>
		</Section>
	</Body_np>
	<Logic_np><TOC_Entries><TOC_Entry TOC_ENTRY_ID="1" TITLE="" ENTITY_ID_REF="Ad00105" PAGE_NO="1" PAGE_LABEL="1" PRIM_ID_REF="Ad0010501" IS_IC="true"/><TOC_Entry TOC_ENTRY_ID="2" TITLE="PREDICTIONS" ENTITY_ID_REF="Ar00106" PAGE_NO="1" PAGE_LABEL="1" PRIM_ID_REF="Ar0010600" IS_IC="true"><TOC_Entry TOC_ENTRY_ID="3" TITLE="" ENTITY_ID_REF="Pc00108" PAGE_NO="1" PAGE_LABEL="1" PRIM_ID_REF="Pc0010800" IS_IC="true"/></TOC_Entry><TOC_Entry TOC_ENTRY_ID="4" TITLE="JT BARRETT" ENTITY_ID_REF="Ar00107" PAGE_NO="1" PAGE_LABEL="1" PRIM_ID_REF="Ar0010700" IS_IC="true"/><TOC_Entry TOC_ENTRY_ID="5" TITLE="RIVALRY REDEFINED" ENTITY_ID_REF="Ar00100" PAGE_NO="1" PAGE_LABEL="1" PRIM_ID_REF="Ar0010000" IS_IC="true"><TOC_Entry TOC_ENTRY_ID="6" TITLE="" ENTITY_ID_REF="Pc00102" PAGE_NO="1" PAGE_LABEL="1" PRIM_ID_REF="Pc0010200" IS_IC="true"/><TOC_Entry TOC_ENTRY_ID="7" TITLE="" ENTITY_ID_REF="Pc00104" PAGE_NO="1" PAGE_LABEL="1" PRIM_ID_REF="Pc0010400" IS_IC="true"/></TOC_Entry><TOC_Entry TOC_ENTRY_ID="8" TITLE="Freshman J.K. Dobbins prepares for first run through Big Ten" ENTITY_ID_REF="Ar00101" PAGE_NO="1" PAGE_LABEL="1" PRIM_ID_REF="Ar0010100" IS_IC="true"><TOC_Entry TOC_ENTRY_ID="9" TITLE="" ENTITY_ID_REF="Pc00103" PAGE_NO="1" PAGE_LABEL="1" PRIM_ID_REF="Pc0010300" IS_IC="true"/></TOC_Entry><TOC_Entry TOC_ENTRY_ID="10" TITLE="DOBBINS" ENTITY_ID_REF="Ar00201" PAGE_NO="2" PAGE_LABEL="2" PRIM_ID_REF="Ar0020100"><TOC_Entry TOC_ENTRY_ID="11" TITLE="" ENTITY_ID_REF="Pc00203" PAGE_NO="2" PAGE_LABEL="2" PRIM_ID_REF="Pc0020300" IS_IC="true"/><TOC_Entry TOC_ENTRY_ID="12" TITLE="" ENTITY_ID_REF="Pc00204" PAGE_NO="2" PAGE_LABEL="2" PRIM_ID_REF="Pc0020400" IS_IC="true"/></TOC_Entry><TOC_Entry TOC_ENTRY_ID="13" TITLE="Roundtable: 4 writers weigh in on Big Ten" ENTITY_ID_REF="Ar00200" PAGE_NO="2" PAGE_LABEL="2" PRIM_ID_REF="Ar0020000" IS_IC="true"/><TOC_Entry TOC_ENTRY_ID="14" TITLE="" ENTITY_ID_REF="Ad00202" PAGE_NO="2" PAGE_LABEL="2" PRIM_ID_REF="Ad0020201" IS_IC="true"/><TOC_Entry TOC_ENTRY_ID="15" TITLE="" ENTITY_ID_REF="Ar00206" PAGE_NO="2" PAGE_LABEL="2" PRIM_ID_REF="Ar0020600" IS_IC="true"/><TOC_Entry TOC_ENTRY_ID="16" TITLE="" ENTITY_ID_REF="Ad00205" PAGE_NO="2" PAGE_LABEL="2" PRIM_ID_REF="Ad0020501" IS_IC="true"/><TOC_Entry TOC_ENTRY_ID="17" TITLE="FOLLOW US" ENTITY_ID_REF="Ar00207" PAGE_NO="2" PAGE_LABEL="2" PRIM_ID_REF="Ar0020700" IS_IC="true"/><TOC_Entry TOC_ENTRY_ID="18" TITLE="Who will be in the Big Ten Championship?" ENTITY_ID_REF="Ar00209" PAGE_NO="2" PAGE_LABEL="2" PRIM_ID_REF="Ar0020900" IS_IC="true"/><TOC_Entry TOC_ENTRY_ID="19" TITLE="Letters to the Editor" ENTITY_ID_REF="Ar00208" PAGE_NO="2" PAGE_LABEL="2" PRIM_ID_REF="Ar0020800" IS_IC="true"/><TOC_Entry TOC_ENTRY_ID="20" TITLE="Corrections" ENTITY_ID_REF="Ar00210" PAGE_NO="2" PAGE_LABEL="2" PRIM_ID_REF="Ar0021000" IS_IC="true"/><TOC_Entry TOC_ENTRY_ID="21" TITLE="Iowa Hawkeyes" ENTITY_ID_REF="Ar00306" PAGE_NO="3" PAGE_LABEL="3" PRIM_ID_REF="Ar0030600" IS_IC="true"><TOC_Entry TOC_ENTRY_ID="22" TITLE="" ENTITY_ID_REF="Pc00302" PAGE_NO="3" PAGE_LABEL="3" PRIM_ID_REF="Pc0030200" IS_IC="true"/><TOC_Entry TOC_ENTRY_ID="23" TITLE="" ENTITY_ID_REF="Pc00305" PAGE_NO="3" PAGE_LABEL="3" PRIM_ID_REF="Pc0030500" IS_IC="true"/></TOC_Entry><TOC_Entry TOC_ENTRY_ID="24" TITLE="Minnesota Golden Gophers" ENTITY_ID_REF="Ar00300" PAGE_NO="3" PAGE_LABEL="3" PRIM_ID_REF="Ar0030000" IS_IC="true"><TOC_Entry TOC_ENTRY_ID="25" TITLE="" ENTITY_ID_REF="Pc00303" PAGE_NO="3" PAGE_LABEL="3" PRIM_ID_REF="Pc0030300" IS_IC="true"/><TOC_Entry TOC_ENTRY_ID="26" TITLE="" ENTITY_ID_REF="Pc00307" PAGE_NO="3" PAGE_LABEL="3" PRIM_ID_REF="Pc0030700" IS_IC="true"/></TOC_Entry><TOC_Entry TOC_ENTRY_ID="27" TITLE="Illinois Fighting Illini" ENTITY_ID_REF="Ar00301" PAGE_NO="3" PAGE_LABEL="3" PRIM_ID_REF="Ar0030100" IS_IC="true"><TOC_Entry TOC_ENTRY_ID="28" TITLE="" ENTITY_ID_REF="Pc00304" PAGE_NO="3" PAGE_LABEL="3" PRIM_ID_REF="Pc0030400" IS_IC="true"/><TOC_Entry TOC_ENTRY_ID="29" TITLE="" ENTITY_ID_REF="Pc00308" PAGE_NO="3" PAGE_LABEL="3" PRIM_ID_REF="Pc0030800" IS_IC="true"/></TOC_Entry><TOC_Entry TOC_ENTRY_ID="30" TITLE="Nebraska Cornhuskers" ENTITY_ID_REF="Ar00400" PAGE_NO="4" PAGE_LABEL="4" PRIM_ID_REF="Ar0040000" IS_IC="true"><TOC_Entry TOC_ENTRY_ID="31" TITLE="" ENTITY_ID_REF="Pc00401" PAGE_NO="4" PAGE_LABEL="4" PRIM_ID_REF="Pc0040100" IS_IC="true"/><TOC_Entry TOC_ENTRY_ID="32" TITLE="" ENTITY_ID_REF="Pc00402" PAGE_NO="4" PAGE_LABEL="4" PRIM_ID_REF="Pc0040200" IS_IC="true"/><TOC_Entry TOC_ENTRY_ID="33" TITLE="" ENTITY_ID_REF="Pc00404" PAGE_NO="4" PAGE_LABEL="4" PRIM_ID_REF="Pc0040400" IS_IC="true"/><TOC_Entry TOC_ENTRY_ID="34" TITLE="" ENTITY_ID_REF="Pc00405" PAGE_NO="4" PAGE_LABEL="4" PRIM_ID_REF="Pc0040500" IS_IC="true"/></TOC_Entry><TOC_Entry TOC_ENTRY_ID="35" TITLE="Northwestern Wildcats" ENTITY_ID_REF="Ar00406" PAGE_NO="4" PAGE_LABEL="4" PRIM_ID_REF="Ar0040600" IS_IC="true"><TOC_Entry TOC_ENTRY_ID="36" TITLE="" ENTITY_ID_REF="Pc00403" PAGE_NO="4" PAGE_LABEL="4" PRIM_ID_REF="Pc0040300" IS_IC="true"/><TOC_Entry TOC_ENTRY_ID="37" TITLE="" ENTITY_ID_REF="Pc00407" PAGE_NO="4" PAGE_LABEL="4" PRIM_ID_REF="Pc0040700" IS_IC="true"/></TOC_Entry><TOC_Entry TOC_ENTRY_ID="38" TITLE="Who do you think will be the coach of the year?" ENTITY_ID_REF="Ar00408" PAGE_NO="4" PAGE_LABEL="4" PRIM_ID_REF="Ar0040800" IS_IC="true"/><TOC_Entry TOC_ENTRY_ID="39" TITLE="" ENTITY_ID_REF="Ad00501" PAGE_NO="5" PAGE_LABEL="5" PRIM_ID_REF="Ad0050101" IS_IC="true"/><TOC_Entry TOC_ENTRY_ID="40" TITLE="ROOKIE" ENTITY_ID_REF="Ar00500" PAGE_NO="5" PAGE_LABEL="5" PRIM_ID_REF="Ar0050000" IS_IC="true"/><TOC_Entry TOC_ENTRY_ID="41" TITLE="Purdue Boilermakers" ENTITY_ID_REF="Ar00600" PAGE_NO="6" PAGE_LABEL="6" PRIM_ID_REF="Ar0060000" IS_IC="true"><TOC_Entry TOC_ENTRY_ID="42" TITLE="" ENTITY_ID_REF="Pc00601" PAGE_NO="6" PAGE_LABEL="6" PRIM_ID_REF="Pc0060100" IS_IC="true"/><TOC_Entry TOC_ENTRY_ID="43" TITLE="" ENTITY_ID_REF="Pc00602" PAGE_NO="6" PAGE_LABEL="6" PRIM_ID_REF="Pc0060200" IS_IC="true"/><TOC_Entry TOC_ENTRY_ID="44" TITLE="" ENTITY_ID_REF="Pc00603" PAGE_NO="6" PAGE_LABEL="6" PRIM_ID_REF="Pc0060300" IS_IC="true"/></TOC_Entry><TOC_Entry TOC_ENTRY_ID="45" TITLE="Buckeye Football 2017 Schedule" ENTITY_ID_REF="Ar00604" PAGE_NO="6" PAGE_LABEL="6" PRIM_ID_REF="Ar0060400" IS_IC="true"/><TOC_Entry TOC_ENTRY_ID="46" TITLE="" ENTITY_ID_REF="Ad00605" PAGE_NO="6" PAGE_LABEL="6" PRIM_ID_REF="Ad0060501" IS_IC="true"/><TOC_Entry TOC_ENTRY_ID="47" TITLE="Indiana Hoosiers" ENTITY_ID_REF="Ar00700" PAGE_NO="7" PAGE_LABEL="7" PRIM_ID_REF="Ar0070000" IS_IC="true"><TOC_Entry TOC_ENTRY_ID="48" TITLE="" ENTITY_ID_REF="Pc00702" PAGE_NO="7" PAGE_LABEL="7" PRIM_ID_REF="Pc0070200" IS_IC="true"/><TOC_Entry TOC_ENTRY_ID="49" TITLE="" ENTITY_ID_REF="Pc00704" PAGE_NO="7" PAGE_LABEL="7" PRIM_ID_REF="Pc0070400" IS_IC="true"/></TOC_Entry><TOC_Entry TOC_ENTRY_ID="50" TITLE="Wisconsin Badgers" ENTITY_ID_REF="Ar00705" PAGE_NO="7" PAGE_LABEL="7" PRIM_ID_REF="Ar0070500" IS_IC="true"><TOC_Entry TOC_ENTRY_ID="51" TITLE="" ENTITY_ID_REF="Pc00703" PAGE_NO="7" PAGE_LABEL="7" PRIM_ID_REF="Pc0070300" IS_IC="true"/><TOC_Entry TOC_ENTRY_ID="52" TITLE="" ENTITY_ID_REF="Pc00706" PAGE_NO="7" PAGE_LABEL="7" PRIM_ID_REF="Pc0070600" IS_IC="true"/></TOC_Entry><TOC_Entry TOC_ENTRY_ID="53" TITLE="Who do you think will be the offensive player of the year?" ENTITY_ID_REF="Ar00701" PAGE_NO="7" PAGE_LABEL="7" PRIM_ID_REF="Ar0070100" IS_IC="true"/><TOC_Entry TOC_ENTRY_ID="54" TITLE="" ENTITY_ID_REF="Ad00800" PAGE_NO="8" PAGE_LABEL="8" PRIM_ID_REF="Ad0080001" IS_IC="true"/><TOC_Entry TOC_ENTRY_ID="55" TITLE="Rutgers Scarlet Knights" ENTITY_ID_REF="Ar00908" PAGE_NO="9" PAGE_LABEL="9" PRIM_ID_REF="Ar0090800" IS_IC="true"><TOC_Entry TOC_ENTRY_ID="56" TITLE="" ENTITY_ID_REF="Pc00902" PAGE_NO="9" PAGE_LABEL="9" PRIM_ID_REF="Pc0090200" IS_IC="true"/><TOC_Entry TOC_ENTRY_ID="57" TITLE="" ENTITY_ID_REF="Pc00903" PAGE_NO="9" PAGE_LABEL="9" PRIM_ID_REF="Pc0090300" IS_IC="true"/><TOC_Entry TOC_ENTRY_ID="58" TITLE="" ENTITY_ID_REF="Pc00905" PAGE_NO="9" PAGE_LABEL="9" PRIM_ID_REF="Pc0090500" IS_IC="true"/></TOC_Entry><TOC_Entry TOC_ENTRY_ID="59" TITLE="Maryland Terrapins" ENTITY_ID_REF="Ar00900" PAGE_NO="9" PAGE_LABEL="9" PRIM_ID_REF="Ar0090000" IS_IC="true"><TOC_Entry TOC_ENTRY_ID="60" TITLE="" ENTITY_ID_REF="Pc00904" PAGE_NO="9" PAGE_LABEL="9" PRIM_ID_REF="Pc0090400" IS_IC="true"/><TOC_Entry TOC_ENTRY_ID="61" TITLE="" ENTITY_ID_REF="Pc00906" PAGE_NO="9" PAGE_LABEL="9" PRIM_ID_REF="Pc0090600" IS_IC="true"/><TOC_Entry TOC_ENTRY_ID="62" TITLE="" ENTITY_ID_REF="Pc00907" PAGE_NO="9" PAGE_LABEL="9" PRIM_ID_REF="Pc0090700" IS_IC="true"/></TOC_Entry><TOC_Entry TOC_ENTRY_ID="63" TITLE="Who do you think will be the defensive player of the year?" ENTITY_ID_REF="Ar00901" PAGE_NO="9" PAGE_LABEL="9" PRIM_ID_REF="Ar0090100" IS_IC="true"/><TOC_Entry TOC_ENTRY_ID="64" TITLE="Penn State Nittany Lions" ENTITY_ID_REF="Ar01004" PAGE_NO="10" PAGE_LABEL="10" PRIM_ID_REF="Ar0100400" IS_IC="true"><TOC_Entry TOC_ENTRY_ID="65" TITLE="" ENTITY_ID_REF="Pc01001" PAGE_NO="10" PAGE_LABEL="10" PRIM_ID_REF="Pc0100100" IS_IC="true"/><TOC_Entry TOC_ENTRY_ID="66" TITLE="" ENTITY_ID_REF="Pc01005" PAGE_NO="10" PAGE_LABEL="10" PRIM_ID_REF="Pc0100500" IS_IC="true"/></TOC_Entry><TOC_Entry TOC_ENTRY_ID="67" TITLE="Michigan State Spartans" ENTITY_ID_REF="Ar01000" PAGE_NO="10" PAGE_LABEL="10" PRIM_ID_REF="Ar0100000" IS_IC="true"><TOC_Entry TOC_ENTRY_ID="68" TITLE="" ENTITY_ID_REF="Pc01002" PAGE_NO="10" PAGE_LABEL="10" PRIM_ID_REF="Pc0100200" IS_IC="true"/><TOC_Entry TOC_ENTRY_ID="69" TITLE="" ENTITY_ID_REF="Pc01003" PAGE_NO="10" PAGE_LABEL="10" PRIM_ID_REF="Pc0100300" IS_IC="true"/><TOC_Entry TOC_ENTRY_ID="70" TITLE="" ENTITY_ID_REF="Pc01006" PAGE_NO="10" PAGE_LABEL="10" PRIM_ID_REF="Pc0100600" IS_IC="true"/></TOC_Entry><TOC_Entry TOC_ENTRY_ID="71" TITLE="Michigan Wolverines" ENTITY_ID_REF="Ar01100" PAGE_NO="11" PAGE_LABEL="11" PRIM_ID_REF="Ar0110000" IS_IC="true"><TOC_Entry TOC_ENTRY_ID="72" TITLE="" ENTITY_ID_REF="Pc01102" PAGE_NO="11" PAGE_LABEL="11" PRIM_ID_REF="Pc0110200" IS_IC="true"/><TOC_Entry TOC_ENTRY_ID="73" TITLE="" ENTITY_ID_REF="Pc01105" PAGE_NO="11" PAGE_LABEL="11" PRIM_ID_REF="Pc0110500" IS_IC="true"/></TOC_Entry><TOC_Entry TOC_ENTRY_ID="74" TITLE="Ohio State seeks redemption against Penn State" ENTITY_ID_REF="Ar01101" PAGE_NO="11" PAGE_LABEL="11" PRIM_ID_REF="Ar0110100" IS_IC="true"><TOC_Entry TOC_ENTRY_ID="75" TITLE="" ENTITY_ID_REF="Pc01103" PAGE_NO="11" PAGE_LABEL="11" PRIM_ID_REF="Pc0110300" IS_IC="true"/><TOC_Entry TOC_ENTRY_ID="76" TITLE="" ENTITY_ID_REF="Pc01106" PAGE_NO="11" PAGE_LABEL="11" PRIM_ID_REF="Pc0110600" IS_IC="true"/></TOC_Entry><TOC_Entry TOC_ENTRY_ID="77" TITLE="Puzzles Answer Key for Sept. 12:" ENTITY_ID_REF="Ar01107" PAGE_NO="11" PAGE_LABEL="11" PRIM_ID_REF="Ar0110700" IS_IC="true"><TOC_Entry TOC_ENTRY_ID="78" TITLE="" ENTITY_ID_REF="Pc01104" PAGE_NO="11" PAGE_LABEL="11" PRIM_ID_REF="Pc0110400" IS_IC="true"/></TOC_Entry><TOC_Entry TOC_ENTRY_ID="79" TITLE="JT Barrett passes through Big Ten for final time" ENTITY_ID_REF="Ar01200" PAGE_NO="12" PAGE_LABEL="12" PRIM_ID_REF="Ar0120000" IS_IC="true"><TOC_Entry TOC_ENTRY_ID="80" TITLE="" ENTITY_ID_REF="Pc01202" PAGE_NO="12" PAGE_LABEL="12" PRIM_ID_REF="Pc0120200" IS_IC="true"/><TOC_Entry TOC_ENTRY_ID="81" TITLE="" ENTITY_ID_REF="Pc01204" PAGE_NO="12" PAGE_LABEL="12" PRIM_ID_REF="Pc0120400" IS_IC="true"/></TOC_Entry><TOC_Entry TOC_ENTRY_ID="82" TITLE="The Ohio State Buckeyes" ENTITY_ID_REF="Ar01201" PAGE_NO="12" PAGE_LABEL="12" PRIM_ID_REF="Ar0120100" IS_IC="true"><TOC_Entry TOC_ENTRY_ID="83" TITLE="" ENTITY_ID_REF="Pc01203" PAGE_NO="12" PAGE_LABEL="12" PRIM_ID_REF="Pc0120300" IS_IC="true"/><TOC_Entry TOC_ENTRY_ID="84" TITLE="" ENTITY_ID_REF="Pc01205" PAGE_NO="12" PAGE_LABEL="12" PRIM_ID_REF="Pc0120500" IS_IC="true"/><TOC_Entry TOC_ENTRY_ID="85" TITLE="" ENTITY_ID_REF="Pc01206" PAGE_NO="12" PAGE_LABEL="12" PRIM_ID_REF="Pc0120600" IS_IC="true"/><TOC_Entry TOC_ENTRY_ID="86" TITLE="" ENTITY_ID_REF="Pc01207" PAGE_NO="12" PAGE_LABEL="12" PRIM_ID_REF="Pc0120700" IS_IC="true"/></TOC_Entry></TOC_Entries></Logic_np></Xmd_toc>
