<x:xmpmeta xmlns:x="adobe:ns:meta/" x:xmptk="Adobe XMP Core 5.4-c005 78.147326, 2012/08/23-13:03:03        ">
	<rdf:RDF xmlns:rdf="http://www.w3.org/1999/02/22-rdf-syntax-ns#">
		<rdf:Description rdf:about="" xmlns:xmp="http://ns.adobe.com/xap/1.0/" xmlns:dc="http://purl.org/dc/elements/1.1/" xmlns:xmpMM="http://ns.adobe.com/xap/1.0/mm/" xmlns:pdf="http://ns.adobe.com/pdf/1.3/" xmlns:pdfx="http://ns.adobe.com/pdfx/1.3/" xmlns:Olv="Olive" xmp:ModifyDate="2019-08-31T10:52:43+05:30" xmp:CreateDate="2017-01-25T21:49:38-05:00" xmp:MetadataDate="2019-08-31T10:52:43+05:30" xmp:CreatorTool="Adobe InDesign CC 2015 (Macintosh)" dc:format="application/pdf" xmpMM:DocumentID="uuid:f0d09b53-ae7c-cd4c-8245-37bdfc4f5a86" xmpMM:InstanceID="uuid:3823a323-c5fb-4bb9-8e3a-a53cc4b83b71" pdf:Producer="Adobe PDF Library 15.0" pdfx:OLV0_XMD_PAGE_COUNT="8" Olv:publication="OHI" Olv:issue_date="2017/ 1/26">
			<Olv:TimeTrack>
				<rdf:Seq>
					<rdf:li>
						<rdf:Description Olv:GUID="{CCCA67E6-0FB6-45A6-A733-8FF716379D65}" Olv:Status="Succeeded" Olv:File="060-OHI-2017-01-26-0001.pdf" Olv:Pages="8" Olv:Comp="SEG06" Olv:User="pipex" Olv:Start="2019-08-06T13:23:30+05:30" Olv:End="2019-08-06T13:23:46+05:30" Olv:TotalTime="00:00:16" Olv:IdleTime="00:00:00">
							<Olv:Operations>
								<rdf:Bag>
									<rdf:li>Auto Segmentation</rdf:li>
									<rdf:li>First session</rdf:li>
								</rdf:Bag>
							</Olv:Operations>
						</rdf:Description>
					</rdf:li>
					<rdf:li>
						<rdf:Description Olv:GUID="{84475600-7722-4A69-A80A-0BA29BC4C56A}" Olv:Status="None" Olv:File="060-OHI-2017-01-26-0001.pdf" Olv:Pages="8" Olv:Comp="MDOPS-C18" Olv:User="001662" Olv:Start="2019-08-19T13:16:46+05:30" Olv:End="2019-08-19T14:27:16+05:30" Olv:TotalTime="01:10:30" Olv:IdleTime="00:11:38">
							<Olv:Operations>
								<rdf:Bag>
									<rdf:li>Edit Segmentation</rdf:li>
								</rdf:Bag>
							</Olv:Operations>
						</rdf:Description>
					</rdf:li>
					<rdf:li>
						<rdf:Description Olv:GUID="{9ED1C580-E4A3-44E4-97E8-7356472F5566}" Olv:Status="None" Olv:File="060-OHI-2017-01-26-0001.pdf" Olv:Pages="8" Olv:Comp="MDOPS-C2" Olv:User="001086" Olv:Start="2019-08-28T14:53:00+05:30" Olv:End="2019-08-28T14:57:55+05:30" Olv:TotalTime="00:04:55" Olv:IdleTime="00:00:00">
							<Olv:Operations>
								<rdf:Bag>
									<rdf:li>Edit Segmentation</rdf:li>
								</rdf:Bag>
							</Olv:Operations>
						</rdf:Description>
					</rdf:li>
					<rdf:li>
						<rdf:Description Olv:GUID="{DBC1AB8C-7E0D-45F2-AE34-EA5D6B35D961}" Olv:Status="Succeeded" Olv:File="060-OHI-2017-01-26-0001.pdf" Olv:Pages="8" Olv:Comp="SEG03" Olv:User="pipex" Olv:Start="2019-08-31T10:52:45+05:30" Olv:End="2019-08-31T10:53:45+05:30" Olv:TotalTime="00:01:00" Olv:IdleTime="00:01:00">
							<Olv:Operations>
								<rdf:Bag>
									<rdf:li>Output</rdf:li>
								</rdf:Bag>
							</Olv:Operations>
						</rdf:Description>
					</rdf:li>
				</rdf:Seq>
			</Olv:TimeTrack>
		</rdf:Description>
	</rdf:RDF>
</x:xmpmeta>
