<x:xmpmeta xmlns:x="adobe:ns:meta/" x:xmptk="Adobe XMP Core 5.4-c005 78.147326, 2012/08/23-13:03:03        ">
	<rdf:RDF xmlns:rdf="http://www.w3.org/1999/02/22-rdf-syntax-ns#">
		<rdf:Description rdf:about="" xmlns:xmp="http://ns.adobe.com/xap/1.0/" xmlns:dc="http://purl.org/dc/elements/1.1/" xmlns:xmpMM="http://ns.adobe.com/xap/1.0/mm/" xmlns:pdf="http://ns.adobe.com/pdf/1.3/" xmlns:pdfx="http://ns.adobe.com/pdfx/1.3/" xmlns:Olv="Olive" xmp:ModifyDate="2019-08-31T10:58:37+05:30" xmp:CreateDate="2017-02-27T21:48:20-05:00" xmp:MetadataDate="2019-08-31T10:58:37+05:30" xmp:CreatorTool="Acrobat 11.0.17" dc:format="application/pdf" xmpMM:DocumentID="uuid:7ce71c52-edae-ee42-aab9-e333e57dfffe" xmpMM:InstanceID="uuid:dadd5216-ce63-4c07-8027-75de02a22757" pdf:Producer="Adobe PDF Library 15.0" pdfx:OLV0_XMD_PAGE_COUNT="8" Olv:publication="OHI" Olv:issue_date="2017/ 2/28">
			<Olv:TimeTrack>
				<rdf:Seq>
					<rdf:li>
						<rdf:Description Olv:GUID="{A9F240B6-3DDD-4E7C-9A62-183FF7E52ED0}" Olv:Status="Succeeded" Olv:File="060-OHI-2017-02-28-0001.pdf" Olv:Pages="8" Olv:Comp="SEG03" Olv:User="pipex" Olv:Start="2019-08-06T13:23:53+05:30" Olv:End="2019-08-06T13:24:11+05:30" Olv:TotalTime="00:00:18" Olv:IdleTime="00:00:00">
							<Olv:Operations>
								<rdf:Bag>
									<rdf:li>Auto Segmentation</rdf:li>
									<rdf:li>First session</rdf:li>
								</rdf:Bag>
							</Olv:Operations>
						</rdf:Description>
					</rdf:li>
					<rdf:li>
						<rdf:Description Olv:GUID="{3ABD0A76-B707-4D9F-A095-225594887125}" Olv:Status="None" Olv:File="060-OHI-2017-02-28-0001.pdf" Olv:Pages="8" Olv:Comp="MDOPS-C14" Olv:User="001663" Olv:Start="2019-08-19T14:46:04+05:30" Olv:End="2019-08-19T15:15:44+05:30" Olv:TotalTime="00:29:40" Olv:IdleTime="00:00:00">
							<Olv:Operations>
								<rdf:Bag>
									<rdf:li>Edit Segmentation</rdf:li>
								</rdf:Bag>
							</Olv:Operations>
						</rdf:Description>
					</rdf:li>
					<rdf:li>
						<rdf:Description Olv:GUID="{A66CAE89-8006-40B6-BB7B-F00BEA83B854}" Olv:Status="None" Olv:File="060-OHI-2017-02-28-0001.pdf" Olv:Pages="8" Olv:Comp="MDOPS-C14" Olv:User="001663" Olv:Start="2019-08-19T15:16:22+05:30" Olv:End="2019-08-19T15:35:02+05:30" Olv:TotalTime="00:18:40" Olv:IdleTime="00:00:32">
							<Olv:Operations>
								<rdf:Bag>
									<rdf:li>Edit Segmentation</rdf:li>
								</rdf:Bag>
							</Olv:Operations>
						</rdf:Description>
					</rdf:li>
					<rdf:li>
						<rdf:Description Olv:GUID="{10EB9DFB-7B8F-458D-8435-28B85A911E9B}" Olv:Status="None" Olv:File="060-OHI-2017-02-28-0001.pdf" Olv:Pages="8" Olv:Comp="MDOPS-C14" Olv:User="001663" Olv:Start="2019-08-19T15:36:50+05:30" Olv:End="2019-08-19T16:39:04+05:30" Olv:TotalTime="01:02:14" Olv:IdleTime="00:17:22">
							<Olv:Operations>
								<rdf:Bag>
									<rdf:li>Edit Segmentation</rdf:li>
								</rdf:Bag>
							</Olv:Operations>
						</rdf:Description>
					</rdf:li>
					<rdf:li>
						<rdf:Description Olv:GUID="{52C270E2-F4D2-406B-B280-85F799F4B3E5}" Olv:Status="None" Olv:File="060-OHI-2017-02-28-0001.pdf" Olv:Pages="8" Olv:Comp="MDOPS-C09" Olv:User="001128" Olv:Start="2019-08-28T15:07:50+05:30" Olv:End="2019-08-28T15:17:57+05:30" Olv:TotalTime="00:10:07" Olv:IdleTime="00:00:38">
							<Olv:Operations>
								<rdf:Bag>
									<rdf:li>Edit Segmentation</rdf:li>
								</rdf:Bag>
							</Olv:Operations>
						</rdf:Description>
					</rdf:li>
					<rdf:li>
						<rdf:Description Olv:GUID="{CC336E33-1482-4BE7-A5E0-CAD5CF28F886}" Olv:Status="Succeeded" Olv:File="060-OHI-2017-02-28-0001.pdf" Olv:Pages="8" Olv:Comp="SEG07" Olv:User="pipex" Olv:Start="2019-08-31T10:58:38+05:30" Olv:End="2019-08-31T10:59:24+05:30" Olv:TotalTime="00:00:46" Olv:IdleTime="00:00:46">
							<Olv:Operations>
								<rdf:Bag>
									<rdf:li>Output</rdf:li>
								</rdf:Bag>
							</Olv:Operations>
						</rdf:Description>
					</rdf:li>
				</rdf:Seq>
			</Olv:TimeTrack>
		</rdf:Description>
	</rdf:RDF>
</x:xmpmeta>
