<x:xmpmeta xmlns:x="adobe:ns:meta/" x:xmptk="Adobe XMP Core 5.4-c005 78.147326, 2012/08/23-13:03:03        ">
	<rdf:RDF xmlns:rdf="http://www.w3.org/1999/02/22-rdf-syntax-ns#">
		<rdf:Description rdf:about="" xmlns:xmp="http://ns.adobe.com/xap/1.0/" xmlns:dc="http://purl.org/dc/elements/1.1/" xmlns:xmpMM="http://ns.adobe.com/xap/1.0/mm/" xmlns:pdf="http://ns.adobe.com/pdf/1.3/" xmlns:pdfx="http://ns.adobe.com/pdfx/1.3/" xmlns:Olv="Olive" xmp:ModifyDate="2019-08-31T09:55:24+05:30" xmp:CreateDate="2016-12-05T22:02:46-05:00" xmp:MetadataDate="2019-08-31T09:55:24+05:30" xmp:CreatorTool="Adobe InDesign CC 2015 (Macintosh)" dc:format="application/pdf" xmpMM:DocumentID="uuid:0513adf0-a5b2-1d48-94bc-4d507b52c8a7" xmpMM:InstanceID="uuid:127d826c-2d7d-4dfa-9251-d4de81ef7e7f" pdf:Producer="Adobe PDF Library 15.0" pdfx:OLV0_XMD_PAGE_COUNT="12" Olv:publication="OHI" Olv:issue_date="2016/12/ 6">
			<Olv:TimeTrack>
				<rdf:Seq>
					<rdf:li>
						<rdf:Description Olv:GUID="{CBC85A3E-700E-4A67-950F-0FE081697C2E}" Olv:Status="Succeeded" Olv:File="060-OHI-2016-12-06-0001.pdf" Olv:Pages="12" Olv:Comp="SEG04" Olv:User="pipex" Olv:Start="2019-08-06T13:19:32+05:30" Olv:End="2019-08-06T13:19:54+05:30" Olv:TotalTime="00:00:22" Olv:IdleTime="00:00:00">
							<Olv:Operations>
								<rdf:Bag>
									<rdf:li>Auto Segmentation</rdf:li>
									<rdf:li>First session</rdf:li>
								</rdf:Bag>
							</Olv:Operations>
						</rdf:Description>
					</rdf:li>
					<rdf:li>
						<rdf:Description Olv:GUID="{E39A2117-731E-4215-B16B-B1D4264DFCBF}" Olv:Status="None" Olv:File="060-OHI-2016-12-06-0001.pdf" Olv:Pages="12" Olv:Comp="MDOPS-C15" Olv:User="001660" Olv:Start="2019-08-19T11:47:53+05:30" Olv:End="2019-08-19T12:38:27+05:30" Olv:TotalTime="00:50:34" Olv:IdleTime="00:00:55">
							<Olv:Operations>
								<rdf:Bag>
									<rdf:li>Edit Segmentation</rdf:li>
								</rdf:Bag>
							</Olv:Operations>
						</rdf:Description>
					</rdf:li>
					<rdf:li>
						<rdf:Description Olv:GUID="{BE158A97-560D-41A0-9699-D9D076829F47}" Olv:Status="None" Olv:File="060-OHI-2016-12-06-0001.pdf" Olv:Pages="12" Olv:Comp="MDOPS-C07" Olv:User="000675" Olv:Start="2019-08-28T14:42:36+05:30" Olv:End="2019-08-28T14:55:19+05:30" Olv:TotalTime="00:12:43" Olv:IdleTime="00:09:45">
							<Olv:Operations>
								<rdf:Bag>
									<rdf:li>Edit Segmentation</rdf:li>
								</rdf:Bag>
							</Olv:Operations>
						</rdf:Description>
					</rdf:li>
					<rdf:li>
						<rdf:Description Olv:GUID="{5726911F-A862-4F5E-9BC1-43EFE5C47C9F}" Olv:Status="Succeeded" Olv:File="060-OHI-2016-12-06-0001.pdf" Olv:Pages="12" Olv:Comp="SEG03" Olv:User="pipex" Olv:Start="2019-08-31T09:55:25+05:30" Olv:End="2019-08-31T09:56:39+05:30" Olv:TotalTime="00:01:14" Olv:IdleTime="00:01:14">
							<Olv:Operations>
								<rdf:Bag>
									<rdf:li>Output</rdf:li>
								</rdf:Bag>
							</Olv:Operations>
						</rdf:Description>
					</rdf:li>
				</rdf:Seq>
			</Olv:TimeTrack>
		</rdf:Description>
	</rdf:RDF>
</x:xmpmeta>
