<x:xmpmeta xmlns:x="adobe:ns:meta/" x:xmptk="Adobe XMP Core 5.4-c005 78.147326, 2012/08/23-13:03:03        ">
	<rdf:RDF xmlns:rdf="http://www.w3.org/1999/02/22-rdf-syntax-ns#">
		<rdf:Description rdf:about="" xmlns:xmp="http://ns.adobe.com/xap/1.0/" xmlns:dc="http://purl.org/dc/elements/1.1/" xmlns:xmpMM="http://ns.adobe.com/xap/1.0/mm/" xmlns:pdf="http://ns.adobe.com/pdf/1.3/" xmlns:pdfx="http://ns.adobe.com/pdfx/1.3/" xmlns:Olv="Olive" xmp:ModifyDate="2019-08-31T14:19:58+05:30" xmp:CreateDate="2017-02-01T21:50:58-05:00" xmp:MetadataDate="2019-08-31T14:19:58+05:30" xmp:CreatorTool="Acrobat 11.0.17" dc:format="application/pdf" xmpMM:DocumentID="uuid:2a41903b-03a6-694b-9519-f286d830e8e7" xmpMM:InstanceID="uuid:ecfafcfc-c562-411a-93dd-42510b8714be" pdf:Producer="Adobe PDF Library 15.0" pdfx:OLV0_XMD_PAGE_COUNT="28" Olv:publication="OHI" Olv:issue_date="2017/ 2/ 2">
			<Olv:TimeTrack>
				<rdf:Seq>
					<rdf:li>
						<rdf:Description Olv:GUID="{05134800-2432-47DF-9AF1-F9B24C628255}" Olv:Status="Succeeded" Olv:File="060-OHI-2017-02-02-0001.pdf" Olv:Pages="28" Olv:Comp="SEG02" Olv:User="pipex" Olv:Start="2019-08-06T13:23:39+05:30" Olv:End="2019-08-06T13:24:02+05:30" Olv:TotalTime="00:00:23" Olv:IdleTime="00:00:00">
							<Olv:Operations>
								<rdf:Bag>
									<rdf:li>Auto Segmentation</rdf:li>
									<rdf:li>First session</rdf:li>
								</rdf:Bag>
							</Olv:Operations>
						</rdf:Description>
					</rdf:li>
					<rdf:li>
						<rdf:Description Olv:GUID="{15A53834-C25D-487E-9391-36CCBD9F744D}" Olv:Status="None" Olv:File="060-OHI-2017-02-02-0001.pdf" Olv:Pages="28" Olv:Comp="MDOPS-C16" Olv:User="001661" Olv:Start="2019-08-19T13:26:36+05:30" Olv:End="2019-08-19T15:30:32+05:30" Olv:TotalTime="02:03:56" Olv:IdleTime="00:13:23">
							<Olv:Operations>
								<rdf:Bag>
									<rdf:li>Edit Segmentation</rdf:li>
								</rdf:Bag>
							</Olv:Operations>
						</rdf:Description>
					</rdf:li>
					<rdf:li>
						<rdf:Description Olv:GUID="{8D863096-23ED-47DA-B860-640F17561F0A}" Olv:Status="None" Olv:File="060-OHI-2017-02-02-0001.pdf" Olv:Pages="27" Olv:Comp="MDOPS-C09" Olv:User="001128" Olv:Start="2019-08-28T14:53:19+05:30" Olv:End="2019-08-28T15:07:15+05:30" Olv:TotalTime="00:13:56" Olv:IdleTime="00:00:00">
							<Olv:Operations>
								<rdf:Bag>
									<rdf:li>Edit Segmentation</rdf:li>
								</rdf:Bag>
							</Olv:Operations>
						</rdf:Description>
					</rdf:li>
					<rdf:li>
						<rdf:Description Olv:GUID="{80EE89B9-B51E-4FB3-BD08-7D3CB124B2B5}" Olv:Status="Succeeded" Olv:File="060-OHI-2017-02-02-0001.pdf" Olv:Pages="27" Olv:Comp="CONTROLLER" Olv:User="pipex" Olv:Start="2019-08-31T14:20:00+05:30" Olv:End="2019-08-31T14:22:42+05:30" Olv:TotalTime="00:02:42" Olv:IdleTime="00:02:42">
							<Olv:Operations>
								<rdf:Bag>
									<rdf:li>Output</rdf:li>
								</rdf:Bag>
							</Olv:Operations>
						</rdf:Description>
					</rdf:li>
				</rdf:Seq>
			</Olv:TimeTrack>
		</rdf:Description>
	</rdf:RDF>
</x:xmpmeta>
