<?xml version="1.0" encoding="windows-1252" standalone="no"?>
<Xmd_toc REPOSITORY_FORMAT="1.0" PRXML_VER="2.5" PUBLICATION="OHI" PUBLICATION_DESCRIPTION="" ISSUE_DATE="06/12/2016" RELEASE_NO="060-OHI-2016-12-06-0001" LANGUAGE="English">
	<Head_np>
		<Meta SOURCE_RESOLUTION="72" PDF_DESTINATION_MAPPED="OLV0_Page_0001" TITLE_SNP_EXT="png" AD_SNP_EXT="png" IMAGE_SNP_EXT="jpg" IS_SOLID="false" DOC_DATE="06/12/2016" DOC_UID="OHI_06/12/2016" DOC_VER="1" TOTAL_CHARS_COUNT="69715" SUSPICIOUS_CHARS_COUNT="0" IS_CROSS_ORDERED="false" MULTI_LAYER_PAGE_IMG="true" DEFAULT_PREVIEW_IMG_EXT="png" DEFAULT_IMG_EXT="png" DEFAULT_PRIM_IMG_EXT="jpg" PAGE_PREVIEW_RESOLUTION="15" PAGE_THUMBNAIL_RESOLUTION="150" IMAGES_RESOLUTION="140" PAGES_NUMBER="12" SOURCE_TYPE="TIFF" BASE_HREF="OHI/2016/12/06">
			<Publisher XMD_VER="2.8.201.103" ACROBAT_VER="11.012" PUBLISHER="Olive" PROFILE_ID="OHI-2016-12-06.ini">
				<PublishDate>Sat, 31 Aug 2019 04:26:39 UTC</PublishDate>
				<PublishSWFCompatible>false</PublishSWFCompatible>
			</Publisher>
			<Resolutions>
				<Resolution DEFAULT="true">150</Resolution>
			</Resolutions>
			<LayerResolutions>
				<Resolution GRAPHIC_IMG_EXT="jpg">110</Resolution>
				<Resolution GRAPHIC_IMG_EXT="jpg">140</Resolution>
			</LayerResolutions>
		</Meta>
		<Link SOURCE="060-OHI-2016-12-06-0001.pdf"/>
		<DataFiles>
			<Files TYPE="DOC_PDF" PRESENT="1"/>
			<Files TYPE="PAGE_PDF" PRESENT="0"/>
			<Files TYPE="DOC_IMG" PRESENT="0"/>
			<Files TYPE="PAGE_IMG" PRESENT="0"/>
			<Files TYPE="PAGE_VIEW_IMG" PRESENT="1"/>
			<Files TYPE="PAGE_LAYERS_IMG" PRESENT="1"/>
			<Files TYPE="PAGE_PREVIEW_IMG" PRESENT="1"/>
			<Files TYPE="PRIMITIVE_IMG" PRESENT="1"/>
			<Files TYPE="SNIPPET_IMG" PRESENT="1"/>
			<Files TYPE="SEGMENTATION" PRESENT="0"/>
			<Files TYPE="PAGINATION_TEMPLATE_BACKGROUND" PRESENT="0"/>
			<Files TYPE="EXTERNAL_FONTS" PRESENT="0"/>
			<Files TYPE="PROFILE" PRESENT="1"/>
			<Files TYPE="FOOTNOTES" PRESENT="0"/>
		</DataFiles>
	</Head_np>
	<Body_np>
		<Section NAME="Front Page">
			<Page ID="Pg001" CROP_BOX="0 0 1706 2549" MEDIA_BOX="0 0 1706 2549" HREF="/1/Pg001" TOTAL_CHARS_COUNT="4837" SUSPICIOUS_CHARS_COUNT="0" PAGE_HEIGHT="2550" PAGE_WIDTH="1707" PAGE_TYPE="Single" PAGE_LABEL="1" PAGE_NO="1">
				<Entity FIRST_TOC_ENTRY_ID="4" DEPTH_LEVEL="1" PAGE_NO="1" HREF="/1/Ar00100" WORDCNT="513" IMAGES_RESOLUTION="140" INDEX_IN_DOC="4" SIZE="Large" CONTINUATION_TO="Ar00204" NAME="OSU trails peers in ratio of police officers to students" ENTITY_TYPE="Article" ID="Ar00100"/>
				<Entity FIRST_TOC_ENTRY_ID="16" DEPTH_LEVEL="1" PAGE_NO="1" HREF="/1/Ar00101" WORDCNT="215" IMAGES_RESOLUTION="140" INDEX_IN_DOC="16" SIZE="Medium" CONTINUATION_TO="Ar00203" NAME="USG moves to approve new voting system" ENTITY_TYPE="Article" ID="Ar00101"/>
				<Entity FIRST_TOC_ENTRY_ID="11" DEPTH_LEVEL="1" PAGE_NO="1" HREF="/1/Ar00102" WORDCNT="204" IMAGES_RESOLUTION="140" INDEX_IN_DOC="11" SIZE="Medium" CONTINUATION_TO="Ar01100" NAME="Athletics overshadow academic incentives in coaching contracts" ENTITY_TYPE="Article" ID="Ar00102"/>
				<Entity FIRST_TOC_ENTRY_ID="19" DEPTH_LEVEL="1" PAGE_NO="1" HREF="/1/Ar00103" WORDCNT="57" IMAGES_RESOLUTION="140" INDEX_IN_DOC="19" SIZE="Small" NAME="Protesting for gun rights, group walks through campus carrying openly" ENTITY_TYPE="Article" ID="Ar00103"/>
				<Entity FIRST_TOC_ENTRY_ID="5" DEPTH_LEVEL="2" PAGE_NO="1" LOGICAL_NAME="true" HREF="/1/Pc00104" WORDCNT="0" IMAGES_RESOLUTION="140" INDEX_IN_DOC="5" SIZE="Medium" EMBEDDED_AFTER="Ar0010000" EMBEDDED_BELOW="1" EMBEDDED_INTO="Ar00100" NAME="" ENTITY_TYPE="Picture" ID="Pc00104">
					<Image EXT="jpg" H="512" W="841" ID="Pc0010400"/>
				</Entity>
				<Entity FIRST_TOC_ENTRY_ID="12" DEPTH_LEVEL="2" PAGE_NO="1" LOGICAL_NAME="true" HREF="/1/Pc00105" WORDCNT="0" IMAGES_RESOLUTION="140" INDEX_IN_DOC="12" SIZE="Small" EMBEDDED_AFTER="Ar0010200" EMBEDDED_BELOW="1" EMBEDDED_INTO="Ar00102" NAME="" ENTITY_TYPE="Picture" ID="Pc00105">
					<Image EXT="jpg" H="331" W="553" ID="Pc0010500"/>
				</Entity>
				<Entity FIRST_TOC_ENTRY_ID="20" DEPTH_LEVEL="2" PAGE_NO="1" LOGICAL_NAME="true" HREF="/1/Pc00106" WORDCNT="0" IMAGES_RESOLUTION="140" INDEX_IN_DOC="20" SIZE="Small" EMBEDDED_AFTER="Ar0010300" EMBEDDED_BELOW="1" EMBEDDED_INTO="Ar00103" NAME="" ENTITY_TYPE="Picture" ID="Pc00106">
					<Image EXT="jpg" H="381" W="553" ID="Pc0010600"/>
				</Entity>
				<Entity FIRST_TOC_ENTRY_ID="1" DEPTH_LEVEL="1" PAGE_NO="1" HREF="/1/Ar00107" WORDCNT="21" IMAGES_RESOLUTION="140" INDEX_IN_DOC="1" SIZE="Small" NAME="STUDENT TRUSTEE" ENTITY_TYPE="Article" ID="Ar00107"/>
				<Entity FIRST_TOC_ENTRY_ID="2" DEPTH_LEVEL="1" PAGE_NO="1" HREF="/1/Ar00108" WORDCNT="21" IMAGES_RESOLUTION="140" INDEX_IN_DOC="2" SIZE="Small" NAME="NEW DOCUMENTARY" ENTITY_TYPE="Article" ID="Ar00108"/>
				<Entity FIRST_TOC_ENTRY_ID="3" DEPTH_LEVEL="1" PAGE_NO="1" HREF="/1/Ar00109" WORDCNT="20" IMAGES_RESOLUTION="140" INDEX_IN_DOC="3" SIZE="Small" NAME="GUN LAW PROTESTS" ENTITY_TYPE="Article" ID="Ar00109"/>
				<Entity FIRST_TOC_ENTRY_ID="15" DEPTH_LEVEL="1" PAGE_NO="1" HREF="/1/Ar00110" WORDCNT="21" IMAGES_RESOLUTION="140" INDEX_IN_DOC="15" SIZE="Small" NAME="COMPARING QUARTERBACKS" ENTITY_TYPE="Article" ID="Ar00110"/>
			</Page>
			<Page ID="Pg002" CROP_BOX="0 0 1706 2549" MEDIA_BOX="0 0 1706 2549" HREF="/2/Pg002" TOTAL_CHARS_COUNT="6740" SUSPICIOUS_CHARS_COUNT="0" PAGE_HEIGHT="2550" PAGE_WIDTH="1707" PAGE_TYPE="Single" PAGE_LABEL="2" PAGE_NO="2">
				<Entity FIRST_TOC_ENTRY_ID="22" DEPTH_LEVEL="1" PAGE_NO="2" HREF="/2/Ar00200" WORDCNT="398" IMAGES_RESOLUTION="140" INDEX_IN_DOC="22" SIZE="Medium" CONTINUATION_TO="Ar00304" NAME="Student trustee looks back on term as applications for her replacement open" ENTITY_TYPE="Article" ID="Ar00200"/>
				<Entity FIRST_TOC_ENTRY_ID="18" DEPTH_LEVEL="2" PAGE_NO="2" LOGICAL_NAME="true" HREF="/2/Pc00201" WORDCNT="0" IMAGES_RESOLUTION="140" INDEX_IN_DOC="18" SIZE="Small" EMBEDDED_AFTER="Ar0020300" EMBEDDED_BELOW="1" EMBEDDED_RIGHT="1" EMBEDDED_INTO="Ar00203" NAME="" ENTITY_TYPE="Picture" ID="Pc00201">
					<Image EXT="jpg" H="325" W="553" ID="Pc0020100"/>
				</Entity>
				<Entity FIRST_TOC_ENTRY_ID="23" DEPTH_LEVEL="2" PAGE_NO="2" LOGICAL_NAME="true" HREF="/2/Pc00202" WORDCNT="0" IMAGES_RESOLUTION="140" INDEX_IN_DOC="23" SIZE="Small" EMBEDDED_AFTER="Ar0020000" EMBEDDED_BELOW="1" EMBEDDED_INTO="Ar00200" NAME="" ENTITY_TYPE="Picture" ID="Pc00202">
					<Image EXT="jpg" H="344" W="553" ID="Pc0020200"/>
				</Entity>
				<Entity FIRST_TOC_ENTRY_ID="17" DEPTH_LEVEL="1" PAGE_NO="2" HREF="/2/Ar00203" WORDCNT="622" IMAGES_RESOLUTION="140" INDEX_IN_DOC="17" SIZE="Large" CONTINUATION_FROM="Ar00101" NAME="USG" ENTITY_TYPE="Article" ID="Ar00203"/>
				<Entity FIRST_TOC_ENTRY_ID="6" DEPTH_LEVEL="1" PAGE_NO="2" HREF="/2/Ar00204" WORDCNT="468" IMAGES_RESOLUTION="140" INDEX_IN_DOC="6" SIZE="Medium" CONTINUATION_TO="Ar00301" CONTINUATION_FROM="Ar00100" NAME="POLICE" ENTITY_TYPE="Article" ID="Ar00204"/>
				<Entity FIRST_TOC_ENTRY_ID="25" DEPTH_LEVEL="1" PAGE_NO="2" LOGICAL_NAME="true" HREF="/2/Ad00205" WORDCNT="161" IMAGES_RESOLUTION="140" INDEX_IN_DOC="25" SIZE="Medium" NAME="" ENTITY_TYPE="Ad" ID="Ad00205">
					<Image H="662" W="555" ID="Ad0020501"/>
				</Entity>
				<Entity FIRST_TOC_ENTRY_ID="7" DEPTH_LEVEL="2" PAGE_NO="2" LOGICAL_NAME="true" HREF="/2/Pc00206" WORDCNT="0" IMAGES_RESOLUTION="140" INDEX_IN_DOC="7" SIZE="Small" EMBEDDED_AFTER="Ar0020400" EMBEDDED_BELOW="1" EMBEDDED_RIGHT="1" EMBEDDED_INTO="Ar00204" NAME="" ENTITY_TYPE="Picture" ID="Pc00206">
					<Image EXT="jpg" H="434" W="565" ID="Pc0020600"/>
				</Entity>
				<Entity FIRST_TOC_ENTRY_ID="21" DEPTH_LEVEL="1" PAGE_NO="2" HREF="/2/Ar00207" WORDCNT="26" IMAGES_RESOLUTION="140" INDEX_IN_DOC="21" SIZE="Small" NAME="LANTERN APP" ENTITY_TYPE="Article" ID="Ar00207"/>
			</Page>
			<Page ID="Pg003" CROP_BOX="0 0 1706 2549" MEDIA_BOX="0 0 1706 2549" HREF="/3/Pg003" TOTAL_CHARS_COUNT="8846" SUSPICIOUS_CHARS_COUNT="0" PAGE_HEIGHT="2550" PAGE_WIDTH="1707" PAGE_TYPE="Single" PAGE_LABEL="3" PAGE_NO="3">
				<Entity FIRST_TOC_ENTRY_ID="26" DEPTH_LEVEL="1" PAGE_NO="3" HREF="/3/Ar00300" WORDCNT="367" IMAGES_RESOLUTION="140" INDEX_IN_DOC="26" SIZE="Large" NAME="Open-carrying protesters campaign for gun rights" ENTITY_TYPE="Article" ID="Ar00300"/>
				<Entity FIRST_TOC_ENTRY_ID="8" DEPTH_LEVEL="1" PAGE_NO="3" HREF="/3/Ar00301" WORDCNT="1199" IMAGES_RESOLUTION="140" INDEX_IN_DOC="8" SIZE="XLarge" CONTINUATION_FROM="Ar00204" NAME="POLICE" ENTITY_TYPE="Article" ID="Ar00301"/>
				<Entity FIRST_TOC_ENTRY_ID="27" DEPTH_LEVEL="2" PAGE_NO="3" LOGICAL_NAME="true" HREF="/3/Pc00302" WORDCNT="0" IMAGES_RESOLUTION="140" INDEX_IN_DOC="27" SIZE="Small" EMBEDDED_AFTER="Ar0030000" EMBEDDED_BELOW="1" EMBEDDED_INTO="Ar00300" NAME="" ENTITY_TYPE="Picture" ID="Pc00302">
					<Image EXT="jpg" H="311" W="553" ID="Pc0030200"/>
				</Entity>
				<Entity FIRST_TOC_ENTRY_ID="9" DEPTH_LEVEL="2" PAGE_NO="3" LOGICAL_NAME="true" HREF="/3/Pc00303" WORDCNT="0" IMAGES_RESOLUTION="140" INDEX_IN_DOC="9" SIZE="Small" EMBEDDED_AFTER="Ar0030100" EMBEDDED_BELOW="1" EMBEDDED_RIGHT="1" EMBEDDED_INTO="Ar00301" NAME="" ENTITY_TYPE="Picture" ID="Pc00303">
					<Image EXT="jpg" H="375" W="553" ID="Pc0030300"/>
				</Entity>
				<Entity FIRST_TOC_ENTRY_ID="24" DEPTH_LEVEL="1" PAGE_NO="3" HREF="/3/Ar00304" WORDCNT="468" IMAGES_RESOLUTION="140" INDEX_IN_DOC="24" SIZE="Medium" CONTINUATION_FROM="Ar00200" NAME="TRUSTEE" ENTITY_TYPE="Article" ID="Ar00304"/>
				<Entity FIRST_TOC_ENTRY_ID="28" DEPTH_LEVEL="2" PAGE_NO="3" LOGICAL_NAME="true" HREF="/3/Pc00305" WORDCNT="0" IMAGES_RESOLUTION="140" INDEX_IN_DOC="28" SIZE="Small" EMBEDDED_AFTER="Ar0030000" EMBEDDED_BELOW="1" EMBEDDED_INTO="Ar00300" NAME="" ENTITY_TYPE="Picture" ID="Pc00305">
					<Image EXT="jpg" H="75" W="261" ID="Pc0030500"/>
				</Entity>
				<Entity FIRST_TOC_ENTRY_ID="10" DEPTH_LEVEL="2" PAGE_NO="3" LOGICAL_NAME="true" HREF="/3/Pc00306" WORDCNT="0" IMAGES_RESOLUTION="140" INDEX_IN_DOC="10" SIZE="Small" EMBEDDED_AFTER="Ar0030100" EMBEDDED_BELOW="1" EMBEDDED_RIGHT="1" EMBEDDED_INTO="Ar00301" NAME="" ENTITY_TYPE="Picture" ID="Pc00306">
					<Image EXT="jpg" H="46" W="263" ID="Pc0030600"/>
				</Entity>
			</Page>
			<Page ID="Pg004" CROP_BOX="0 0 1706 2549" MEDIA_BOX="0 0 1706 2549" HREF="/4/Pg004" TOTAL_CHARS_COUNT="5751" SUSPICIOUS_CHARS_COUNT="0" PAGE_HEIGHT="2550" PAGE_WIDTH="1707" PAGE_TYPE="Single" PAGE_LABEL="4" PAGE_NO="4">
				<Entity FIRST_TOC_ENTRY_ID="30" DEPTH_LEVEL="1" PAGE_NO="4" HREF="/4/Ar00400" WORDCNT="787" IMAGES_RESOLUTION="140" INDEX_IN_DOC="30" SIZE="Large" NAME="Path to same-sex marriage hits the screen" ENTITY_TYPE="Article" ID="Ar00400"/>
				<Entity FIRST_TOC_ENTRY_ID="33" DEPTH_LEVEL="1" PAGE_NO="4" HREF="/4/Ar00401" WORDCNT="540" IMAGES_RESOLUTION="140" INDEX_IN_DOC="33" SIZE="Large" NAME="Students explore media filtering" ENTITY_TYPE="Article" ID="Ar00401"/>
				<Entity FIRST_TOC_ENTRY_ID="31" DEPTH_LEVEL="2" PAGE_NO="4" LOGICAL_NAME="true" HREF="/4/Pc00402" WORDCNT="0" IMAGES_RESOLUTION="140" INDEX_IN_DOC="31" SIZE="Medium" EMBEDDED_AFTER="Ar0040000" EMBEDDED_BELOW="1" EMBEDDED_INTO="Ar00400" NAME="" ENTITY_TYPE="Picture" ID="Pc00402">
					<Image EXT="jpg" H="465" W="553" ID="Pc0040200"/>
					<Image H="0" W="0" ID="Pc0040201"/>
				</Entity>
				<Entity FIRST_TOC_ENTRY_ID="32" DEPTH_LEVEL="2" PAGE_NO="4" LOGICAL_NAME="true" HREF="/4/Pc00403" WORDCNT="0" IMAGES_RESOLUTION="140" INDEX_IN_DOC="32" SIZE="Small" EMBEDDED_AFTER="Ar0040000" EMBEDDED_BELOW="1" EMBEDDED_INTO="Ar00400" NAME="" ENTITY_TYPE="Picture" ID="Pc00403">
					<Image EXT="jpg" H="49" W="233" ID="Pc0040300"/>
				</Entity>
				<Entity FIRST_TOC_ENTRY_ID="37" DEPTH_LEVEL="1" PAGE_NO="4" LOGICAL_NAME="true" HREF="/4/Ad00404" WORDCNT="2" IMAGES_RESOLUTION="140" INDEX_IN_DOC="37" SIZE="Small" NAME="" ENTITY_TYPE="Ad" ID="Ad00404">
					<Image H="580" W="265" ID="Ad0040401"/>
				</Entity>
				<Entity FIRST_TOC_ENTRY_ID="34" DEPTH_LEVEL="2" PAGE_NO="4" LOGICAL_NAME="true" HREF="/4/Pc00405" WORDCNT="0" IMAGES_RESOLUTION="140" INDEX_IN_DOC="34" SIZE="Medium" EMBEDDED_AFTER="Ar0040100" EMBEDDED_BELOW="1" EMBEDDED_INTO="Ar00401" NAME="" ENTITY_TYPE="Picture" ID="Pc00405">
					<Image EXT="jpg" H="616" W="842" ID="Pc0040500"/>
				</Entity>
				<Entity FIRST_TOC_ENTRY_ID="35" DEPTH_LEVEL="2" PAGE_NO="4" LOGICAL_NAME="true" HREF="/4/Pc00406" WORDCNT="0" IMAGES_RESOLUTION="140" INDEX_IN_DOC="35" SIZE="Small" EMBEDDED_AFTER="Ar0040100" EMBEDDED_BELOW="1" EMBEDDED_INTO="Ar00401" NAME="" ENTITY_TYPE="Picture" ID="Pc00406">
					<Image EXT="jpg" H="69" W="266" ID="Pc0040600"/>
				</Entity>
				<Entity FIRST_TOC_ENTRY_ID="36" DEPTH_LEVEL="2" PAGE_NO="4" LOGICAL_NAME="true" HREF="/4/Pc00407" WORDCNT="0" IMAGES_RESOLUTION="140" INDEX_IN_DOC="36" SIZE="Small" EMBEDDED_AFTER="Ar0040100" EMBEDDED_BELOW="1" EMBEDDED_INTO="Ar00401" NAME="" ENTITY_TYPE="Picture" ID="Pc00407">
					<Image EXT="jpg" H="40" W="246" ID="Pc0040700"/>
				</Entity>
				<Entity FIRST_TOC_ENTRY_ID="29" DEPTH_LEVEL="1" PAGE_NO="4" HREF="/4/Ar00408" WORDCNT="20" IMAGES_RESOLUTION="140" INDEX_IN_DOC="29" SIZE="Small" NAME="POETRY" ENTITY_TYPE="Article" ID="Ar00408"/>
			</Page>
			<Page ID="Pg005" CROP_BOX="0 0 1706 2549" MEDIA_BOX="0 0 1706 2549" HREF="/5/Pg005" TOTAL_CHARS_COUNT="4090" SUSPICIOUS_CHARS_COUNT="0" PAGE_HEIGHT="2550" PAGE_WIDTH="1707" PAGE_TYPE="Single" PAGE_LABEL="5" PAGE_NO="5">
				<Entity FIRST_TOC_ENTRY_ID="38" DEPTH_LEVEL="1" PAGE_NO="5" HREF="/5/Ar00500" WORDCNT="955" IMAGES_RESOLUTION="140" INDEX_IN_DOC="38" SIZE="XLarge" NAME="Students to compete in national poetry competition" ENTITY_TYPE="Article" ID="Ar00500"/>
				<Entity FIRST_TOC_ENTRY_ID="39" DEPTH_LEVEL="2" PAGE_NO="5" LOGICAL_NAME="true" HREF="/5/Pc00501" WORDCNT="0" IMAGES_RESOLUTION="140" INDEX_IN_DOC="39" SIZE="Large" EMBEDDED_AFTER="Ar0050000" EMBEDDED_BELOW="1" EMBEDDED_INTO="Ar00500" NAME="" ENTITY_TYPE="Picture" ID="Pc00501">
					<Image EXT="jpg" H="685" W="1057" ID="Pc0050100"/>
				</Entity>
				<Entity FIRST_TOC_ENTRY_ID="41" DEPTH_LEVEL="1" PAGE_NO="5" LOGICAL_NAME="true" HREF="/5/Ad00502" WORDCNT="14" IMAGES_RESOLUTION="140" INDEX_IN_DOC="41" SIZE="Medium" NAME="" ENTITY_TYPE="Ad" ID="Ad00502">
					<Image H="410" W="707" ID="Ad0050201"/>
				</Entity>
				<Entity FIRST_TOC_ENTRY_ID="40" DEPTH_LEVEL="2" PAGE_NO="5" LOGICAL_NAME="true" HREF="/5/Pc00503" WORDCNT="0" IMAGES_RESOLUTION="140" INDEX_IN_DOC="40" SIZE="Small" EMBEDDED_AFTER="Ar0050000" EMBEDDED_BELOW="1" EMBEDDED_INTO="Ar00500" NAME="" ENTITY_TYPE="Picture" ID="Pc00503">
					<Image EXT="jpg" H="109" W="352" ID="Pc0050300"/>
				</Entity>
				<Entity FIRST_TOC_ENTRY_ID="42" DEPTH_LEVEL="1" PAGE_NO="5" LOGICAL_NAME="true" HREF="/5/Ad00504" WORDCNT="20" IMAGES_RESOLUTION="140" INDEX_IN_DOC="42" SIZE="Medium" NAME="" ENTITY_TYPE="Ad" ID="Ad00504">
					<Image H="411" W="707" ID="Ad0050401"/>
				</Entity>
				<Entity FIRST_TOC_ENTRY_ID="43" DEPTH_LEVEL="1" PAGE_NO="5" LOGICAL_NAME="true" HREF="/5/Ad00505" WORDCNT="71" IMAGES_RESOLUTION="140" INDEX_IN_DOC="43" SIZE="Medium" NAME="" ENTITY_TYPE="Ad" ID="Ad00505">
					<Image H="569" W="707" ID="Ad0050501"/>
				</Entity>
			</Page>
			<Page ID="Pg006" CROP_BOX="0 0 1706 2549" MEDIA_BOX="0 0 1706 2549" HREF="/6/Pg006" TOTAL_CHARS_COUNT="0" SUSPICIOUS_CHARS_COUNT="0" PAGE_HEIGHT="2550" PAGE_WIDTH="1707" PAGE_TYPE="Single" PAGE_LABEL="6" PAGE_NO="6">
				<Entity FIRST_TOC_ENTRY_ID="44" DEPTH_LEVEL="1" PAGE_NO="6" LOGICAL_NAME="true" HREF="/6/Ad00600" WORDCNT="78" IMAGES_RESOLUTION="140" INDEX_IN_DOC="44" SIZE="XLarge" NAME="" ENTITY_TYPE="Ad" ID="Ad00600">
					<Image H="2210" W="1424" ID="Ad0060001"/>
				</Entity>
			</Page>
			<Page ID="Pg007" CROP_BOX="0 0 1706 2549" MEDIA_BOX="0 0 1706 2549" HREF="/7/Pg007" TOTAL_CHARS_COUNT="2911" SUSPICIOUS_CHARS_COUNT="0" PAGE_HEIGHT="2550" PAGE_WIDTH="1707" PAGE_TYPE="Single" PAGE_LABEL="7" PAGE_NO="7">
				<Entity FIRST_TOC_ENTRY_ID="45" DEPTH_LEVEL="1" PAGE_NO="7" HREF="/7/Ar00700" WORDCNT="695" IMAGES_RESOLUTION="140" INDEX_IN_DOC="45" SIZE="Large" NAME="Theatre Lab Series finale is a one-man show" ENTITY_TYPE="Article" ID="Ar00700"/>
				<Entity FIRST_TOC_ENTRY_ID="46" DEPTH_LEVEL="2" PAGE_NO="7" LOGICAL_NAME="true" HREF="/7/Pc00701" WORDCNT="0" IMAGES_RESOLUTION="140" INDEX_IN_DOC="46" SIZE="Medium" EMBEDDED_AFTER="Ar0070000" EMBEDDED_BELOW="1" EMBEDDED_INTO="Ar00700" NAME="" ENTITY_TYPE="Picture" ID="Pc00701">
					<Image EXT="jpg" H="598" W="841" ID="Pc0070100"/>
				</Entity>
				<Entity FIRST_TOC_ENTRY_ID="47" DEPTH_LEVEL="2" PAGE_NO="7" LOGICAL_NAME="true" HREF="/7/Pc00702" WORDCNT="0" IMAGES_RESOLUTION="140" INDEX_IN_DOC="47" SIZE="Small" EMBEDDED_AFTER="Ar0070000" EMBEDDED_BELOW="1" EMBEDDED_INTO="Ar00700" NAME="" ENTITY_TYPE="Picture" ID="Pc00702">
					<Image EXT="jpg" H="378" W="267" ID="Pc0070200"/>
				</Entity>
				<Entity FIRST_TOC_ENTRY_ID="48" DEPTH_LEVEL="1" PAGE_NO="7" LOGICAL_NAME="true" HREF="/7/Ad00703" WORDCNT="14" IMAGES_RESOLUTION="140" INDEX_IN_DOC="48" SIZE="Large" NAME="" ENTITY_TYPE="Ad" ID="Ad00703">
					<Image H="411" W="1425" ID="Ad0070301"/>
				</Entity>
				<Entity FIRST_TOC_ENTRY_ID="49" DEPTH_LEVEL="1" PAGE_NO="7" LOGICAL_NAME="true" HREF="/7/Ad00704" WORDCNT="37" IMAGES_RESOLUTION="140" INDEX_IN_DOC="49" SIZE="Large" NAME="" ENTITY_TYPE="Ad" ID="Ad00704">
					<Image H="572" W="1425" ID="Ad0070401"/>
				</Entity>
			</Page>
			<Page ID="Pg008" CROP_BOX="0 0 1706 2549" MEDIA_BOX="0 0 1706 2549" HREF="/8/Pg008" TOTAL_CHARS_COUNT="7551" SUSPICIOUS_CHARS_COUNT="0" PAGE_HEIGHT="2550" PAGE_WIDTH="1707" PAGE_TYPE="Single" PAGE_LABEL="8" PAGE_NO="8">
				<Entity FIRST_TOC_ENTRY_ID="50" DEPTH_LEVEL="1" PAGE_NO="8" HREF="/8/Ar00800" WORDCNT="597" IMAGES_RESOLUTION="140" INDEX_IN_DOC="50" SIZE="Large" NAME="Open letter to President Michael Drake" ENTITY_TYPE="Article" ID="Ar00800"/>
				<Entity FIRST_TOC_ENTRY_ID="52" DEPTH_LEVEL="1" PAGE_NO="8" HREF="/8/Ar00801" WORDCNT="281" IMAGES_RESOLUTION="140" INDEX_IN_DOC="52" SIZE="Medium" NAME="Michigan student body president: Upholding my word" ENTITY_TYPE="Article" ID="Ar00801"/>
				<Entity FIRST_TOC_ENTRY_ID="53" DEPTH_LEVEL="1" PAGE_NO="8" HREF="/8/Ar00802" WORDCNT="478" IMAGES_RESOLUTION="140" INDEX_IN_DOC="53" SIZE="Large" NAME="Serious questions for President Drake" ENTITY_TYPE="Article" ID="Ar00802"/>
				<Entity FIRST_TOC_ENTRY_ID="54" DEPTH_LEVEL="1" PAGE_NO="8" LOGICAL_NAME="true" HREF="/8/Ar00803" WORDCNT="236" IMAGES_RESOLUTION="140" INDEX_IN_DOC="54" SIZE="Small" NAME="" ENTITY_TYPE="Article" ID="Ar00803"/>
				<Entity FIRST_TOC_ENTRY_ID="51" DEPTH_LEVEL="2" PAGE_NO="8" LOGICAL_NAME="true" HREF="/8/Pc00804" WORDCNT="0" IMAGES_RESOLUTION="140" INDEX_IN_DOC="51" SIZE="Medium" EMBEDDED_AFTER="Ar0080000" EMBEDDED_BELOW="1" EMBEDDED_INTO="Ar00800" NAME="" ENTITY_TYPE="Picture" ID="Pc00804">
					<Image EXT="jpg" H="483" W="553" ID="Pc0080400"/>
				</Entity>
				<Entity FIRST_TOC_ENTRY_ID="57" DEPTH_LEVEL="1" PAGE_NO="8" LOGICAL_NAME="true" HREF="/8/Ad00805" WORDCNT="79" IMAGES_RESOLUTION="140" INDEX_IN_DOC="57" SIZE="Small" NAME="" ENTITY_TYPE="Ad" ID="Ad00805">
					<Image H="579" W="265" ID="Ad0080501"/>
				</Entity>
				<Entity FIRST_TOC_ENTRY_ID="56" DEPTH_LEVEL="1" PAGE_NO="8" HREF="/8/Ar00806" WORDCNT="88" IMAGES_RESOLUTION="140" INDEX_IN_DOC="56" SIZE="Small" NAME="Letters to the Editor" ENTITY_TYPE="Article" ID="Ar00806"/>
				<Entity FIRST_TOC_ENTRY_ID="58" DEPTH_LEVEL="1" PAGE_NO="8" HREF="/8/Ar00807" WORDCNT="30" IMAGES_RESOLUTION="140" INDEX_IN_DOC="58" SIZE="Small" NAME="Corrections" ENTITY_TYPE="Article" ID="Ar00807"/>
				<Entity FIRST_TOC_ENTRY_ID="55" DEPTH_LEVEL="1" PAGE_NO="8" HREF="/8/Ar00808" WORDCNT="16" IMAGES_RESOLUTION="140" INDEX_IN_DOC="55" SIZE="Small" NAME="FOLLOW US" ENTITY_TYPE="Article" ID="Ar00808"/>
			</Page>
			<Page ID="Pg009" CROP_BOX="0 0 1706 2549" MEDIA_BOX="0 0 1706 2549" HREF="/9/Pg009" TOTAL_CHARS_COUNT="8820" SUSPICIOUS_CHARS_COUNT="0" PAGE_HEIGHT="2550" PAGE_WIDTH="1707" PAGE_TYPE="Single" PAGE_LABEL="9" PAGE_NO="9">
				<Entity FIRST_TOC_ENTRY_ID="80" DEPTH_LEVEL="1" PAGE_NO="9" HREF="/9/Ar00900" WORDCNT="78" IMAGES_RESOLUTION="140" INDEX_IN_DOC="80" SIZE="Small" CONTINUATION_FROM="Ar01201" NAME="CLEMSON" ENTITY_TYPE="Article" ID="Ar00900"/>
				<Entity FIRST_TOC_ENTRY_ID="75" DEPTH_LEVEL="1" PAGE_NO="9" HREF="/9/Ar00901" WORDCNT="321" IMAGES_RESOLUTION="140" INDEX_IN_DOC="75" SIZE="Medium" CONTINUATION_FROM="Ar01200" NAME="FOOTBALL" ENTITY_TYPE="Article" ID="Ar00901"/>
				<Entity FIRST_TOC_ENTRY_ID="64" DEPTH_LEVEL="1" PAGE_NO="9" HREF="/9/Ar00902" WORDCNT="1622" IMAGES_RESOLUTION="140" INDEX_IN_DOC="64" SIZE="XLarge" CONTINUATION_FROM="Ar01001" NAME="CONTRACTS" ENTITY_TYPE="Article" ID="Ar00902"/>
				<Entity FIRST_TOC_ENTRY_ID="65" DEPTH_LEVEL="2" PAGE_NO="9" LOGICAL_NAME="true" HREF="/9/Pc00903" WORDCNT="0" IMAGES_RESOLUTION="140" INDEX_IN_DOC="65" SIZE="Small" EMBEDDED_AFTER="Ar0090200" EMBEDDED_BELOW="1" EMBEDDED_INTO="Ar00902" NAME="" ENTITY_TYPE="Picture" ID="Pc00903">
					<Image EXT="jpg" H="347" W="553" ID="Pc0090300"/>
				</Entity>
				<Entity FIRST_TOC_ENTRY_ID="66" DEPTH_LEVEL="2" PAGE_NO="9" LOGICAL_NAME="true" HREF="/9/Pc00904" WORDCNT="0" IMAGES_RESOLUTION="140" INDEX_IN_DOC="66" SIZE="Small" EMBEDDED_AFTER="Ar0090200" EMBEDDED_BELOW="1" EMBEDDED_RIGHT="1" EMBEDDED_INTO="Ar00902" NAME="" ENTITY_TYPE="Picture" ID="Pc00904">
					<Image EXT="jpg" H="349" W="553" ID="Pc0090400"/>
				</Entity>
				<Entity FIRST_TOC_ENTRY_ID="67" DEPTH_LEVEL="2" PAGE_NO="9" LOGICAL_NAME="true" HREF="/9/Pc00905" WORDCNT="0" IMAGES_RESOLUTION="140" INDEX_IN_DOC="67" SIZE="Small" EMBEDDED_AFTER="Ar0090200" EMBEDDED_BELOW="1" EMBEDDED_RIGHT="1" EMBEDDED_INTO="Ar00902" NAME="" ENTITY_TYPE="Picture" ID="Pc00905">
					<Image EXT="jpg" H="49" W="267" ID="Pc0090500"/>
				</Entity>
				<Entity FIRST_TOC_ENTRY_ID="59" DEPTH_LEVEL="1" PAGE_NO="9" LOGICAL_NAME="true" HREF="/9/Ad00906" WORDCNT="8" IMAGES_RESOLUTION="140" INDEX_IN_DOC="59" SIZE="Small" NAME="" ENTITY_TYPE="Ad" ID="Ad00906">
					<Image H="760" W="267" ID="Ad0090601"/>
				</Entity>
				<Entity FIRST_TOC_ENTRY_ID="76" DEPTH_LEVEL="2" PAGE_NO="9" LOGICAL_NAME="true" HREF="/9/Pc00907" WORDCNT="0" IMAGES_RESOLUTION="140" INDEX_IN_DOC="76" SIZE="Small" EMBEDDED_AFTER="Ar0090100" EMBEDDED_BELOW="1" EMBEDDED_RIGHT="1" EMBEDDED_INTO="Ar00901" NAME="" ENTITY_TYPE="Picture" ID="Pc00907">
					<Image EXT="jpg" H="47" W="273" ID="Pc0090700"/>
				</Entity>
				<Entity FIRST_TOC_ENTRY_ID="77" DEPTH_LEVEL="2" PAGE_NO="9" LOGICAL_NAME="true" HREF="/9/Pc00908" WORDCNT="0" IMAGES_RESOLUTION="140" INDEX_IN_DOC="77" SIZE="Small" EMBEDDED_AFTER="Ar0090100" EMBEDDED_BELOW="1" EMBEDDED_RIGHT="1" EMBEDDED_INTO="Ar00901" NAME="" ENTITY_TYPE="Picture" ID="Pc00908">
					<Image EXT="jpg" H="171" W="203" ID="Pc0090800"/>
				</Entity>
				<Entity FIRST_TOC_ENTRY_ID="68" DEPTH_LEVEL="2" PAGE_NO="9" LOGICAL_NAME="true" HREF="/9/Pc00909" WORDCNT="0" IMAGES_RESOLUTION="140" INDEX_IN_DOC="68" SIZE="Small" EMBEDDED_AFTER="Ar0090200" EMBEDDED_ABOVE="1" EMBEDDED_RIGHT="1" EMBEDDED_INTO="Ar00902" NAME="" ENTITY_TYPE="Picture" ID="Pc00909">
					<Image EXT="jpg" H="40" W="269" ID="Pc0090900"/>
				</Entity>
			</Page>
			<Page ID="Pg010" CROP_BOX="0 0 1706 2549" MEDIA_BOX="0 0 1706 2549" HREF="/10/Pg010" TOTAL_CHARS_COUNT="6884" SUSPICIOUS_CHARS_COUNT="0" PAGE_HEIGHT="2550" PAGE_WIDTH="1707" PAGE_TYPE="Single" PAGE_LABEL="10" PAGE_NO="10">
				<Entity FIRST_TOC_ENTRY_ID="60" DEPTH_LEVEL="1" PAGE_NO="10" HREF="/10/Ar01000" WORDCNT="720" IMAGES_RESOLUTION="140" INDEX_IN_DOC="60" SIZE="Large" NAME="OSU focused on preparedness and intensity versus FAU" ENTITY_TYPE="Article" ID="Ar01000"/>
				<Entity FIRST_TOC_ENTRY_ID="62" DEPTH_LEVEL="1" PAGE_NO="10" HREF="/10/Ar01001" WORDCNT="901" IMAGES_RESOLUTION="140" INDEX_IN_DOC="62" SIZE="Large" CONTINUATION_TO="Ar00902" NAME="CONTRACTS" ENTITY_TYPE="Article" ID="Ar01001"/>
				<Entity FIRST_TOC_ENTRY_ID="61" DEPTH_LEVEL="2" PAGE_NO="10" LOGICAL_NAME="true" HREF="/10/Pc01002" WORDCNT="0" IMAGES_RESOLUTION="140" INDEX_IN_DOC="61" SIZE="Medium" EMBEDDED_AFTER="Ar0100000" EMBEDDED_BELOW="1" EMBEDDED_INTO="Ar01000" NAME="" ENTITY_TYPE="Picture" ID="Pc01002">
					<Image EXT="jpg" H="515" W="841" ID="Pc0100200"/>
				</Entity>
				<Entity FIRST_TOC_ENTRY_ID="63" DEPTH_LEVEL="2" PAGE_NO="10" LOGICAL_NAME="true" HREF="/10/Pc01003" WORDCNT="0" IMAGES_RESOLUTION="140" INDEX_IN_DOC="63" SIZE="Medium" EMBEDDED_AFTER="Ar0100100" EMBEDDED_BELOW="1" EMBEDDED_RIGHT="1" EMBEDDED_INTO="Ar01001" NAME="" ENTITY_TYPE="Picture" ID="Pc01003">
					<Image EXT="jpg" H="358" W="553" ID="Pc0100300"/>
					<Image H="0" W="0" ID="Pc0100301"/>
				</Entity>
			</Page>
			<Page ID="Pg011" CROP_BOX="0 0 1706 2549" MEDIA_BOX="0 0 1706 2549" HREF="/11/Pg011" TOTAL_CHARS_COUNT="6804" SUSPICIOUS_CHARS_COUNT="0" PAGE_HEIGHT="2550" PAGE_WIDTH="1707" PAGE_TYPE="Single" PAGE_LABEL="11" PAGE_NO="11">
				<Entity FIRST_TOC_ENTRY_ID="13" DEPTH_LEVEL="1" PAGE_NO="11" HREF="/11/Ar01100" WORDCNT="799" IMAGES_RESOLUTION="140" INDEX_IN_DOC="13" SIZE="Large" CONTINUATION_FROM="Ar00102" NAME="CONTRACTS" ENTITY_TYPE="Article" ID="Ar01100"/>
				<Entity FIRST_TOC_ENTRY_ID="69" DEPTH_LEVEL="1" PAGE_NO="11" HREF="/11/Ar01101" WORDCNT="748" IMAGES_RESOLUTION="140" INDEX_IN_DOC="69" SIZE="Large" NAME="Jincy Dunne, a head above competition" ENTITY_TYPE="Article" ID="Ar01101"/>
				<Entity FIRST_TOC_ENTRY_ID="70" DEPTH_LEVEL="2" PAGE_NO="11" LOGICAL_NAME="true" HREF="/11/Pc01102" WORDCNT="0" IMAGES_RESOLUTION="140" INDEX_IN_DOC="70" SIZE="Medium" EMBEDDED_AFTER="Ar0110100" EMBEDDED_BELOW="1" EMBEDDED_INTO="Ar01101" NAME="" ENTITY_TYPE="Picture" ID="Pc01102">
					<Image EXT="jpg" H="511" W="841" ID="Pc0110200"/>
				</Entity>
				<Entity FIRST_TOC_ENTRY_ID="14" DEPTH_LEVEL="2" PAGE_NO="11" LOGICAL_NAME="true" HREF="/11/Pc01103" WORDCNT="0" IMAGES_RESOLUTION="140" INDEX_IN_DOC="14" SIZE="Medium" EMBEDDED_AFTER="Ar0110000" EMBEDDED_BELOW="1" EMBEDDED_RIGHT="1" EMBEDDED_INTO="Ar01100" NAME="" ENTITY_TYPE="Picture" ID="Pc01103">
					<Image EXT="jpg" H="558" W="846" ID="Pc0110300"/>
				</Entity>
			</Page>
			<Page ID="Pg012" CROP_BOX="0 0 1706 2549" MEDIA_BOX="0 0 1706 2549" HREF="/12/Pg012" TOTAL_CHARS_COUNT="6481" SUSPICIOUS_CHARS_COUNT="0" PAGE_HEIGHT="2550" PAGE_WIDTH="1707" PAGE_TYPE="Single" PAGE_LABEL="12" PAGE_NO="12">
				<Entity FIRST_TOC_ENTRY_ID="72" DEPTH_LEVEL="1" PAGE_NO="12" HREF="/12/Ar01200" WORDCNT="672" IMAGES_RESOLUTION="140" INDEX_IN_DOC="72" SIZE="Large" CONTINUATION_TO="Ar00901" NAME="Barrett and Watson: Different paths, same goal" ENTITY_TYPE="Article" ID="Ar01200"/>
				<Entity FIRST_TOC_ENTRY_ID="78" DEPTH_LEVEL="1" PAGE_NO="12" HREF="/12/Ar01201" WORDCNT="837" IMAGES_RESOLUTION="140" INDEX_IN_DOC="78" SIZE="Large" CONTINUATION_TO="Ar00900" NAME="Meyer knows challenge Clemson presents" ENTITY_TYPE="Article" ID="Ar01201"/>
				<Entity FIRST_TOC_ENTRY_ID="73" DEPTH_LEVEL="2" PAGE_NO="12" LOGICAL_NAME="true" HREF="/12/Pc01202" WORDCNT="0" IMAGES_RESOLUTION="140" INDEX_IN_DOC="73" SIZE="Medium" EMBEDDED_AFTER="Ar0120000" EMBEDDED_BELOW="1" EMBEDDED_INTO="Ar01200" NAME="" ENTITY_TYPE="Picture" ID="Pc01202">
					<Image EXT="jpg" H="486" W="841" ID="Pc0120200"/>
				</Entity>
				<Entity FIRST_TOC_ENTRY_ID="74" DEPTH_LEVEL="2" PAGE_NO="12" LOGICAL_NAME="true" HREF="/12/Pc01203" WORDCNT="0" IMAGES_RESOLUTION="140" INDEX_IN_DOC="74" SIZE="Small" EMBEDDED_AFTER="Ar0120000" EMBEDDED_BELOW="1" EMBEDDED_INTO="Ar01200" NAME="" ENTITY_TYPE="Picture" ID="Pc01203">
					<Image EXT="jpg" H="346" W="553" ID="Pc0120300"/>
				</Entity>
				<Entity FIRST_TOC_ENTRY_ID="79" DEPTH_LEVEL="2" PAGE_NO="12" LOGICAL_NAME="true" HREF="/12/Pc01204" WORDCNT="0" IMAGES_RESOLUTION="140" INDEX_IN_DOC="79" SIZE="Small" EMBEDDED_AFTER="Ar0120101" EMBEDDED_BELOW="1" EMBEDDED_RIGHT="1" EMBEDDED_INTO="Ar01201" NAME="" ENTITY_TYPE="Picture" ID="Pc01204">
					<Image EXT="jpg" H="378" W="553" ID="Pc0120400"/>
				</Entity>
				<Entity FIRST_TOC_ENTRY_ID="71" DEPTH_LEVEL="1" PAGE_NO="12" HREF="/12/Ar01205" WORDCNT="21" IMAGES_RESOLUTION="140" INDEX_IN_DOC="71" SIZE="Small" NAME="WOMEN�S HOCKEY" ENTITY_TYPE="Article" ID="Ar01205"/>
			</Page>
		</Section>
	</Body_np>
	<Logic_np><TOC_Entries><TOC_Entry TOC_ENTRY_ID="1" TITLE="STUDENT TRUSTEE" ENTITY_ID_REF="Ar00107" PAGE_NO="1" PAGE_LABEL="1" PRIM_ID_REF="Ar0010700" IS_IC="true"/><TOC_Entry TOC_ENTRY_ID="2" TITLE="NEW DOCUMENTARY" ENTITY_ID_REF="Ar00108" PAGE_NO="1" PAGE_LABEL="1" PRIM_ID_REF="Ar0010800" IS_IC="true"/><TOC_Entry TOC_ENTRY_ID="3" TITLE="GUN LAW PROTESTS" ENTITY_ID_REF="Ar00109" PAGE_NO="1" PAGE_LABEL="1" PRIM_ID_REF="Ar0010900" IS_IC="true"/><TOC_Entry TOC_ENTRY_ID="4" TITLE="OSU trails peers in ratio of police officers to students" ENTITY_ID_REF="Ar00100" PAGE_NO="1" PAGE_LABEL="1" PRIM_ID_REF="Ar0010000" IS_IC="true"><TOC_Entry TOC_ENTRY_ID="5" TITLE="" ENTITY_ID_REF="Pc00104" PAGE_NO="1" PAGE_LABEL="1" PRIM_ID_REF="Pc0010400" IS_IC="true"/></TOC_Entry><TOC_Entry TOC_ENTRY_ID="6" TITLE="POLICE" ENTITY_ID_REF="Ar00204" PAGE_NO="2" PAGE_LABEL="2" PRIM_ID_REF="Ar0020400"><TOC_Entry TOC_ENTRY_ID="7" TITLE="" ENTITY_ID_REF="Pc00206" PAGE_NO="2" PAGE_LABEL="2" PRIM_ID_REF="Pc0020600" IS_IC="true"/></TOC_Entry><TOC_Entry TOC_ENTRY_ID="8" TITLE="POLICE" ENTITY_ID_REF="Ar00301" PAGE_NO="3" PAGE_LABEL="3" PRIM_ID_REF="Ar0030100"><TOC_Entry TOC_ENTRY_ID="9" TITLE="" ENTITY_ID_REF="Pc00303" PAGE_NO="3" PAGE_LABEL="3" PRIM_ID_REF="Pc0030300" IS_IC="true"/><TOC_Entry TOC_ENTRY_ID="10" TITLE="" ENTITY_ID_REF="Pc00306" PAGE_NO="3" PAGE_LABEL="3" PRIM_ID_REF="Pc0030600" IS_IC="true"/></TOC_Entry><TOC_Entry TOC_ENTRY_ID="11" TITLE="Athletics overshadow academic incentives in coaching contracts" ENTITY_ID_REF="Ar00102" PAGE_NO="1" PAGE_LABEL="1" PRIM_ID_REF="Ar0010200" IS_IC="true"><TOC_Entry TOC_ENTRY_ID="12" TITLE="" ENTITY_ID_REF="Pc00105" PAGE_NO="1" PAGE_LABEL="1" PRIM_ID_REF="Pc0010500" IS_IC="true"/></TOC_Entry><TOC_Entry TOC_ENTRY_ID="13" TITLE="CONTRACTS" ENTITY_ID_REF="Ar01100" PAGE_NO="11" PAGE_LABEL="11" PRIM_ID_REF="Ar0110000"><TOC_Entry TOC_ENTRY_ID="14" TITLE="" ENTITY_ID_REF="Pc01103" PAGE_NO="11" PAGE_LABEL="11" PRIM_ID_REF="Pc0110300" IS_IC="true"/></TOC_Entry><TOC_Entry TOC_ENTRY_ID="15" TITLE="COMPARING QUARTERBACKS" ENTITY_ID_REF="Ar00110" PAGE_NO="1" PAGE_LABEL="1" PRIM_ID_REF="Ar0011000" IS_IC="true"/><TOC_Entry TOC_ENTRY_ID="16" TITLE="USG moves to approve new voting system" ENTITY_ID_REF="Ar00101" PAGE_NO="1" PAGE_LABEL="1" PRIM_ID_REF="Ar0010100" IS_IC="true"/><TOC_Entry TOC_ENTRY_ID="17" TITLE="USG" ENTITY_ID_REF="Ar00203" PAGE_NO="2" PAGE_LABEL="2" PRIM_ID_REF="Ar0020300"><TOC_Entry TOC_ENTRY_ID="18" TITLE="" ENTITY_ID_REF="Pc00201" PAGE_NO="2" PAGE_LABEL="2" PRIM_ID_REF="Pc0020100" IS_IC="true"/></TOC_Entry><TOC_Entry TOC_ENTRY_ID="19" TITLE="Protesting for gun rights, group walks through campus carrying openly" ENTITY_ID_REF="Ar00103" PAGE_NO="1" PAGE_LABEL="1" PRIM_ID_REF="Ar0010300" IS_IC="true"><TOC_Entry TOC_ENTRY_ID="20" TITLE="" ENTITY_ID_REF="Pc00106" PAGE_NO="1" PAGE_LABEL="1" PRIM_ID_REF="Pc0010600" IS_IC="true"/></TOC_Entry><TOC_Entry TOC_ENTRY_ID="21" TITLE="LANTERN APP" ENTITY_ID_REF="Ar00207" PAGE_NO="2" PAGE_LABEL="2" PRIM_ID_REF="Ar0020700" IS_IC="true"/><TOC_Entry TOC_ENTRY_ID="22" TITLE="Student trustee looks back on term as applications for her replacement open" ENTITY_ID_REF="Ar00200" PAGE_NO="2" PAGE_LABEL="2" PRIM_ID_REF="Ar0020000" IS_IC="true"><TOC_Entry TOC_ENTRY_ID="23" TITLE="" ENTITY_ID_REF="Pc00202" PAGE_NO="2" PAGE_LABEL="2" PRIM_ID_REF="Pc0020200" IS_IC="true"/></TOC_Entry><TOC_Entry TOC_ENTRY_ID="24" TITLE="TRUSTEE" ENTITY_ID_REF="Ar00304" PAGE_NO="3" PAGE_LABEL="3" PRIM_ID_REF="Ar0030400"/><TOC_Entry TOC_ENTRY_ID="25" TITLE="" ENTITY_ID_REF="Ad00205" PAGE_NO="2" PAGE_LABEL="2" PRIM_ID_REF="Ad0020501" IS_IC="true"/><TOC_Entry TOC_ENTRY_ID="26" TITLE="Open-carrying protesters campaign for gun rights" ENTITY_ID_REF="Ar00300" PAGE_NO="3" PAGE_LABEL="3" PRIM_ID_REF="Ar0030000" IS_IC="true"><TOC_Entry TOC_ENTRY_ID="27" TITLE="" ENTITY_ID_REF="Pc00302" PAGE_NO="3" PAGE_LABEL="3" PRIM_ID_REF="Pc0030200" IS_IC="true"/><TOC_Entry TOC_ENTRY_ID="28" TITLE="" ENTITY_ID_REF="Pc00305" PAGE_NO="3" PAGE_LABEL="3" PRIM_ID_REF="Pc0030500" IS_IC="true"/></TOC_Entry><TOC_Entry TOC_ENTRY_ID="29" TITLE="POETRY" ENTITY_ID_REF="Ar00408" PAGE_NO="4" PAGE_LABEL="4" PRIM_ID_REF="Ar0040800" IS_IC="true"/><TOC_Entry TOC_ENTRY_ID="30" TITLE="Path to same-sex marriage hits the screen" ENTITY_ID_REF="Ar00400" PAGE_NO="4" PAGE_LABEL="4" PRIM_ID_REF="Ar0040000" IS_IC="true"><TOC_Entry TOC_ENTRY_ID="31" TITLE="" ENTITY_ID_REF="Pc00402" PAGE_NO="4" PAGE_LABEL="4" PRIM_ID_REF="Pc0040200" IS_IC="true"/><TOC_Entry TOC_ENTRY_ID="32" TITLE="" ENTITY_ID_REF="Pc00403" PAGE_NO="4" PAGE_LABEL="4" PRIM_ID_REF="Pc0040300" IS_IC="true"/></TOC_Entry><TOC_Entry TOC_ENTRY_ID="33" TITLE="Students explore media filtering" ENTITY_ID_REF="Ar00401" PAGE_NO="4" PAGE_LABEL="4" PRIM_ID_REF="Ar0040100" IS_IC="true"><TOC_Entry TOC_ENTRY_ID="34" TITLE="" ENTITY_ID_REF="Pc00405" PAGE_NO="4" PAGE_LABEL="4" PRIM_ID_REF="Pc0040500" IS_IC="true"/><TOC_Entry TOC_ENTRY_ID="35" TITLE="" ENTITY_ID_REF="Pc00406" PAGE_NO="4" PAGE_LABEL="4" PRIM_ID_REF="Pc0040600" IS_IC="true"/><TOC_Entry TOC_ENTRY_ID="36" TITLE="" ENTITY_ID_REF="Pc00407" PAGE_NO="4" PAGE_LABEL="4" PRIM_ID_REF="Pc0040700" IS_IC="true"/></TOC_Entry><TOC_Entry TOC_ENTRY_ID="37" TITLE="" ENTITY_ID_REF="Ad00404" PAGE_NO="4" PAGE_LABEL="4" PRIM_ID_REF="Ad0040401" IS_IC="true"/><TOC_Entry TOC_ENTRY_ID="38" TITLE="Students to compete in national poetry competition" ENTITY_ID_REF="Ar00500" PAGE_NO="5" PAGE_LABEL="5" PRIM_ID_REF="Ar0050000" IS_IC="true"><TOC_Entry TOC_ENTRY_ID="39" TITLE="" ENTITY_ID_REF="Pc00501" PAGE_NO="5" PAGE_LABEL="5" PRIM_ID_REF="Pc0050100" IS_IC="true"/><TOC_Entry TOC_ENTRY_ID="40" TITLE="" ENTITY_ID_REF="Pc00503" PAGE_NO="5" PAGE_LABEL="5" PRIM_ID_REF="Pc0050300" IS_IC="true"/></TOC_Entry><TOC_Entry TOC_ENTRY_ID="41" TITLE="" ENTITY_ID_REF="Ad00502" PAGE_NO="5" PAGE_LABEL="5" PRIM_ID_REF="Ad0050201" IS_IC="true"/><TOC_Entry TOC_ENTRY_ID="42" TITLE="" ENTITY_ID_REF="Ad00504" PAGE_NO="5" PAGE_LABEL="5" PRIM_ID_REF="Ad0050401" IS_IC="true"/><TOC_Entry TOC_ENTRY_ID="43" TITLE="" ENTITY_ID_REF="Ad00505" PAGE_NO="5" PAGE_LABEL="5" PRIM_ID_REF="Ad0050501" IS_IC="true"/><TOC_Entry TOC_ENTRY_ID="44" TITLE="" ENTITY_ID_REF="Ad00600" PAGE_NO="6" PAGE_LABEL="6" PRIM_ID_REF="Ad0060001" IS_IC="true"/><TOC_Entry TOC_ENTRY_ID="45" TITLE="Theatre Lab Series finale is a one-man show" ENTITY_ID_REF="Ar00700" PAGE_NO="7" PAGE_LABEL="7" PRIM_ID_REF="Ar0070000" IS_IC="true"><TOC_Entry TOC_ENTRY_ID="46" TITLE="" ENTITY_ID_REF="Pc00701" PAGE_NO="7" PAGE_LABEL="7" PRIM_ID_REF="Pc0070100" IS_IC="true"/><TOC_Entry TOC_ENTRY_ID="47" TITLE="" ENTITY_ID_REF="Pc00702" PAGE_NO="7" PAGE_LABEL="7" PRIM_ID_REF="Pc0070200" IS_IC="true"/></TOC_Entry><TOC_Entry TOC_ENTRY_ID="48" TITLE="" ENTITY_ID_REF="Ad00703" PAGE_NO="7" PAGE_LABEL="7" PRIM_ID_REF="Ad0070301" IS_IC="true"/><TOC_Entry TOC_ENTRY_ID="49" TITLE="" ENTITY_ID_REF="Ad00704" PAGE_NO="7" PAGE_LABEL="7" PRIM_ID_REF="Ad0070401" IS_IC="true"/><TOC_Entry TOC_ENTRY_ID="50" TITLE="Open letter to President Michael Drake" ENTITY_ID_REF="Ar00800" PAGE_NO="8" PAGE_LABEL="8" PRIM_ID_REF="Ar0080000" IS_IC="true"><TOC_Entry TOC_ENTRY_ID="51" TITLE="" ENTITY_ID_REF="Pc00804" PAGE_NO="8" PAGE_LABEL="8" PRIM_ID_REF="Pc0080400" IS_IC="true"/></TOC_Entry><TOC_Entry TOC_ENTRY_ID="52" TITLE="Michigan student body president: Upholding my word" ENTITY_ID_REF="Ar00801" PAGE_NO="8" PAGE_LABEL="8" PRIM_ID_REF="Ar0080100" IS_IC="true"/><TOC_Entry TOC_ENTRY_ID="53" TITLE="Serious questions for President Drake" ENTITY_ID_REF="Ar00802" PAGE_NO="8" PAGE_LABEL="8" PRIM_ID_REF="Ar0080200" IS_IC="true"/><TOC_Entry TOC_ENTRY_ID="54" TITLE="" ENTITY_ID_REF="Ar00803" PAGE_NO="8" PAGE_LABEL="8" PRIM_ID_REF="Ar0080300" IS_IC="true"/><TOC_Entry TOC_ENTRY_ID="55" TITLE="FOLLOW US" ENTITY_ID_REF="Ar00808" PAGE_NO="8" PAGE_LABEL="8" PRIM_ID_REF="Ar0080800" IS_IC="true"/><TOC_Entry TOC_ENTRY_ID="56" TITLE="Letters to the Editor" ENTITY_ID_REF="Ar00806" PAGE_NO="8" PAGE_LABEL="8" PRIM_ID_REF="Ar0080600" IS_IC="true"/><TOC_Entry TOC_ENTRY_ID="57" TITLE="" ENTITY_ID_REF="Ad00805" PAGE_NO="8" PAGE_LABEL="8" PRIM_ID_REF="Ad0080501" IS_IC="true"/><TOC_Entry TOC_ENTRY_ID="58" TITLE="Corrections" ENTITY_ID_REF="Ar00807" PAGE_NO="8" PAGE_LABEL="8" PRIM_ID_REF="Ar0080700" IS_IC="true"/><TOC_Entry TOC_ENTRY_ID="59" TITLE="" ENTITY_ID_REF="Ad00906" PAGE_NO="9" PAGE_LABEL="9" PRIM_ID_REF="Ad0090601" IS_IC="true"/><TOC_Entry TOC_ENTRY_ID="60" TITLE="OSU focused on preparedness and intensity versus FAU" ENTITY_ID_REF="Ar01000" PAGE_NO="10" PAGE_LABEL="10" PRIM_ID_REF="Ar0100000" IS_IC="true"><TOC_Entry TOC_ENTRY_ID="61" TITLE="" ENTITY_ID_REF="Pc01002" PAGE_NO="10" PAGE_LABEL="10" PRIM_ID_REF="Pc0100200" IS_IC="true"/></TOC_Entry><TOC_Entry TOC_ENTRY_ID="62" TITLE="CONTRACTS" ENTITY_ID_REF="Ar01001" PAGE_NO="10" PAGE_LABEL="10" PRIM_ID_REF="Ar0100100" IS_IC="true"><TOC_Entry TOC_ENTRY_ID="63" TITLE="" ENTITY_ID_REF="Pc01003" PAGE_NO="10" PAGE_LABEL="10" PRIM_ID_REF="Pc0100300" IS_IC="true"/></TOC_Entry><TOC_Entry TOC_ENTRY_ID="64" TITLE="CONTRACTS" ENTITY_ID_REF="Ar00902" PAGE_NO="9" PAGE_LABEL="9" PRIM_ID_REF="Ar0090200"><TOC_Entry TOC_ENTRY_ID="65" TITLE="" ENTITY_ID_REF="Pc00903" PAGE_NO="9" PAGE_LABEL="9" PRIM_ID_REF="Pc0090300" IS_IC="true"/><TOC_Entry TOC_ENTRY_ID="66" TITLE="" ENTITY_ID_REF="Pc00904" PAGE_NO="9" PAGE_LABEL="9" PRIM_ID_REF="Pc0090400" IS_IC="true"/><TOC_Entry TOC_ENTRY_ID="67" TITLE="" ENTITY_ID_REF="Pc00905" PAGE_NO="9" PAGE_LABEL="9" PRIM_ID_REF="Pc0090500" IS_IC="true"/><TOC_Entry TOC_ENTRY_ID="68" TITLE="" ENTITY_ID_REF="Pc00909" PAGE_NO="9" PAGE_LABEL="9" PRIM_ID_REF="Pc0090900" IS_IC="true"/></TOC_Entry><TOC_Entry TOC_ENTRY_ID="69" TITLE="Jincy Dunne, a head above competition" ENTITY_ID_REF="Ar01101" PAGE_NO="11" PAGE_LABEL="11" PRIM_ID_REF="Ar0110100" IS_IC="true"><TOC_Entry TOC_ENTRY_ID="70" TITLE="" ENTITY_ID_REF="Pc01102" PAGE_NO="11" PAGE_LABEL="11" PRIM_ID_REF="Pc0110200" IS_IC="true"/></TOC_Entry><TOC_Entry TOC_ENTRY_ID="71" TITLE="WOMEN�S HOCKEY" ENTITY_ID_REF="Ar01205" PAGE_NO="12" PAGE_LABEL="12" PRIM_ID_REF="Ar0120500" IS_IC="true"/><TOC_Entry TOC_ENTRY_ID="72" TITLE="Barrett and Watson: Different paths, same goal" ENTITY_ID_REF="Ar01200" PAGE_NO="12" PAGE_LABEL="12" PRIM_ID_REF="Ar0120000" IS_IC="true"><TOC_Entry TOC_ENTRY_ID="73" TITLE="" ENTITY_ID_REF="Pc01202" PAGE_NO="12" PAGE_LABEL="12" PRIM_ID_REF="Pc0120200" IS_IC="true"/><TOC_Entry TOC_ENTRY_ID="74" TITLE="" ENTITY_ID_REF="Pc01203" PAGE_NO="12" PAGE_LABEL="12" PRIM_ID_REF="Pc0120300" IS_IC="true"/></TOC_Entry><TOC_Entry TOC_ENTRY_ID="75" TITLE="FOOTBALL" ENTITY_ID_REF="Ar00901" PAGE_NO="9" PAGE_LABEL="9" PRIM_ID_REF="Ar0090100"><TOC_Entry TOC_ENTRY_ID="76" TITLE="" ENTITY_ID_REF="Pc00907" PAGE_NO="9" PAGE_LABEL="9" PRIM_ID_REF="Pc0090700" IS_IC="true"/><TOC_Entry TOC_ENTRY_ID="77" TITLE="" ENTITY_ID_REF="Pc00908" PAGE_NO="9" PAGE_LABEL="9" PRIM_ID_REF="Pc0090800" IS_IC="true"/></TOC_Entry><TOC_Entry TOC_ENTRY_ID="78" TITLE="Meyer knows challenge Clemson presents" ENTITY_ID_REF="Ar01201" PAGE_NO="12" PAGE_LABEL="12" PRIM_ID_REF="Ar0120100" IS_IC="true"><TOC_Entry TOC_ENTRY_ID="79" TITLE="" ENTITY_ID_REF="Pc01204" PAGE_NO="12" PAGE_LABEL="12" PRIM_ID_REF="Pc0120400" IS_IC="true"/></TOC_Entry><TOC_Entry TOC_ENTRY_ID="80" TITLE="CLEMSON" ENTITY_ID_REF="Ar00900" PAGE_NO="9" PAGE_LABEL="9" PRIM_ID_REF="Ar0090000"/></TOC_Entries></Logic_np></Xmd_toc>
