<x:xmpmeta xmlns:x="adobe:ns:meta/" x:xmptk="Adobe XMP Core 5.4-c005 78.147326, 2012/08/23-13:03:03        ">
	<rdf:RDF xmlns:rdf="http://www.w3.org/1999/02/22-rdf-syntax-ns#">
		<rdf:Description rdf:about="" xmlns:xmp="http://ns.adobe.com/xap/1.0/" xmlns:dc="http://purl.org/dc/elements/1.1/" xmlns:xmpMM="http://ns.adobe.com/xap/1.0/mm/" xmlns:pdf="http://ns.adobe.com/pdf/1.3/" xmlns:pdfx="http://ns.adobe.com/pdfx/1.3/" xmlns:Olv="Olive" xmp:ModifyDate="2019-08-31T11:54:30+05:30" xmp:CreateDate="2018-04-23T21:59:39-04:00" xmp:MetadataDate="2019-08-31T11:54:30+05:30" xmp:CreatorTool="Adobe InDesign CC 13.0 (Macintosh)" dc:format="application/pdf" xmpMM:DocumentID="uuid:d97d7b97-7a8c-2641-a1a7-6eb7d63da9f2" xmpMM:InstanceID="uuid:d4ed78f1-b93c-425e-9a4a-7f934ecdde40" pdf:Producer="Adobe PDF Library 15.0" pdfx:OLV0_XMD_PAGE_COUNT="16" Olv:publication="OHI" Olv:issue_date="2018/ 4/24">
			<Olv:TimeTrack>
				<rdf:Seq>
					<rdf:li>
						<rdf:Description Olv:GUID="{EF280C4D-E664-423E-B735-A16A9768C4B1}" Olv:Status="Succeeded" Olv:File="060-OHI-2018-04-24-0001.pdf" Olv:Pages="16" Olv:Comp="SEG06" Olv:User="pipex" Olv:Start="2019-08-06T13:28:16+05:30" Olv:End="2019-08-06T13:28:37+05:30" Olv:TotalTime="00:00:21" Olv:IdleTime="00:00:00">
							<Olv:Operations>
								<rdf:Bag>
									<rdf:li>Auto Segmentation</rdf:li>
									<rdf:li>First session</rdf:li>
								</rdf:Bag>
							</Olv:Operations>
						</rdf:Description>
					</rdf:li>
					<rdf:li>
						<rdf:Description Olv:GUID="{9B9322C9-6438-4878-B1AE-81BFC3AF198B}" Olv:Status="None" Olv:File="060-OHI-2018-04-24-0001.pdf" Olv:Pages="16" Olv:Comp="MDOPS-C17" Olv:User="001664" Olv:Start="2019-08-22T10:49:01+05:30" Olv:End="2019-08-22T12:06:46+05:30" Olv:TotalTime="01:17:45" Olv:IdleTime="00:05:01">
							<Olv:Operations>
								<rdf:Bag>
									<rdf:li>Edit Segmentation</rdf:li>
								</rdf:Bag>
							</Olv:Operations>
						</rdf:Description>
					</rdf:li>
					<rdf:li>
						<rdf:Description Olv:GUID="{476569FB-DC35-4F2B-A219-53705E97B75A}" Olv:Status="None" Olv:File="060-OHI-2018-04-24-0001.pdf" Olv:Pages="16" Olv:Comp="MDOPS-C20" Olv:User="000678" Olv:Start="2019-08-29T09:15:13+05:30" Olv:End="2019-08-29T09:43:19+05:30" Olv:TotalTime="00:28:06" Olv:IdleTime="00:19:01">
							<Olv:Operations>
								<rdf:Bag>
									<rdf:li>Edit Segmentation</rdf:li>
								</rdf:Bag>
							</Olv:Operations>
						</rdf:Description>
					</rdf:li>
					<rdf:li>
						<rdf:Description Olv:GUID="{A871658F-899C-4367-A43E-67DE293B8502}" Olv:Status="Succeeded" Olv:File="060-OHI-2018-04-24-0001.pdf" Olv:Pages="16" Olv:Comp="SEG04" Olv:User="pipex" Olv:Start="2019-08-31T11:54:30+05:30" Olv:End="2019-08-31T11:57:02+05:30" Olv:TotalTime="00:02:32" Olv:IdleTime="00:02:32">
							<Olv:Operations>
								<rdf:Bag>
									<rdf:li>Output</rdf:li>
								</rdf:Bag>
							</Olv:Operations>
						</rdf:Description>
					</rdf:li>
				</rdf:Seq>
			</Olv:TimeTrack>
		</rdf:Description>
	</rdf:RDF>
</x:xmpmeta>
