<x:xmpmeta xmlns:x="adobe:ns:meta/" x:xmptk="Adobe XMP Core 5.4-c005 78.147326, 2012/08/23-13:03:03        ">
	<rdf:RDF xmlns:rdf="http://www.w3.org/1999/02/22-rdf-syntax-ns#">
		<rdf:Description rdf:about="" xmlns:xmp="http://ns.adobe.com/xap/1.0/" xmlns:dc="http://purl.org/dc/elements/1.1/" xmlns:xmpMM="http://ns.adobe.com/xap/1.0/mm/" xmlns:pdf="http://ns.adobe.com/pdf/1.3/" xmlns:pdfx="http://ns.adobe.com/pdfx/1.3/" xmlns:Olv="Olive" xmp:ModifyDate="2019-08-31T10:12:11+05:30" xmp:CreateDate="2016-03-08T23:23:25-05:00" xmp:MetadataDate="2019-08-31T10:12:11+05:30" xmp:CreatorTool="Adobe InDesign CC 2015 (Macintosh)" dc:format="application/pdf" xmpMM:DocumentID="uuid:965db1b9-e2bc-0c40-9a7a-9cd504da33f1" xmpMM:InstanceID="uuid:520419c8-1679-47a6-b863-74a11af6f6b6" pdf:Producer="Adobe PDF Library 15.0" pdfx:OLV0_XMD_PAGE_COUNT="8" Olv:publication="OHI" Olv:issue_date="2016/ 3/ 9">
			<Olv:TimeTrack>
				<rdf:Seq>
					<rdf:li>
						<rdf:Description Olv:GUID="{4372DE8E-EBEF-42A4-9F46-9434C44CA73F}" Olv:Status="Succeeded" Olv:File="060-OHI-2016-03-09-0001.pdf" Olv:Pages="8" Olv:Comp="SEG07" Olv:User="pipex" Olv:Start="2019-08-06T13:20:54+05:30" Olv:End="2019-08-06T13:21:09+05:30" Olv:TotalTime="00:00:15" Olv:IdleTime="00:00:00">
							<Olv:Operations>
								<rdf:Bag>
									<rdf:li>Auto Segmentation</rdf:li>
									<rdf:li>First session</rdf:li>
								</rdf:Bag>
							</Olv:Operations>
						</rdf:Description>
					</rdf:li>
					<rdf:li>
						<rdf:Description Olv:GUID="{0D79EF6F-DF39-4F9B-A75D-F030031B932F}" Olv:Status="None" Olv:File="060-OHI-2016-03-09-0001.pdf" Olv:Pages="8" Olv:Comp="MDOPS-C16" Olv:User="001661" Olv:Start="2019-08-18T11:23:53+05:30" Olv:End="2019-08-18T12:31:52+05:30" Olv:TotalTime="01:07:59" Olv:IdleTime="00:04:33">
							<Olv:Operations>
								<rdf:Bag>
									<rdf:li>Edit Segmentation</rdf:li>
								</rdf:Bag>
							</Olv:Operations>
						</rdf:Description>
					</rdf:li>
					<rdf:li>
						<rdf:Description Olv:GUID="{D00356B2-868A-4A75-9D6C-142F8C6BA9CC}" Olv:Status="None" Olv:File="060-OHI-2016-03-09-0001.pdf" Olv:Pages="8" Olv:Comp="MDOPS-B41" Olv:User="001090" Olv:Start="2019-08-28T13:36:19+05:30" Olv:End="2019-08-28T13:45:36+05:30" Olv:TotalTime="00:09:17" Olv:IdleTime="00:03:12">
							<Olv:Operations>
								<rdf:Bag>
									<rdf:li>Edit Segmentation</rdf:li>
								</rdf:Bag>
							</Olv:Operations>
						</rdf:Description>
					</rdf:li>
					<rdf:li>
						<rdf:Description Olv:GUID="{2D1007D1-1693-4622-AA68-45F5EECBBC1C}" Olv:Status="Succeeded" Olv:File="060-OHI-2016-03-09-0001.pdf" Olv:Pages="8" Olv:Comp="SEG07" Olv:User="pipex" Olv:Start="2019-08-31T10:12:12+05:30" Olv:End="2019-08-31T10:13:44+05:30" Olv:TotalTime="00:01:32" Olv:IdleTime="00:01:32">
							<Olv:Operations>
								<rdf:Bag>
									<rdf:li>Output</rdf:li>
								</rdf:Bag>
							</Olv:Operations>
						</rdf:Description>
					</rdf:li>
				</rdf:Seq>
			</Olv:TimeTrack>
		</rdf:Description>
	</rdf:RDF>
</x:xmpmeta>
