<x:xmpmeta xmlns:x="adobe:ns:meta/" x:xmptk="Adobe XMP Core 5.4-c005 78.147326, 2012/08/23-13:03:03        ">
	<rdf:RDF xmlns:rdf="http://www.w3.org/1999/02/22-rdf-syntax-ns#">
		<rdf:Description rdf:about="" xmlns:xmp="http://ns.adobe.com/xap/1.0/" xmlns:dc="http://purl.org/dc/elements/1.1/" xmlns:xmpMM="http://ns.adobe.com/xap/1.0/mm/" xmlns:pdf="http://ns.adobe.com/pdf/1.3/" xmlns:pdfx="http://ns.adobe.com/pdfx/1.3/" xmlns:Olv="Olive" xmp:ModifyDate="2019-08-31T12:03:07+05:30" xmp:CreateDate="2018-08-27T21:44:50-04:00" xmp:MetadataDate="2019-08-31T12:03:07+05:30" xmp:CreatorTool="Adobe InDesign CC 13.0 (Macintosh)" dc:format="application/pdf" xmpMM:DocumentID="uuid:ba63e304-ed0d-8b47-8983-c4ec8675bb5a" xmpMM:InstanceID="uuid:13116db7-6efa-4177-9e2c-e36d92aa875b" pdf:Producer="Adobe PDF Library 15.0" pdfx:OLV0_XMD_PAGE_COUNT="8" Olv:publication="OHI" Olv:issue_date="2018/ 8/28">
			<Olv:TimeTrack>
				<rdf:Seq>
					<rdf:li>
						<rdf:Description Olv:GUID="{29021FCF-F3E4-4D1B-A3B5-B6DA47B2E0F9}" Olv:Status="Succeeded" Olv:File="060-OHI-2018-08-28-0001.pdf" Olv:Pages="8" Olv:Comp="SEG03" Olv:User="pipex" Olv:Start="2019-08-06T13:28:23+05:30" Olv:End="2019-08-06T13:28:38+05:30" Olv:TotalTime="00:00:15" Olv:IdleTime="00:00:00">
							<Olv:Operations>
								<rdf:Bag>
									<rdf:li>Auto Segmentation</rdf:li>
									<rdf:li>First session</rdf:li>
								</rdf:Bag>
							</Olv:Operations>
						</rdf:Description>
					</rdf:li>
					<rdf:li>
						<rdf:Description Olv:GUID="{DDF6CA08-ED40-4072-BCEA-3E28AF24CF13}" Olv:Status="None" Olv:File="060-OHI-2018-08-28-0001.pdf" Olv:Pages="8" Olv:Comp="MDOPS-C16" Olv:User="001661" Olv:Start="2019-08-22T11:27:49+05:30" Olv:End="2019-08-22T12:02:18+05:30" Olv:TotalTime="00:34:29" Olv:IdleTime="00:04:03">
							<Olv:Operations>
								<rdf:Bag>
									<rdf:li>Edit Segmentation</rdf:li>
								</rdf:Bag>
							</Olv:Operations>
						</rdf:Description>
					</rdf:li>
					<rdf:li>
						<rdf:Description Olv:GUID="{C29C125B-5356-4BB8-813B-1BB23F097DFB}" Olv:Status="None" Olv:File="060-OHI-2018-08-28-0001.pdf" Olv:Pages="8" Olv:Comp="MDOPS-C09" Olv:User="001128" Olv:Start="2019-08-29T09:25:37+05:30" Olv:End="2019-08-29T09:40:04+05:30" Olv:TotalTime="00:14:27" Olv:IdleTime="00:01:25">
							<Olv:Operations>
								<rdf:Bag>
									<rdf:li>Edit Segmentation</rdf:li>
								</rdf:Bag>
							</Olv:Operations>
						</rdf:Description>
					</rdf:li>
					<rdf:li>
						<rdf:Description Olv:GUID="{31422F27-7E15-4AE9-8F51-308DFD7BCD1B}" Olv:Status="Succeeded" Olv:File="060-OHI-2018-08-28-0001.pdf" Olv:Pages="8" Olv:Comp="SEG07" Olv:User="pipex" Olv:Start="2019-08-31T12:03:08+05:30" Olv:End="2019-08-31T12:04:13+05:30" Olv:TotalTime="00:01:05" Olv:IdleTime="00:01:05">
							<Olv:Operations>
								<rdf:Bag>
									<rdf:li>Output</rdf:li>
								</rdf:Bag>
							</Olv:Operations>
						</rdf:Description>
					</rdf:li>
				</rdf:Seq>
			</Olv:TimeTrack>
		</rdf:Description>
	</rdf:RDF>
</x:xmpmeta>
