<x:xmpmeta xmlns:x="adobe:ns:meta/" x:xmptk="Adobe XMP Core 5.4-c005 78.147326, 2012/08/23-13:03:03        ">
	<rdf:RDF xmlns:rdf="http://www.w3.org/1999/02/22-rdf-syntax-ns#">
		<rdf:Description rdf:about="" xmlns:xmp="http://ns.adobe.com/xap/1.0/" xmlns:dc="http://purl.org/dc/elements/1.1/" xmlns:xmpMM="http://ns.adobe.com/xap/1.0/mm/" xmlns:pdf="http://ns.adobe.com/pdf/1.3/" xmlns:pdfx="http://ns.adobe.com/pdfx/1.3/" xmlns:Olv="Olive" xmp:ModifyDate="2019-08-31T11:06:10+05:30" xmp:CreateDate="2017-04-19T21:54:25-04:00" xmp:MetadataDate="2019-08-31T11:06:10+05:30" xmp:CreatorTool="Adobe InDesign CC 2017 (Macintosh)" dc:format="application/pdf" xmpMM:DocumentID="uuid:57b60435-bfb8-ca44-a76b-70e53db3bf62" xmpMM:InstanceID="uuid:6fc3fed4-fcbe-4e00-bb76-bf1e7f4377d9" pdf:Producer="Adobe PDF Library 15.0" pdfx:OLV0_XMD_PAGE_COUNT="8" Olv:publication="OHI" Olv:issue_date="2017/ 4/20">
			<Olv:TimeTrack>
				<rdf:Seq>
					<rdf:li>
						<rdf:Description Olv:GUID="{C5B92983-7B94-409E-A9FF-BE1A25A4E406}" Olv:Status="Succeeded" Olv:File="060-OHI-2017-04-20-0001.pdf" Olv:Pages="8" Olv:Comp="SEG03" Olv:User="pipex" Olv:Start="2019-08-06T13:24:39+05:30" Olv:End="2019-08-06T13:24:56+05:30" Olv:TotalTime="00:00:17" Olv:IdleTime="00:00:00">
							<Olv:Operations>
								<rdf:Bag>
									<rdf:li>Auto Segmentation</rdf:li>
									<rdf:li>First session</rdf:li>
								</rdf:Bag>
							</Olv:Operations>
						</rdf:Description>
					</rdf:li>
					<rdf:li>
						<rdf:Description Olv:GUID="{C88022A9-7B5C-42F7-9144-5230BC3C8B8C}" Olv:Status="None" Olv:File="060-OHI-2017-04-20-0001.pdf" Olv:Pages="8" Olv:Comp="MDOPS-C16" Olv:User="001661" Olv:Start="2019-08-20T09:19:43+05:30" Olv:End="2019-08-20T10:18:30+05:30" Olv:TotalTime="00:58:47" Olv:IdleTime="00:05:58">
							<Olv:Operations>
								<rdf:Bag>
									<rdf:li>Edit Segmentation</rdf:li>
								</rdf:Bag>
							</Olv:Operations>
						</rdf:Description>
					</rdf:li>
					<rdf:li>
						<rdf:Description Olv:GUID="{F7A26104-2DCC-45F7-9BF4-0DCFD241AF63}" Olv:Status="None" Olv:File="060-OHI-2017-04-20-0001.pdf" Olv:Pages="8" Olv:Comp="MDOPS-B41" Olv:User="001090" Olv:Start="2019-08-28T15:37:32+05:30" Olv:End="2019-08-28T15:43:12+05:30" Olv:TotalTime="00:05:40" Olv:IdleTime="00:00:35">
							<Olv:Operations>
								<rdf:Bag>
									<rdf:li>Edit Segmentation</rdf:li>
								</rdf:Bag>
							</Olv:Operations>
						</rdf:Description>
					</rdf:li>
					<rdf:li>
						<rdf:Description Olv:GUID="{C455BF59-206D-4CCC-B7F3-41782535DDD5}" Olv:Status="Succeeded" Olv:File="060-OHI-2017-04-20-0001.pdf" Olv:Pages="8" Olv:Comp="SEG04" Olv:User="pipex" Olv:Start="2019-08-31T11:06:10+05:30" Olv:End="2019-08-31T11:06:54+05:30" Olv:TotalTime="00:00:44" Olv:IdleTime="00:00:44">
							<Olv:Operations>
								<rdf:Bag>
									<rdf:li>Output</rdf:li>
								</rdf:Bag>
							</Olv:Operations>
						</rdf:Description>
					</rdf:li>
				</rdf:Seq>
			</Olv:TimeTrack>
		</rdf:Description>
	</rdf:RDF>
</x:xmpmeta>
