<x:xmpmeta xmlns:x="adobe:ns:meta/" x:xmptk="Adobe XMP Core 5.4-c005 78.147326, 2012/08/23-13:03:03        ">
	<rdf:RDF xmlns:rdf="http://www.w3.org/1999/02/22-rdf-syntax-ns#">
		<rdf:Description rdf:about="" xmlns:xmp="http://ns.adobe.com/xap/1.0/" xmlns:dc="http://purl.org/dc/elements/1.1/" xmlns:xmpMM="http://ns.adobe.com/xap/1.0/mm/" xmlns:pdf="http://ns.adobe.com/pdf/1.3/" xmlns:pdfx="http://ns.adobe.com/pdfx/1.3/" xmlns:Olv="Olive" xmp:ModifyDate="2019-08-31T14:17:13+05:30" xmp:CreateDate="2016-02-24T22:31:09-05:00" xmp:MetadataDate="2019-08-31T14:17:13+05:30" xmp:CreatorTool="Adobe InDesign CC 2015 (Macintosh)" dc:format="application/pdf" xmpMM:DocumentID="uuid:ae137795-11f4-0146-81f7-b886b83d3986" xmpMM:InstanceID="uuid:99be8081-bf58-421f-9e5f-db95a4454330" pdf:Producer="Adobe PDF Library 15.0" pdfx:OLV0_XMD_PAGE_COUNT="8" Olv:publication="OHI" Olv:issue_date="2016/ 2/25">
			<Olv:TimeTrack>
				<rdf:Seq>
					<rdf:li>
						<rdf:Description Olv:GUID="{C588A83C-F8C9-4361-9509-9E47F8B158C2}" Olv:Status="Succeeded" Olv:File="060-OHI-2016-02-25-0001.pdf" Olv:Pages="8" Olv:Comp="SEG07" Olv:User="pipex" Olv:Start="2019-08-06T13:20:15+05:30" Olv:End="2019-08-06T13:20:30+05:30" Olv:TotalTime="00:00:15" Olv:IdleTime="00:00:00">
							<Olv:Operations>
								<rdf:Bag>
									<rdf:li>Auto Segmentation</rdf:li>
									<rdf:li>First session</rdf:li>
								</rdf:Bag>
							</Olv:Operations>
						</rdf:Description>
					</rdf:li>
					<rdf:li>
						<rdf:Description Olv:GUID="{93B281C9-A37E-416F-B749-37325D63892D}" Olv:Status="None" Olv:File="060-OHI-2016-02-25-0001.pdf" Olv:Pages="8" Olv:Comp="MDOPS-C16" Olv:User="001661" Olv:Start="2019-08-18T10:09:55+05:30" Olv:End="2019-08-18T11:22:22+05:30" Olv:TotalTime="01:12:27" Olv:IdleTime="00:13:58">
							<Olv:Operations>
								<rdf:Bag>
									<rdf:li>Edit Segmentation</rdf:li>
								</rdf:Bag>
							</Olv:Operations>
						</rdf:Description>
					</rdf:li>
					<rdf:li>
						<rdf:Description Olv:GUID="{F698000E-2780-4FAE-B5BE-8EFAC34F0020}" Olv:Status="None" Olv:File="060-OHI-2016-02-25-0001.pdf" Olv:Pages="8" Olv:Comp="MDOPS-C20" Olv:User="000678" Olv:Start="2019-08-28T13:26:15+05:30" Olv:End="2019-08-28T13:35:00+05:30" Olv:TotalTime="00:08:45" Olv:IdleTime="00:01:44">
							<Olv:Operations>
								<rdf:Bag>
									<rdf:li>Edit Segmentation</rdf:li>
								</rdf:Bag>
							</Olv:Operations>
						</rdf:Description>
					</rdf:li>
					<rdf:li>
						<rdf:Description Olv:GUID="{539ECD89-C9FA-4565-89C9-B10C3AB3017A}" Olv:Status="Succeeded" Olv:File="060-OHI-2016-02-25-0001.pdf" Olv:Pages="8" Olv:Comp="CONTROLLER" Olv:User="pipex" Olv:Start="2019-08-31T14:17:13+05:30" Olv:End="2019-08-31T14:18:00+05:30" Olv:TotalTime="00:00:47" Olv:IdleTime="00:00:47">
							<Olv:Operations>
								<rdf:Bag>
									<rdf:li>Output</rdf:li>
								</rdf:Bag>
							</Olv:Operations>
						</rdf:Description>
					</rdf:li>
				</rdf:Seq>
			</Olv:TimeTrack>
		</rdf:Description>
	</rdf:RDF>
</x:xmpmeta>
