<x:xmpmeta xmlns:x="adobe:ns:meta/" x:xmptk="Adobe XMP Core 5.4-c005 78.147326, 2012/08/23-13:03:03        ">
	<rdf:RDF xmlns:rdf="http://www.w3.org/1999/02/22-rdf-syntax-ns#">
		<rdf:Description rdf:about="" xmlns:xmp="http://ns.adobe.com/xap/1.0/" xmlns:dc="http://purl.org/dc/elements/1.1/" xmlns:xmpMM="http://ns.adobe.com/xap/1.0/mm/" xmlns:pdf="http://ns.adobe.com/pdf/1.3/" xmlns:pdfx="http://ns.adobe.com/pdfx/1.3/" xmlns:Olv="Olive" xmp:ModifyDate="2019-08-31T10:45:20+05:30" xmp:CreateDate="2017-01-11T21:48:18-05:00" xmp:MetadataDate="2019-08-31T10:45:20+05:30" xmp:CreatorTool="Adobe InDesign CC 2015 (Macintosh)" dc:format="application/pdf" xmpMM:DocumentID="uuid:14a3c811-f2f9-6048-b949-01f7ce36deee" xmpMM:InstanceID="uuid:24b1c39b-0535-4da3-8f78-9cf2cc7e90d0" pdf:Producer="Adobe PDF Library 15.0" pdfx:OLV0_XMD_PAGE_COUNT="8" Olv:publication="OHI" Olv:issue_date="2017/ 1/12">
			<Olv:TimeTrack>
				<rdf:Seq>
					<rdf:li>
						<rdf:Description Olv:GUID="{B6317B9B-EDD4-4FA0-9798-7673F4B08675}" Olv:Status="Succeeded" Olv:File="060-OHI-2017-01-12-0001.pdf" Olv:Pages="8" Olv:Comp="SEG07" Olv:User="pipex" Olv:Start="2019-08-06T13:23:14+05:30" Olv:End="2019-08-06T13:23:27+05:30" Olv:TotalTime="00:00:13" Olv:IdleTime="00:00:00">
							<Olv:Operations>
								<rdf:Bag>
									<rdf:li>Auto Segmentation</rdf:li>
									<rdf:li>First session</rdf:li>
								</rdf:Bag>
							</Olv:Operations>
						</rdf:Description>
					</rdf:li>
					<rdf:li>
						<rdf:Description Olv:GUID="{044C5BF3-4AC6-4FFB-A050-5395EF0841A7}" Olv:Status="None" Olv:File="060-OHI-2017-01-12-0001.pdf" Olv:Pages="8" Olv:Comp="MDOPS-C17" Olv:User="001664" Olv:Start="2019-08-19T12:01:40+05:30" Olv:End="2019-08-19T12:45:23+05:30" Olv:TotalTime="00:43:43" Olv:IdleTime="00:00:34">
							<Olv:Operations>
								<rdf:Bag>
									<rdf:li>Edit Segmentation</rdf:li>
								</rdf:Bag>
							</Olv:Operations>
						</rdf:Description>
					</rdf:li>
					<rdf:li>
						<rdf:Description Olv:GUID="{7CA16F63-DD1C-4345-B568-4DC12CB0D452}" Olv:Status="None" Olv:File="060-OHI-2017-01-12-0001.pdf" Olv:Pages="8" Olv:Comp="MDOPS-C13" Olv:User="000953" Olv:Start="2019-08-28T14:55:02+05:30" Olv:End="2019-08-28T15:00:27+05:30" Olv:TotalTime="00:05:25" Olv:IdleTime="00:01:45">
							<Olv:Operations>
								<rdf:Bag>
									<rdf:li>Edit Segmentation</rdf:li>
								</rdf:Bag>
							</Olv:Operations>
						</rdf:Description>
					</rdf:li>
					<rdf:li>
						<rdf:Description Olv:GUID="{B5A33161-FFAB-4FAB-9679-DEBE58BE79B0}" Olv:Status="Succeeded" Olv:File="060-OHI-2017-01-12-0001.pdf" Olv:Pages="8" Olv:Comp="SEG04" Olv:User="pipex" Olv:Start="2019-08-31T10:45:20+05:30" Olv:End="2019-08-31T10:46:10+05:30" Olv:TotalTime="00:00:50" Olv:IdleTime="00:00:50">
							<Olv:Operations>
								<rdf:Bag>
									<rdf:li>Output</rdf:li>
								</rdf:Bag>
							</Olv:Operations>
						</rdf:Description>
					</rdf:li>
				</rdf:Seq>
			</Olv:TimeTrack>
		</rdf:Description>
	</rdf:RDF>
</x:xmpmeta>
