<x:xmpmeta xmlns:x="adobe:ns:meta/" x:xmptk="Adobe XMP Core 5.4-c005 78.147326, 2012/08/23-13:03:03        ">
	<rdf:RDF xmlns:rdf="http://www.w3.org/1999/02/22-rdf-syntax-ns#">
		<rdf:Description rdf:about="" xmlns:xmp="http://ns.adobe.com/xap/1.0/" xmlns:dc="http://purl.org/dc/elements/1.1/" xmlns:xmpMM="http://ns.adobe.com/xap/1.0/mm/" xmlns:pdf="http://ns.adobe.com/pdf/1.3/" xmlns:pdfx="http://ns.adobe.com/pdfx/1.3/" xmlns:Olv="Olive" xmp:ModifyDate="2019-08-31T10:06:34+05:30" xmp:CreateDate="2016-02-23T22:18:30-05:00" xmp:MetadataDate="2019-08-31T10:06:34+05:30" xmp:CreatorTool="Adobe InDesign CC 2015 (Macintosh)" dc:format="application/pdf" xmpMM:DocumentID="uuid:f774f55a-157e-da40-95e5-e7c39035bac5" xmpMM:InstanceID="uuid:148993d2-7769-4fa3-b56c-47c2934b55c4" pdf:Producer="Adobe PDF Library 15.0" pdfx:OLV0_XMD_PAGE_COUNT="8" Olv:publication="OHI" Olv:issue_date="2016/ 2/24">
			<Olv:TimeTrack>
				<rdf:Seq>
					<rdf:li>
						<rdf:Description Olv:GUID="{3431E17D-4E8F-4045-8A10-2F31A86864F0}" Olv:Status="Succeeded" Olv:File="060-OHI-2016-02-24-0001.pdf" Olv:Pages="8" Olv:Comp="SEG02" Olv:User="pipex" Olv:Start="2019-08-06T13:20:23+05:30" Olv:End="2019-08-06T13:20:38+05:30" Olv:TotalTime="00:00:15" Olv:IdleTime="00:00:00">
							<Olv:Operations>
								<rdf:Bag>
									<rdf:li>Auto Segmentation</rdf:li>
									<rdf:li>First session</rdf:li>
								</rdf:Bag>
							</Olv:Operations>
						</rdf:Description>
					</rdf:li>
					<rdf:li>
						<rdf:Description Olv:GUID="{BB17A67E-3FAC-4EEE-AD63-D736CB3F5CB0}" Olv:Status="None" Olv:File="060-OHI-2016-02-24-0001.pdf" Olv:Pages="8" Olv:Comp="MDOPS-C18" Olv:User="001662" Olv:Start="2019-08-18T10:02:28+05:30" Olv:End="2019-08-18T10:41:48+05:30" Olv:TotalTime="00:39:20" Olv:IdleTime="00:02:38">
							<Olv:Operations>
								<rdf:Bag>
									<rdf:li>Edit Segmentation</rdf:li>
								</rdf:Bag>
							</Olv:Operations>
						</rdf:Description>
					</rdf:li>
					<rdf:li>
						<rdf:Description Olv:GUID="{6982962B-EA7B-483C-AF90-E571E164806E}" Olv:Status="None" Olv:File="060-OHI-2016-02-24-0001.pdf" Olv:Pages="8" Olv:Comp="MDOPS-B41" Olv:User="001090" Olv:Start="2019-08-28T13:25:48+05:30" Olv:End="2019-08-28T13:33:34+05:30" Olv:TotalTime="00:07:46" Olv:IdleTime="00:00:00">
							<Olv:Operations>
								<rdf:Bag>
									<rdf:li>Edit Segmentation</rdf:li>
								</rdf:Bag>
							</Olv:Operations>
						</rdf:Description>
					</rdf:li>
					<rdf:li>
						<rdf:Description Olv:GUID="{63F3AC49-E7D3-4372-853C-BED460969E24}" Olv:Status="Succeeded" Olv:File="060-OHI-2016-02-24-0001.pdf" Olv:Pages="8" Olv:Comp="SEG06" Olv:User="pipex" Olv:Start="2019-08-31T10:06:34+05:30" Olv:End="2019-08-31T10:07:27+05:30" Olv:TotalTime="00:00:53" Olv:IdleTime="00:00:53">
							<Olv:Operations>
								<rdf:Bag>
									<rdf:li>Output</rdf:li>
								</rdf:Bag>
							</Olv:Operations>
						</rdf:Description>
					</rdf:li>
				</rdf:Seq>
			</Olv:TimeTrack>
		</rdf:Description>
	</rdf:RDF>
</x:xmpmeta>
