<x:xmpmeta xmlns:x="adobe:ns:meta/" x:xmptk="Adobe XMP Core 5.4-c005 78.147326, 2012/08/23-13:03:03        ">
	<rdf:RDF xmlns:rdf="http://www.w3.org/1999/02/22-rdf-syntax-ns#">
		<rdf:Description rdf:about="" xmlns:xmp="http://ns.adobe.com/xap/1.0/" xmlns:dc="http://purl.org/dc/elements/1.1/" xmlns:xmpMM="http://ns.adobe.com/xap/1.0/mm/" xmlns:pdf="http://ns.adobe.com/pdf/1.3/" xmlns:pdfx="http://ns.adobe.com/pdfx/1.3/" xmlns:Olv="Olive" xmp:ModifyDate="2019-08-31T12:05:46+05:30" xmp:CreateDate="2018-09-17T21:47:31-04:00" xmp:MetadataDate="2019-08-31T12:05:46+05:30" xmp:CreatorTool="Adobe InDesign CC 13.0 (Macintosh)" dc:format="application/pdf" xmpMM:DocumentID="uuid:629ca4d3-819d-0542-8d47-31fedc49e97b" xmpMM:InstanceID="uuid:a31cfb02-ac7e-4775-9c69-4c75057fa46c" pdf:Producer="Adobe PDF Library 15.0" pdfx:OLV0_XMD_PAGE_COUNT="8" Olv:publication="OHI" Olv:issue_date="2018/ 9/18">
			<Olv:TimeTrack>
				<rdf:Seq>
					<rdf:li>
						<rdf:Description Olv:GUID="{28E1EA16-6961-4F85-BD29-758749BAF9C5}" Olv:Status="Succeeded" Olv:File="060-OHI-2018-09-18-0001.pdf" Olv:Pages="8" Olv:Comp="SEG07" Olv:User="pipex" Olv:Start="2019-08-06T13:57:47+05:30" Olv:End="2019-08-06T13:58:01+05:30" Olv:TotalTime="00:00:14" Olv:IdleTime="00:00:00">
							<Olv:Operations>
								<rdf:Bag>
									<rdf:li>Auto Segmentation</rdf:li>
									<rdf:li>First session</rdf:li>
								</rdf:Bag>
							</Olv:Operations>
						</rdf:Description>
					</rdf:li>
					<rdf:li>
						<rdf:Description Olv:GUID="{500B39FD-CC97-4F19-82B3-0AA3F7CB064F}" Olv:Status="None" Olv:File="060-OHI-2018-09-18-0001.pdf" Olv:Pages="8" Olv:Comp="MDOPS-C15" Olv:User="001660" Olv:Start="2019-08-22T12:21:14+05:30" Olv:End="2019-08-22T12:53:33+05:30" Olv:TotalTime="00:32:19" Olv:IdleTime="00:02:22">
							<Olv:Operations>
								<rdf:Bag>
									<rdf:li>Edit Segmentation</rdf:li>
								</rdf:Bag>
							</Olv:Operations>
						</rdf:Description>
					</rdf:li>
					<rdf:li>
						<rdf:Description Olv:GUID="{8B3CBA68-4437-40A3-B004-27C948328DB7}" Olv:Status="None" Olv:File="060-OHI-2018-09-18-0001.pdf" Olv:Pages="8" Olv:Comp="MDOPS-C08" Olv:User="000949" Olv:Start="2019-08-29T09:51:48+05:30" Olv:End="2019-08-29T10:00:56+05:30" Olv:TotalTime="00:09:08" Olv:IdleTime="00:01:19">
							<Olv:Operations>
								<rdf:Bag>
									<rdf:li>Edit Segmentation</rdf:li>
								</rdf:Bag>
							</Olv:Operations>
						</rdf:Description>
					</rdf:li>
					<rdf:li>
						<rdf:Description Olv:GUID="{1AACBCA6-F802-499A-8475-E178D92F534E}" Olv:Status="Succeeded" Olv:File="060-OHI-2018-09-18-0001.pdf" Olv:Pages="8" Olv:Comp="SEG06" Olv:User="pipex" Olv:Start="2019-08-31T12:05:47+05:30" Olv:End="2019-08-31T12:06:37+05:30" Olv:TotalTime="00:00:50" Olv:IdleTime="00:00:50">
							<Olv:Operations>
								<rdf:Bag>
									<rdf:li>Output</rdf:li>
								</rdf:Bag>
							</Olv:Operations>
						</rdf:Description>
					</rdf:li>
				</rdf:Seq>
			</Olv:TimeTrack>
		</rdf:Description>
	</rdf:RDF>
</x:xmpmeta>
