<x:xmpmeta xmlns:x="adobe:ns:meta/" x:xmptk="Adobe XMP Core 5.4-c005 78.147326, 2012/08/23-13:03:03        ">
	<rdf:RDF xmlns:rdf="http://www.w3.org/1999/02/22-rdf-syntax-ns#">
		<rdf:Description rdf:about="" xmlns:xmp="http://ns.adobe.com/xap/1.0/" xmlns:dc="http://purl.org/dc/elements/1.1/" xmlns:xmpMM="http://ns.adobe.com/xap/1.0/mm/" xmlns:pdf="http://ns.adobe.com/pdf/1.3/" xmlns:pdfx="http://ns.adobe.com/pdfx/1.3/" xmlns:Olv="Olive" xmp:ModifyDate="2019-08-31T11:20:32+05:30" xmp:CreateDate="2018-10-01T21:44:50-04:00" xmp:MetadataDate="2019-08-31T11:20:32+05:30" xmp:CreatorTool="Adobe InDesign CC 13.0 (Macintosh)" dc:format="application/pdf" xmpMM:DocumentID="uuid:fe532274-3246-d34b-ba0d-3712ecf30cec" xmpMM:InstanceID="uuid:a761e130-7a08-4070-95b1-cfaf0a968850" pdf:Producer="Adobe PDF Library 15.0" pdfx:OLV0_XMD_PAGE_COUNT="8" Olv:publication="OHI" Olv:issue_date="2018/10/ 2">
			<Olv:TimeTrack>
				<rdf:Seq>
					<rdf:li>
						<rdf:Description Olv:GUID="{9741647B-214C-4B64-95F0-8AED5B792B0E}" Olv:Status="Succeeded" Olv:File="060-OHI-2018-10-02-0001.pdf" Olv:Pages="8" Olv:Comp="SEG02" Olv:User="pipex" Olv:Start="2019-08-06T13:25:50+05:30" Olv:End="2019-08-06T13:26:04+05:30" Olv:TotalTime="00:00:14" Olv:IdleTime="00:00:00">
							<Olv:Operations>
								<rdf:Bag>
									<rdf:li>Auto Segmentation</rdf:li>
									<rdf:li>First session</rdf:li>
								</rdf:Bag>
							</Olv:Operations>
						</rdf:Description>
					</rdf:li>
					<rdf:li>
						<rdf:Description Olv:GUID="{70E4950E-FDD8-4876-8176-B2B9F8E0D5FA}" Olv:Status="None" Olv:File="060-OHI-2018-10-02-0001.pdf" Olv:Pages="8" Olv:Comp="MDOPS-C18" Olv:User="001662" Olv:Start="2019-08-22T13:47:16+05:30" Olv:End="2019-08-22T14:28:01+05:30" Olv:TotalTime="00:40:45" Olv:IdleTime="00:01:46">
							<Olv:Operations>
								<rdf:Bag>
									<rdf:li>Edit Segmentation</rdf:li>
								</rdf:Bag>
							</Olv:Operations>
						</rdf:Description>
					</rdf:li>
					<rdf:li>
						<rdf:Description Olv:GUID="{CD02E3B1-C62F-4D0C-A63B-71BD155D2F92}" Olv:Status="None" Olv:File="060-OHI-2018-10-02-0001.pdf" Olv:Pages="8" Olv:Comp="MDOPS-C08" Olv:User="000949" Olv:Start="2019-08-29T10:01:44+05:30" Olv:End="2019-08-29T10:12:06+05:30" Olv:TotalTime="00:10:22" Olv:IdleTime="00:01:23">
							<Olv:Operations>
								<rdf:Bag>
									<rdf:li>Edit Segmentation</rdf:li>
								</rdf:Bag>
							</Olv:Operations>
						</rdf:Description>
					</rdf:li>
					<rdf:li>
						<rdf:Description Olv:GUID="{0AA4967F-7966-43FA-8247-875A18DBE769}" Olv:Status="Succeeded" Olv:File="060-OHI-2018-10-02-0001.pdf" Olv:Pages="8" Olv:Comp="SEG04" Olv:User="pipex" Olv:Start="2019-08-31T11:20:33+05:30" Olv:End="2019-08-31T11:21:21+05:30" Olv:TotalTime="00:00:48" Olv:IdleTime="00:00:48">
							<Olv:Operations>
								<rdf:Bag>
									<rdf:li>Output</rdf:li>
								</rdf:Bag>
							</Olv:Operations>
						</rdf:Description>
					</rdf:li>
				</rdf:Seq>
			</Olv:TimeTrack>
		</rdf:Description>
	</rdf:RDF>
</x:xmpmeta>
