<x:xmpmeta xmlns:x="adobe:ns:meta/" x:xmptk="Adobe XMP Core 5.4-c005 78.147326, 2012/08/23-13:03:03        ">
	<rdf:RDF xmlns:rdf="http://www.w3.org/1999/02/22-rdf-syntax-ns#">
		<rdf:Description rdf:about="" xmlns:xmp="http://ns.adobe.com/xap/1.0/" xmlns:dc="http://purl.org/dc/elements/1.1/" xmlns:xmpMM="http://ns.adobe.com/xap/1.0/mm/" xmlns:pdf="http://ns.adobe.com/pdf/1.3/" xmlns:pdfx="http://ns.adobe.com/pdfx/1.3/" xmlns:Olv="Olive" xmp:ModifyDate="2019-08-31T10:40+05:30" xmp:CreateDate="2017-11-27T21:59:36-05:00" xmp:MetadataDate="2019-08-31T10:40+05:30" xmp:CreatorTool="Adobe InDesign CC 2017 (Macintosh)" dc:format="application/pdf" xmpMM:DocumentID="uuid:c52738ec-1408-244d-9c04-f8847e050502" xmpMM:InstanceID="uuid:180bd407-ffec-4425-9043-7db534085d18" pdf:Producer="Adobe PDF Library 15.0" pdfx:OLV0_XMD_PAGE_COUNT="8" Olv:publication="OHI" Olv:issue_date="2017/11/28">
			<Olv:TimeTrack>
				<rdf:Seq>
					<rdf:li>
						<rdf:Description Olv:GUID="{59D25207-FCF9-47A4-A70D-9F27655A3192}" Olv:Status="Succeeded" Olv:File="060-OHI-2017-11-28-0001.pdf" Olv:Pages="8" Olv:Comp="SEG07" Olv:User="pipex" Olv:Start="2019-08-06T13:22:58+05:30" Olv:End="2019-08-06T13:23:10+05:30" Olv:TotalTime="00:00:12" Olv:IdleTime="00:00:00">
							<Olv:Operations>
								<rdf:Bag>
									<rdf:li>Auto Segmentation</rdf:li>
									<rdf:li>First session</rdf:li>
								</rdf:Bag>
							</Olv:Operations>
						</rdf:Description>
					</rdf:li>
					<rdf:li>
						<rdf:Description Olv:GUID="{E433B518-C339-493E-9FE8-D589BA9E2C79}" Olv:Status="None" Olv:File="060-OHI-2017-11-28-0001.pdf" Olv:Pages="8" Olv:Comp="MDOPS-C14" Olv:User="001663" Olv:Start="2019-08-20T14:39:46+05:30" Olv:End="2019-08-20T15:57:22+05:30" Olv:TotalTime="01:17:36" Olv:IdleTime="00:11:11">
							<Olv:Operations>
								<rdf:Bag>
									<rdf:li>Edit Segmentation</rdf:li>
								</rdf:Bag>
							</Olv:Operations>
						</rdf:Description>
					</rdf:li>
					<rdf:li>
						<rdf:Description Olv:GUID="{AAF87E1E-0D5D-43DD-A77C-E985490249F2}" Olv:Status="None" Olv:File="060-OHI-2017-11-28-0001.pdf" Olv:Pages="8" Olv:Comp="MDOPS-C20" Olv:User="000678" Olv:Start="2019-08-29T07:41:26+05:30" Olv:End="2019-08-29T07:47:06+05:30" Olv:TotalTime="00:05:40" Olv:IdleTime="00:00:31">
							<Olv:Operations>
								<rdf:Bag>
									<rdf:li>Edit Segmentation</rdf:li>
								</rdf:Bag>
							</Olv:Operations>
						</rdf:Description>
					</rdf:li>
					<rdf:li>
						<rdf:Description Olv:GUID="{3AE3747F-6EE4-40FF-9F42-1520C4C18CEB}" Olv:Status="Succeeded" Olv:File="060-OHI-2017-11-28-0001.pdf" Olv:Pages="8" Olv:Comp="SEG06" Olv:User="pipex" Olv:Start="2019-08-31T10:40:01+05:30" Olv:End="2019-08-31T10:40:35+05:30" Olv:TotalTime="00:00:34" Olv:IdleTime="00:00:34">
							<Olv:Operations>
								<rdf:Bag>
									<rdf:li>Output</rdf:li>
								</rdf:Bag>
							</Olv:Operations>
						</rdf:Description>
					</rdf:li>
				</rdf:Seq>
			</Olv:TimeTrack>
		</rdf:Description>
	</rdf:RDF>
</x:xmpmeta>
