<x:xmpmeta xmlns:x="adobe:ns:meta/" x:xmptk="Adobe XMP Core 5.4-c005 78.147326, 2012/08/23-13:03:03        ">
	<rdf:RDF xmlns:rdf="http://www.w3.org/1999/02/22-rdf-syntax-ns#">
		<rdf:Description rdf:about="" xmlns:xmp="http://ns.adobe.com/xap/1.0/" xmlns:dc="http://purl.org/dc/elements/1.1/" xmlns:xmpMM="http://ns.adobe.com/xap/1.0/mm/" xmlns:pdf="http://ns.adobe.com/pdf/1.3/" xmlns:pdfx="http://ns.adobe.com/pdfx/1.3/" xmlns:Olv="Olive" xmp:ModifyDate="2019-08-31T09:48:17+05:30" xmp:CreateDate="2016-10-31T21:50:59-04:00" xmp:MetadataDate="2019-08-31T09:48:17+05:30" xmp:CreatorTool="Adobe InDesign CC 2015 (Macintosh)" dc:format="application/pdf" xmpMM:DocumentID="uuid:2b2c9428-9202-9b4a-8146-91e20d8cae4e" xmpMM:InstanceID="uuid:b1fe84c7-6c21-4562-b279-755bdf572cd8" pdf:Producer="Adobe PDF Library 15.0" pdfx:OLV0_XMD_PAGE_COUNT="8" Olv:publication="OHI" Olv:issue_date="2016/11/ 1">
			<Olv:TimeTrack>
				<rdf:Seq>
					<rdf:li>
						<rdf:Description Olv:GUID="{B842ABF4-B4F8-427B-BEB0-D93D4380E3F4}" Olv:Status="Succeeded" Olv:File="060-OHI-2016-11-01-0001.pdf" Olv:Pages="8" Olv:Comp="SEG02" Olv:User="pipex" Olv:Start="2019-08-06T13:18:54+05:30" Olv:End="2019-08-06T13:19:07+05:30" Olv:TotalTime="00:00:13" Olv:IdleTime="00:00:00">
							<Olv:Operations>
								<rdf:Bag>
									<rdf:li>Auto Segmentation</rdf:li>
									<rdf:li>First session</rdf:li>
								</rdf:Bag>
							</Olv:Operations>
						</rdf:Description>
					</rdf:li>
					<rdf:li>
						<rdf:Description Olv:GUID="{0B52DF4B-0EA5-4ADE-BF52-B501BE272E24}" Olv:Status="None" Olv:File="060-OHI-2016-11-01-0001.pdf" Olv:Pages="8" Olv:Comp="MDOPS-C17" Olv:User="001664" Olv:Start="2019-08-19T10:09:35+05:30" Olv:End="2019-08-19T11:01:06+05:30" Olv:TotalTime="00:51:31" Olv:IdleTime="00:10:17">
							<Olv:Operations>
								<rdf:Bag>
									<rdf:li>Edit Segmentation</rdf:li>
								</rdf:Bag>
							</Olv:Operations>
						</rdf:Description>
					</rdf:li>
					<rdf:li>
						<rdf:Description Olv:GUID="{984A2E22-AA4F-4339-A560-7420E112BD89}" Olv:Status="None" Olv:File="060-OHI-2016-11-01-0001.pdf" Olv:Pages="8" Olv:Comp="MDOPS-C20" Olv:User="000678" Olv:Start="2019-08-28T14:31:44+05:30" Olv:End="2019-08-28T14:36:48+05:30" Olv:TotalTime="00:05:04" Olv:IdleTime="00:00:38">
							<Olv:Operations>
								<rdf:Bag>
									<rdf:li>Edit Segmentation</rdf:li>
								</rdf:Bag>
							</Olv:Operations>
						</rdf:Description>
					</rdf:li>
					<rdf:li>
						<rdf:Description Olv:GUID="{8AD11641-3D33-4177-9DC2-2CD95C578ED8}" Olv:Status="Succeeded" Olv:File="060-OHI-2016-11-01-0001.pdf" Olv:Pages="8" Olv:Comp="SEG03" Olv:User="pipex" Olv:Start="2019-08-31T09:48:18+05:30" Olv:End="2019-08-31T09:49:19+05:30" Olv:TotalTime="00:01:01" Olv:IdleTime="00:01:01">
							<Olv:Operations>
								<rdf:Bag>
									<rdf:li>Output</rdf:li>
								</rdf:Bag>
							</Olv:Operations>
						</rdf:Description>
					</rdf:li>
				</rdf:Seq>
			</Olv:TimeTrack>
		</rdf:Description>
	</rdf:RDF>
</x:xmpmeta>
