<x:xmpmeta xmlns:x="adobe:ns:meta/" x:xmptk="Adobe XMP Core 5.4-c005 78.147326, 2012/08/23-13:03:03        ">
	<rdf:RDF xmlns:rdf="http://www.w3.org/1999/02/22-rdf-syntax-ns#">
		<rdf:Description rdf:about="" xmlns:xmp="http://ns.adobe.com/xap/1.0/" xmlns:dc="http://purl.org/dc/elements/1.1/" xmlns:xmpMM="http://ns.adobe.com/xap/1.0/mm/" xmlns:pdf="http://ns.adobe.com/pdf/1.3/" xmlns:pdfx="http://ns.adobe.com/pdfx/1.3/" xmlns:Olv="Olive" xmp:ModifyDate="2019-08-31T11:41:50+05:30" xmp:CreateDate="2018-02-12T21:35:57-05:00" xmp:MetadataDate="2019-08-31T11:41:50+05:30" xmp:CreatorTool="Adobe InDesign CC 13.0 (Macintosh)" dc:format="application/pdf" xmpMM:DocumentID="uuid:df878df3-0492-d142-8b5b-bdb1c6bd4092" xmpMM:InstanceID="uuid:1ea41d95-7a5b-49b5-81eb-2ed5bce8da5e" pdf:Producer="Adobe PDF Library 15.0" pdfx:OLV0_XMD_PAGE_COUNT="8" Olv:publication="OHI" Olv:issue_date="2018/ 2/13">
			<Olv:TimeTrack>
				<rdf:Seq>
					<rdf:li>
						<rdf:Description Olv:GUID="{DD69A699-8E17-4519-B088-BC9D59B15C7F}" Olv:Status="Succeeded" Olv:File="060-OHI-2018-02-13-0001.pdf" Olv:Pages="8" Olv:Comp="SEG07" Olv:User="pipex" Olv:Start="2019-08-06T13:27:04+05:30" Olv:End="2019-08-06T13:27:17+05:30" Olv:TotalTime="00:00:13" Olv:IdleTime="00:00:00">
							<Olv:Operations>
								<rdf:Bag>
									<rdf:li>Auto Segmentation</rdf:li>
									<rdf:li>First session</rdf:li>
								</rdf:Bag>
							</Olv:Operations>
						</rdf:Description>
					</rdf:li>
					<rdf:li>
						<rdf:Description Olv:GUID="{D47B1902-6854-4F16-904C-3A97BDCE6C36}" Olv:Status="None" Olv:File="060-OHI-2018-02-13-0001.pdf" Olv:Pages="8" Olv:Comp="MDOPS-C14" Olv:User="001663" Olv:Start="2019-08-21T10:17:55+05:30" Olv:End="2019-08-21T11:27:13+05:30" Olv:TotalTime="01:09:18" Olv:IdleTime="00:15:16">
							<Olv:Operations>
								<rdf:Bag>
									<rdf:li>Edit Segmentation</rdf:li>
								</rdf:Bag>
							</Olv:Operations>
						</rdf:Description>
					</rdf:li>
					<rdf:li>
						<rdf:Description Olv:GUID="{22C6FFF5-969C-405B-A958-4A30C5A30D42}" Olv:Status="None" Olv:File="060-OHI-2018-02-13-0001.pdf" Olv:Pages="8" Olv:Comp="MDOPS-C20" Olv:User="000678" Olv:Start="2019-08-29T08:21:25+05:30" Olv:End="2019-08-29T08:28:45+05:30" Olv:TotalTime="00:07:20" Olv:IdleTime="00:00:00">
							<Olv:Operations>
								<rdf:Bag>
									<rdf:li>Edit Segmentation</rdf:li>
								</rdf:Bag>
							</Olv:Operations>
						</rdf:Description>
					</rdf:li>
					<rdf:li>
						<rdf:Description Olv:GUID="{797A46BA-EA5B-466B-86FF-34D2DB59FCA9}" Olv:Status="Succeeded" Olv:File="060-OHI-2018-02-13-0001.pdf" Olv:Pages="8" Olv:Comp="SEG07" Olv:User="pipex" Olv:Start="2019-08-31T11:41:51+05:30" Olv:End="2019-08-31T11:42:31+05:30" Olv:TotalTime="00:00:40" Olv:IdleTime="00:00:40">
							<Olv:Operations>
								<rdf:Bag>
									<rdf:li>Output</rdf:li>
								</rdf:Bag>
							</Olv:Operations>
						</rdf:Description>
					</rdf:li>
				</rdf:Seq>
			</Olv:TimeTrack>
		</rdf:Description>
	</rdf:RDF>
</x:xmpmeta>
