<x:xmpmeta xmlns:x="adobe:ns:meta/" x:xmptk="Adobe XMP Core 5.4-c005 78.147326, 2012/08/23-13:03:03        ">
	<rdf:RDF xmlns:rdf="http://www.w3.org/1999/02/22-rdf-syntax-ns#">
		<rdf:Description rdf:about="" xmlns:xmp="http://ns.adobe.com/xap/1.0/" xmlns:dc="http://purl.org/dc/elements/1.1/" xmlns:xmpMM="http://ns.adobe.com/xap/1.0/mm/" xmlns:pdf="http://ns.adobe.com/pdf/1.3/" xmlns:pdfx="http://ns.adobe.com/pdfx/1.3/" xmlns:Olv="Olive" xmp:ModifyDate="2019-08-31T11:09:30+05:30" xmp:CreateDate="2017-04-24T21:53:35-04:00" xmp:MetadataDate="2019-08-31T11:09:30+05:30" xmp:CreatorTool="Adobe InDesign CC 2017 (Macintosh)" dc:format="application/pdf" xmpMM:DocumentID="uuid:387836c7-5050-0b4d-90bc-43e1deb94fbd" xmpMM:InstanceID="uuid:c7e7b37e-c235-45ad-879e-00f71e492bfa" pdf:Producer="Adobe PDF Library 15.0" pdfx:OLV0_XMD_PAGE_COUNT="16" Olv:publication="OHI" Olv:issue_date="2017/ 4/25">
			<Olv:TimeTrack>
				<rdf:Seq>
					<rdf:li>
						<rdf:Description Olv:GUID="{E21FC2EF-BACE-48C9-BEBB-7FCCCC05CFF7}" Olv:Status="Succeeded" Olv:File="060-OHI-2017-04-25-0001.pdf" Olv:Pages="16" Olv:Comp="SEG07" Olv:User="pipex" Olv:Start="2019-08-06T13:24:46+05:30" Olv:End="2019-08-06T13:25:06+05:30" Olv:TotalTime="00:00:20" Olv:IdleTime="00:00:00">
							<Olv:Operations>
								<rdf:Bag>
									<rdf:li>Auto Segmentation</rdf:li>
									<rdf:li>First session</rdf:li>
								</rdf:Bag>
							</Olv:Operations>
						</rdf:Description>
					</rdf:li>
					<rdf:li>
						<rdf:Description Olv:GUID="{0CCC091B-DEE7-41D6-A8C6-A0A6F7658C85}" Olv:Status="None" Olv:File="060-OHI-2017-04-25-0001.pdf" Olv:Pages="16" Olv:Comp="MDOPS-C15" Olv:User="001660" Olv:Start="2019-08-20T09:21:16+05:30" Olv:End="2019-08-20T10:24:49+05:30" Olv:TotalTime="01:03:33" Olv:IdleTime="00:02:35">
							<Olv:Operations>
								<rdf:Bag>
									<rdf:li>Edit Segmentation</rdf:li>
								</rdf:Bag>
							</Olv:Operations>
						</rdf:Description>
					</rdf:li>
					<rdf:li>
						<rdf:Description Olv:GUID="{99F58494-C13F-4721-8B9B-24E167D50AAB}" Olv:Status="None" Olv:File="060-OHI-2017-04-25-0001.pdf" Olv:Pages="16" Olv:Comp="MDOPS-C2" Olv:User="001086" Olv:Start="2019-08-28T15:42:13+05:30" Olv:End="2019-08-28T15:56:25+05:30" Olv:TotalTime="00:14:12" Olv:IdleTime="00:05:25">
							<Olv:Operations>
								<rdf:Bag>
									<rdf:li>Edit Segmentation</rdf:li>
								</rdf:Bag>
							</Olv:Operations>
						</rdf:Description>
					</rdf:li>
					<rdf:li>
						<rdf:Description Olv:GUID="{69E3CDD5-23E6-43B4-9A47-FEC9C610BE26}" Olv:Status="Succeeded" Olv:File="060-OHI-2017-04-25-0001.pdf" Olv:Pages="16" Olv:Comp="SEG04" Olv:User="pipex" Olv:Start="2019-08-31T11:09:30+05:30" Olv:End="2019-08-31T11:11:22+05:30" Olv:TotalTime="00:01:52" Olv:IdleTime="00:01:52">
							<Olv:Operations>
								<rdf:Bag>
									<rdf:li>Output</rdf:li>
								</rdf:Bag>
							</Olv:Operations>
						</rdf:Description>
					</rdf:li>
				</rdf:Seq>
			</Olv:TimeTrack>
		</rdf:Description>
	</rdf:RDF>
</x:xmpmeta>
