<x:xmpmeta xmlns:x="adobe:ns:meta/" x:xmptk="Adobe XMP Core 5.4-c005 78.147326, 2012/08/23-13:03:03        ">
	<rdf:RDF xmlns:rdf="http://www.w3.org/1999/02/22-rdf-syntax-ns#">
		<rdf:Description rdf:about="" xmlns:xmp="http://ns.adobe.com/xap/1.0/" xmlns:dc="http://purl.org/dc/elements/1.1/" xmlns:xmpMM="http://ns.adobe.com/xap/1.0/mm/" xmlns:pdf="http://ns.adobe.com/pdf/1.3/" xmlns:pdfx="http://ns.adobe.com/pdfx/1.3/" xmlns:Olv="Olive" xmp:ModifyDate="2019-08-31T10:14:24+05:30" xmp:CreateDate="2016-03-30T23:17:52-04:00" xmp:MetadataDate="2019-08-31T10:14:24+05:30" xmp:CreatorTool="Adobe InDesign CC 2015 (Macintosh)" dc:format="application/pdf" xmpMM:DocumentID="uuid:d1ca1c76-df7b-9b49-b122-721bc1f4bb47" xmpMM:InstanceID="uuid:9e037ee8-d387-4466-99da-fdc96a665931" pdf:Producer="Adobe PDF Library 15.0" pdfx:OLV0_XMD_PAGE_COUNT="8" Olv:publication="OHI" Olv:issue_date="2016/ 3/31">
			<Olv:TimeTrack>
				<rdf:Seq>
					<rdf:li>
						<rdf:Description Olv:GUID="{4F45499C-9D91-4630-900B-28E3DF1018F6}" Olv:Status="Succeeded" Olv:File="060-OHI-2016-03-31-0001.pdf" Olv:Pages="8" Olv:Comp="SEG02" Olv:User="pipex" Olv:Start="2019-08-06T13:20:58+05:30" Olv:End="2019-08-06T13:21:08+05:30" Olv:TotalTime="00:00:10" Olv:IdleTime="00:00:00">
							<Olv:Operations>
								<rdf:Bag>
									<rdf:li>Auto Segmentation</rdf:li>
									<rdf:li>First session</rdf:li>
								</rdf:Bag>
							</Olv:Operations>
						</rdf:Description>
					</rdf:li>
					<rdf:li>
						<rdf:Description Olv:GUID="{E1146670-217E-4CC1-82D6-D555546B54E9}" Olv:Status="None" Olv:File="060-OHI-2016-03-31-0001.pdf" Olv:Pages="8" Olv:Comp="MDOPS-C14" Olv:User="001663" Olv:Start="2019-08-18T11:51:24+05:30" Olv:End="2019-08-18T13:04:27+05:30" Olv:TotalTime="01:13:03" Olv:IdleTime="00:03:07">
							<Olv:Operations>
								<rdf:Bag>
									<rdf:li>Edit Segmentation</rdf:li>
								</rdf:Bag>
							</Olv:Operations>
						</rdf:Description>
					</rdf:li>
					<rdf:li>
						<rdf:Description Olv:GUID="{2AD281A7-9C3C-449D-989A-4930A286B8B7}" Olv:Status="None" Olv:File="060-OHI-2016-03-31-0001.pdf" Olv:Pages="8" Olv:Comp="MDOPS-C14" Olv:User="001663" Olv:Start="2019-08-18T13:32:18+05:30" Olv:End="2019-08-18T14:36:15+05:30" Olv:TotalTime="01:03:57" Olv:IdleTime="00:02:32">
							<Olv:Operations>
								<rdf:Bag>
									<rdf:li>Edit Segmentation</rdf:li>
								</rdf:Bag>
							</Olv:Operations>
						</rdf:Description>
					</rdf:li>
					<rdf:li>
						<rdf:Description Olv:GUID="{7B09E6F7-7D7F-4987-82FD-642E347463DD}" Olv:Status="None" Olv:File="060-OHI-2016-03-31-0001.pdf" Olv:Pages="8" Olv:Comp="MDOPS-C13" Olv:User="000953" Olv:Start="2019-08-18T14:41:19+05:30" Olv:End="2019-08-18T14:44:14+05:30" Olv:TotalTime="00:02:55" Olv:IdleTime="00:00:00">
							<Olv:Operations>
								<rdf:Bag>
									<rdf:li>Edit Segmentation</rdf:li>
								</rdf:Bag>
							</Olv:Operations>
						</rdf:Description>
					</rdf:li>
					<rdf:li>
						<rdf:Description Olv:GUID="{E8E494EE-9E64-4911-9166-A1041CA165B8}" Olv:Status="None" Olv:File="060-OHI-2016-03-31-0001.pdf" Olv:Pages="8" Olv:Comp="MDOPS-C13" Olv:User="000953" Olv:Start="2019-08-18T14:44:23+05:30" Olv:End="2019-08-18T14:44:41+05:30" Olv:TotalTime="00:00:18" Olv:IdleTime="00:00:00">
							<Olv:Operations>
								<rdf:Bag>
									<rdf:li>Edit Segmentation</rdf:li>
								</rdf:Bag>
							</Olv:Operations>
						</rdf:Description>
					</rdf:li>
					<rdf:li>
						<rdf:Description Olv:GUID="{282B77DA-BF65-4716-871B-001AA10B3C74}" Olv:Status="None" Olv:File="060-OHI-2016-03-31-0001.pdf" Olv:Pages="8" Olv:Comp="MDOPS-C09" Olv:User="001128" Olv:Start="2019-08-28T13:40:07+05:30" Olv:End="2019-08-28T14:02:31+05:30" Olv:TotalTime="00:22:24" Olv:IdleTime="00:08:03">
							<Olv:Operations>
								<rdf:Bag>
									<rdf:li>Edit Segmentation</rdf:li>
								</rdf:Bag>
							</Olv:Operations>
						</rdf:Description>
					</rdf:li>
					<rdf:li>
						<rdf:Description Olv:GUID="{CC080F73-29F6-4DAC-8B4C-61079C29EDBA}" Olv:Status="Succeeded" Olv:File="060-OHI-2016-03-31-0001.pdf" Olv:Pages="8" Olv:Comp="SEG04" Olv:User="pipex" Olv:Start="2019-08-31T10:14:25+05:30" Olv:End="2019-08-31T10:15:21+05:30" Olv:TotalTime="00:00:56" Olv:IdleTime="00:00:56">
							<Olv:Operations>
								<rdf:Bag>
									<rdf:li>Output</rdf:li>
								</rdf:Bag>
							</Olv:Operations>
						</rdf:Description>
					</rdf:li>
				</rdf:Seq>
			</Olv:TimeTrack>
		</rdf:Description>
	</rdf:RDF>
</x:xmpmeta>
