<x:xmpmeta xmlns:x="adobe:ns:meta/" x:xmptk="Adobe XMP Core 5.4-c005 78.147326, 2012/08/23-13:03:03        ">
	<rdf:RDF xmlns:rdf="http://www.w3.org/1999/02/22-rdf-syntax-ns#">
		<rdf:Description rdf:about="" xmlns:xmp="http://ns.adobe.com/xap/1.0/" xmlns:dc="http://purl.org/dc/elements/1.1/" xmlns:xmpMM="http://ns.adobe.com/xap/1.0/mm/" xmlns:pdf="http://ns.adobe.com/pdf/1.3/" xmlns:pdfx="http://ns.adobe.com/pdfx/1.3/" xmlns:Olv="Olive" xmp:ModifyDate="2019-08-31T11:17:12+05:30" xmp:CreateDate="2017-09-11T21:56:48-04:00" xmp:MetadataDate="2019-08-31T11:17:12+05:30" xmp:CreatorTool="Adobe InDesign CC 2017 (Macintosh)" dc:format="application/pdf" xmpMM:DocumentID="uuid:9f752d62-df59-a84f-acaa-c328233b1fa9" xmpMM:InstanceID="uuid:6dbc78bb-8b50-4aa8-8290-4863791b9e73" pdf:Producer="Adobe PDF Library 15.0" pdfx:OLV0_XMD_PAGE_COUNT="8" Olv:publication="OHI" Olv:issue_date="2017/ 9/12">
			<Olv:TimeTrack>
				<rdf:Seq>
					<rdf:li>
						<rdf:Description Olv:GUID="{7862840D-092E-4C30-AE1A-76D899A963C6}" Olv:Status="Succeeded" Olv:File="060-OHI-2017-09-12-0001.pdf" Olv:Pages="8" Olv:Comp="SEG02" Olv:User="pipex" Olv:Start="2019-08-06T13:25:23+05:30" Olv:End="2019-08-06T13:25:32+05:30" Olv:TotalTime="00:00:09" Olv:IdleTime="00:00:00">
							<Olv:Operations>
								<rdf:Bag>
									<rdf:li>Auto Segmentation</rdf:li>
									<rdf:li>First session</rdf:li>
								</rdf:Bag>
							</Olv:Operations>
						</rdf:Description>
					</rdf:li>
					<rdf:li>
						<rdf:Description Olv:GUID="{33018B69-D27D-4161-8D58-5286725E04BC}" Olv:Status="None" Olv:File="060-OHI-2017-09-12-0001.pdf" Olv:Pages="8" Olv:Comp="MDOPS-C17" Olv:User="001664" Olv:Start="2019-08-20T11:14:21+05:30" Olv:End="2019-08-20T12:05:57+05:30" Olv:TotalTime="00:51:36" Olv:IdleTime="00:03:59">
							<Olv:Operations>
								<rdf:Bag>
									<rdf:li>Edit Segmentation</rdf:li>
								</rdf:Bag>
							</Olv:Operations>
						</rdf:Description>
					</rdf:li>
					<rdf:li>
						<rdf:Description Olv:GUID="{849890AB-1F4B-445F-BB6F-A8FC8870E07A}" Olv:Status="None" Olv:File="060-OHI-2017-09-12-0001.pdf" Olv:Pages="8" Olv:Comp="MDOPS-C2" Olv:User="001086" Olv:Start="2019-08-28T16:33:49+05:30" Olv:End="2019-08-28T16:39:01+05:30" Olv:TotalTime="00:05:12" Olv:IdleTime="00:01:34">
							<Olv:Operations>
								<rdf:Bag>
									<rdf:li>Edit Segmentation</rdf:li>
								</rdf:Bag>
							</Olv:Operations>
						</rdf:Description>
					</rdf:li>
					<rdf:li>
						<rdf:Description Olv:GUID="{E1A5ACAC-4D66-4453-B4F3-E665A3F7C67D}" Olv:Status="Succeeded" Olv:File="060-OHI-2017-09-12-0001.pdf" Olv:Pages="8" Olv:Comp="SEG04" Olv:User="pipex" Olv:Start="2019-08-31T11:17:12+05:30" Olv:End="2019-08-31T11:17:54+05:30" Olv:TotalTime="00:00:42" Olv:IdleTime="00:00:42">
							<Olv:Operations>
								<rdf:Bag>
									<rdf:li>Output</rdf:li>
								</rdf:Bag>
							</Olv:Operations>
						</rdf:Description>
					</rdf:li>
				</rdf:Seq>
			</Olv:TimeTrack>
		</rdf:Description>
	</rdf:RDF>
</x:xmpmeta>
