<x:xmpmeta xmlns:x="adobe:ns:meta/" x:xmptk="Adobe XMP Core 5.4-c005 78.147326, 2012/08/23-13:03:03        ">
	<rdf:RDF xmlns:rdf="http://www.w3.org/1999/02/22-rdf-syntax-ns#">
		<rdf:Description rdf:about="" xmlns:xmp="http://ns.adobe.com/xap/1.0/" xmlns:dc="http://purl.org/dc/elements/1.1/" xmlns:xmpMM="http://ns.adobe.com/xap/1.0/mm/" xmlns:pdf="http://ns.adobe.com/pdf/1.3/" xmlns:pdfx="http://ns.adobe.com/pdfx/1.3/" xmlns:Olv="Olive" xmp:ModifyDate="2019-08-31T09:45:43+05:30" xmp:CreateDate="2016-10-17T21:45:15-04:00" xmp:MetadataDate="2019-08-31T09:45:43+05:30" xmp:CreatorTool="Adobe InDesign CC 2015 (Macintosh)" dc:format="application/pdf" xmpMM:DocumentID="uuid:008ac896-3b85-2843-b26e-8540392e5521" xmpMM:InstanceID="uuid:92c73806-5f64-4c1d-91a0-facf01e11590" pdf:Producer="Adobe PDF Library 15.0" pdfx:OLV0_XMD_PAGE_COUNT="8" Olv:publication="OHI" Olv:issue_date="2016/10/18">
			<Olv:TimeTrack>
				<rdf:Seq>
					<rdf:li>
						<rdf:Description Olv:GUID="{C1A52A11-71EB-4D68-B3C9-4BD381BE8505}" Olv:Status="Succeeded" Olv:File="060-OHI-2016-10-18-0001.pdf" Olv:Pages="8" Olv:Comp="SEG06" Olv:User="pipex" Olv:Start="2019-08-06T13:18:34+05:30" Olv:End="2019-08-06T13:18:45+05:30" Olv:TotalTime="00:00:11" Olv:IdleTime="00:00:00">
							<Olv:Operations>
								<rdf:Bag>
									<rdf:li>Auto Segmentation</rdf:li>
									<rdf:li>First session</rdf:li>
								</rdf:Bag>
							</Olv:Operations>
						</rdf:Description>
					</rdf:li>
					<rdf:li>
						<rdf:Description Olv:GUID="{FFD98BA9-16A7-4BC7-86D6-A7EBE36C4EF8}" Olv:Status="None" Olv:File="060-OHI-2016-10-18-0001.pdf" Olv:Pages="8" Olv:Comp="MDOPS-C18" Olv:User="001662" Olv:Start="2019-08-19T09:29:14+05:30" Olv:End="2019-08-19T10:13:51+05:30" Olv:TotalTime="00:44:37" Olv:IdleTime="00:09:16">
							<Olv:Operations>
								<rdf:Bag>
									<rdf:li>Edit Segmentation</rdf:li>
								</rdf:Bag>
							</Olv:Operations>
						</rdf:Description>
					</rdf:li>
					<rdf:li>
						<rdf:Description Olv:GUID="{17266E65-5EEF-4F38-AC6B-53784662B4FA}" Olv:Status="None" Olv:File="060-OHI-2016-10-18-0001.pdf" Olv:Pages="8" Olv:Comp="MDOPS-C09" Olv:User="001128" Olv:Start="2019-08-28T14:25:00+05:30" Olv:End="2019-08-28T14:32:26+05:30" Olv:TotalTime="00:07:26" Olv:IdleTime="00:00:37">
							<Olv:Operations>
								<rdf:Bag>
									<rdf:li>Edit Segmentation</rdf:li>
								</rdf:Bag>
							</Olv:Operations>
						</rdf:Description>
					</rdf:li>
					<rdf:li>
						<rdf:Description Olv:GUID="{3A005589-1F44-436E-94AA-A09CD1FAE11D}" Olv:Status="Succeeded" Olv:File="060-OHI-2016-10-18-0001.pdf" Olv:Pages="8" Olv:Comp="SEG06" Olv:User="pipex" Olv:Start="2019-08-31T09:45:44+05:30" Olv:End="2019-08-31T09:46:32+05:30" Olv:TotalTime="00:00:48" Olv:IdleTime="00:00:48">
							<Olv:Operations>
								<rdf:Bag>
									<rdf:li>Output</rdf:li>
								</rdf:Bag>
							</Olv:Operations>
						</rdf:Description>
					</rdf:li>
				</rdf:Seq>
			</Olv:TimeTrack>
		</rdf:Description>
	</rdf:RDF>
</x:xmpmeta>
