<?xml version="1.0" encoding="windows-1252" standalone="no"?>
<Xmd_toc REPOSITORY_FORMAT="1.0" PRXML_VER="2.5" PUBLICATION="OHI" PUBLICATION_DESCRIPTION="" ISSUE_DATE="04/10/2018" RELEASE_NO="060-OHI-2018-10-04-0001" LANGUAGE="English">
	<Head_np>
		<Meta SOURCE_RESOLUTION="72" PDF_DESTINATION_MAPPED="OLV0_Page_0001" TITLE_SNP_EXT="png" AD_SNP_EXT="png" IMAGE_SNP_EXT="jpg" IS_SOLID="false" DOC_DATE="04/10/2018" DOC_UID="OHI_04/10/2018" DOC_VER="1" TOTAL_CHARS_COUNT="42322" SUSPICIOUS_CHARS_COUNT="0" IS_CROSS_ORDERED="false" MULTI_LAYER_PAGE_IMG="true" DEFAULT_PREVIEW_IMG_EXT="png" DEFAULT_IMG_EXT="png" DEFAULT_PRIM_IMG_EXT="jpg" PAGE_PREVIEW_RESOLUTION="15" PAGE_THUMBNAIL_RESOLUTION="150" IMAGES_RESOLUTION="140" PAGES_NUMBER="12" SOURCE_TYPE="TIFF" BASE_HREF="OHI/2018/10/04">
			<Publisher XMD_VER="2.8.201.103" ACROBAT_VER="11.012" PUBLISHER="Olive" PROFILE_ID="OHI-2018-10-04.ini">
				<PublishDate>Sat, 31 Aug 2019 05:57:49 UTC</PublishDate>
				<PublishSWFCompatible>false</PublishSWFCompatible>
			</Publisher>
			<Resolutions>
				<Resolution DEFAULT="true">150</Resolution>
			</Resolutions>
			<LayerResolutions>
				<Resolution GRAPHIC_IMG_EXT="jpg">110</Resolution>
				<Resolution GRAPHIC_IMG_EXT="jpg">140</Resolution>
			</LayerResolutions>
		</Meta>
		<Link SOURCE="060-OHI-2018-10-04-0001.pdf"/>
		<DataFiles>
			<Files TYPE="DOC_PDF" PRESENT="1"/>
			<Files TYPE="PAGE_PDF" PRESENT="0"/>
			<Files TYPE="DOC_IMG" PRESENT="0"/>
			<Files TYPE="PAGE_IMG" PRESENT="0"/>
			<Files TYPE="PAGE_VIEW_IMG" PRESENT="1"/>
			<Files TYPE="PAGE_LAYERS_IMG" PRESENT="1"/>
			<Files TYPE="PAGE_PREVIEW_IMG" PRESENT="1"/>
			<Files TYPE="PRIMITIVE_IMG" PRESENT="1"/>
			<Files TYPE="SNIPPET_IMG" PRESENT="1"/>
			<Files TYPE="SEGMENTATION" PRESENT="0"/>
			<Files TYPE="PAGINATION_TEMPLATE_BACKGROUND" PRESENT="0"/>
			<Files TYPE="EXTERNAL_FONTS" PRESENT="0"/>
			<Files TYPE="PROFILE" PRESENT="1"/>
			<Files TYPE="FOOTNOTES" PRESENT="0"/>
		</DataFiles>
	</Head_np>
	<Body_np>
		<Section NAME="Front Page">
			<Page ID="Pg001" CROP_BOX="0 0 1649 2549" MEDIA_BOX="0 0 1649 2549" HREF="/1/Pg001" TOTAL_CHARS_COUNT="2340" SUSPICIOUS_CHARS_COUNT="0" PAGE_HEIGHT="2550" PAGE_WIDTH="1650" PAGE_TYPE="Single" PAGE_LABEL="1" PAGE_NO="1">
				<Entity FIRST_TOC_ENTRY_ID="6" DEPTH_LEVEL="2" PAGE_NO="1" LOGICAL_NAME="true" HREF="/1/Pc00100" WORDCNT="0" IMAGES_RESOLUTION="140" INDEX_IN_DOC="6" SIZE="XLarge" EMBEDDED_AFTER="Ar0010500" EMBEDDED_ABOVE="1" EMBEDDED_INTO="Ar00105" NAME="" ENTITY_TYPE="Picture" ID="Pc00100">
					<Image EXT="jpg" H="1328" W="1403" ID="Pc0010000"/>
				</Entity>
				<Entity FIRST_TOC_ENTRY_ID="1" DEPTH_LEVEL="1" PAGE_NO="1" HREF="/1/Ar00101" WORDCNT="18" IMAGES_RESOLUTION="140" INDEX_IN_DOC="1" SIZE="Small" NAME="GRE, MCAT &amp; LSAT" ENTITY_TYPE="Article" ID="Ar00101"/>
				<Entity FIRST_TOC_ENTRY_ID="2" DEPTH_LEVEL="1" PAGE_NO="1" HREF="/1/Ar00102" WORDCNT="14" IMAGES_RESOLUTION="140" INDEX_IN_DOC="2" SIZE="Small" NAME="MAC &amp; CHEESE" ENTITY_TYPE="Article" ID="Ar00102"/>
				<Entity FIRST_TOC_ENTRY_ID="3" DEPTH_LEVEL="1" PAGE_NO="1" HREF="/1/Ar00103" WORDCNT="15" IMAGES_RESOLUTION="140" INDEX_IN_DOC="3" SIZE="Small" NAME="GRAD SCHOOL FEES" ENTITY_TYPE="Article" ID="Ar00103"/>
				<Entity FIRST_TOC_ENTRY_ID="4" DEPTH_LEVEL="1" PAGE_NO="1" HREF="/1/Ar00104" WORDCNT="14" IMAGES_RESOLUTION="140" INDEX_IN_DOC="4" SIZE="Small" NAME="FOOTBALL" ENTITY_TYPE="Article" ID="Ar00104"/>
				<Entity FIRST_TOC_ENTRY_ID="5" DEPTH_LEVEL="1" PAGE_NO="1" HREF="/1/Ar00105" WORDCNT="478" IMAGES_RESOLUTION="140" INDEX_IN_DOC="5" SIZE="Large" CONTINUATION_TO="Ar00306" NAME="Does the money make sense?" ENTITY_TYPE="Article" ID="Ar00105"/>
			</Page>
			<Page ID="Pg002" CROP_BOX="0 0 1649 2549" MEDIA_BOX="0 0 1649 2549" HREF="/2/Pg002" TOTAL_CHARS_COUNT="3757" SUSPICIOUS_CHARS_COUNT="0" PAGE_HEIGHT="2550" PAGE_WIDTH="1650" PAGE_TYPE="Single" PAGE_LABEL="2" PAGE_NO="2">
				<Entity FIRST_TOC_ENTRY_ID="12" DEPTH_LEVEL="1" PAGE_NO="2" HREF="/2/Ar00200" WORDCNT="845" IMAGES_RESOLUTION="140" INDEX_IN_DOC="12" SIZE="XLarge" NAME="GRE, MCAT &amp; LSAT" ENTITY_TYPE="Article" ID="Ar00200"/>
				<Entity FIRST_TOC_ENTRY_ID="13" DEPTH_LEVEL="2" PAGE_NO="2" LOGICAL_NAME="true" HREF="/2/Pc00201" WORDCNT="0" IMAGES_RESOLUTION="140" INDEX_IN_DOC="13" SIZE="Large" EMBEDDED_AFTER="Ar0020000" EMBEDDED_BELOW="1" EMBEDDED_INTO="Ar00200" NAME="" ENTITY_TYPE="Picture" ID="Pc00201">
					<Image EXT="jpg" H="738" W="1412" ID="Pc0020100"/>
				</Entity>
				<Entity FIRST_TOC_ENTRY_ID="14" DEPTH_LEVEL="2" PAGE_NO="2" LOGICAL_NAME="true" HREF="/2/Pc00202" WORDCNT="0" IMAGES_RESOLUTION="140" INDEX_IN_DOC="14" SIZE="Medium" EMBEDDED_AFTER="Ar0020000" EMBEDDED_BELOW="1" EMBEDDED_INTO="Ar00200" NAME="" ENTITY_TYPE="Picture" ID="Pc00202">
					<Image EXT="jpg" H="665" W="474" ID="Pc0020200"/>
				</Entity>
				<Entity FIRST_TOC_ENTRY_ID="11" DEPTH_LEVEL="1" PAGE_NO="2" HREF="/2/Ar00203" WORDCNT="26" IMAGES_RESOLUTION="140" INDEX_IN_DOC="11" SIZE="Small" NAME="LANTERN APP" ENTITY_TYPE="Article" ID="Ar00203"/>
			</Page>
			<Page ID="Pg003" CROP_BOX="0 0 1649 2549" MEDIA_BOX="0 0 1649 2549" HREF="/3/Pg003" TOTAL_CHARS_COUNT="4673" SUSPICIOUS_CHARS_COUNT="0" PAGE_HEIGHT="2550" PAGE_WIDTH="1650" PAGE_TYPE="Single" PAGE_LABEL="3" PAGE_NO="3">
				<Entity FIRST_TOC_ENTRY_ID="17" DEPTH_LEVEL="1" PAGE_NO="3" LOGICAL_NAME="true" HREF="/3/Ar00300" WORDCNT="249" IMAGES_RESOLUTION="140" INDEX_IN_DOC="17" SIZE="Medium" NAME="" ENTITY_TYPE="Article" ID="Ar00300"/>
				<Entity FIRST_TOC_ENTRY_ID="16" DEPTH_LEVEL="2" PAGE_NO="3" LOGICAL_NAME="true" HREF="/3/Pc00301" WORDCNT="0" IMAGES_RESOLUTION="140" INDEX_IN_DOC="16" SIZE="Medium" EMBEDDED_AFTER="Ar0031000" EMBEDDED_BELOW="1" EMBEDDED_INTO="Ar00310" NAME="" ENTITY_TYPE="Picture" ID="Pc00301">
					<Image EXT="jpg" H="597" W="545" ID="Pc0030100"/>
				</Entity>
				<Entity FIRST_TOC_ENTRY_ID="8" DEPTH_LEVEL="2" PAGE_NO="3" LOGICAL_NAME="true" HREF="/3/Pc00302" WORDCNT="0" IMAGES_RESOLUTION="140" INDEX_IN_DOC="8" SIZE="Medium" EMBEDDED_AFTER="Ar0030600" EMBEDDED_ABOVE="1" EMBEDDED_INTO="Ar00306" NAME="" ENTITY_TYPE="Picture" ID="Pc00302">
					<Image EXT="jpg" H="550" W="543" ID="Pc0030200"/>
				</Entity>
				<Entity FIRST_TOC_ENTRY_ID="21" DEPTH_LEVEL="1" PAGE_NO="3" LOGICAL_NAME="true" HREF="/3/Ad00303" WORDCNT="2" IMAGES_RESOLUTION="140" INDEX_IN_DOC="21" SIZE="Small" NAME="" ENTITY_TYPE="Ad" ID="Ad00303">
					<Image H="326" W="252" ID="Ad0030301"/>
				</Entity>
				<Entity FIRST_TOC_ENTRY_ID="9" DEPTH_LEVEL="2" PAGE_NO="3" LOGICAL_NAME="true" HREF="/3/Pc00304" WORDCNT="0" IMAGES_RESOLUTION="140" INDEX_IN_DOC="9" SIZE="Small" EMBEDDED_AFTER="Ar0030600" EMBEDDED_ABOVE="1" EMBEDDED_RIGHT="1" EMBEDDED_INTO="Ar00306" NAME="" ENTITY_TYPE="Picture" ID="Pc00304">
					<Image EXT="jpg" H="222" W="258" ID="Pc0030400"/>
				</Entity>
				<Entity FIRST_TOC_ENTRY_ID="22" DEPTH_LEVEL="1" PAGE_NO="3" LOGICAL_NAME="true" HREF="/3/Ad00305" WORDCNT="221" IMAGES_RESOLUTION="140" INDEX_IN_DOC="22" SIZE="Medium" NAME="" ENTITY_TYPE="Ad" ID="Ad00305">
					<Image H="1265" W="263" ID="Ad0030501"/>
				</Entity>
				<Entity FIRST_TOC_ENTRY_ID="7" DEPTH_LEVEL="1" PAGE_NO="3" HREF="/3/Ar00306" WORDCNT="225" IMAGES_RESOLUTION="140" INDEX_IN_DOC="7" SIZE="Medium" CONTINUATION_FROM="Ar00105" NAME="MONEY" ENTITY_TYPE="Article" ID="Ar00306"/>
				<Entity FIRST_TOC_ENTRY_ID="10" DEPTH_LEVEL="2" PAGE_NO="3" LOGICAL_NAME="true" HREF="/3/Pc00307" WORDCNT="0" IMAGES_RESOLUTION="140" INDEX_IN_DOC="10" SIZE="Small" EMBEDDED_AFTER="Ar0030600" EMBEDDED_BELOW="1" EMBEDDED_RIGHT="1" EMBEDDED_INTO="Ar00306" NAME="" ENTITY_TYPE="Picture" ID="Pc00307">
					<Image EXT="jpg" H="71" W="276" ID="Pc0030700"/>
				</Entity>
				<Entity FIRST_TOC_ENTRY_ID="20" DEPTH_LEVEL="1" PAGE_NO="3" HREF="/3/Ar00308" WORDCNT="88" IMAGES_RESOLUTION="140" INDEX_IN_DOC="20" SIZE="Small" NAME="Letters to the Editor" ENTITY_TYPE="Article" ID="Ar00308"/>
				<Entity FIRST_TOC_ENTRY_ID="23" DEPTH_LEVEL="1" PAGE_NO="3" HREF="/3/Ar00309" WORDCNT="30" IMAGES_RESOLUTION="140" INDEX_IN_DOC="23" SIZE="Small" NAME="Corrections" ENTITY_TYPE="Article" ID="Ar00309"/>
				<Entity FIRST_TOC_ENTRY_ID="15" DEPTH_LEVEL="1" PAGE_NO="3" HREF="/3/Ar00310" WORDCNT="399" IMAGES_RESOLUTION="140" INDEX_IN_DOC="15" SIZE="Large" NAME="Apps assisting students with grad school" ENTITY_TYPE="Article" ID="Ar00310"/>
				<Entity FIRST_TOC_ENTRY_ID="19" DEPTH_LEVEL="1" PAGE_NO="3" LOGICAL_NAME="true" HREF="/3/Ad00311" WORDCNT="32" IMAGES_RESOLUTION="140" INDEX_IN_DOC="19" SIZE="Small" NAME="" ENTITY_TYPE="Ad" ID="Ad00311">
					<Image H="288" W="557" ID="Ad0031101"/>
				</Entity>
				<Entity FIRST_TOC_ENTRY_ID="18" DEPTH_LEVEL="1" PAGE_NO="3" LOGICAL_NAME="true" HREF="/3/Ad00312" WORDCNT="0" IMAGES_RESOLUTION="140" INDEX_IN_DOC="18" SIZE="Small" NAME="" ENTITY_TYPE="Ad" ID="Ad00312">
					<Image H="404" W="544" ID="Ad0031201"/>
				</Entity>
			</Page>
			<Page ID="Pg004" CROP_BOX="0 0 1649 2549" MEDIA_BOX="0 0 1649 2549" HREF="/4/Pg004" TOTAL_CHARS_COUNT="4109" SUSPICIOUS_CHARS_COUNT="0" PAGE_HEIGHT="2550" PAGE_WIDTH="1650" PAGE_TYPE="Single" PAGE_LABEL="4" PAGE_NO="4">
				<Entity FIRST_TOC_ENTRY_ID="25" DEPTH_LEVEL="2" PAGE_NO="4" LOGICAL_NAME="true" HREF="/4/Pc00400" WORDCNT="0" IMAGES_RESOLUTION="140" INDEX_IN_DOC="25" SIZE="Large" EMBEDDED_AFTER="Ar0040300" EMBEDDED_BELOW="1" EMBEDDED_INTO="Ar00403" NAME="" ENTITY_TYPE="Picture" ID="Pc00400">
					<Image EXT="jpg" H="673" W="1045" ID="Pc0040000"/>
				</Entity>
				<Entity FIRST_TOC_ENTRY_ID="26" DEPTH_LEVEL="2" PAGE_NO="4" LOGICAL_NAME="true" HREF="/4/Pc00401" WORDCNT="0" IMAGES_RESOLUTION="140" INDEX_IN_DOC="26" SIZE="Small" EMBEDDED_AFTER="Ar0040300" EMBEDDED_BELOW="1" EMBEDDED_INTO="Ar00403" NAME="" ENTITY_TYPE="Picture" ID="Pc00401">
					<Image EXT="jpg" H="919" W="271" ID="Pc0040100"/>
				</Entity>
				<Entity FIRST_TOC_ENTRY_ID="27" DEPTH_LEVEL="1" PAGE_NO="4" LOGICAL_NAME="true" HREF="/4/Ad00402" WORDCNT="65" IMAGES_RESOLUTION="140" INDEX_IN_DOC="27" SIZE="Large" NAME="" ENTITY_TYPE="Ad" ID="Ad00402">
					<Image H="1108" W="685" ID="Ad0040201"/>
				</Entity>
				<Entity FIRST_TOC_ENTRY_ID="24" DEPTH_LEVEL="1" PAGE_NO="4" HREF="/4/Ar00403" WORDCNT="923" IMAGES_RESOLUTION="140" INDEX_IN_DOC="24" SIZE="XLarge" NAME="Cost of graduate school: More than just tuition" ENTITY_TYPE="Article" ID="Ar00403"/>
			</Page>
			<Page ID="Pg005" CROP_BOX="0 0 1649 2549" MEDIA_BOX="0 0 1649 2549" HREF="/5/Pg005" TOTAL_CHARS_COUNT="0" SUSPICIOUS_CHARS_COUNT="0" PAGE_HEIGHT="2550" PAGE_WIDTH="1650" PAGE_TYPE="Single" PAGE_LABEL="5" PAGE_NO="5">
				<Entity FIRST_TOC_ENTRY_ID="28" DEPTH_LEVEL="1" PAGE_NO="5" LOGICAL_NAME="true" HREF="/5/Ad00500" WORDCNT="137" IMAGES_RESOLUTION="140" INDEX_IN_DOC="28" SIZE="XLarge" NAME="" ENTITY_TYPE="Ad" ID="Ad00500">
					<Image H="2239" W="1398" ID="Ad0050001"/>
				</Entity>
			</Page>
			<Page ID="Pg006" CROP_BOX="0 0 1649 2549" MEDIA_BOX="0 0 1649 2549" HREF="/6/Pg006" TOTAL_CHARS_COUNT="3296" SUSPICIOUS_CHARS_COUNT="0" PAGE_HEIGHT="2550" PAGE_WIDTH="1650" PAGE_TYPE="Single" PAGE_LABEL="6" PAGE_NO="6">
				<Entity FIRST_TOC_ENTRY_ID="31" DEPTH_LEVEL="2" PAGE_NO="6" LOGICAL_NAME="true" HREF="/6/Pc00600" WORDCNT="0" IMAGES_RESOLUTION="140" INDEX_IN_DOC="31" SIZE="Large" EMBEDDED_AFTER="Ar0060200" EMBEDDED_BELOW="1" EMBEDDED_INTO="Ar00602" NAME="" ENTITY_TYPE="Picture" ID="Pc00600">
					<Image EXT="jpg" H="796" W="700" ID="Pc0060000"/>
				</Entity>
				<Entity FIRST_TOC_ENTRY_ID="32" DEPTH_LEVEL="2" PAGE_NO="6" LOGICAL_NAME="true" HREF="/6/Pc00601" WORDCNT="0" IMAGES_RESOLUTION="140" INDEX_IN_DOC="32" SIZE="Medium" EMBEDDED_AFTER="Ar0060200" EMBEDDED_BELOW="1" EMBEDDED_INTO="Ar00602" NAME="" ENTITY_TYPE="Picture" ID="Pc00601">
					<Image EXT="jpg" H="762" W="683" ID="Pc0060100"/>
				</Entity>
				<Entity FIRST_TOC_ENTRY_ID="30" DEPTH_LEVEL="1" PAGE_NO="6" HREF="/6/Ar00602" WORDCNT="739" IMAGES_RESOLUTION="140" INDEX_IN_DOC="30" SIZE="Large" NAME="Mac &amp; Cheese Festival to help fund cancer research" ENTITY_TYPE="Article" ID="Ar00602"/>
				<Entity FIRST_TOC_ENTRY_ID="33" DEPTH_LEVEL="1" PAGE_NO="6" LOGICAL_NAME="true" HREF="/6/Ad00603" WORDCNT="85" IMAGES_RESOLUTION="140" INDEX_IN_DOC="33" SIZE="Large" NAME="" ENTITY_TYPE="Ad" ID="Ad00603">
					<Image H="1117" W="700" ID="Ad0060301"/>
				</Entity>
				<Entity FIRST_TOC_ENTRY_ID="29" DEPTH_LEVEL="1" PAGE_NO="6" HREF="/6/Ar00604" WORDCNT="15" IMAGES_RESOLUTION="140" INDEX_IN_DOC="29" SIZE="Small" NAME="ARTS" ENTITY_TYPE="Article" ID="Ar00604"/>
			</Page>
			<Page ID="Pg007" CROP_BOX="0 0 1649 2549" MEDIA_BOX="0 0 1649 2549" HREF="/7/Pg007" TOTAL_CHARS_COUNT="2307" SUSPICIOUS_CHARS_COUNT="0" PAGE_HEIGHT="2550" PAGE_WIDTH="1650" PAGE_TYPE="Single" PAGE_LABEL="7" PAGE_NO="7">
				<Entity FIRST_TOC_ENTRY_ID="35" DEPTH_LEVEL="2" PAGE_NO="7" LOGICAL_NAME="true" HREF="/7/Pc00700" WORDCNT="0" IMAGES_RESOLUTION="140" INDEX_IN_DOC="35" SIZE="Large" EMBEDDED_AFTER="Ar0070200" EMBEDDED_BELOW="1" EMBEDDED_INTO="Ar00702" NAME="" ENTITY_TYPE="Picture" ID="Pc00700">
					<Image EXT="jpg" H="917" W="748" ID="Pc0070000"/>
				</Entity>
				<Entity FIRST_TOC_ENTRY_ID="37" DEPTH_LEVEL="1" PAGE_NO="7" LOGICAL_NAME="true" HREF="/7/Ad00701" WORDCNT="153" IMAGES_RESOLUTION="140" INDEX_IN_DOC="37" SIZE="XLarge" NAME="" ENTITY_TYPE="Ad" ID="Ad00701">
					<Image H="1122" W="1402" ID="Ad0070101"/>
				</Entity>
				<Entity FIRST_TOC_ENTRY_ID="34" DEPTH_LEVEL="1" PAGE_NO="7" HREF="/7/Ar00702" WORDCNT="577" IMAGES_RESOLUTION="140" INDEX_IN_DOC="34" SIZE="Large" NAME="Rumba Cafe wants concertgoers to register to vote" ENTITY_TYPE="Article" ID="Ar00702"/>
				<Entity FIRST_TOC_ENTRY_ID="36" DEPTH_LEVEL="2" PAGE_NO="7" LOGICAL_NAME="true" HREF="/7/Pc00703" WORDCNT="0" IMAGES_RESOLUTION="140" INDEX_IN_DOC="36" SIZE="Small" EMBEDDED_AFTER="Ar0070200" EMBEDDED_BELOW="1" EMBEDDED_INTO="Ar00702" NAME="" ENTITY_TYPE="Picture" ID="Pc00703">
					<Image EXT="jpg" H="126" W="315" ID="Pc0070300"/>
				</Entity>
			</Page>
			<Page ID="Pg008" CROP_BOX="0 0 1649 2549" MEDIA_BOX="0 0 1649 2549" HREF="/8/Pg008" TOTAL_CHARS_COUNT="2645" SUSPICIOUS_CHARS_COUNT="0" PAGE_HEIGHT="2550" PAGE_WIDTH="1650" PAGE_TYPE="Single" PAGE_LABEL="8" PAGE_NO="8">
				<Entity FIRST_TOC_ENTRY_ID="39" DEPTH_LEVEL="2" PAGE_NO="8" LOGICAL_NAME="true" HREF="/8/Pc00800" WORDCNT="0" IMAGES_RESOLUTION="140" INDEX_IN_DOC="39" SIZE="Large" EMBEDDED_AFTER="Ar0080300" EMBEDDED_BELOW="1" EMBEDDED_INTO="Ar00803" NAME="" ENTITY_TYPE="Picture" ID="Pc00800">
					<Image EXT="jpg" H="765" W="830" ID="Pc0080000"/>
				</Entity>
				<Entity FIRST_TOC_ENTRY_ID="40" DEPTH_LEVEL="1" PAGE_NO="8" LOGICAL_NAME="true" HREF="/8/Ad00801" WORDCNT="15" IMAGES_RESOLUTION="140" INDEX_IN_DOC="40" SIZE="Large" NAME="" ENTITY_TYPE="Ad" ID="Ad00801">
					<Image H="1120" W="700" ID="Ad0080101"/>
				</Entity>
				<Entity FIRST_TOC_ENTRY_ID="41" DEPTH_LEVEL="1" PAGE_NO="8" LOGICAL_NAME="true" HREF="/8/Ad00802" WORDCNT="0" IMAGES_RESOLUTION="140" INDEX_IN_DOC="41" SIZE="Large" NAME="" ENTITY_TYPE="Ad" ID="Ad00802">
					<Image H="1120" W="681" ID="Ad0080201"/>
				</Entity>
				<Entity FIRST_TOC_ENTRY_ID="38" DEPTH_LEVEL="1" PAGE_NO="8" HREF="/8/Ar00803" WORDCNT="613" IMAGES_RESOLUTION="140" INDEX_IN_DOC="38" SIZE="Large" NAME="Art gallery denounces Trump administration" ENTITY_TYPE="Article" ID="Ar00803"/>
			</Page>
			<Page ID="Pg009" CROP_BOX="0 0 1649 2549" MEDIA_BOX="0 0 1649 2549" HREF="/9/Pg009" TOTAL_CHARS_COUNT="2947" SUSPICIOUS_CHARS_COUNT="0" PAGE_HEIGHT="2550" PAGE_WIDTH="1650" PAGE_TYPE="Single" PAGE_LABEL="9" PAGE_NO="9">
				<Entity FIRST_TOC_ENTRY_ID="43" DEPTH_LEVEL="2" PAGE_NO="9" LOGICAL_NAME="true" HREF="/9/Pc00900" WORDCNT="0" IMAGES_RESOLUTION="140" INDEX_IN_DOC="43" SIZE="Medium" EMBEDDED_AFTER="Ar0090200" EMBEDDED_BELOW="1" EMBEDDED_INTO="Ar00902" NAME="" ENTITY_TYPE="Picture" ID="Pc00900">
					<Image EXT="jpg" H="605" W="830" ID="Pc0090000"/>
				</Entity>
				<Entity FIRST_TOC_ENTRY_ID="44" DEPTH_LEVEL="1" PAGE_NO="9" LOGICAL_NAME="true" HREF="/9/Ad00901" WORDCNT="185" IMAGES_RESOLUTION="140" INDEX_IN_DOC="44" SIZE="XLarge" NAME="" ENTITY_TYPE="Ad" ID="Ad00901">
					<Image H="1121" W="1400" ID="Ad0090101"/>
				</Entity>
				<Entity FIRST_TOC_ENTRY_ID="42" DEPTH_LEVEL="1" PAGE_NO="9" HREF="/9/Ar00902" WORDCNT="731" IMAGES_RESOLUTION="140" INDEX_IN_DOC="42" SIZE="Large" NAME="No. 5 Ohio State debuts at home against No. 8 Colgate" ENTITY_TYPE="Article" ID="Ar00902"/>
			</Page>
			<Page ID="Pg010" CROP_BOX="0 0 1649 2549" MEDIA_BOX="0 0 1649 2549" HREF="/10/Pg010" TOTAL_CHARS_COUNT="5198" SUSPICIOUS_CHARS_COUNT="0" PAGE_HEIGHT="2550" PAGE_WIDTH="1650" PAGE_TYPE="Single" PAGE_LABEL="10" PAGE_NO="10">
				<Entity FIRST_TOC_ENTRY_ID="47" DEPTH_LEVEL="1" PAGE_NO="10" HREF="/10/Ar01000" WORDCNT="419" IMAGES_RESOLUTION="140" INDEX_IN_DOC="47" SIZE="Medium" NAME="Puzzles" ENTITY_TYPE="Article" ID="Ar01000"/>
				<Entity FIRST_TOC_ENTRY_ID="46" DEPTH_LEVEL="2" PAGE_NO="10" LOGICAL_NAME="true" HREF="/10/Pc01001" WORDCNT="0" IMAGES_RESOLUTION="140" INDEX_IN_DOC="46" SIZE="Medium" EMBEDDED_AFTER="Ar0100500" EMBEDDED_BELOW="1" EMBEDDED_INTO="Ar01005" NAME="" ENTITY_TYPE="Picture" ID="Pc01001">
					<Image EXT="jpg" H="567" W="688" ID="Pc0100100"/>
				</Entity>
				<Entity FIRST_TOC_ENTRY_ID="48" DEPTH_LEVEL="2" PAGE_NO="10" LOGICAL_NAME="true" HREF="/10/Pc01002" WORDCNT="0" IMAGES_RESOLUTION="140" INDEX_IN_DOC="48" SIZE="Medium" EMBEDDED_AFTER="Ar0100000" EMBEDDED_RIGHT="1" EMBEDDED_INTO="Ar01000" NAME="" ENTITY_TYPE="Picture" ID="Pc01002">
					<Image EXT="jpg" H="561" W="617" ID="Pc0100200"/>
				</Entity>
				<Entity FIRST_TOC_ENTRY_ID="49" DEPTH_LEVEL="2" PAGE_NO="10" LOGICAL_NAME="true" HREF="/10/Pc01003" WORDCNT="0" IMAGES_RESOLUTION="140" INDEX_IN_DOC="49" SIZE="Medium" EMBEDDED_AFTER="Ar0100000" EMBEDDED_BELOW="1" EMBEDDED_INTO="Ar01000" NAME="" ENTITY_TYPE="Picture" ID="Pc01003">
					<Image EXT="jpg" H="524" W="541" ID="Pc0100300"/>
				</Entity>
				<Entity FIRST_TOC_ENTRY_ID="51" DEPTH_LEVEL="2" PAGE_NO="10" LOGICAL_NAME="true" HREF="/10/Pc01004" WORDCNT="0" IMAGES_RESOLUTION="140" INDEX_IN_DOC="51" SIZE="Small" EMBEDDED_AFTER="Ar0100600" EMBEDDED_LEFT="1" EMBEDDED_INTO="Ar01006" NAME="" ENTITY_TYPE="Picture" ID="Pc01004">
					<Image EXT="jpg" H="214" W="227" ID="Pc0100400"/>
				</Entity>
				<Entity FIRST_TOC_ENTRY_ID="45" DEPTH_LEVEL="1" PAGE_NO="10" HREF="/10/Ar01005" WORDCNT="737" IMAGES_RESOLUTION="140" INDEX_IN_DOC="45" SIZE="Large" NAME="Ohio State eyes turnaround for pair of games" ENTITY_TYPE="Article" ID="Ar01005"/>
				<Entity FIRST_TOC_ENTRY_ID="50" DEPTH_LEVEL="1" PAGE_NO="10" HREF="/10/Ar01006" WORDCNT="249" IMAGES_RESOLUTION="140" INDEX_IN_DOC="50" SIZE="Small" NAME="Answer Key for Oct. 2:" ENTITY_TYPE="Article" ID="Ar01006"/>
			</Page>
			<Page ID="Pg011" CROP_BOX="0 0 1649 2549" MEDIA_BOX="0 0 1649 2549" HREF="/11/Pg011" TOTAL_CHARS_COUNT="5351" SUSPICIOUS_CHARS_COUNT="0" PAGE_HEIGHT="2550" PAGE_WIDTH="1650" PAGE_TYPE="Single" PAGE_LABEL="11" PAGE_NO="11">
				<Entity FIRST_TOC_ENTRY_ID="53" DEPTH_LEVEL="2" PAGE_NO="11" LOGICAL_NAME="true" HREF="/11/Pc01100" WORDCNT="0" IMAGES_RESOLUTION="140" INDEX_IN_DOC="53" SIZE="Large" EMBEDDED_AFTER="Ar0110100" EMBEDDED_BELOW="1" EMBEDDED_INTO="Ar01101" NAME="" ENTITY_TYPE="Picture" ID="Pc01100">
					<Image EXT="jpg" H="761" W="830" ID="Pc0110000"/>
				</Entity>
				<Entity FIRST_TOC_ENTRY_ID="52" DEPTH_LEVEL="1" PAGE_NO="11" HREF="/11/Ar01101" WORDCNT="715" IMAGES_RESOLUTION="140" INDEX_IN_DOC="52" SIZE="Large" NAME="Connor Senn Memorial carried on by new staff" ENTITY_TYPE="Article" ID="Ar01101"/>
				<Entity FIRST_TOC_ENTRY_ID="54" DEPTH_LEVEL="2" PAGE_NO="11" LOGICAL_NAME="true" HREF="/11/Pc01102" WORDCNT="0" IMAGES_RESOLUTION="140" INDEX_IN_DOC="54" SIZE="Small" EMBEDDED_AFTER="Ar0110100" EMBEDDED_BELOW="1" EMBEDDED_INTO="Ar01101" NAME="" ENTITY_TYPE="Picture" ID="Pc01102">
					<Image EXT="jpg" H="226" W="277" ID="Pc0110200"/>
				</Entity>
				<Entity FIRST_TOC_ENTRY_ID="60" DEPTH_LEVEL="1" PAGE_NO="11" HREF="/11/Ar01103" WORDCNT="296" IMAGES_RESOLUTION="140" INDEX_IN_DOC="60" SIZE="Medium" CONTINUATION_FROM="Ar01203" NAME="PREVIEW" ENTITY_TYPE="Article" ID="Ar01103"/>
				<Entity FIRST_TOC_ENTRY_ID="61" DEPTH_LEVEL="2" PAGE_NO="11" LOGICAL_NAME="true" HREF="/11/Pc01104" WORDCNT="0" IMAGES_RESOLUTION="140" INDEX_IN_DOC="61" SIZE="Small" EMBEDDED_AFTER="Ar0110300" EMBEDDED_BELOW="1" EMBEDDED_RIGHT="1" EMBEDDED_INTO="Ar01103" NAME="" ENTITY_TYPE="Picture" ID="Pc01104">
					<Image EXT="jpg" H="55" W="272" ID="Pc0110400"/>
				</Entity>
				<Entity FIRST_TOC_ENTRY_ID="56" DEPTH_LEVEL="1" PAGE_NO="11" LOGICAL_NAME="true" HREF="/11/Ad01105" WORDCNT="2" IMAGES_RESOLUTION="140" INDEX_IN_DOC="56" SIZE="Small" NAME="" ENTITY_TYPE="Ad" ID="Ad01105">
					<Image H="479" W="261" ID="Ad0110501"/>
				</Entity>
				<Entity FIRST_TOC_ENTRY_ID="64" DEPTH_LEVEL="1" PAGE_NO="11" HREF="/11/Ar01106" WORDCNT="324" IMAGES_RESOLUTION="140" INDEX_IN_DOC="64" SIZE="Medium" CONTINUATION_FROM="Ar01202" NAME="WADE" ENTITY_TYPE="Article" ID="Ar01106"/>
				<Entity FIRST_TOC_ENTRY_ID="65" DEPTH_LEVEL="2" PAGE_NO="11" LOGICAL_NAME="true" HREF="/11/Pc01107" WORDCNT="0" IMAGES_RESOLUTION="140" INDEX_IN_DOC="65" SIZE="Small" EMBEDDED_AFTER="Ar0110600" EMBEDDED_BELOW="1" EMBEDDED_RIGHT="1" EMBEDDED_INTO="Ar01106" NAME="" ENTITY_TYPE="Picture" ID="Pc01107">
					<Image EXT="jpg" H="54" W="277" ID="Pc0110700"/>
				</Entity>
				<Entity FIRST_TOC_ENTRY_ID="55" DEPTH_LEVEL="1" PAGE_NO="11" LOGICAL_NAME="true" HREF="/11/Ad01108" WORDCNT="56" IMAGES_RESOLUTION="140" INDEX_IN_DOC="55" SIZE="Medium" NAME="" ENTITY_TYPE="Ad" ID="Ad01108">
					<Image H="466" W="755" ID="Ad0110801"/>
				</Entity>
			</Page>
			<Page ID="Pg012" CROP_BOX="0 0 1649 2549" MEDIA_BOX="0 0 1649 2549" HREF="/12/Pg012" TOTAL_CHARS_COUNT="5699" SUSPICIOUS_CHARS_COUNT="0" PAGE_HEIGHT="2550" PAGE_WIDTH="1650" PAGE_TYPE="Single" PAGE_LABEL="12" PAGE_NO="12">
				<Entity FIRST_TOC_ENTRY_ID="59" DEPTH_LEVEL="2" PAGE_NO="12" LOGICAL_NAME="true" HREF="/12/Pc01200" WORDCNT="0" IMAGES_RESOLUTION="140" INDEX_IN_DOC="59" SIZE="Medium" EMBEDDED_AFTER="Ar0120300" EMBEDDED_BELOW="1" EMBEDDED_INTO="Ar01203" NAME="" ENTITY_TYPE="Picture" ID="Pc01200">
					<Image EXT="jpg" H="549" W="830" ID="Pc0120000"/>
				</Entity>
				<Entity FIRST_TOC_ENTRY_ID="63" DEPTH_LEVEL="2" PAGE_NO="12" LOGICAL_NAME="true" HREF="/12/Pc01201" WORDCNT="0" IMAGES_RESOLUTION="140" INDEX_IN_DOC="63" SIZE="Medium" EMBEDDED_AFTER="Ar0120200" EMBEDDED_BELOW="1" EMBEDDED_INTO="Ar01202" NAME="" ENTITY_TYPE="Picture" ID="Pc01201">
					<Image EXT="jpg" H="631" W="688" ID="Pc0120100"/>
				</Entity>
				<Entity FIRST_TOC_ENTRY_ID="62" DEPTH_LEVEL="1" PAGE_NO="12" HREF="/12/Ar01202" WORDCNT="675" IMAGES_RESOLUTION="140" INDEX_IN_DOC="62" SIZE="Large" CONTINUATION_TO="Ar01106" NAME="Shaun Wade becomes utility player for Ohio State secondary" ENTITY_TYPE="Article" ID="Ar01202"/>
				<Entity FIRST_TOC_ENTRY_ID="58" DEPTH_LEVEL="1" PAGE_NO="12" HREF="/12/Ar01203" WORDCNT="716" IMAGES_RESOLUTION="140" INDEX_IN_DOC="58" SIZE="Large" CONTINUATION_TO="Ar01103" NAME="Ohio State comes home to battle Indiana" ENTITY_TYPE="Article" ID="Ar01203"/>
				<Entity FIRST_TOC_ENTRY_ID="57" DEPTH_LEVEL="1" PAGE_NO="12" HREF="/12/Ar01204" WORDCNT="21" IMAGES_RESOLUTION="140" INDEX_IN_DOC="57" SIZE="Small" NAME="MEN�S SOCCER" ENTITY_TYPE="Article" ID="Ar01204"/>
			</Page>
		</Section>
	</Body_np>
	<Logic_np><TOC_Entries><TOC_Entry TOC_ENTRY_ID="1" TITLE="GRE, MCAT &amp; LSAT" ENTITY_ID_REF="Ar00101" PAGE_NO="1" PAGE_LABEL="1" PRIM_ID_REF="Ar0010100" IS_IC="true"/><TOC_Entry TOC_ENTRY_ID="2" TITLE="MAC &amp; CHEESE" ENTITY_ID_REF="Ar00102" PAGE_NO="1" PAGE_LABEL="1" PRIM_ID_REF="Ar0010200" IS_IC="true"/><TOC_Entry TOC_ENTRY_ID="3" TITLE="GRAD SCHOOL FEES" ENTITY_ID_REF="Ar00103" PAGE_NO="1" PAGE_LABEL="1" PRIM_ID_REF="Ar0010300" IS_IC="true"/><TOC_Entry TOC_ENTRY_ID="4" TITLE="FOOTBALL" ENTITY_ID_REF="Ar00104" PAGE_NO="1" PAGE_LABEL="1" PRIM_ID_REF="Ar0010400" IS_IC="true"/><TOC_Entry TOC_ENTRY_ID="5" TITLE="Does the money make sense?" ENTITY_ID_REF="Ar00105" PAGE_NO="1" PAGE_LABEL="1" PRIM_ID_REF="Ar0010500" IS_IC="true"><TOC_Entry TOC_ENTRY_ID="6" TITLE="" ENTITY_ID_REF="Pc00100" PAGE_NO="1" PAGE_LABEL="1" PRIM_ID_REF="Pc0010000" IS_IC="true"/></TOC_Entry><TOC_Entry TOC_ENTRY_ID="7" TITLE="MONEY" ENTITY_ID_REF="Ar00306" PAGE_NO="3" PAGE_LABEL="3" PRIM_ID_REF="Ar0030600"><TOC_Entry TOC_ENTRY_ID="8" TITLE="" ENTITY_ID_REF="Pc00302" PAGE_NO="3" PAGE_LABEL="3" PRIM_ID_REF="Pc0030200" IS_IC="true"/><TOC_Entry TOC_ENTRY_ID="9" TITLE="" ENTITY_ID_REF="Pc00304" PAGE_NO="3" PAGE_LABEL="3" PRIM_ID_REF="Pc0030400" IS_IC="true"/><TOC_Entry TOC_ENTRY_ID="10" TITLE="" ENTITY_ID_REF="Pc00307" PAGE_NO="3" PAGE_LABEL="3" PRIM_ID_REF="Pc0030700" IS_IC="true"/></TOC_Entry><TOC_Entry TOC_ENTRY_ID="11" TITLE="LANTERN APP" ENTITY_ID_REF="Ar00203" PAGE_NO="2" PAGE_LABEL="2" PRIM_ID_REF="Ar0020300" IS_IC="true"/><TOC_Entry TOC_ENTRY_ID="12" TITLE="GRE, MCAT &amp; LSAT" ENTITY_ID_REF="Ar00200" PAGE_NO="2" PAGE_LABEL="2" PRIM_ID_REF="Ar0020000" IS_IC="true"><TOC_Entry TOC_ENTRY_ID="13" TITLE="" ENTITY_ID_REF="Pc00201" PAGE_NO="2" PAGE_LABEL="2" PRIM_ID_REF="Pc0020100" IS_IC="true"/><TOC_Entry TOC_ENTRY_ID="14" TITLE="" ENTITY_ID_REF="Pc00202" PAGE_NO="2" PAGE_LABEL="2" PRIM_ID_REF="Pc0020200" IS_IC="true"/></TOC_Entry><TOC_Entry TOC_ENTRY_ID="15" TITLE="Apps assisting students with grad school" ENTITY_ID_REF="Ar00310" PAGE_NO="3" PAGE_LABEL="3" PRIM_ID_REF="Ar0031000" IS_IC="true"><TOC_Entry TOC_ENTRY_ID="16" TITLE="" ENTITY_ID_REF="Pc00301" PAGE_NO="3" PAGE_LABEL="3" PRIM_ID_REF="Pc0030100" IS_IC="true"/></TOC_Entry><TOC_Entry TOC_ENTRY_ID="17" TITLE="" ENTITY_ID_REF="Ar00300" PAGE_NO="3" PAGE_LABEL="3" PRIM_ID_REF="Ar0030000" IS_IC="true"/><TOC_Entry TOC_ENTRY_ID="18" TITLE="" ENTITY_ID_REF="Ad00312" PAGE_NO="3" PAGE_LABEL="3" PRIM_ID_REF="Ad0031201" IS_IC="true"/><TOC_Entry TOC_ENTRY_ID="19" TITLE="" ENTITY_ID_REF="Ad00311" PAGE_NO="3" PAGE_LABEL="3" PRIM_ID_REF="Ad0031101" IS_IC="true"/><TOC_Entry TOC_ENTRY_ID="20" TITLE="Letters to the Editor" ENTITY_ID_REF="Ar00308" PAGE_NO="3" PAGE_LABEL="3" PRIM_ID_REF="Ar0030800" IS_IC="true"/><TOC_Entry TOC_ENTRY_ID="21" TITLE="" ENTITY_ID_REF="Ad00303" PAGE_NO="3" PAGE_LABEL="3" PRIM_ID_REF="Ad0030301" IS_IC="true"/><TOC_Entry TOC_ENTRY_ID="22" TITLE="" ENTITY_ID_REF="Ad00305" PAGE_NO="3" PAGE_LABEL="3" PRIM_ID_REF="Ad0030501" IS_IC="true"/><TOC_Entry TOC_ENTRY_ID="23" TITLE="Corrections" ENTITY_ID_REF="Ar00309" PAGE_NO="3" PAGE_LABEL="3" PRIM_ID_REF="Ar0030900" IS_IC="true"/><TOC_Entry TOC_ENTRY_ID="24" TITLE="Cost of graduate school: More than just tuition" ENTITY_ID_REF="Ar00403" PAGE_NO="4" PAGE_LABEL="4" PRIM_ID_REF="Ar0040300" IS_IC="true"><TOC_Entry TOC_ENTRY_ID="25" TITLE="" ENTITY_ID_REF="Pc00400" PAGE_NO="4" PAGE_LABEL="4" PRIM_ID_REF="Pc0040000" IS_IC="true"/><TOC_Entry TOC_ENTRY_ID="26" TITLE="" ENTITY_ID_REF="Pc00401" PAGE_NO="4" PAGE_LABEL="4" PRIM_ID_REF="Pc0040100" IS_IC="true"/></TOC_Entry><TOC_Entry TOC_ENTRY_ID="27" TITLE="" ENTITY_ID_REF="Ad00402" PAGE_NO="4" PAGE_LABEL="4" PRIM_ID_REF="Ad0040201" IS_IC="true"/><TOC_Entry TOC_ENTRY_ID="28" TITLE="" ENTITY_ID_REF="Ad00500" PAGE_NO="5" PAGE_LABEL="5" PRIM_ID_REF="Ad0050001" IS_IC="true"/><TOC_Entry TOC_ENTRY_ID="29" TITLE="ARTS" ENTITY_ID_REF="Ar00604" PAGE_NO="6" PAGE_LABEL="6" PRIM_ID_REF="Ar0060400" IS_IC="true"/><TOC_Entry TOC_ENTRY_ID="30" TITLE="Mac &amp; Cheese Festival to help fund cancer research" ENTITY_ID_REF="Ar00602" PAGE_NO="6" PAGE_LABEL="6" PRIM_ID_REF="Ar0060200" IS_IC="true"><TOC_Entry TOC_ENTRY_ID="31" TITLE="" ENTITY_ID_REF="Pc00600" PAGE_NO="6" PAGE_LABEL="6" PRIM_ID_REF="Pc0060000" IS_IC="true"/><TOC_Entry TOC_ENTRY_ID="32" TITLE="" ENTITY_ID_REF="Pc00601" PAGE_NO="6" PAGE_LABEL="6" PRIM_ID_REF="Pc0060100" IS_IC="true"/></TOC_Entry><TOC_Entry TOC_ENTRY_ID="33" TITLE="" ENTITY_ID_REF="Ad00603" PAGE_NO="6" PAGE_LABEL="6" PRIM_ID_REF="Ad0060301" IS_IC="true"/><TOC_Entry TOC_ENTRY_ID="34" TITLE="Rumba Cafe wants concertgoers to register to vote" ENTITY_ID_REF="Ar00702" PAGE_NO="7" PAGE_LABEL="7" PRIM_ID_REF="Ar0070200" IS_IC="true"><TOC_Entry TOC_ENTRY_ID="35" TITLE="" ENTITY_ID_REF="Pc00700" PAGE_NO="7" PAGE_LABEL="7" PRIM_ID_REF="Pc0070000" IS_IC="true"/><TOC_Entry TOC_ENTRY_ID="36" TITLE="" ENTITY_ID_REF="Pc00703" PAGE_NO="7" PAGE_LABEL="7" PRIM_ID_REF="Pc0070300" IS_IC="true"/></TOC_Entry><TOC_Entry TOC_ENTRY_ID="37" TITLE="" ENTITY_ID_REF="Ad00701" PAGE_NO="7" PAGE_LABEL="7" PRIM_ID_REF="Ad0070101" IS_IC="true"/><TOC_Entry TOC_ENTRY_ID="38" TITLE="Art gallery denounces Trump administration" ENTITY_ID_REF="Ar00803" PAGE_NO="8" PAGE_LABEL="8" PRIM_ID_REF="Ar0080300" IS_IC="true"><TOC_Entry TOC_ENTRY_ID="39" TITLE="" ENTITY_ID_REF="Pc00800" PAGE_NO="8" PAGE_LABEL="8" PRIM_ID_REF="Pc0080000" IS_IC="true"/></TOC_Entry><TOC_Entry TOC_ENTRY_ID="40" TITLE="" ENTITY_ID_REF="Ad00801" PAGE_NO="8" PAGE_LABEL="8" PRIM_ID_REF="Ad0080101" IS_IC="true"/><TOC_Entry TOC_ENTRY_ID="41" TITLE="" ENTITY_ID_REF="Ad00802" PAGE_NO="8" PAGE_LABEL="8" PRIM_ID_REF="Ad0080201" IS_IC="true"/><TOC_Entry TOC_ENTRY_ID="42" TITLE="No. 5 Ohio State debuts at home against No. 8 Colgate" ENTITY_ID_REF="Ar00902" PAGE_NO="9" PAGE_LABEL="9" PRIM_ID_REF="Ar0090200" IS_IC="true"><TOC_Entry TOC_ENTRY_ID="43" TITLE="" ENTITY_ID_REF="Pc00900" PAGE_NO="9" PAGE_LABEL="9" PRIM_ID_REF="Pc0090000" IS_IC="true"/></TOC_Entry><TOC_Entry TOC_ENTRY_ID="44" TITLE="" ENTITY_ID_REF="Ad00901" PAGE_NO="9" PAGE_LABEL="9" PRIM_ID_REF="Ad0090101" IS_IC="true"/><TOC_Entry TOC_ENTRY_ID="45" TITLE="Ohio State eyes turnaround for pair of games" ENTITY_ID_REF="Ar01005" PAGE_NO="10" PAGE_LABEL="10" PRIM_ID_REF="Ar0100500" IS_IC="true"><TOC_Entry TOC_ENTRY_ID="46" TITLE="" ENTITY_ID_REF="Pc01001" PAGE_NO="10" PAGE_LABEL="10" PRIM_ID_REF="Pc0100100" IS_IC="true"/></TOC_Entry><TOC_Entry TOC_ENTRY_ID="47" TITLE="Puzzles" ENTITY_ID_REF="Ar01000" PAGE_NO="10" PAGE_LABEL="10" PRIM_ID_REF="Ar0100000" IS_IC="true"><TOC_Entry TOC_ENTRY_ID="48" TITLE="" ENTITY_ID_REF="Pc01002" PAGE_NO="10" PAGE_LABEL="10" PRIM_ID_REF="Pc0100200" IS_IC="true"/><TOC_Entry TOC_ENTRY_ID="49" TITLE="" ENTITY_ID_REF="Pc01003" PAGE_NO="10" PAGE_LABEL="10" PRIM_ID_REF="Pc0100300" IS_IC="true"/></TOC_Entry><TOC_Entry TOC_ENTRY_ID="50" TITLE="Answer Key for Oct. 2:" ENTITY_ID_REF="Ar01006" PAGE_NO="10" PAGE_LABEL="10" PRIM_ID_REF="Ar0100600" IS_IC="true"><TOC_Entry TOC_ENTRY_ID="51" TITLE="" ENTITY_ID_REF="Pc01004" PAGE_NO="10" PAGE_LABEL="10" PRIM_ID_REF="Pc0100400" IS_IC="true"/></TOC_Entry><TOC_Entry TOC_ENTRY_ID="52" TITLE="Connor Senn Memorial carried on by new staff" ENTITY_ID_REF="Ar01101" PAGE_NO="11" PAGE_LABEL="11" PRIM_ID_REF="Ar0110100" IS_IC="true"><TOC_Entry TOC_ENTRY_ID="53" TITLE="" ENTITY_ID_REF="Pc01100" PAGE_NO="11" PAGE_LABEL="11" PRIM_ID_REF="Pc0110000" IS_IC="true"/><TOC_Entry TOC_ENTRY_ID="54" TITLE="" ENTITY_ID_REF="Pc01102" PAGE_NO="11" PAGE_LABEL="11" PRIM_ID_REF="Pc0110200" IS_IC="true"/></TOC_Entry><TOC_Entry TOC_ENTRY_ID="55" TITLE="" ENTITY_ID_REF="Ad01108" PAGE_NO="11" PAGE_LABEL="11" PRIM_ID_REF="Ad0110801" IS_IC="true"/><TOC_Entry TOC_ENTRY_ID="56" TITLE="" ENTITY_ID_REF="Ad01105" PAGE_NO="11" PAGE_LABEL="11" PRIM_ID_REF="Ad0110501" IS_IC="true"/><TOC_Entry TOC_ENTRY_ID="57" TITLE="MEN�S SOCCER" ENTITY_ID_REF="Ar01204" PAGE_NO="12" PAGE_LABEL="12" PRIM_ID_REF="Ar0120400" IS_IC="true"/><TOC_Entry TOC_ENTRY_ID="58" TITLE="Ohio State comes home to battle Indiana" ENTITY_ID_REF="Ar01203" PAGE_NO="12" PAGE_LABEL="12" PRIM_ID_REF="Ar0120300" IS_IC="true"><TOC_Entry TOC_ENTRY_ID="59" TITLE="" ENTITY_ID_REF="Pc01200" PAGE_NO="12" PAGE_LABEL="12" PRIM_ID_REF="Pc0120000" IS_IC="true"/></TOC_Entry><TOC_Entry TOC_ENTRY_ID="60" TITLE="PREVIEW" ENTITY_ID_REF="Ar01103" PAGE_NO="11" PAGE_LABEL="11" PRIM_ID_REF="Ar0110300"><TOC_Entry TOC_ENTRY_ID="61" TITLE="" ENTITY_ID_REF="Pc01104" PAGE_NO="11" PAGE_LABEL="11" PRIM_ID_REF="Pc0110400" IS_IC="true"/></TOC_Entry><TOC_Entry TOC_ENTRY_ID="62" TITLE="Shaun Wade becomes utility player for Ohio State secondary" ENTITY_ID_REF="Ar01202" PAGE_NO="12" PAGE_LABEL="12" PRIM_ID_REF="Ar0120200" IS_IC="true"><TOC_Entry TOC_ENTRY_ID="63" TITLE="" ENTITY_ID_REF="Pc01201" PAGE_NO="12" PAGE_LABEL="12" PRIM_ID_REF="Pc0120100" IS_IC="true"/></TOC_Entry><TOC_Entry TOC_ENTRY_ID="64" TITLE="WADE" ENTITY_ID_REF="Ar01106" PAGE_NO="11" PAGE_LABEL="11" PRIM_ID_REF="Ar0110600"><TOC_Entry TOC_ENTRY_ID="65" TITLE="" ENTITY_ID_REF="Pc01107" PAGE_NO="11" PAGE_LABEL="11" PRIM_ID_REF="Pc0110700" IS_IC="true"/></TOC_Entry></TOC_Entries></Logic_np></Xmd_toc>
