<x:xmpmeta xmlns:x="adobe:ns:meta/" x:xmptk="Adobe XMP Core 5.4-c005 78.147326, 2012/08/23-13:03:03        ">
	<rdf:RDF xmlns:rdf="http://www.w3.org/1999/02/22-rdf-syntax-ns#">
		<rdf:Description rdf:about="" xmlns:xmp="http://ns.adobe.com/xap/1.0/" xmlns:dc="http://purl.org/dc/elements/1.1/" xmlns:xmpMM="http://ns.adobe.com/xap/1.0/mm/" xmlns:pdf="http://ns.adobe.com/pdf/1.3/" xmlns:pdfx="http://ns.adobe.com/pdfx/1.3/" xmlns:Olv="Olive" xmp:ModifyDate="2019-08-31T10:36+05:30" xmp:CreateDate="2017-10-16T22:03:24-04:00" xmp:MetadataDate="2019-08-31T10:36+05:30" xmp:CreatorTool="Adobe InDesign CC 2017 (Macintosh)" dc:format="application/pdf" xmpMM:DocumentID="uuid:0d2b455e-7896-2b4b-9cec-2a770c9a290f" xmpMM:InstanceID="uuid:d6ce67e5-df3c-4762-a550-9fac96dddc35" pdf:Producer="Adobe PDF Library 15.0" pdfx:OLV0_XMD_PAGE_COUNT="8" Olv:publication="OHI" Olv:issue_date="2017/10/17">
			<Olv:TimeTrack>
				<rdf:Seq>
					<rdf:li>
						<rdf:Description Olv:GUID="{DC6894D6-74D7-4A34-AE82-59FE33F63261}" Olv:Status="Succeeded" Olv:File="060-OHI-2017-10-17-0001.pdf" Olv:Pages="8" Olv:Comp="SEG06" Olv:User="pipex" Olv:Start="2019-08-06T13:22:14+05:30" Olv:End="2019-08-06T13:22:24+05:30" Olv:TotalTime="00:00:10" Olv:IdleTime="00:00:00">
							<Olv:Operations>
								<rdf:Bag>
									<rdf:li>Auto Segmentation</rdf:li>
									<rdf:li>First session</rdf:li>
								</rdf:Bag>
							</Olv:Operations>
						</rdf:Description>
					</rdf:li>
					<rdf:li>
						<rdf:Description Olv:GUID="{79095FBB-B25E-4B25-B5EA-324B3536A268}" Olv:Status="None" Olv:File="060-OHI-2017-10-17-0001.pdf" Olv:Pages="8" Olv:Comp="MDOPS-C18" Olv:User="001662" Olv:Start="2019-08-20T12:38:59+05:30" Olv:End="2019-08-20T13:16:51+05:30" Olv:TotalTime="00:37:52" Olv:IdleTime="00:00:57">
							<Olv:Operations>
								<rdf:Bag>
									<rdf:li>Edit Segmentation</rdf:li>
								</rdf:Bag>
							</Olv:Operations>
						</rdf:Description>
					</rdf:li>
					<rdf:li>
						<rdf:Description Olv:GUID="{2F3DF423-1649-4F1A-BEE3-3DFDCB9E67EB}" Olv:Status="None" Olv:File="060-OHI-2017-10-17-0001.pdf" Olv:Pages="8" Olv:Comp="MDOPS-C20" Olv:User="000678" Olv:Start="2019-08-29T07:01:02+05:30" Olv:End="2019-08-29T07:09:00+05:30" Olv:TotalTime="00:07:58" Olv:IdleTime="00:01:19">
							<Olv:Operations>
								<rdf:Bag>
									<rdf:li>Edit Segmentation</rdf:li>
								</rdf:Bag>
							</Olv:Operations>
						</rdf:Description>
					</rdf:li>
					<rdf:li>
						<rdf:Description Olv:GUID="{A89AD340-088F-47ED-A641-1D1E8B3E8E24}" Olv:Status="Succeeded" Olv:File="060-OHI-2017-10-17-0001.pdf" Olv:Pages="8" Olv:Comp="SEG03" Olv:User="pipex" Olv:Start="2019-08-31T10:36:01+05:30" Olv:End="2019-08-31T10:36:45+05:30" Olv:TotalTime="00:00:44" Olv:IdleTime="00:00:44">
							<Olv:Operations>
								<rdf:Bag>
									<rdf:li>Output</rdf:li>
								</rdf:Bag>
							</Olv:Operations>
						</rdf:Description>
					</rdf:li>
				</rdf:Seq>
			</Olv:TimeTrack>
		</rdf:Description>
	</rdf:RDF>
</x:xmpmeta>
