<x:xmpmeta xmlns:x="adobe:ns:meta/" x:xmptk="Adobe XMP Core 5.4-c005 78.147326, 2012/08/23-13:03:03        ">
	<rdf:RDF xmlns:rdf="http://www.w3.org/1999/02/22-rdf-syntax-ns#">
		<rdf:Description rdf:about="" xmlns:xmp="http://ns.adobe.com/xap/1.0/" xmlns:dc="http://purl.org/dc/elements/1.1/" xmlns:xmpMM="http://ns.adobe.com/xap/1.0/mm/" xmlns:pdf="http://ns.adobe.com/pdf/1.3/" xmlns:pdfx="http://ns.adobe.com/pdfx/1.3/" xmlns:Olv="Olive" xmp:ModifyDate="2019-08-31T10:49:16+05:30" xmp:CreateDate="2017-01-30T21:55:38-05:00" xmp:MetadataDate="2019-08-31T10:49:16+05:30" xmp:CreatorTool="Acrobat 11.0.17" dc:format="application/pdf" xmpMM:DocumentID="uuid:0bff06de-13d7-5c42-a53e-a1863c184efb" xmpMM:InstanceID="uuid:552c22b0-9cad-4dda-95a4-efd88e575b06" pdf:Producer="Adobe PDF Library 15.0" pdfx:OLV0_XMD_PAGE_COUNT="8" Olv:publication="OHI" Olv:issue_date="2017/ 1/31">
			<Olv:TimeTrack>
				<rdf:Seq>
					<rdf:li>
						<rdf:Description Olv:GUID="{6913111F-8882-4344-98D2-D1362A762DC3}" Olv:Status="Succeeded" Olv:File="060-OHI-2017-01-31-0001.pdf" Olv:Pages="8" Olv:Comp="SEG04" Olv:User="pipex" Olv:Start="2019-08-06T13:23:16+05:30" Olv:End="2019-08-06T13:23:30+05:30" Olv:TotalTime="00:00:14" Olv:IdleTime="00:00:00">
							<Olv:Operations>
								<rdf:Bag>
									<rdf:li>Auto Segmentation</rdf:li>
									<rdf:li>First session</rdf:li>
								</rdf:Bag>
							</Olv:Operations>
						</rdf:Description>
					</rdf:li>
					<rdf:li>
						<rdf:Description Olv:GUID="{4ECFE178-EE7E-4194-9EED-5FAA1121B32D}" Olv:Status="None" Olv:File="060-OHI-2017-01-31-0001.pdf" Olv:Pages="8" Olv:Comp="MDOPS-C17" Olv:User="001664" Olv:Start="2019-08-19T13:24:03+05:30" Olv:End="2019-08-19T14:12:35+05:30" Olv:TotalTime="00:48:32" Olv:IdleTime="00:01:23">
							<Olv:Operations>
								<rdf:Bag>
									<rdf:li>Edit Segmentation</rdf:li>
								</rdf:Bag>
							</Olv:Operations>
						</rdf:Description>
					</rdf:li>
					<rdf:li>
						<rdf:Description Olv:GUID="{D509949F-94D2-4570-B383-BA5FFE2754FD}" Olv:Status="None" Olv:File="060-OHI-2017-01-31-0001.pdf" Olv:Pages="8" Olv:Comp="MDOPS-B41" Olv:User="001090" Olv:Start="2019-08-28T14:52:55+05:30" Olv:End="2019-08-28T14:57:01+05:30" Olv:TotalTime="00:04:06" Olv:IdleTime="00:00:34">
							<Olv:Operations>
								<rdf:Bag>
									<rdf:li>Edit Segmentation</rdf:li>
								</rdf:Bag>
							</Olv:Operations>
						</rdf:Description>
					</rdf:li>
					<rdf:li>
						<rdf:Description Olv:GUID="{528C4D03-62F1-4A1F-A7BF-395C12F3285C}" Olv:Status="Succeeded" Olv:File="060-OHI-2017-01-31-0001.pdf" Olv:Pages="8" Olv:Comp="SEG03" Olv:User="pipex" Olv:Start="2019-08-31T10:49:17+05:30" Olv:End="2019-08-31T10:50:08+05:30" Olv:TotalTime="00:00:51" Olv:IdleTime="00:00:51">
							<Olv:Operations>
								<rdf:Bag>
									<rdf:li>Output</rdf:li>
								</rdf:Bag>
							</Olv:Operations>
						</rdf:Description>
					</rdf:li>
				</rdf:Seq>
			</Olv:TimeTrack>
		</rdf:Description>
	</rdf:RDF>
</x:xmpmeta>
