<x:xmpmeta xmlns:x="adobe:ns:meta/" x:xmptk="Adobe XMP Core 5.4-c005 78.147326, 2012/08/23-13:03:03        ">
	<rdf:RDF xmlns:rdf="http://www.w3.org/1999/02/22-rdf-syntax-ns#">
		<rdf:Description rdf:about="" xmlns:xmp="http://ns.adobe.com/xap/1.0/" xmlns:dc="http://purl.org/dc/elements/1.1/" xmlns:xmpMM="http://ns.adobe.com/xap/1.0/mm/" xmlns:pdf="http://ns.adobe.com/pdf/1.3/" xmlns:pdfx="http://ns.adobe.com/pdfx/1.3/" xmlns:Olv="Olive" xmp:ModifyDate="2019-08-31T09:57:32+05:30" xmp:CreateDate="2016-02-15T22:22:39-05:00" xmp:MetadataDate="2019-08-31T09:57:32+05:30" xmp:CreatorTool="Adobe InDesign CC 2015 (Macintosh)" dc:format="application/pdf" xmpMM:DocumentID="uuid:f5c75e89-9914-1946-8a63-382b979a3520" xmpMM:InstanceID="uuid:1201c909-1497-4907-bfc3-5b57e0dbb024" pdf:Producer="Adobe PDF Library 15.0" pdfx:OLV0_XMD_PAGE_COUNT="8" Olv:publication="OHI" Olv:issue_date="2016/ 2/16">
			<Olv:TimeTrack>
				<rdf:Seq>
					<rdf:li>
						<rdf:Description Olv:GUID="{4725D35E-5EB3-4FDF-8FD3-48648EFA921F}" Olv:Status="Succeeded" Olv:File="060-OHI-2016-02-16-0001.pdf" Olv:Pages="8" Olv:Comp="SEG06" Olv:User="pipex" Olv:Start="2019-08-06T13:19:42+05:30" Olv:End="2019-08-06T13:19:58+05:30" Olv:TotalTime="00:00:16" Olv:IdleTime="00:00:00">
							<Olv:Operations>
								<rdf:Bag>
									<rdf:li>Auto Segmentation</rdf:li>
									<rdf:li>First session</rdf:li>
								</rdf:Bag>
							</Olv:Operations>
						</rdf:Description>
					</rdf:li>
					<rdf:li>
						<rdf:Description Olv:GUID="{51570E72-1B50-4C00-BF7F-76A78695ACDC}" Olv:Status="None" Olv:File="060-OHI-2016-02-16-0001.pdf" Olv:Pages="8" Olv:Comp="MDOPS-C18" Olv:User="001662" Olv:Start="2019-08-18T09:16:27+05:30" Olv:End="2019-08-18T10:02:11+05:30" Olv:TotalTime="00:45:44" Olv:IdleTime="00:02:05">
							<Olv:Operations>
								<rdf:Bag>
									<rdf:li>Edit Segmentation</rdf:li>
								</rdf:Bag>
							</Olv:Operations>
						</rdf:Description>
					</rdf:li>
					<rdf:li>
						<rdf:Description Olv:GUID="{EEC7AE91-6ADB-437F-A749-53D691A7454C}" Olv:Status="None" Olv:File="060-OHI-2016-02-16-0001.pdf" Olv:Pages="8" Olv:Comp="MDOPS-B41" Olv:User="001090" Olv:Start="2019-08-28T13:15:38+05:30" Olv:End="2019-08-28T13:25:29+05:30" Olv:TotalTime="00:09:51" Olv:IdleTime="00:00:00">
							<Olv:Operations>
								<rdf:Bag>
									<rdf:li>Annotations (Links)</rdf:li>
									<rdf:li>Edit Segmentation</rdf:li>
								</rdf:Bag>
							</Olv:Operations>
						</rdf:Description>
					</rdf:li>
					<rdf:li>
						<rdf:Description Olv:GUID="{967D3D2B-2938-41E6-9AEB-1458E0F5491D}" Olv:Status="Succeeded" Olv:File="060-OHI-2016-02-16-0001.pdf" Olv:Pages="8" Olv:Comp="SEG07" Olv:User="pipex" Olv:Start="2019-08-31T09:57:33+05:30" Olv:End="2019-08-31T09:58:31+05:30" Olv:TotalTime="00:00:58" Olv:IdleTime="00:00:58">
							<Olv:Operations>
								<rdf:Bag>
									<rdf:li>Output</rdf:li>
								</rdf:Bag>
							</Olv:Operations>
						</rdf:Description>
					</rdf:li>
				</rdf:Seq>
			</Olv:TimeTrack>
		</rdf:Description>
	</rdf:RDF>
</x:xmpmeta>
