<?xml version="1.0" encoding="windows-1252" standalone="no"?>
<Xmd_toc REPOSITORY_FORMAT="1.0" PRXML_VER="2.5" PUBLICATION="OHI" PUBLICATION_DESCRIPTION="" ISSUE_DATE="27/11/2018" RELEASE_NO="060-OHI-2018-11-27-0001" LANGUAGE="English">
	<Head_np>
		<Meta SOURCE_RESOLUTION="72" PDF_DESTINATION_MAPPED="OLV0_Page_0001" TITLE_SNP_EXT="png" AD_SNP_EXT="png" IMAGE_SNP_EXT="jpg" IS_SOLID="false" DOC_DATE="27/11/2018" DOC_UID="OHI_27/11/2018" DOC_VER="1" TOTAL_CHARS_COUNT="45058" SUSPICIOUS_CHARS_COUNT="0" IS_CROSS_ORDERED="false" MULTI_LAYER_PAGE_IMG="true" DEFAULT_PREVIEW_IMG_EXT="png" DEFAULT_IMG_EXT="png" DEFAULT_PRIM_IMG_EXT="jpg" PAGE_PREVIEW_RESOLUTION="15" PAGE_THUMBNAIL_RESOLUTION="150" IMAGES_RESOLUTION="140" PAGES_NUMBER="8" SOURCE_TYPE="TIFF" BASE_HREF="OHI/2018/11/27">
			<Publisher XMD_VER="2.8.201.103" ACROBAT_VER="11.012" PUBLISHER="Olive" PROFILE_ID="OHI-2018-11-27.ini">
				<PublishDate>Sat, 31 Aug 2019 06:01:25 UTC</PublishDate>
				<PublishSWFCompatible>false</PublishSWFCompatible>
			</Publisher>
			<Resolutions>
				<Resolution DEFAULT="true">150</Resolution>
			</Resolutions>
			<LayerResolutions>
				<Resolution GRAPHIC_IMG_EXT="jpg">110</Resolution>
				<Resolution GRAPHIC_IMG_EXT="jpg">140</Resolution>
			</LayerResolutions>
		</Meta>
		<Link SOURCE="060-OHI-2018-11-27-0001.pdf"/>
		<DataFiles>
			<Files TYPE="DOC_PDF" PRESENT="1"/>
			<Files TYPE="PAGE_PDF" PRESENT="0"/>
			<Files TYPE="DOC_IMG" PRESENT="0"/>
			<Files TYPE="PAGE_IMG" PRESENT="0"/>
			<Files TYPE="PAGE_VIEW_IMG" PRESENT="1"/>
			<Files TYPE="PAGE_LAYERS_IMG" PRESENT="1"/>
			<Files TYPE="PAGE_PREVIEW_IMG" PRESENT="1"/>
			<Files TYPE="PRIMITIVE_IMG" PRESENT="1"/>
			<Files TYPE="SNIPPET_IMG" PRESENT="1"/>
			<Files TYPE="SEGMENTATION" PRESENT="0"/>
			<Files TYPE="PAGINATION_TEMPLATE_BACKGROUND" PRESENT="0"/>
			<Files TYPE="EXTERNAL_FONTS" PRESENT="0"/>
			<Files TYPE="PROFILE" PRESENT="1"/>
			<Files TYPE="FOOTNOTES" PRESENT="0"/>
		</DataFiles>
	</Head_np>
	<Body_np>
		<Section NAME="Front Page">
			<Page ID="Pg001" CROP_BOX="0 0 1649 2549" MEDIA_BOX="0 0 1649 2549" HREF="/1/Pg001" TOTAL_CHARS_COUNT="4071" SUSPICIOUS_CHARS_COUNT="0" PAGE_HEIGHT="2550" PAGE_WIDTH="1650" PAGE_TYPE="Single" PAGE_LABEL="1" PAGE_NO="1">
				<Entity FIRST_TOC_ENTRY_ID="4" DEPTH_LEVEL="1" PAGE_NO="1" HREF="/1/Ar00100" WORDCNT="585" IMAGES_RESOLUTION="140" INDEX_IN_DOC="4" SIZE="Large" CONTINUATION_TO="Ar00204" NAME="Decline , , since &lt;sup&gt;. &lt;/sup&gt;Title IX" ENTITY_TYPE="Article" ID="Ar00100"/>
				<Entity FIRST_TOC_ENTRY_ID="17" DEPTH_LEVEL="1" PAGE_NO="1" HREF="/1/Ar00101" WORDCNT="271" IMAGES_RESOLUTION="140" INDEX_IN_DOC="17" SIZE="Medium" CONTINUATION_TO="Ar00301" NAME="Students break boundaries by forming first international BuckeyeThon team" ENTITY_TYPE="Article" ID="Ar00101"/>
				<Entity FIRST_TOC_ENTRY_ID="5" DEPTH_LEVEL="2" PAGE_NO="1" LOGICAL_NAME="true" HREF="/1/Pc00102" WORDCNT="0" IMAGES_RESOLUTION="140" INDEX_IN_DOC="5" SIZE="Large" EMBEDDED_AFTER="Ar0010000" EMBEDDED_BELOW="1" EMBEDDED_INTO="Ar00100" NAME="" ENTITY_TYPE="Picture" ID="Pc00102">
					<Image EXT="jpg" H="637" W="1115" ID="Pc0010200"/>
				</Entity>
				<Entity FIRST_TOC_ENTRY_ID="6" DEPTH_LEVEL="2" PAGE_NO="1" LOGICAL_NAME="true" HREF="/1/Pc00103" WORDCNT="0" IMAGES_RESOLUTION="140" INDEX_IN_DOC="6" SIZE="Medium" EMBEDDED_AFTER="Ar0010000" EMBEDDED_BELOW="1" EMBEDDED_INTO="Ar00100" NAME="" ENTITY_TYPE="Picture" ID="Pc00103">
					<Image EXT="jpg" H="726" W="553" ID="Pc0010300"/>
				</Entity>
				<Entity FIRST_TOC_ENTRY_ID="1" DEPTH_LEVEL="1" PAGE_NO="1" HREF="/1/Ar00104" WORDCNT="13" IMAGES_RESOLUTION="140" INDEX_IN_DOC="1" SIZE="Small" NAME="HOLIDAY GIVING" ENTITY_TYPE="Article" ID="Ar00104"/>
				<Entity FIRST_TOC_ENTRY_ID="2" DEPTH_LEVEL="1" PAGE_NO="1" HREF="/1/Ar00105" WORDCNT="15" IMAGES_RESOLUTION="140" INDEX_IN_DOC="2" SIZE="Small" NAME="SONIC TEMPLE" ENTITY_TYPE="Article" ID="Ar00105"/>
				<Entity FIRST_TOC_ENTRY_ID="3" DEPTH_LEVEL="1" PAGE_NO="1" HREF="/1/Ar00106" WORDCNT="16" IMAGES_RESOLUTION="140" INDEX_IN_DOC="3" SIZE="Small" NAME="OFFENSIVE LINE" ENTITY_TYPE="Article" ID="Ar00106"/>
				<Entity FIRST_TOC_ENTRY_ID="16" DEPTH_LEVEL="1" PAGE_NO="1" HREF="/1/Ar00107" WORDCNT="13" IMAGES_RESOLUTION="140" INDEX_IN_DOC="16" SIZE="Small" NAME="FOOTBALL" ENTITY_TYPE="Article" ID="Ar00107"/>
				<Entity FIRST_TOC_ENTRY_ID="20" DEPTH_LEVEL="1" PAGE_NO="1" LOGICAL_NAME="true" HREF="/1/Ad00108" WORDCNT="32" IMAGES_RESOLUTION="140" INDEX_IN_DOC="20" SIZE="Medium" NAME="" ENTITY_TYPE="Ad" ID="Ad00108">
					<Image H="210" W="1403" ID="Ad0010801"/>
				</Entity>
			</Page>
			<Page ID="Pg002" CROP_BOX="0 0 1649 2549" MEDIA_BOX="0 0 1649 2549" HREF="/2/Pg002" TOTAL_CHARS_COUNT="5571" SUSPICIOUS_CHARS_COUNT="0" PAGE_HEIGHT="2550" PAGE_WIDTH="1650" PAGE_TYPE="Single" PAGE_LABEL="2" PAGE_NO="2">
				<Entity FIRST_TOC_ENTRY_ID="22" DEPTH_LEVEL="1" PAGE_NO="2" HREF="/2/Ar00200" WORDCNT="577" IMAGES_RESOLUTION="140" INDEX_IN_DOC="22" SIZE="Large" NAME="Organization collects gifts for underprivileged youth" ENTITY_TYPE="Article" ID="Ar00200"/>
				<Entity FIRST_TOC_ENTRY_ID="23" DEPTH_LEVEL="2" PAGE_NO="2" LOGICAL_NAME="true" HREF="/2/Pc00201" WORDCNT="0" IMAGES_RESOLUTION="140" INDEX_IN_DOC="23" SIZE="Medium" EMBEDDED_AFTER="Ar0020000" EMBEDDED_BELOW="1" EMBEDDED_INTO="Ar00200" NAME="" ENTITY_TYPE="Picture" ID="Pc00201">
					<Image EXT="jpg" H="431" W="831" ID="Pc0020100"/>
				</Entity>
				<Entity FIRST_TOC_ENTRY_ID="8" DEPTH_LEVEL="2" PAGE_NO="2" LOGICAL_NAME="true" HREF="/2/Pc00202" WORDCNT="0" IMAGES_RESOLUTION="140" INDEX_IN_DOC="8" SIZE="Medium" EMBEDDED_AFTER="Ar0020400" EMBEDDED_BELOW="1" EMBEDDED_RIGHT="1" EMBEDDED_INTO="Ar00204" NAME="" ENTITY_TYPE="Picture" ID="Pc00202">
					<Image EXT="jpg" H="514" W="691" ID="Pc0020200"/>
				</Entity>
				<Entity FIRST_TOC_ENTRY_ID="9" DEPTH_LEVEL="2" PAGE_NO="2" LOGICAL_NAME="true" HREF="/2/Pc00203" WORDCNT="0" IMAGES_RESOLUTION="140" INDEX_IN_DOC="9" SIZE="Medium" EMBEDDED_AFTER="Ar0020400" EMBEDDED_BELOW="1" EMBEDDED_RIGHT="1" EMBEDDED_INTO="Ar00204" NAME="" ENTITY_TYPE="Picture" ID="Pc00203">
					<Image EXT="jpg" H="459" W="702" ID="Pc0020300"/>
				</Entity>
				<Entity FIRST_TOC_ENTRY_ID="7" DEPTH_LEVEL="1" PAGE_NO="2" HREF="/2/Ar00204" WORDCNT="690" IMAGES_RESOLUTION="140" INDEX_IN_DOC="7" SIZE="Large" CONTINUATION_TO="Ar00300" CONTINUATION_FROM="Ar00100" NAME="COACHING" ENTITY_TYPE="Article" ID="Ar00204"/>
				<Entity FIRST_TOC_ENTRY_ID="21" DEPTH_LEVEL="1" PAGE_NO="2" HREF="/2/Ar00205" WORDCNT="26" IMAGES_RESOLUTION="140" INDEX_IN_DOC="21" SIZE="Small" NAME="LANTERN APP" ENTITY_TYPE="Article" ID="Ar00205"/>
			</Page>
			<Page ID="Pg003" CROP_BOX="0 0 1649 2549" MEDIA_BOX="0 0 1649 2549" HREF="/3/Pg003" TOTAL_CHARS_COUNT="8170" SUSPICIOUS_CHARS_COUNT="0" PAGE_HEIGHT="2550" PAGE_WIDTH="1650" PAGE_TYPE="Single" PAGE_LABEL="3" PAGE_NO="3">
				<Entity FIRST_TOC_ENTRY_ID="10" DEPTH_LEVEL="1" PAGE_NO="3" HREF="/3/Ar00300" WORDCNT="850" IMAGES_RESOLUTION="140" INDEX_IN_DOC="10" SIZE="Large" CONTINUATION_TO="Ar00700" CONTINUATION_FROM="Ar00204" NAME="COACHING" ENTITY_TYPE="Article" ID="Ar00300"/>
				<Entity FIRST_TOC_ENTRY_ID="18" DEPTH_LEVEL="1" PAGE_NO="3" HREF="/3/Ar00301" WORDCNT="579" IMAGES_RESOLUTION="140" INDEX_IN_DOC="18" SIZE="Large" CONTINUATION_FROM="Ar00101" NAME="BUCKEYETHON" ENTITY_TYPE="Article" ID="Ar00301"/>
				<Entity FIRST_TOC_ENTRY_ID="19" DEPTH_LEVEL="2" PAGE_NO="3" LOGICAL_NAME="true" HREF="/3/Pc00302" WORDCNT="0" IMAGES_RESOLUTION="140" INDEX_IN_DOC="19" SIZE="Medium" EMBEDDED_AFTER="Ar0030100" EMBEDDED_ABOVE="1" EMBEDDED_INTO="Ar00301" NAME="" ENTITY_TYPE="Picture" ID="Pc00302">
					<Image EXT="jpg" H="583" W="700" ID="Pc0030200"/>
				</Entity>
				<Entity FIRST_TOC_ENTRY_ID="11" DEPTH_LEVEL="2" PAGE_NO="3" LOGICAL_NAME="true" HREF="/3/Pc00303" WORDCNT="0" IMAGES_RESOLUTION="140" INDEX_IN_DOC="11" SIZE="Medium" EMBEDDED_AFTER="Ar0030000" EMBEDDED_BELOW="1" EMBEDDED_INTO="Ar00300" NAME="" ENTITY_TYPE="Picture" ID="Pc00303">
					<Image EXT="jpg" H="582" W="708" ID="Pc0030300"/>
				</Entity>
				<Entity FIRST_TOC_ENTRY_ID="25" DEPTH_LEVEL="1" PAGE_NO="3" HREF="/3/Ar00304" WORDCNT="88" IMAGES_RESOLUTION="140" INDEX_IN_DOC="25" SIZE="Small" NAME="Letters to the Editor" ENTITY_TYPE="Article" ID="Ar00304"/>
				<Entity FIRST_TOC_ENTRY_ID="26" DEPTH_LEVEL="1" PAGE_NO="3" HREF="/3/Ar00305" WORDCNT="30" IMAGES_RESOLUTION="140" INDEX_IN_DOC="26" SIZE="Small" NAME="Corrections" ENTITY_TYPE="Article" ID="Ar00305"/>
				<Entity FIRST_TOC_ENTRY_ID="24" DEPTH_LEVEL="1" PAGE_NO="3" LOGICAL_NAME="true" HREF="/3/Ar00306" WORDCNT="249" IMAGES_RESOLUTION="140" INDEX_IN_DOC="24" SIZE="Small" NAME="" ENTITY_TYPE="Article" ID="Ar00306"/>
			</Page>
			<Page ID="Pg004" CROP_BOX="0 0 1649 2549" MEDIA_BOX="0 0 1649 2549" HREF="/4/Pg004" TOTAL_CHARS_COUNT="5390" SUSPICIOUS_CHARS_COUNT="0" PAGE_HEIGHT="2550" PAGE_WIDTH="1650" PAGE_TYPE="Single" PAGE_LABEL="4" PAGE_NO="4">
				<Entity FIRST_TOC_ENTRY_ID="28" DEPTH_LEVEL="1" PAGE_NO="4" HREF="/4/Ar00400" WORDCNT="574" IMAGES_RESOLUTION="140" INDEX_IN_DOC="28" SIZE="Large" NAME="First-ever Sonic Temple + Art Music Festival to replace Rock on the Range" ENTITY_TYPE="Article" ID="Ar00400"/>
				<Entity FIRST_TOC_ENTRY_ID="32" DEPTH_LEVEL="1" PAGE_NO="4" HREF="/4/Ar00401" WORDCNT="611" IMAGES_RESOLUTION="140" INDEX_IN_DOC="32" SIZE="Large" NAME="Emotional support animal requests on the rise CREDIT: LANTERN FILE PHOTO West Neve, a registered emotional support animal, poses in an Ohio State jersey." ENTITY_TYPE="Article" ID="Ar00401"/>
				<Entity FIRST_TOC_ENTRY_ID="29" DEPTH_LEVEL="2" PAGE_NO="4" LOGICAL_NAME="true" HREF="/4/Pc00402" WORDCNT="0" IMAGES_RESOLUTION="140" INDEX_IN_DOC="29" SIZE="Large" EMBEDDED_AFTER="Ar0040000" EMBEDDED_BELOW="1" EMBEDDED_INTO="Ar00400" NAME="" ENTITY_TYPE="Picture" ID="Pc00402">
					<Image EXT="jpg" H="855" W="701" ID="Pc0040200"/>
				</Entity>
				<Entity FIRST_TOC_ENTRY_ID="33" DEPTH_LEVEL="2" PAGE_NO="4" LOGICAL_NAME="true" HREF="/4/Pc00403" WORDCNT="0" IMAGES_RESOLUTION="140" INDEX_IN_DOC="33" SIZE="Medium" EMBEDDED_AFTER="Ar0040100" EMBEDDED_BELOW="1" EMBEDDED_INTO="Ar00401" NAME="" ENTITY_TYPE="Picture" ID="Pc00403">
					<Image EXT="jpg" H="626" W="697" ID="Pc0040300"/>
				</Entity>
				<Entity FIRST_TOC_ENTRY_ID="30" DEPTH_LEVEL="2" PAGE_NO="4" LOGICAL_NAME="true" HREF="/4/Pc00404" WORDCNT="0" IMAGES_RESOLUTION="140" INDEX_IN_DOC="30" SIZE="Small" EMBEDDED_AFTER="Ar0040000" EMBEDDED_BELOW="1" EMBEDDED_INTO="Ar00400" NAME="" ENTITY_TYPE="Picture" ID="Pc00404">
					<Image EXT="jpg" H="38" W="260" ID="Pc0040400"/>
				</Entity>
				<Entity FIRST_TOC_ENTRY_ID="31" DEPTH_LEVEL="2" PAGE_NO="4" LOGICAL_NAME="true" HREF="/4/Pc00405" WORDCNT="0" IMAGES_RESOLUTION="140" INDEX_IN_DOC="31" SIZE="Small" EMBEDDED_AFTER="Ar0040000" EMBEDDED_BELOW="1" EMBEDDED_INTO="Ar00400" NAME="" ENTITY_TYPE="Picture" ID="Pc00405">
					<Image EXT="jpg" H="78" W="316" ID="Pc0040500"/>
				</Entity>
				<Entity FIRST_TOC_ENTRY_ID="27" DEPTH_LEVEL="1" PAGE_NO="4" HREF="/4/Ar00406" WORDCNT="13" IMAGES_RESOLUTION="140" INDEX_IN_DOC="27" SIZE="Small" NAME="ARTS" ENTITY_TYPE="Article" ID="Ar00406"/>
			</Page>
			<Page ID="Pg005" CROP_BOX="0 0 1649 2549" MEDIA_BOX="0 0 1649 2549" HREF="/5/Pg005" TOTAL_CHARS_COUNT="3238" SUSPICIOUS_CHARS_COUNT="0" PAGE_HEIGHT="2550" PAGE_WIDTH="1650" PAGE_TYPE="Single" PAGE_LABEL="5" PAGE_NO="5">
				<Entity FIRST_TOC_ENTRY_ID="34" DEPTH_LEVEL="1" PAGE_NO="5" HREF="/5/Ar00500" WORDCNT="737" IMAGES_RESOLUTION="140" INDEX_IN_DOC="34" SIZE="Large" NAME="College students aware of smartphone overuse" ENTITY_TYPE="Article" ID="Ar00500"/>
				<Entity FIRST_TOC_ENTRY_ID="35" DEPTH_LEVEL="2" PAGE_NO="5" LOGICAL_NAME="true" HREF="/5/Pc00501" WORDCNT="0" IMAGES_RESOLUTION="140" INDEX_IN_DOC="35" SIZE="Medium" EMBEDDED_AFTER="Ar0050000" EMBEDDED_BELOW="1" EMBEDDED_INTO="Ar00500" NAME="" ENTITY_TYPE="Picture" ID="Pc00501">
					<Image EXT="jpg" H="486" W="926" ID="Pc0050100"/>
				</Entity>
				<Entity FIRST_TOC_ENTRY_ID="36" DEPTH_LEVEL="1" PAGE_NO="5" LOGICAL_NAME="true" HREF="/5/Ad00502" WORDCNT="41" IMAGES_RESOLUTION="140" INDEX_IN_DOC="36" SIZE="XLarge" NAME="" ENTITY_TYPE="Ad" ID="Ad00502">
					<Image H="1125" W="1403" ID="Ad0050201"/>
				</Entity>
			</Page>
			<Page ID="Pg006" CROP_BOX="0 0 1649 2549" MEDIA_BOX="0 0 1649 2549" HREF="/6/Pg006" TOTAL_CHARS_COUNT="4506" SUSPICIOUS_CHARS_COUNT="0" PAGE_HEIGHT="2550" PAGE_WIDTH="1650" PAGE_TYPE="Single" PAGE_LABEL="6" PAGE_NO="6">
				<Entity FIRST_TOC_ENTRY_ID="45" DEPTH_LEVEL="1" PAGE_NO="6" HREF="/6/Ar00600" WORDCNT="536" IMAGES_RESOLUTION="140" INDEX_IN_DOC="45" SIZE="Large" CONTINUATION_FROM="Ar00800" NAME="HASKINS" ENTITY_TYPE="Article" ID="Ar00600"/>
				<Entity FIRST_TOC_ENTRY_ID="37" DEPTH_LEVEL="1" PAGE_NO="6" HREF="/6/Ar00601" WORDCNT="255" IMAGES_RESOLUTION="140" INDEX_IN_DOC="37" SIZE="Small" NAME="Answer Key for Nov. 20:" ENTITY_TYPE="Article" ID="Ar00601"/>
				<Entity FIRST_TOC_ENTRY_ID="51" DEPTH_LEVEL="2" PAGE_NO="6" LOGICAL_NAME="true" HREF="/6/Pc00602" WORDCNT="0" IMAGES_RESOLUTION="140" INDEX_IN_DOC="51" SIZE="Medium" EMBEDDED_AFTER="Ar0060700" EMBEDDED_ABOVE="1" EMBEDDED_INTO="Ar00607" NAME="" ENTITY_TYPE="Picture" ID="Pc00602">
					<Image EXT="jpg" H="683" W="551" ID="Pc0060200"/>
				</Entity>
				<Entity FIRST_TOC_ENTRY_ID="46" DEPTH_LEVEL="2" PAGE_NO="6" LOGICAL_NAME="true" HREF="/6/Pc00603" WORDCNT="0" IMAGES_RESOLUTION="140" INDEX_IN_DOC="46" SIZE="Small" EMBEDDED_AFTER="Ar0060000" EMBEDDED_ABOVE="1" EMBEDDED_INTO="Ar00600" NAME="" ENTITY_TYPE="Picture" ID="Pc00603">
					<Image EXT="jpg" H="436" W="545" ID="Pc0060300"/>
				</Entity>
				<Entity FIRST_TOC_ENTRY_ID="40" DEPTH_LEVEL="2" PAGE_NO="6" LOGICAL_NAME="true" HREF="/6/Pc00604" WORDCNT="0" IMAGES_RESOLUTION="140" INDEX_IN_DOC="40" SIZE="Large" EMBEDDED_AFTER="Ar0061100" EMBEDDED_RIGHT="1" EMBEDDED_INTO="Ar00611" NAME="" ENTITY_TYPE="Picture" ID="Pc00604">
					<Image EXT="jpg" H="721" W="787" ID="Pc0060400"/>
				</Entity>
				<Entity FIRST_TOC_ENTRY_ID="41" DEPTH_LEVEL="2" PAGE_NO="6" LOGICAL_NAME="true" HREF="/6/Pc00605" WORDCNT="0" IMAGES_RESOLUTION="140" INDEX_IN_DOC="41" SIZE="Medium" EMBEDDED_AFTER="Ar0061100" EMBEDDED_BELOW="1" EMBEDDED_INTO="Ar00611" NAME="" ENTITY_TYPE="Picture" ID="Pc00605">
					<Image EXT="jpg" H="503" W="541" ID="Pc0060500"/>
				</Entity>
				<Entity FIRST_TOC_ENTRY_ID="38" DEPTH_LEVEL="2" PAGE_NO="6" LOGICAL_NAME="true" HREF="/6/Pc00606" WORDCNT="0" IMAGES_RESOLUTION="140" INDEX_IN_DOC="38" SIZE="Small" EMBEDDED_AFTER="Ar0060100" EMBEDDED_LEFT="1" EMBEDDED_INTO="Ar00601" NAME="" ENTITY_TYPE="Picture" ID="Pc00606">
					<Image EXT="jpg" H="215" W="228" ID="Pc0060600"/>
				</Entity>
				<Entity FIRST_TOC_ENTRY_ID="50" DEPTH_LEVEL="1" PAGE_NO="6" HREF="/6/Ar00607" WORDCNT="96" IMAGES_RESOLUTION="140" INDEX_IN_DOC="50" SIZE="Small" CONTINUATION_FROM="Ar00801" NAME="OFFENSIVE LINE" ENTITY_TYPE="Article" ID="Ar00607"/>
				<Entity FIRST_TOC_ENTRY_ID="52" DEPTH_LEVEL="2" PAGE_NO="6" LOGICAL_NAME="true" HREF="/6/Pc00608" WORDCNT="0" IMAGES_RESOLUTION="140" INDEX_IN_DOC="52" SIZE="Small" EMBEDDED_AFTER="Ar0060700" EMBEDDED_BELOW="1" EMBEDDED_RIGHT="1" EMBEDDED_INTO="Ar00607" NAME="" ENTITY_TYPE="Picture" ID="Pc00608">
					<Image EXT="jpg" H="120" W="259" ID="Pc0060800"/>
				</Entity>
				<Entity FIRST_TOC_ENTRY_ID="53" DEPTH_LEVEL="2" PAGE_NO="6" LOGICAL_NAME="true" HREF="/6/Pc00609" WORDCNT="0" IMAGES_RESOLUTION="140" INDEX_IN_DOC="53" SIZE="Small" EMBEDDED_AFTER="Ar0060700" EMBEDDED_BELOW="1" EMBEDDED_RIGHT="1" EMBEDDED_INTO="Ar00607" NAME="" ENTITY_TYPE="Picture" ID="Pc00609">
					<Image EXT="jpg" H="39" W="262" ID="Pc0060900"/>
				</Entity>
				<Entity FIRST_TOC_ENTRY_ID="47" DEPTH_LEVEL="2" PAGE_NO="6" LOGICAL_NAME="true" HREF="/6/Pc00610" WORDCNT="0" IMAGES_RESOLUTION="140" INDEX_IN_DOC="47" SIZE="Small" EMBEDDED_AFTER="Ar0060000" EMBEDDED_BELOW="1" EMBEDDED_RIGHT="1" EMBEDDED_INTO="Ar00600" NAME="" ENTITY_TYPE="Picture" ID="Pc00610">
					<Image EXT="jpg" H="43" W="262" ID="Pc0061000"/>
				</Entity>
				<Entity FIRST_TOC_ENTRY_ID="39" DEPTH_LEVEL="1" PAGE_NO="6" HREF="/6/Ar00611" WORDCNT="397" IMAGES_RESOLUTION="140" INDEX_IN_DOC="39" SIZE="Medium" NAME="Puzzles" ENTITY_TYPE="Article" ID="Ar00611"/>
			</Page>
			<Page ID="Pg007" CROP_BOX="0 0 1649 2549" MEDIA_BOX="0 0 1649 2549" HREF="/7/Pg007" TOTAL_CHARS_COUNT="8205" SUSPICIOUS_CHARS_COUNT="0" PAGE_HEIGHT="2550" PAGE_WIDTH="1650" PAGE_TYPE="Single" PAGE_LABEL="7" PAGE_NO="7">
				<Entity FIRST_TOC_ENTRY_ID="12" DEPTH_LEVEL="1" PAGE_NO="7" HREF="/7/Ar00700" WORDCNT="1984" IMAGES_RESOLUTION="140" INDEX_IN_DOC="12" SIZE="XLarge" CONTINUATION_FROM="Ar00300" NAME="COACHING" ENTITY_TYPE="Article" ID="Ar00700"/>
				<Entity FIRST_TOC_ENTRY_ID="13" DEPTH_LEVEL="2" PAGE_NO="7" LOGICAL_NAME="true" HREF="/7/Pc00701" WORDCNT="0" IMAGES_RESOLUTION="140" INDEX_IN_DOC="13" SIZE="Medium" EMBEDDED_AFTER="Ar0070000" EMBEDDED_BELOW="1" EMBEDDED_RIGHT="1" EMBEDDED_INTO="Ar00700" NAME="" ENTITY_TYPE="Picture" ID="Pc00701">
					<Image EXT="jpg" H="566" W="690" ID="Pc0070100"/>
				</Entity>
				<Entity FIRST_TOC_ENTRY_ID="14" DEPTH_LEVEL="2" PAGE_NO="7" LOGICAL_NAME="true" HREF="/7/Pc00702" WORDCNT="0" IMAGES_RESOLUTION="140" INDEX_IN_DOC="14" SIZE="Small" EMBEDDED_AFTER="Ar0070000" EMBEDDED_BELOW="1" EMBEDDED_RIGHT="1" EMBEDDED_INTO="Ar00700" NAME="" ENTITY_TYPE="Picture" ID="Pc00702">
					<Image EXT="jpg" H="210" W="270" ID="Pc0070200"/>
				</Entity>
				<Entity FIRST_TOC_ENTRY_ID="15" DEPTH_LEVEL="2" PAGE_NO="7" LOGICAL_NAME="true" HREF="/7/Pc00703" WORDCNT="0" IMAGES_RESOLUTION="140" INDEX_IN_DOC="15" SIZE="Medium" EMBEDDED_AFTER="Ar0070000" EMBEDDED_BELOW="1" EMBEDDED_INTO="Ar00700" NAME="" ENTITY_TYPE="Picture" ID="Pc00703">
					<Image EXT="jpg" H="395" W="708" ID="Pc0070300"/>
				</Entity>
			</Page>
			<Page ID="Pg008" CROP_BOX="0 0 1649 2549" MEDIA_BOX="0 0 1649 2549" HREF="/8/Pg008" TOTAL_CHARS_COUNT="5907" SUSPICIOUS_CHARS_COUNT="0" PAGE_HEIGHT="2550" PAGE_WIDTH="1650" PAGE_TYPE="Single" PAGE_LABEL="8" PAGE_NO="8">
				<Entity FIRST_TOC_ENTRY_ID="43" DEPTH_LEVEL="1" PAGE_NO="8" HREF="/8/Ar00800" WORDCNT="704" IMAGES_RESOLUTION="140" INDEX_IN_DOC="43" SIZE="Large" CONTINUATION_TO="Ar00600" NAME="Dwayne Haskins finds place in Ohio State history" ENTITY_TYPE="Article" ID="Ar00800"/>
				<Entity FIRST_TOC_ENTRY_ID="48" DEPTH_LEVEL="1" PAGE_NO="8" HREF="/8/Ar00801" WORDCNT="680" IMAGES_RESOLUTION="140" INDEX_IN_DOC="48" SIZE="Large" CONTINUATION_TO="Ar00607" NAME="Ohio State offensive line pushes toward playoff" ENTITY_TYPE="Article" ID="Ar00801"/>
				<Entity FIRST_TOC_ENTRY_ID="44" DEPTH_LEVEL="2" PAGE_NO="8" LOGICAL_NAME="true" HREF="/8/Pc00802" WORDCNT="0" IMAGES_RESOLUTION="140" INDEX_IN_DOC="44" SIZE="Medium" EMBEDDED_AFTER="Ar0080000" EMBEDDED_BELOW="1" EMBEDDED_INTO="Ar00800" NAME="" ENTITY_TYPE="Picture" ID="Pc00802">
					<Image EXT="jpg" H="559" W="688" ID="Pc0080200"/>
				</Entity>
				<Entity FIRST_TOC_ENTRY_ID="49" DEPTH_LEVEL="2" PAGE_NO="8" LOGICAL_NAME="true" HREF="/8/Pc00803" WORDCNT="0" IMAGES_RESOLUTION="140" INDEX_IN_DOC="49" SIZE="Medium" EMBEDDED_AFTER="Ar0080100" EMBEDDED_BELOW="1" EMBEDDED_INTO="Ar00801" NAME="" ENTITY_TYPE="Picture" ID="Pc00803">
					<Image EXT="jpg" H="537" W="830" ID="Pc0080300"/>
				</Entity>
				<Entity FIRST_TOC_ENTRY_ID="42" DEPTH_LEVEL="1" PAGE_NO="8" HREF="/8/Ar00804" WORDCNT="22" IMAGES_RESOLUTION="140" INDEX_IN_DOC="42" SIZE="Small" NAME="MEN�S SOCCER" ENTITY_TYPE="Article" ID="Ar00804"/>
			</Page>
		</Section>
	</Body_np>
	<Logic_np><TOC_Entries><TOC_Entry TOC_ENTRY_ID="1" TITLE="HOLIDAY GIVING" ENTITY_ID_REF="Ar00104" PAGE_NO="1" PAGE_LABEL="1" PRIM_ID_REF="Ar0010400" IS_IC="true"/><TOC_Entry TOC_ENTRY_ID="2" TITLE="SONIC TEMPLE" ENTITY_ID_REF="Ar00105" PAGE_NO="1" PAGE_LABEL="1" PRIM_ID_REF="Ar0010500" IS_IC="true"/><TOC_Entry TOC_ENTRY_ID="3" TITLE="OFFENSIVE LINE" ENTITY_ID_REF="Ar00106" PAGE_NO="1" PAGE_LABEL="1" PRIM_ID_REF="Ar0010600" IS_IC="true"/><TOC_Entry TOC_ENTRY_ID="4" TITLE="Decline , , since &lt;sup&gt;. &lt;/sup&gt;Title IX" ENTITY_ID_REF="Ar00100" PAGE_NO="1" PAGE_LABEL="1" PRIM_ID_REF="Ar0010000" IS_IC="true"><TOC_Entry TOC_ENTRY_ID="5" TITLE="" ENTITY_ID_REF="Pc00102" PAGE_NO="1" PAGE_LABEL="1" PRIM_ID_REF="Pc0010200" IS_IC="true"/><TOC_Entry TOC_ENTRY_ID="6" TITLE="" ENTITY_ID_REF="Pc00103" PAGE_NO="1" PAGE_LABEL="1" PRIM_ID_REF="Pc0010300" IS_IC="true"/></TOC_Entry><TOC_Entry TOC_ENTRY_ID="7" TITLE="COACHING" ENTITY_ID_REF="Ar00204" PAGE_NO="2" PAGE_LABEL="2" PRIM_ID_REF="Ar0020400"><TOC_Entry TOC_ENTRY_ID="8" TITLE="" ENTITY_ID_REF="Pc00202" PAGE_NO="2" PAGE_LABEL="2" PRIM_ID_REF="Pc0020200" IS_IC="true"/><TOC_Entry TOC_ENTRY_ID="9" TITLE="" ENTITY_ID_REF="Pc00203" PAGE_NO="2" PAGE_LABEL="2" PRIM_ID_REF="Pc0020300" IS_IC="true"/></TOC_Entry><TOC_Entry TOC_ENTRY_ID="10" TITLE="COACHING" ENTITY_ID_REF="Ar00300" PAGE_NO="3" PAGE_LABEL="3" PRIM_ID_REF="Ar0030000"><TOC_Entry TOC_ENTRY_ID="11" TITLE="" ENTITY_ID_REF="Pc00303" PAGE_NO="3" PAGE_LABEL="3" PRIM_ID_REF="Pc0030300" IS_IC="true"/></TOC_Entry><TOC_Entry TOC_ENTRY_ID="12" TITLE="COACHING" ENTITY_ID_REF="Ar00700" PAGE_NO="7" PAGE_LABEL="7" PRIM_ID_REF="Ar0070000"><TOC_Entry TOC_ENTRY_ID="13" TITLE="" ENTITY_ID_REF="Pc00701" PAGE_NO="7" PAGE_LABEL="7" PRIM_ID_REF="Pc0070100" IS_IC="true"/><TOC_Entry TOC_ENTRY_ID="14" TITLE="" ENTITY_ID_REF="Pc00702" PAGE_NO="7" PAGE_LABEL="7" PRIM_ID_REF="Pc0070200" IS_IC="true"/><TOC_Entry TOC_ENTRY_ID="15" TITLE="" ENTITY_ID_REF="Pc00703" PAGE_NO="7" PAGE_LABEL="7" PRIM_ID_REF="Pc0070300" IS_IC="true"/></TOC_Entry><TOC_Entry TOC_ENTRY_ID="16" TITLE="FOOTBALL" ENTITY_ID_REF="Ar00107" PAGE_NO="1" PAGE_LABEL="1" PRIM_ID_REF="Ar0010700" IS_IC="true"/><TOC_Entry TOC_ENTRY_ID="17" TITLE="Students break boundaries by forming first international BuckeyeThon team" ENTITY_ID_REF="Ar00101" PAGE_NO="1" PAGE_LABEL="1" PRIM_ID_REF="Ar0010100" IS_IC="true"/><TOC_Entry TOC_ENTRY_ID="18" TITLE="BUCKEYETHON" ENTITY_ID_REF="Ar00301" PAGE_NO="3" PAGE_LABEL="3" PRIM_ID_REF="Ar0030100"><TOC_Entry TOC_ENTRY_ID="19" TITLE="" ENTITY_ID_REF="Pc00302" PAGE_NO="3" PAGE_LABEL="3" PRIM_ID_REF="Pc0030200" IS_IC="true"/></TOC_Entry><TOC_Entry TOC_ENTRY_ID="20" TITLE="" ENTITY_ID_REF="Ad00108" PAGE_NO="1" PAGE_LABEL="1" PRIM_ID_REF="Ad0010801" IS_IC="true"/><TOC_Entry TOC_ENTRY_ID="21" TITLE="LANTERN APP" ENTITY_ID_REF="Ar00205" PAGE_NO="2" PAGE_LABEL="2" PRIM_ID_REF="Ar0020500" IS_IC="true"/><TOC_Entry TOC_ENTRY_ID="22" TITLE="Organization collects gifts for underprivileged youth" ENTITY_ID_REF="Ar00200" PAGE_NO="2" PAGE_LABEL="2" PRIM_ID_REF="Ar0020000" IS_IC="true"><TOC_Entry TOC_ENTRY_ID="23" TITLE="" ENTITY_ID_REF="Pc00201" PAGE_NO="2" PAGE_LABEL="2" PRIM_ID_REF="Pc0020100" IS_IC="true"/></TOC_Entry><TOC_Entry TOC_ENTRY_ID="24" TITLE="" ENTITY_ID_REF="Ar00306" PAGE_NO="3" PAGE_LABEL="3" PRIM_ID_REF="Ar0030600" IS_IC="true"/><TOC_Entry TOC_ENTRY_ID="25" TITLE="Letters to the Editor" ENTITY_ID_REF="Ar00304" PAGE_NO="3" PAGE_LABEL="3" PRIM_ID_REF="Ar0030400" IS_IC="true"/><TOC_Entry TOC_ENTRY_ID="26" TITLE="Corrections" ENTITY_ID_REF="Ar00305" PAGE_NO="3" PAGE_LABEL="3" PRIM_ID_REF="Ar0030500" IS_IC="true"/><TOC_Entry TOC_ENTRY_ID="27" TITLE="ARTS" ENTITY_ID_REF="Ar00406" PAGE_NO="4" PAGE_LABEL="4" PRIM_ID_REF="Ar0040600" IS_IC="true"/><TOC_Entry TOC_ENTRY_ID="28" TITLE="First-ever Sonic Temple + Art Music Festival to replace Rock on the Range" ENTITY_ID_REF="Ar00400" PAGE_NO="4" PAGE_LABEL="4" PRIM_ID_REF="Ar0040000" IS_IC="true"><TOC_Entry TOC_ENTRY_ID="29" TITLE="" ENTITY_ID_REF="Pc00402" PAGE_NO="4" PAGE_LABEL="4" PRIM_ID_REF="Pc0040200" IS_IC="true"/><TOC_Entry TOC_ENTRY_ID="30" TITLE="" ENTITY_ID_REF="Pc00404" PAGE_NO="4" PAGE_LABEL="4" PRIM_ID_REF="Pc0040400" IS_IC="true"/><TOC_Entry TOC_ENTRY_ID="31" TITLE="" ENTITY_ID_REF="Pc00405" PAGE_NO="4" PAGE_LABEL="4" PRIM_ID_REF="Pc0040500" IS_IC="true"/></TOC_Entry><TOC_Entry TOC_ENTRY_ID="32" TITLE="Emotional support animal requests on the rise CREDIT: LANTERN FILE PHOTO West Neve, a registered emotional support animal, poses in an Ohio State jersey." ENTITY_ID_REF="Ar00401" PAGE_NO="4" PAGE_LABEL="4" PRIM_ID_REF="Ar0040100" IS_IC="true"><TOC_Entry TOC_ENTRY_ID="33" TITLE="" ENTITY_ID_REF="Pc00403" PAGE_NO="4" PAGE_LABEL="4" PRIM_ID_REF="Pc0040300" IS_IC="true"/></TOC_Entry><TOC_Entry TOC_ENTRY_ID="34" TITLE="College students aware of smartphone overuse" ENTITY_ID_REF="Ar00500" PAGE_NO="5" PAGE_LABEL="5" PRIM_ID_REF="Ar0050000" IS_IC="true"><TOC_Entry TOC_ENTRY_ID="35" TITLE="" ENTITY_ID_REF="Pc00501" PAGE_NO="5" PAGE_LABEL="5" PRIM_ID_REF="Pc0050100" IS_IC="true"/></TOC_Entry><TOC_Entry TOC_ENTRY_ID="36" TITLE="" ENTITY_ID_REF="Ad00502" PAGE_NO="5" PAGE_LABEL="5" PRIM_ID_REF="Ad0050201" IS_IC="true"/><TOC_Entry TOC_ENTRY_ID="37" TITLE="Answer Key for Nov. 20:" ENTITY_ID_REF="Ar00601" PAGE_NO="6" PAGE_LABEL="6" PRIM_ID_REF="Ar0060100" IS_IC="true"><TOC_Entry TOC_ENTRY_ID="38" TITLE="" ENTITY_ID_REF="Pc00606" PAGE_NO="6" PAGE_LABEL="6" PRIM_ID_REF="Pc0060600" IS_IC="true"/></TOC_Entry><TOC_Entry TOC_ENTRY_ID="39" TITLE="Puzzles" ENTITY_ID_REF="Ar00611" PAGE_NO="6" PAGE_LABEL="6" PRIM_ID_REF="Ar0061100" IS_IC="true"><TOC_Entry TOC_ENTRY_ID="40" TITLE="" ENTITY_ID_REF="Pc00604" PAGE_NO="6" PAGE_LABEL="6" PRIM_ID_REF="Pc0060400" IS_IC="true"/><TOC_Entry TOC_ENTRY_ID="41" TITLE="" ENTITY_ID_REF="Pc00605" PAGE_NO="6" PAGE_LABEL="6" PRIM_ID_REF="Pc0060500" IS_IC="true"/></TOC_Entry><TOC_Entry TOC_ENTRY_ID="42" TITLE="MEN�S SOCCER" ENTITY_ID_REF="Ar00804" PAGE_NO="8" PAGE_LABEL="8" PRIM_ID_REF="Ar0080400" IS_IC="true"/><TOC_Entry TOC_ENTRY_ID="43" TITLE="Dwayne Haskins finds place in Ohio State history" ENTITY_ID_REF="Ar00800" PAGE_NO="8" PAGE_LABEL="8" PRIM_ID_REF="Ar0080000" IS_IC="true"><TOC_Entry TOC_ENTRY_ID="44" TITLE="" ENTITY_ID_REF="Pc00802" PAGE_NO="8" PAGE_LABEL="8" PRIM_ID_REF="Pc0080200" IS_IC="true"/></TOC_Entry><TOC_Entry TOC_ENTRY_ID="45" TITLE="HASKINS" ENTITY_ID_REF="Ar00600" PAGE_NO="6" PAGE_LABEL="6" PRIM_ID_REF="Ar0060000"><TOC_Entry TOC_ENTRY_ID="46" TITLE="" ENTITY_ID_REF="Pc00603" PAGE_NO="6" PAGE_LABEL="6" PRIM_ID_REF="Pc0060300" IS_IC="true"/><TOC_Entry TOC_ENTRY_ID="47" TITLE="" ENTITY_ID_REF="Pc00610" PAGE_NO="6" PAGE_LABEL="6" PRIM_ID_REF="Pc0061000" IS_IC="true"/></TOC_Entry><TOC_Entry TOC_ENTRY_ID="48" TITLE="Ohio State offensive line pushes toward playoff" ENTITY_ID_REF="Ar00801" PAGE_NO="8" PAGE_LABEL="8" PRIM_ID_REF="Ar0080100" IS_IC="true"><TOC_Entry TOC_ENTRY_ID="49" TITLE="" ENTITY_ID_REF="Pc00803" PAGE_NO="8" PAGE_LABEL="8" PRIM_ID_REF="Pc0080300" IS_IC="true"/></TOC_Entry><TOC_Entry TOC_ENTRY_ID="50" TITLE="OFFENSIVE LINE" ENTITY_ID_REF="Ar00607" PAGE_NO="6" PAGE_LABEL="6" PRIM_ID_REF="Ar0060700"><TOC_Entry TOC_ENTRY_ID="51" TITLE="" ENTITY_ID_REF="Pc00602" PAGE_NO="6" PAGE_LABEL="6" PRIM_ID_REF="Pc0060200" IS_IC="true"/><TOC_Entry TOC_ENTRY_ID="52" TITLE="" ENTITY_ID_REF="Pc00608" PAGE_NO="6" PAGE_LABEL="6" PRIM_ID_REF="Pc0060800" IS_IC="true"/><TOC_Entry TOC_ENTRY_ID="53" TITLE="" ENTITY_ID_REF="Pc00609" PAGE_NO="6" PAGE_LABEL="6" PRIM_ID_REF="Pc0060900" IS_IC="true"/></TOC_Entry></TOC_Entries></Logic_np></Xmd_toc>
