<x:xmpmeta xmlns:x="adobe:ns:meta/" x:xmptk="Adobe XMP Core 5.4-c005 78.147326, 2012/08/23-13:03:03        ">
	<rdf:RDF xmlns:rdf="http://www.w3.org/1999/02/22-rdf-syntax-ns#">
		<rdf:Description rdf:about="" xmlns:xmp="http://ns.adobe.com/xap/1.0/" xmlns:dc="http://purl.org/dc/elements/1.1/" xmlns:xmpMM="http://ns.adobe.com/xap/1.0/mm/" xmlns:pdf="http://ns.adobe.com/pdf/1.3/" xmlns:pdfx="http://ns.adobe.com/pdfx/1.3/" xmlns:Olv="Olive" xmp:ModifyDate="2019-08-31T11:37:47+05:30" xmp:CreateDate="2018-01-22T21:59:03-05:00" xmp:MetadataDate="2019-08-31T11:37:47+05:30" xmp:CreatorTool="Adobe InDesign CC 13.0 (Macintosh)" dc:format="application/pdf" xmpMM:DocumentID="uuid:2475d22b-0d4c-2f44-9490-7da6ccff6bee" xmpMM:InstanceID="uuid:c5c55d93-e996-436c-87c7-a1c9f536687e" pdf:Producer="Adobe PDF Library 15.0" pdfx:OLV0_XMD_PAGE_COUNT="8" Olv:publication="OHI" Olv:issue_date="2018/ 1/23">
			<Olv:TimeTrack>
				<rdf:Seq>
					<rdf:li>
						<rdf:Description Olv:GUID="{CB52D891-A5D9-4B74-A5AC-545C04F60188}" Olv:Status="Succeeded" Olv:File="060-OHI-2018-01-23-0001.pdf" Olv:Pages="8" Olv:Comp="SEG06" Olv:User="pipex" Olv:Start="2019-08-06T13:26:51+05:30" Olv:End="2019-08-06T13:27:03+05:30" Olv:TotalTime="00:00:12" Olv:IdleTime="00:00:00">
							<Olv:Operations>
								<rdf:Bag>
									<rdf:li>Auto Segmentation</rdf:li>
									<rdf:li>First session</rdf:li>
								</rdf:Bag>
							</Olv:Operations>
						</rdf:Description>
					</rdf:li>
					<rdf:li>
						<rdf:Description Olv:GUID="{E24B9383-419B-4237-8FA7-EA1FE186313E}" Olv:Status="None" Olv:File="060-OHI-2018-01-23-0001.pdf" Olv:Pages="8" Olv:Comp="MDOPS-C14" Olv:User="001663" Olv:Start="2019-08-20T15:58:19+05:30" Olv:End="2019-08-20T17:30:19+05:30" Olv:TotalTime="01:32:00" Olv:IdleTime="00:23:52">
							<Olv:Operations>
								<rdf:Bag>
									<rdf:li>Edit Segmentation</rdf:li>
								</rdf:Bag>
							</Olv:Operations>
						</rdf:Description>
					</rdf:li>
					<rdf:li>
						<rdf:Description Olv:GUID="{D6775058-CC17-4594-9DEB-E2CC4B33C1AE}" Olv:Status="None" Olv:File="060-OHI-2018-01-23-0001.pdf" Olv:Pages="8" Olv:Comp="MDOPS-C07" Olv:User="000675" Olv:Start="2019-08-29T07:55:32+05:30" Olv:End="2019-08-29T08:06:36+05:30" Olv:TotalTime="00:11:04" Olv:IdleTime="00:03:52">
							<Olv:Operations>
								<rdf:Bag>
									<rdf:li>Edit Segmentation</rdf:li>
								</rdf:Bag>
							</Olv:Operations>
						</rdf:Description>
					</rdf:li>
					<rdf:li>
						<rdf:Description Olv:GUID="{AC266FE2-DD07-48FF-83AC-20254DA401D4}" Olv:Status="Succeeded" Olv:File="060-OHI-2018-01-23-0001.pdf" Olv:Pages="8" Olv:Comp="SEG03" Olv:User="pipex" Olv:Start="2019-08-31T11:37:48+05:30" Olv:End="2019-08-31T11:38:43+05:30" Olv:TotalTime="00:00:55" Olv:IdleTime="00:00:55">
							<Olv:Operations>
								<rdf:Bag>
									<rdf:li>Output</rdf:li>
								</rdf:Bag>
							</Olv:Operations>
						</rdf:Description>
					</rdf:li>
				</rdf:Seq>
			</Olv:TimeTrack>
		</rdf:Description>
	</rdf:RDF>
</x:xmpmeta>
