<x:xmpmeta xmlns:x="adobe:ns:meta/" x:xmptk="Adobe XMP Core 5.4-c005 78.147326, 2012/08/23-13:03:03        ">
	<rdf:RDF xmlns:rdf="http://www.w3.org/1999/02/22-rdf-syntax-ns#">
		<rdf:Description rdf:about="" xmlns:xmp="http://ns.adobe.com/xap/1.0/" xmlns:dc="http://purl.org/dc/elements/1.1/" xmlns:xmpMM="http://ns.adobe.com/xap/1.0/mm/" xmlns:pdf="http://ns.adobe.com/pdf/1.3/" xmlns:pdfx="http://ns.adobe.com/pdfx/1.3/" xmlns:Olv="Olive" xmp:ModifyDate="2019-08-31T10:36:41+05:30" xmp:CreateDate="2017-10-23T21:55:26-04:00" xmp:MetadataDate="2019-08-31T10:36:41+05:30" xmp:CreatorTool="Adobe InDesign CC 2017 (Macintosh)" dc:format="application/pdf" xmpMM:DocumentID="uuid:17bf30a2-6a4e-5147-b9ac-d0cc4786c946" xmpMM:InstanceID="uuid:402a0019-3ae5-457e-921b-99d8af6b3129" pdf:Producer="Adobe PDF Library 15.0" pdfx:OLV0_XMD_PAGE_COUNT="8" Olv:publication="OHI" Olv:issue_date="2017/10/24">
			<Olv:TimeTrack>
				<rdf:Seq>
					<rdf:li>
						<rdf:Description Olv:GUID="{831F1D40-F870-4F7A-9178-50BF2D130724}" Olv:Status="Succeeded" Olv:File="060-OHI-2017-10-24-0001.pdf" Olv:Pages="8" Olv:Comp="SEG02" Olv:User="pipex" Olv:Start="2019-08-06T13:22:27+05:30" Olv:End="2019-08-06T13:22:36+05:30" Olv:TotalTime="00:00:09" Olv:IdleTime="00:00:00">
							<Olv:Operations>
								<rdf:Bag>
									<rdf:li>Auto Segmentation</rdf:li>
									<rdf:li>First session</rdf:li>
								</rdf:Bag>
							</Olv:Operations>
						</rdf:Description>
					</rdf:li>
					<rdf:li>
						<rdf:Description Olv:GUID="{4C96D599-F70D-4222-9786-2C15CB649F0B}" Olv:Status="None" Olv:File="060-OHI-2017-10-24-0001.pdf" Olv:Pages="8" Olv:Comp="MDOPS-C15" Olv:User="001660" Olv:Start="2019-08-20T12:49:03+05:30" Olv:End="2019-08-20T13:01:20+05:30" Olv:TotalTime="00:12:17" Olv:IdleTime="00:00:37">
							<Olv:Operations>
								<rdf:Bag>
									<rdf:li>Edit Segmentation</rdf:li>
								</rdf:Bag>
							</Olv:Operations>
						</rdf:Description>
					</rdf:li>
					<rdf:li>
						<rdf:Description Olv:GUID="{AD503294-95B6-44EB-BDE6-1CC8CE01E9F2}" Olv:Status="None" Olv:File="060-OHI-2017-10-24-0001.pdf" Olv:Pages="8" Olv:Comp="MDOPS-C15" Olv:User="001660" Olv:Start="2019-08-22T15:59:35+05:30" Olv:End="2019-08-22T16:20:36+05:30" Olv:TotalTime="00:21:01" Olv:IdleTime="00:00:00">
							<Olv:Operations>
								<rdf:Bag>
									<rdf:li>Edit Segmentation</rdf:li>
								</rdf:Bag>
							</Olv:Operations>
						</rdf:Description>
					</rdf:li>
					<rdf:li>
						<rdf:Description Olv:GUID="{10713E69-B837-44DF-BEE2-BA2C9837B4A7}" Olv:Status="None" Olv:File="060-OHI-2017-10-24-0001.pdf" Olv:Pages="8" Olv:Comp="MDOPS-C13" Olv:User="000953" Olv:Start="2019-08-29T07:14:44+05:30" Olv:End="2019-08-29T07:28:25+05:30" Olv:TotalTime="00:13:41" Olv:IdleTime="00:07:39">
							<Olv:Operations>
								<rdf:Bag>
									<rdf:li>Edit Segmentation</rdf:li>
								</rdf:Bag>
							</Olv:Operations>
						</rdf:Description>
					</rdf:li>
					<rdf:li>
						<rdf:Description Olv:GUID="{5CB44442-CDC7-42DF-A353-5C688BDB278A}" Olv:Status="None" Olv:File="060-OHI-2017-10-24-0001.pdf" Olv:Pages="8" Olv:Comp="MDOPS-C13" Olv:User="000953" Olv:Start="2019-08-29T07:30:11+05:30" Olv:End="2019-08-29T07:30:33+05:30" Olv:TotalTime="00:00:22" Olv:IdleTime="00:00:00">
							<Olv:Operations>
								<rdf:Bag>
									<rdf:li>Edit Segmentation</rdf:li>
								</rdf:Bag>
							</Olv:Operations>
						</rdf:Description>
					</rdf:li>
					<rdf:li>
						<rdf:Description Olv:GUID="{1AFCFDCC-5426-4EDD-953B-89282AB84469}" Olv:Status="Succeeded" Olv:File="060-OHI-2017-10-24-0001.pdf" Olv:Pages="8" Olv:Comp="SEG06" Olv:User="pipex" Olv:Start="2019-08-31T10:36:41+05:30" Olv:End="2019-08-31T10:37:23+05:30" Olv:TotalTime="00:00:42" Olv:IdleTime="00:00:42">
							<Olv:Operations>
								<rdf:Bag>
									<rdf:li>Output</rdf:li>
								</rdf:Bag>
							</Olv:Operations>
						</rdf:Description>
					</rdf:li>
				</rdf:Seq>
			</Olv:TimeTrack>
		</rdf:Description>
	</rdf:RDF>
</x:xmpmeta>
