<x:xmpmeta xmlns:x="adobe:ns:meta/" x:xmptk="Adobe XMP Core 5.4-c005 78.147326, 2012/08/23-13:03:03        ">
	<rdf:RDF xmlns:rdf="http://www.w3.org/1999/02/22-rdf-syntax-ns#">
		<rdf:Description rdf:about="" xmlns:xmp="http://ns.adobe.com/xap/1.0/" xmlns:dc="http://purl.org/dc/elements/1.1/" xmlns:xmpMM="http://ns.adobe.com/xap/1.0/mm/" xmlns:pdf="http://ns.adobe.com/pdf/1.3/" xmlns:pdfx="http://ns.adobe.com/pdfx/1.3/" xmlns:Olv="Olive" xmp:ModifyDate="2019-08-31T11:40:30+05:30" xmp:CreateDate="2018-02-14T22:01:30-05:00" xmp:MetadataDate="2019-08-31T11:40:30+05:30" xmp:CreatorTool="Adobe InDesign CC 13.0 (Macintosh)" dc:format="application/pdf" xmpMM:DocumentID="uuid:da9dd832-a835-a844-83f8-65ad5eb7e801" xmpMM:InstanceID="uuid:e15c5842-3f4f-405a-b713-bba88f2784b5" pdf:Producer="Adobe PDF Library 15.0" pdfx:OLV0_XMD_PAGE_COUNT="16" Olv:publication="OHI" Olv:issue_date="2018/ 2/15">
			<Olv:TimeTrack>
				<rdf:Seq>
					<rdf:li>
						<rdf:Description Olv:GUID="{C858CE07-0D3E-4EEB-94CD-55B12EC3C776}" Olv:Status="Succeeded" Olv:File="060-OHI-2018-02-15-0001.pdf" Olv:Pages="16" Olv:Comp="SEG07" Olv:User="pipex" Olv:Start="2019-08-06T13:27:20+05:30" Olv:End="2019-08-06T13:27:40+05:30" Olv:TotalTime="00:00:20" Olv:IdleTime="00:00:00">
							<Olv:Operations>
								<rdf:Bag>
									<rdf:li>Auto Segmentation</rdf:li>
									<rdf:li>First session</rdf:li>
								</rdf:Bag>
							</Olv:Operations>
						</rdf:Description>
					</rdf:li>
					<rdf:li>
						<rdf:Description Olv:GUID="{29FA266C-A30D-48AE-B2B5-ADEBB0A070C5}" Olv:Status="None" Olv:File="060-OHI-2018-02-15-0001.pdf" Olv:Pages="16" Olv:Comp="MDOPS-C14" Olv:User="001663" Olv:Start="2019-08-21T11:27:56+05:30" Olv:End="2019-08-21T13:00:29+05:30" Olv:TotalTime="01:32:33" Olv:IdleTime="00:04:31">
							<Olv:Operations>
								<rdf:Bag>
									<rdf:li>Edit Segmentation</rdf:li>
								</rdf:Bag>
							</Olv:Operations>
						</rdf:Description>
					</rdf:li>
					<rdf:li>
						<rdf:Description Olv:GUID="{33CB4181-A387-4AF7-8520-D28C6E6A7D3F}" Olv:Status="None" Olv:File="060-OHI-2018-02-15-0001.pdf" Olv:Pages="16" Olv:Comp="MDOPS-C13" Olv:User="000953" Olv:Start="2019-08-29T08:24:39+05:30" Olv:End="2019-08-29T08:32:14+05:30" Olv:TotalTime="00:07:35" Olv:IdleTime="00:06:20">
							<Olv:Operations>
								<rdf:Bag>
									<rdf:li>Edit Segmentation</rdf:li>
								</rdf:Bag>
							</Olv:Operations>
						</rdf:Description>
					</rdf:li>
					<rdf:li>
						<rdf:Description Olv:GUID="{8AAB622A-0FFD-4820-BECC-1A90BAB2E07F}" Olv:Status="None" Olv:File="060-OHI-2018-02-15-0001.pdf" Olv:Pages="16" Olv:Comp="MDOPS-C13" Olv:User="000953" Olv:Start="2019-08-29T08:33:32+05:30" Olv:End="2019-08-29T08:53:39+05:30" Olv:TotalTime="00:20:07" Olv:IdleTime="00:06:18">
							<Olv:Operations>
								<rdf:Bag>
									<rdf:li>Edit Segmentation</rdf:li>
								</rdf:Bag>
							</Olv:Operations>
						</rdf:Description>
					</rdf:li>
					<rdf:li>
						<rdf:Description Olv:GUID="{3BD72446-8C34-4970-A8F3-295BF6AA7BC5}" Olv:Status="Succeeded" Olv:File="060-OHI-2018-02-15-0001.pdf" Olv:Pages="16" Olv:Comp="SEG06" Olv:User="pipex" Olv:Start="2019-08-31T11:40:31+05:30" Olv:End="2019-08-31T11:41:57+05:30" Olv:TotalTime="00:01:26" Olv:IdleTime="00:01:26">
							<Olv:Operations>
								<rdf:Bag>
									<rdf:li>Output</rdf:li>
								</rdf:Bag>
							</Olv:Operations>
						</rdf:Description>
					</rdf:li>
				</rdf:Seq>
			</Olv:TimeTrack>
		</rdf:Description>
	</rdf:RDF>
</x:xmpmeta>
