<x:xmpmeta xmlns:x="adobe:ns:meta/" x:xmptk="Adobe XMP Core 5.4-c005 78.147326, 2012/08/23-13:03:03        ">
	<rdf:RDF xmlns:rdf="http://www.w3.org/1999/02/22-rdf-syntax-ns#">
		<rdf:Description rdf:about="" xmlns:xmp="http://ns.adobe.com/xap/1.0/" xmlns:dc="http://purl.org/dc/elements/1.1/" xmlns:xmpMM="http://ns.adobe.com/xap/1.0/mm/" xmlns:pdf="http://ns.adobe.com/pdf/1.3/" xmlns:pdfx="http://ns.adobe.com/pdfx/1.3/" xmlns:Olv="Olive" xmp:ModifyDate="2019-08-31T10:46:37+05:30" xmp:CreateDate="2017-01-23T21:46:22-05:00" xmp:MetadataDate="2019-08-31T10:46:37+05:30" xmp:CreatorTool="Adobe InDesign CC 2015 (Macintosh)" dc:format="application/pdf" xmpMM:DocumentID="uuid:5e97adb8-388e-754c-87c7-3fb3cbd4f11f" xmpMM:InstanceID="uuid:203b8457-422d-481b-820f-2a7a3540de0c" pdf:Producer="Adobe PDF Library 15.0" pdfx:OLV0_XMD_PAGE_COUNT="8" Olv:publication="OHI" Olv:issue_date="2017/ 1/24">
			<Olv:TimeTrack>
				<rdf:Seq>
					<rdf:li>
						<rdf:Description Olv:GUID="{816E5C22-7683-4478-8D1D-3AAE64825F14}" Olv:Status="Succeeded" Olv:File="060-OHI-2017-01-24-0001.pdf" Olv:Pages="8" Olv:Comp="SEG07" Olv:User="pipex" Olv:Start="2019-08-06T13:23:30+05:30" Olv:End="2019-08-06T13:23:48+05:30" Olv:TotalTime="00:00:18" Olv:IdleTime="00:00:00">
							<Olv:Operations>
								<rdf:Bag>
									<rdf:li>Auto Segmentation</rdf:li>
									<rdf:li>First session</rdf:li>
								</rdf:Bag>
							</Olv:Operations>
						</rdf:Description>
					</rdf:li>
					<rdf:li>
						<rdf:Description Olv:GUID="{6BC59431-162B-4167-98C5-3CA96A1E6188}" Olv:Status="None" Olv:File="060-OHI-2017-01-24-0001.pdf" Olv:Pages="8" Olv:Comp="MDOPS-C15" Olv:User="001660" Olv:Start="2019-08-19T12:39:15+05:30" Olv:End="2019-08-19T13:10:59+05:30" Olv:TotalTime="00:31:44" Olv:IdleTime="00:00:00">
							<Olv:Operations>
								<rdf:Bag>
									<rdf:li>Edit Segmentation</rdf:li>
								</rdf:Bag>
							</Olv:Operations>
						</rdf:Description>
					</rdf:li>
					<rdf:li>
						<rdf:Description Olv:GUID="{07F67AD2-6166-43A9-91ED-C967D67510C5}" Olv:Status="None" Olv:File="060-OHI-2017-01-24-0001.pdf" Olv:Pages="8" Olv:Comp="MDOPS-B41" Olv:User="001090" Olv:Start="2019-08-28T14:47:52+05:30" Olv:End="2019-08-28T14:52:30+05:30" Olv:TotalTime="00:04:38" Olv:IdleTime="00:00:00">
							<Olv:Operations>
								<rdf:Bag>
									<rdf:li>Edit Segmentation</rdf:li>
								</rdf:Bag>
							</Olv:Operations>
						</rdf:Description>
					</rdf:li>
					<rdf:li>
						<rdf:Description Olv:GUID="{CA575FBA-0136-41AE-BFA0-1D1D599F8775}" Olv:Status="Succeeded" Olv:File="060-OHI-2017-01-24-0001.pdf" Olv:Pages="8" Olv:Comp="SEG06" Olv:User="pipex" Olv:Start="2019-08-31T10:46:38+05:30" Olv:End="2019-08-31T10:47:23+05:30" Olv:TotalTime="00:00:45" Olv:IdleTime="00:00:45">
							<Olv:Operations>
								<rdf:Bag>
									<rdf:li>Output</rdf:li>
								</rdf:Bag>
							</Olv:Operations>
						</rdf:Description>
					</rdf:li>
				</rdf:Seq>
			</Olv:TimeTrack>
		</rdf:Description>
	</rdf:RDF>
</x:xmpmeta>
