<x:xmpmeta xmlns:x="adobe:ns:meta/" x:xmptk="Adobe XMP Core 5.4-c005 78.147326, 2012/08/23-13:03:03        ">
	<rdf:RDF xmlns:rdf="http://www.w3.org/1999/02/22-rdf-syntax-ns#">
		<rdf:Description rdf:about="" xmlns:xmp="http://ns.adobe.com/xap/1.0/" xmlns:dc="http://purl.org/dc/elements/1.1/" xmlns:xmpMM="http://ns.adobe.com/xap/1.0/mm/" xmlns:pdf="http://ns.adobe.com/pdf/1.3/" xmlns:pdfx="http://ns.adobe.com/pdfx/1.3/" xmlns:Olv="Olive" xmp:ModifyDate="2019-08-31T11:25:58+05:30" xmp:CreateDate="2018-10-08T21:37:55-04:00" xmp:MetadataDate="2019-08-31T11:25:58+05:30" xmp:CreatorTool="Adobe InDesign CC 13.0 (Macintosh)" dc:format="application/pdf" xmpMM:DocumentID="uuid:fb2d4b5d-9731-ab41-9b87-d1706eb114f5" xmpMM:InstanceID="uuid:a3c7f001-9187-4ade-aacc-7f4a433728ed" pdf:Producer="Adobe PDF Library 15.0" pdfx:OLV0_XMD_PAGE_COUNT="8" Olv:publication="OHI" Olv:issue_date="2018/10/ 9">
			<Olv:TimeTrack>
				<rdf:Seq>
					<rdf:li>
						<rdf:Description Olv:GUID="{0A84563B-A955-4B40-A709-E6433274DD1C}" Olv:Status="Succeeded" Olv:File="060-OHI-2018-10-09-0001.pdf" Olv:Pages="8" Olv:Comp="SEG06" Olv:User="pipex" Olv:Start="2019-08-06T13:26:00+05:30" Olv:End="2019-08-06T13:26:10+05:30" Olv:TotalTime="00:00:10" Olv:IdleTime="00:00:00">
							<Olv:Operations>
								<rdf:Bag>
									<rdf:li>Auto Segmentation</rdf:li>
									<rdf:li>First session</rdf:li>
								</rdf:Bag>
							</Olv:Operations>
						</rdf:Description>
					</rdf:li>
					<rdf:li>
						<rdf:Description Olv:GUID="{029D0FDD-6F27-49A6-A244-60DEBDC133C9}" Olv:Status="None" Olv:File="060-OHI-2018-10-09-0001.pdf" Olv:Pages="8" Olv:Comp="MDOPS-C16" Olv:User="001661" Olv:Start="2019-08-22T13:47:27+05:30" Olv:End="2019-08-22T14:24:09+05:30" Olv:TotalTime="00:36:42" Olv:IdleTime="00:02:05">
							<Olv:Operations>
								<rdf:Bag>
									<rdf:li>Edit Segmentation</rdf:li>
								</rdf:Bag>
							</Olv:Operations>
						</rdf:Description>
					</rdf:li>
					<rdf:li>
						<rdf:Description Olv:GUID="{5D737748-1A47-4D7F-A356-1B23C522A703}" Olv:Status="None" Olv:File="060-OHI-2018-10-09-0001.pdf" Olv:Pages="8" Olv:Comp="MDOPS-C07" Olv:User="000675" Olv:Start="2019-08-29T10:07:21+05:30" Olv:End="2019-08-29T10:12:58+05:30" Olv:TotalTime="00:05:37" Olv:IdleTime="00:00:47">
							<Olv:Operations>
								<rdf:Bag>
									<rdf:li>Edit Segmentation</rdf:li>
								</rdf:Bag>
							</Olv:Operations>
						</rdf:Description>
					</rdf:li>
					<rdf:li>
						<rdf:Description Olv:GUID="{33BDD4D6-F3C0-4E7E-A3EE-924A74127A66}" Olv:Status="Succeeded" Olv:File="060-OHI-2018-10-09-0001.pdf" Olv:Pages="8" Olv:Comp="SEG06" Olv:User="pipex" Olv:Start="2019-08-31T11:25:59+05:30" Olv:End="2019-08-31T11:26:40+05:30" Olv:TotalTime="00:00:41" Olv:IdleTime="00:00:41">
							<Olv:Operations>
								<rdf:Bag>
									<rdf:li>Output</rdf:li>
								</rdf:Bag>
							</Olv:Operations>
						</rdf:Description>
					</rdf:li>
				</rdf:Seq>
			</Olv:TimeTrack>
		</rdf:Description>
	</rdf:RDF>
</x:xmpmeta>
