<x:xmpmeta xmlns:x="adobe:ns:meta/" x:xmptk="Adobe XMP Core 5.4-c005 78.147326, 2012/08/23-13:03:03        ">
	<rdf:RDF xmlns:rdf="http://www.w3.org/1999/02/22-rdf-syntax-ns#">
		<rdf:Description rdf:about="" xmlns:xmp="http://ns.adobe.com/xap/1.0/" xmlns:dc="http://purl.org/dc/elements/1.1/" xmlns:xmpMM="http://ns.adobe.com/xap/1.0/mm/" xmlns:pdf="http://ns.adobe.com/pdf/1.3/" xmlns:pdfx="http://ns.adobe.com/pdfx/1.3/" xmlns:Olv="Olive" xmp:ModifyDate="2019-08-31T10:36:57+05:30" xmp:CreateDate="2017-10-25T22:04:08-04:00" xmp:MetadataDate="2019-08-31T10:36:57+05:30" xmp:CreatorTool="Adobe InDesign CC 2017 (Macintosh)" dc:format="application/pdf" xmpMM:DocumentID="uuid:c1bdf6ec-1697-6842-b4c5-de2f9909b016" xmpMM:InstanceID="uuid:799f119f-baef-4858-a1c4-5addc607e99b" pdf:Producer="Adobe PDF Library 15.0" pdfx:OLV0_XMD_PAGE_COUNT="12" Olv:publication="OHI" Olv:issue_date="2017/10/26">
			<Olv:TimeTrack>
				<rdf:Seq>
					<rdf:li>
						<rdf:Description Olv:GUID="{622F995B-376F-4BBE-B8B1-C4A6D4403324}" Olv:Status="Succeeded" Olv:File="060-OHI-2017-10-26-0001.pdf" Olv:Pages="12" Olv:Comp="SEG02" Olv:User="pipex" Olv:Start="2019-08-06T13:22:39+05:30" Olv:End="2019-08-06T13:22:53+05:30" Olv:TotalTime="00:00:14" Olv:IdleTime="00:00:00">
							<Olv:Operations>
								<rdf:Bag>
									<rdf:li>Auto Segmentation</rdf:li>
									<rdf:li>First session</rdf:li>
								</rdf:Bag>
							</Olv:Operations>
						</rdf:Description>
					</rdf:li>
					<rdf:li>
						<rdf:Description Olv:GUID="{AEC15B45-C009-4B3F-9CDF-06C7DCD33DC5}" Olv:Status="None" Olv:File="060-OHI-2017-10-26-0001.pdf" Olv:Pages="12" Olv:Comp="MDOPS-C17" Olv:User="001664" Olv:Start="2019-08-20T12:52:14+05:30" Olv:End="2019-08-20T13:10:28+05:30" Olv:TotalTime="00:18:14" Olv:IdleTime="00:02:44">
							<Olv:Operations>
								<rdf:Bag>
									<rdf:li>Edit Segmentation</rdf:li>
								</rdf:Bag>
							</Olv:Operations>
						</rdf:Description>
					</rdf:li>
					<rdf:li>
						<rdf:Description Olv:GUID="{0F8DE0D9-EB76-4B87-85C4-BACD3AFC7029}" Olv:Status="None" Olv:File="060-OHI-2017-10-26-0001.pdf" Olv:Pages="12" Olv:Comp="MDOPS-C17" Olv:User="001664" Olv:Start="2019-08-20T13:39:21+05:30" Olv:End="2019-08-20T14:24:53+05:30" Olv:TotalTime="00:45:32" Olv:IdleTime="00:02:00">
							<Olv:Operations>
								<rdf:Bag>
									<rdf:li>Edit Segmentation</rdf:li>
								</rdf:Bag>
							</Olv:Operations>
						</rdf:Description>
					</rdf:li>
					<rdf:li>
						<rdf:Description Olv:GUID="{5238F061-F330-414F-AE14-F0F91C1A0532}" Olv:Status="None" Olv:File="060-OHI-2017-10-26-0001.pdf" Olv:Pages="12" Olv:Comp="MDOPS-C09" Olv:User="001128" Olv:Start="2019-08-29T07:24:39+05:30" Olv:End="2019-08-29T07:30:43+05:30" Olv:TotalTime="00:06:04" Olv:IdleTime="00:00:00">
							<Olv:Operations>
								<rdf:Bag>
									<rdf:li>Edit Segmentation</rdf:li>
								</rdf:Bag>
							</Olv:Operations>
						</rdf:Description>
					</rdf:li>
					<rdf:li>
						<rdf:Description Olv:GUID="{43FFE3BA-2A52-4385-B600-6262415749AE}" Olv:Status="Succeeded" Olv:File="060-OHI-2017-10-26-0001.pdf" Olv:Pages="12" Olv:Comp="SEG07" Olv:User="pipex" Olv:Start="2019-08-31T10:36:58+05:30" Olv:End="2019-08-31T10:38:19+05:30" Olv:TotalTime="00:01:21" Olv:IdleTime="00:01:21">
							<Olv:Operations>
								<rdf:Bag>
									<rdf:li>Output</rdf:li>
								</rdf:Bag>
							</Olv:Operations>
						</rdf:Description>
					</rdf:li>
				</rdf:Seq>
			</Olv:TimeTrack>
		</rdf:Description>
	</rdf:RDF>
</x:xmpmeta>
