<x:xmpmeta xmlns:x="adobe:ns:meta/" x:xmptk="Adobe XMP Core 5.4-c005 78.147326, 2012/08/23-13:03:03        ">
	<rdf:RDF xmlns:rdf="http://www.w3.org/1999/02/22-rdf-syntax-ns#">
		<rdf:Description rdf:about="" xmlns:xmp="http://ns.adobe.com/xap/1.0/" xmlns:dc="http://purl.org/dc/elements/1.1/" xmlns:xmpMM="http://ns.adobe.com/xap/1.0/mm/" xmlns:pdf="http://ns.adobe.com/pdf/1.3/" xmlns:pdfx="http://ns.adobe.com/pdfx/1.3/" xmlns:Olv="Olive" xmp:ModifyDate="2019-08-31T09:44:34+05:30" xmp:CreateDate="2016-10-05T22:06:51-04:00" xmp:MetadataDate="2019-08-31T09:44:34+05:30" xmp:CreatorTool="Adobe InDesign CC 2015 (Macintosh)" dc:format="application/pdf" xmpMM:DocumentID="uuid:ec15f14f-2c68-7344-b38d-3dfe471e1c28" xmpMM:InstanceID="uuid:27311141-6985-4cf4-8226-486cb9428024" pdf:Producer="Adobe PDF Library 15.0" pdfx:OLV0_XMD_PAGE_COUNT="12" Olv:publication="OHI" Olv:issue_date="2016/10/ 6">
			<Olv:TimeTrack>
				<rdf:Seq>
					<rdf:li>
						<rdf:Description Olv:GUID="{EE7E8009-75CC-4F68-9EB8-EB70CF32D7B8}" Olv:Status="Succeeded" Olv:File="060-OHI-2016-10-06-0001.pdf" Olv:Pages="12" Olv:Comp="SEG07" Olv:User="pipex" Olv:Start="2019-08-06T13:19:08+05:30" Olv:End="2019-08-06T13:19:28+05:30" Olv:TotalTime="00:00:20" Olv:IdleTime="00:00:00">
							<Olv:Operations>
								<rdf:Bag>
									<rdf:li>Auto Segmentation</rdf:li>
									<rdf:li>First session</rdf:li>
								</rdf:Bag>
							</Olv:Operations>
						</rdf:Description>
					</rdf:li>
					<rdf:li>
						<rdf:Description Olv:GUID="{08C9F1D6-4AA4-444B-BBCD-1D3731703E96}" Olv:Status="None" Olv:File="060-OHI-2016-10-06-0001.pdf" Olv:Pages="12" Olv:Comp="MDOPS-C14" Olv:User="001663" Olv:Start="2019-08-19T09:07:16+05:30" Olv:End="2019-08-19T11:15:35+05:30" Olv:TotalTime="02:08:19" Olv:IdleTime="00:15:32">
							<Olv:Operations>
								<rdf:Bag>
									<rdf:li>Edit Segmentation</rdf:li>
								</rdf:Bag>
							</Olv:Operations>
						</rdf:Description>
					</rdf:li>
					<rdf:li>
						<rdf:Description Olv:GUID="{DF00473E-5DDF-40B6-BFE1-4836F4AB475F}" Olv:Status="None" Olv:File="060-OHI-2016-10-06-0001.pdf" Olv:Pages="12" Olv:Comp="MDOPS-C08" Olv:User="000949" Olv:Start="2019-08-28T14:22:29+05:30" Olv:End="2019-08-28T14:41:48+05:30" Olv:TotalTime="00:19:19" Olv:IdleTime="00:03:22">
							<Olv:Operations>
								<rdf:Bag>
									<rdf:li>Edit Segmentation</rdf:li>
								</rdf:Bag>
							</Olv:Operations>
						</rdf:Description>
					</rdf:li>
					<rdf:li>
						<rdf:Description Olv:GUID="{F28B9DFD-8C9E-44C6-A23E-60EA91815BE8}" Olv:Status="Succeeded" Olv:File="060-OHI-2016-10-06-0001.pdf" Olv:Pages="12" Olv:Comp="SEG03" Olv:User="pipex" Olv:Start="2019-08-31T09:44:35+05:30" Olv:End="2019-08-31T09:45:43+05:30" Olv:TotalTime="00:01:08" Olv:IdleTime="00:01:08">
							<Olv:Operations>
								<rdf:Bag>
									<rdf:li>Output</rdf:li>
								</rdf:Bag>
							</Olv:Operations>
						</rdf:Description>
					</rdf:li>
				</rdf:Seq>
			</Olv:TimeTrack>
		</rdf:Description>
	</rdf:RDF>
</x:xmpmeta>
