<?xml version="1.0" encoding="windows-1252" standalone="no"?>
<Xmd_toc REPOSITORY_FORMAT="1.0" PRXML_VER="2.5" PUBLICATION="OHI" PUBLICATION_DESCRIPTION="" ISSUE_DATE="30/10/2018" RELEASE_NO="060-OHI-2018-10-30-0001" LANGUAGE="English">
	<Head_np>
		<Meta SOURCE_RESOLUTION="72" PDF_DESTINATION_MAPPED="OLV0_Page_0001" TITLE_SNP_EXT="png" AD_SNP_EXT="png" IMAGE_SNP_EXT="jpg" IS_SOLID="false" DOC_DATE="30/10/2018" DOC_UID="OHI_30/10/2018" DOC_VER="1" TOTAL_CHARS_COUNT="37406" SUSPICIOUS_CHARS_COUNT="0" IS_CROSS_ORDERED="false" MULTI_LAYER_PAGE_IMG="true" DEFAULT_PREVIEW_IMG_EXT="png" DEFAULT_IMG_EXT="png" DEFAULT_PRIM_IMG_EXT="jpg" PAGE_PREVIEW_RESOLUTION="15" PAGE_THUMBNAIL_RESOLUTION="150" IMAGES_RESOLUTION="140" PAGES_NUMBER="8" SOURCE_TYPE="TIFF" BASE_HREF="OHI/2018/10/30">
			<Publisher XMD_VER="2.8.201.103" ACROBAT_VER="11.012" PUBLISHER="Olive" PROFILE_ID="OHI-2018-10-30.ini">
				<PublishDate>Sat, 31 Aug 2019 05:57:50 UTC</PublishDate>
				<PublishSWFCompatible>false</PublishSWFCompatible>
			</Publisher>
			<Resolutions>
				<Resolution DEFAULT="true">150</Resolution>
			</Resolutions>
			<LayerResolutions>
				<Resolution GRAPHIC_IMG_EXT="jpg">110</Resolution>
				<Resolution GRAPHIC_IMG_EXT="jpg">140</Resolution>
			</LayerResolutions>
		</Meta>
		<Link SOURCE="060-OHI-2018-10-30-0001.pdf"/>
		<DataFiles>
			<Files TYPE="DOC_PDF" PRESENT="1"/>
			<Files TYPE="PAGE_PDF" PRESENT="0"/>
			<Files TYPE="DOC_IMG" PRESENT="0"/>
			<Files TYPE="PAGE_IMG" PRESENT="0"/>
			<Files TYPE="PAGE_VIEW_IMG" PRESENT="1"/>
			<Files TYPE="PAGE_LAYERS_IMG" PRESENT="1"/>
			<Files TYPE="PAGE_PREVIEW_IMG" PRESENT="1"/>
			<Files TYPE="PRIMITIVE_IMG" PRESENT="1"/>
			<Files TYPE="SNIPPET_IMG" PRESENT="1"/>
			<Files TYPE="SEGMENTATION" PRESENT="0"/>
			<Files TYPE="PAGINATION_TEMPLATE_BACKGROUND" PRESENT="0"/>
			<Files TYPE="EXTERNAL_FONTS" PRESENT="0"/>
			<Files TYPE="PROFILE" PRESENT="1"/>
			<Files TYPE="FOOTNOTES" PRESENT="0"/>
		</DataFiles>
	</Head_np>
	<Body_np>
		<Section NAME="Front Page">
			<Page ID="Pg001" CROP_BOX="0 0 1649 2549" MEDIA_BOX="0 0 1649 2549" HREF="/1/Pg001" TOTAL_CHARS_COUNT="3472" SUSPICIOUS_CHARS_COUNT="0" PAGE_HEIGHT="2550" PAGE_WIDTH="1650" PAGE_TYPE="Single" PAGE_LABEL="1" PAGE_NO="1">
				<Entity FIRST_TOC_ENTRY_ID="10" DEPTH_LEVEL="1" PAGE_NO="1" HREF="/1/Ar00100" WORDCNT="210" IMAGES_RESOLUTION="140" INDEX_IN_DOC="10" SIZE="Medium" NAME="President Drake announces vigil for Pittsburgh shootings" ENTITY_TYPE="Article" ID="Ar00100"/>
				<Entity FIRST_TOC_ENTRY_ID="4" DEPTH_LEVEL="1" PAGE_NO="1" HREF="/1/Ar00101" WORDCNT="512" IMAGES_RESOLUTION="140" INDEX_IN_DOC="4" SIZE="Large" CONTINUATION_TO="Ar00300" NAME="Stopping at Sloopys" ENTITY_TYPE="Article" ID="Ar00101"/>
				<Entity FIRST_TOC_ENTRY_ID="2" DEPTH_LEVEL="1" PAGE_NO="1" HREF="/1/Ar00102" WORDCNT="12" IMAGES_RESOLUTION="140" INDEX_IN_DOC="2" SIZE="Small" NAME="CRIME MAP" ENTITY_TYPE="Article" ID="Ar00102"/>
				<Entity FIRST_TOC_ENTRY_ID="5" DEPTH_LEVEL="2" PAGE_NO="1" LOGICAL_NAME="true" HREF="/1/Pc00103" WORDCNT="0" IMAGES_RESOLUTION="140" INDEX_IN_DOC="5" SIZE="Large" EMBEDDED_AFTER="Ar0010100" EMBEDDED_BELOW="1" EMBEDDED_INTO="Ar00101" NAME="" ENTITY_TYPE="Picture" ID="Pc00103">
					<Image EXT="jpg" H="701" W="1128" ID="Pc0010300"/>
				</Entity>
				<Entity FIRST_TOC_ENTRY_ID="11" DEPTH_LEVEL="2" PAGE_NO="1" LOGICAL_NAME="true" HREF="/1/Pc00104" WORDCNT="0" IMAGES_RESOLUTION="140" INDEX_IN_DOC="11" SIZE="Small" EMBEDDED_AFTER="Ar0010000" EMBEDDED_ABOVE="1" EMBEDDED_INTO="Ar00100" NAME="" ENTITY_TYPE="Picture" ID="Pc00104">
					<Image EXT="jpg" H="330" W="285" ID="Pc0010400"/>
				</Entity>
				<Entity FIRST_TOC_ENTRY_ID="1" DEPTH_LEVEL="1" PAGE_NO="1" HREF="/1/Ar00105" WORDCNT="15" IMAGES_RESOLUTION="140" INDEX_IN_DOC="1" SIZE="Small" NAME="NASA" ENTITY_TYPE="Article" ID="Ar00105"/>
				<Entity FIRST_TOC_ENTRY_ID="3" DEPTH_LEVEL="1" PAGE_NO="1" LOGICAL_NAME="true" HREF="/1/Ar00106" WORDCNT="18" IMAGES_RESOLUTION="140" INDEX_IN_DOC="3" SIZE="Small" NAME="STUDENT SPOTLIGHT" ENTITY_TYPE="Article" ID="Ar00106"/>
				<Entity FIRST_TOC_ENTRY_ID="9" DEPTH_LEVEL="1" PAGE_NO="1" HREF="/1/Ar00107" WORDCNT="16" IMAGES_RESOLUTION="140" INDEX_IN_DOC="9" SIZE="Small" NAME="FOOTBALL" ENTITY_TYPE="Article" ID="Ar00107"/>
				<Entity FIRST_TOC_ENTRY_ID="12" DEPTH_LEVEL="1" PAGE_NO="1" LOGICAL_NAME="true" HREF="/1/Ad00108" WORDCNT="41" IMAGES_RESOLUTION="140" INDEX_IN_DOC="12" SIZE="Medium" NAME="" ENTITY_TYPE="Ad" ID="Ad00108">
					<Image H="213" W="1406" ID="Ad0010801"/>
				</Entity>
			</Page>
			<Page ID="Pg002" CROP_BOX="0 0 1649 2549" MEDIA_BOX="0 0 1649 2549" HREF="/2/Pg002" TOTAL_CHARS_COUNT="5415" SUSPICIOUS_CHARS_COUNT="0" PAGE_HEIGHT="2550" PAGE_WIDTH="1650" PAGE_TYPE="Single" PAGE_LABEL="2" PAGE_NO="2">
				<Entity FIRST_TOC_ENTRY_ID="14" DEPTH_LEVEL="1" PAGE_NO="2" HREF="/2/Ar00200" WORDCNT="550" IMAGES_RESOLUTION="140" INDEX_IN_DOC="14" SIZE="Large" NAME="Professor lands NASA grant aimed at Mars" ENTITY_TYPE="Article" ID="Ar00200"/>
				<Entity FIRST_TOC_ENTRY_ID="16" DEPTH_LEVEL="1" PAGE_NO="2" HREF="/2/Ar00201" WORDCNT="545" IMAGES_RESOLUTION="140" INDEX_IN_DOC="16" SIZE="Large" NAME="New House bill stirs debate over nurse-physician collaboration" ENTITY_TYPE="Article" ID="Ar00201"/>
				<Entity FIRST_TOC_ENTRY_ID="15" DEPTH_LEVEL="2" PAGE_NO="2" LOGICAL_NAME="true" HREF="/2/Pc00202" WORDCNT="0" IMAGES_RESOLUTION="140" INDEX_IN_DOC="15" SIZE="Medium" EMBEDDED_AFTER="Ar0020000" EMBEDDED_BELOW="1" EMBEDDED_INTO="Ar00200" NAME="" ENTITY_TYPE="Picture" ID="Pc00202">
					<Image EXT="jpg" H="617" W="852" ID="Pc0020200"/>
				</Entity>
				<Entity FIRST_TOC_ENTRY_ID="17" DEPTH_LEVEL="2" PAGE_NO="2" LOGICAL_NAME="true" HREF="/2/Pc00203" WORDCNT="0" IMAGES_RESOLUTION="140" INDEX_IN_DOC="17" SIZE="Large" EMBEDDED_AFTER="Ar0020100" EMBEDDED_BELOW="1" EMBEDDED_INTO="Ar00201" NAME="" ENTITY_TYPE="Picture" ID="Pc00203">
					<Image EXT="jpg" H="697" W="850" ID="Pc0020300"/>
				</Entity>
				<Entity FIRST_TOC_ENTRY_ID="13" DEPTH_LEVEL="1" PAGE_NO="2" HREF="/2/Ar00204" WORDCNT="26" IMAGES_RESOLUTION="140" INDEX_IN_DOC="13" SIZE="Small" NAME="LANTERN APP" ENTITY_TYPE="Article" ID="Ar00204"/>
			</Page>
			<Page ID="Pg003" CROP_BOX="0 0 1649 2549" MEDIA_BOX="0 0 1649 2549" HREF="/3/Pg003" TOTAL_CHARS_COUNT="6161" SUSPICIOUS_CHARS_COUNT="0" PAGE_HEIGHT="2550" PAGE_WIDTH="1650" PAGE_TYPE="Single" PAGE_LABEL="3" PAGE_NO="3">
				<Entity FIRST_TOC_ENTRY_ID="6" DEPTH_LEVEL="1" PAGE_NO="3" HREF="/3/Ar00300" WORDCNT="739" IMAGES_RESOLUTION="140" INDEX_IN_DOC="6" SIZE="Large" CONTINUATION_FROM="Ar00101" NAME="BIDEN" ENTITY_TYPE="Article" ID="Ar00300"/>
				<Entity FIRST_TOC_ENTRY_ID="22" DEPTH_LEVEL="1" PAGE_NO="3" HREF="/3/Ar00301" WORDCNT="88" IMAGES_RESOLUTION="140" INDEX_IN_DOC="22" SIZE="Small" NAME="Letters to the Editor" ENTITY_TYPE="Article" ID="Ar00301"/>
				<Entity FIRST_TOC_ENTRY_ID="19" DEPTH_LEVEL="2" PAGE_NO="3" LOGICAL_NAME="true" HREF="/3/Pc00302" WORDCNT="0" IMAGES_RESOLUTION="140" INDEX_IN_DOC="19" SIZE="Large" EMBEDDED_AFTER="Ar0030400" EMBEDDED_BELOW="1" EMBEDDED_INTO="Ar00304" NAME="" ENTITY_TYPE="Picture" ID="Pc00302">
					<Image EXT="jpg" H="749" W="822" ID="Pc0030200"/>
				</Entity>
				<Entity FIRST_TOC_ENTRY_ID="7" DEPTH_LEVEL="2" PAGE_NO="3" LOGICAL_NAME="true" HREF="/3/Pc00303" WORDCNT="0" IMAGES_RESOLUTION="140" INDEX_IN_DOC="7" SIZE="Medium" EMBEDDED_AFTER="Ar0030000" EMBEDDED_ABOVE="1" EMBEDDED_INTO="Ar00300" NAME="" ENTITY_TYPE="Picture" ID="Pc00303">
					<Image EXT="jpg" H="444" W="835" ID="Pc0030300"/>
				</Entity>
				<Entity FIRST_TOC_ENTRY_ID="18" DEPTH_LEVEL="1" PAGE_NO="3" HREF="/3/Ar00304" WORDCNT="322" IMAGES_RESOLUTION="140" INDEX_IN_DOC="18" SIZE="Medium" NAME="Campus Area Crime Map Oct. 22-28" ENTITY_TYPE="Article" ID="Ar00304"/>
				<Entity FIRST_TOC_ENTRY_ID="20" DEPTH_LEVEL="2" PAGE_NO="3" LOGICAL_NAME="true" HREF="/3/Pc00305" WORDCNT="0" IMAGES_RESOLUTION="140" INDEX_IN_DOC="20" SIZE="Small" EMBEDDED_AFTER="Ar0030400" EMBEDDED_BELOW="1" EMBEDDED_RIGHT="1" EMBEDDED_INTO="Ar00304" NAME="" ENTITY_TYPE="Picture" ID="Pc00305">
					<Image EXT="jpg" H="170" W="301" ID="Pc0030500"/>
				</Entity>
				<Entity FIRST_TOC_ENTRY_ID="8" DEPTH_LEVEL="2" PAGE_NO="3" LOGICAL_NAME="true" HREF="/3/Pc00306" WORDCNT="0" IMAGES_RESOLUTION="140" INDEX_IN_DOC="8" SIZE="Small" EMBEDDED_AFTER="Ar0030000" EMBEDDED_RIGHT="1" EMBEDDED_INTO="Ar00300" NAME="" ENTITY_TYPE="Picture" ID="Pc00306">
					<Image EXT="jpg" H="187" W="273" ID="Pc0030600"/>
				</Entity>
				<Entity FIRST_TOC_ENTRY_ID="23" DEPTH_LEVEL="1" PAGE_NO="3" LOGICAL_NAME="true" HREF="/3/Ad00307" WORDCNT="55" IMAGES_RESOLUTION="140" INDEX_IN_DOC="23" SIZE="Small" NAME="" ENTITY_TYPE="Ad" ID="Ad00307">
					<Image H="481" W="260" ID="Ad0030701"/>
				</Entity>
				<Entity FIRST_TOC_ENTRY_ID="21" DEPTH_LEVEL="1" PAGE_NO="3" LOGICAL_NAME="true" HREF="/3/Ar00308" WORDCNT="249" IMAGES_RESOLUTION="140" INDEX_IN_DOC="21" SIZE="Medium" NAME="" ENTITY_TYPE="Article" ID="Ar00308"/>
				<Entity FIRST_TOC_ENTRY_ID="24" DEPTH_LEVEL="1" PAGE_NO="3" HREF="/3/Ar00309" WORDCNT="30" IMAGES_RESOLUTION="140" INDEX_IN_DOC="24" SIZE="Small" NAME="Corrections" ENTITY_TYPE="Article" ID="Ar00309"/>
			</Page>
			<Page ID="Pg004" CROP_BOX="0 0 1649 2549" MEDIA_BOX="0 0 1649 2549" HREF="/4/Pg004" TOTAL_CHARS_COUNT="5908" SUSPICIOUS_CHARS_COUNT="0" PAGE_HEIGHT="2550" PAGE_WIDTH="1650" PAGE_TYPE="Single" PAGE_LABEL="4" PAGE_NO="4">
				<Entity FIRST_TOC_ENTRY_ID="26" DEPTH_LEVEL="1" PAGE_NO="4" HREF="/4/Ar00400" WORDCNT="753" IMAGES_RESOLUTION="140" INDEX_IN_DOC="26" SIZE="Large" NAME="Student spotlight: RPAC�s head personal trainer sets SMART goals and maximizes results" ENTITY_TYPE="Article" ID="Ar00400"/>
				<Entity FIRST_TOC_ENTRY_ID="28" DEPTH_LEVEL="1" PAGE_NO="4" HREF="/4/Ar00401" WORDCNT="656" IMAGES_RESOLUTION="140" INDEX_IN_DOC="28" SIZE="Large" CONTINUATION_TO="Ar00501" NAME="13th Floor puts on a show for Halloween" ENTITY_TYPE="Article" ID="Ar00401"/>
				<Entity FIRST_TOC_ENTRY_ID="27" DEPTH_LEVEL="2" PAGE_NO="4" LOGICAL_NAME="true" HREF="/4/Pc00402" WORDCNT="0" IMAGES_RESOLUTION="140" INDEX_IN_DOC="27" SIZE="Medium" EMBEDDED_AFTER="Ar0040000" EMBEDDED_BELOW="1" EMBEDDED_INTO="Ar00400" NAME="" ENTITY_TYPE="Picture" ID="Pc00402">
					<Image EXT="jpg" H="764" W="569" ID="Pc0040200"/>
				</Entity>
				<Entity FIRST_TOC_ENTRY_ID="29" DEPTH_LEVEL="2" PAGE_NO="4" LOGICAL_NAME="true" HREF="/4/Pc00403" WORDCNT="0" IMAGES_RESOLUTION="140" INDEX_IN_DOC="29" SIZE="Medium" EMBEDDED_AFTER="Ar0040100" EMBEDDED_BELOW="1" EMBEDDED_INTO="Ar00401" NAME="" ENTITY_TYPE="Picture" ID="Pc00403">
					<Image EXT="jpg" H="492" W="1063" ID="Pc0040300"/>
				</Entity>
				<Entity FIRST_TOC_ENTRY_ID="25" DEPTH_LEVEL="1" PAGE_NO="4" HREF="/4/Ar00404" WORDCNT="13" IMAGES_RESOLUTION="140" INDEX_IN_DOC="25" SIZE="Small" NAME="HAUNTED FEST" ENTITY_TYPE="Article" ID="Ar00404"/>
			</Page>
			<Page ID="Pg005" CROP_BOX="0 0 1649 2549" MEDIA_BOX="0 0 1649 2549" HREF="/5/Pg005" TOTAL_CHARS_COUNT="4624" SUSPICIOUS_CHARS_COUNT="0" PAGE_HEIGHT="2550" PAGE_WIDTH="1650" PAGE_TYPE="Single" PAGE_LABEL="5" PAGE_NO="5">
				<Entity FIRST_TOC_ENTRY_ID="33" DEPTH_LEVEL="1" PAGE_NO="5" HREF="/5/Ar00500" WORDCNT="557" IMAGES_RESOLUTION="140" INDEX_IN_DOC="33" SIZE="Large" NAME="Haunted Fest gave EDM fans a spooky night to remember" ENTITY_TYPE="Article" ID="Ar00500"/>
				<Entity FIRST_TOC_ENTRY_ID="30" DEPTH_LEVEL="1" PAGE_NO="5" HREF="/5/Ar00501" WORDCNT="516" IMAGES_RESOLUTION="140" INDEX_IN_DOC="30" SIZE="Large" CONTINUATION_FROM="Ar00401" NAME="HAUNTED HOUSE" ENTITY_TYPE="Article" ID="Ar00501"/>
				<Entity FIRST_TOC_ENTRY_ID="34" DEPTH_LEVEL="2" PAGE_NO="5" LOGICAL_NAME="true" HREF="/5/Pc00502" WORDCNT="0" IMAGES_RESOLUTION="140" INDEX_IN_DOC="34" SIZE="Medium" EMBEDDED_AFTER="Ar0050000" EMBEDDED_BELOW="1" EMBEDDED_INTO="Ar00500" NAME="" ENTITY_TYPE="Picture" ID="Pc00502">
					<Image EXT="jpg" H="443" W="842" ID="Pc0050200"/>
				</Entity>
				<Entity FIRST_TOC_ENTRY_ID="31" DEPTH_LEVEL="2" PAGE_NO="5" LOGICAL_NAME="true" HREF="/5/Pc00503" WORDCNT="0" IMAGES_RESOLUTION="140" INDEX_IN_DOC="31" SIZE="Medium" EMBEDDED_AFTER="Ar0050100" EMBEDDED_BELOW="1" EMBEDDED_RIGHT="1" EMBEDDED_INTO="Ar00501" NAME="" ENTITY_TYPE="Picture" ID="Pc00503">
					<Image EXT="jpg" H="610" W="713" ID="Pc0050300"/>
				</Entity>
				<Entity FIRST_TOC_ENTRY_ID="35" DEPTH_LEVEL="1" PAGE_NO="5" LOGICAL_NAME="true" HREF="/5/Ad00504" WORDCNT="31" IMAGES_RESOLUTION="140" INDEX_IN_DOC="35" SIZE="Large" NAME="" ENTITY_TYPE="Ad" ID="Ad00504">
					<Image H="560" W="1403" ID="Ad0050401"/>
				</Entity>
				<Entity FIRST_TOC_ENTRY_ID="32" DEPTH_LEVEL="2" PAGE_NO="5" LOGICAL_NAME="true" HREF="/5/Pc00505" WORDCNT="0" IMAGES_RESOLUTION="140" INDEX_IN_DOC="32" SIZE="Small" EMBEDDED_AFTER="Ar0050100" EMBEDDED_BELOW="1" EMBEDDED_RIGHT="1" EMBEDDED_INTO="Ar00501" NAME="" ENTITY_TYPE="Picture" ID="Pc00505">
					<Image EXT="jpg" H="89" W="326" ID="Pc0050500"/>
				</Entity>
			</Page>
			<Page ID="Pg006" CROP_BOX="0 0 1649 2549" MEDIA_BOX="0 0 1649 2549" HREF="/6/Pg006" TOTAL_CHARS_COUNT="4390" SUSPICIOUS_CHARS_COUNT="0" PAGE_HEIGHT="2550" PAGE_WIDTH="1650" PAGE_TYPE="Single" PAGE_LABEL="6" PAGE_NO="6">
				<Entity FIRST_TOC_ENTRY_ID="37" DEPTH_LEVEL="1" PAGE_NO="6" HREF="/6/Ar00600" WORDCNT="927" IMAGES_RESOLUTION="140" INDEX_IN_DOC="37" SIZE="XLarge" NAME="No retirement plans for Meyer" ENTITY_TYPE="Article" ID="Ar00600"/>
				<Entity FIRST_TOC_ENTRY_ID="45" DEPTH_LEVEL="1" PAGE_NO="6" HREF="/6/Ar00601" WORDCNT="249" IMAGES_RESOLUTION="140" INDEX_IN_DOC="45" SIZE="Small" NAME="Answer Key for Oct. 25:" ENTITY_TYPE="Article" ID="Ar00601"/>
				<Entity FIRST_TOC_ENTRY_ID="38" DEPTH_LEVEL="2" PAGE_NO="6" LOGICAL_NAME="true" HREF="/6/Pc00602" WORDCNT="0" IMAGES_RESOLUTION="140" INDEX_IN_DOC="38" SIZE="Large" EMBEDDED_AFTER="Ar0060000" EMBEDDED_BELOW="1" EMBEDDED_INTO="Ar00600" NAME="" ENTITY_TYPE="Picture" ID="Pc00602">
					<Image EXT="jpg" H="900" W="842" ID="Pc0060200"/>
				</Entity>
				<Entity FIRST_TOC_ENTRY_ID="44" DEPTH_LEVEL="2" PAGE_NO="6" LOGICAL_NAME="true" HREF="/6/Pc00603" WORDCNT="0" IMAGES_RESOLUTION="140" INDEX_IN_DOC="44" SIZE="Medium" EMBEDDED_AFTER="Ar0061000" EMBEDDED_RIGHT="1" EMBEDDED_INTO="Ar00610" NAME="" ENTITY_TYPE="Picture" ID="Pc00603">
					<Image EXT="jpg" H="524" W="541" ID="Pc0060300"/>
				</Entity>
				<Entity FIRST_TOC_ENTRY_ID="46" DEPTH_LEVEL="2" PAGE_NO="6" LOGICAL_NAME="true" HREF="/6/Pc00604" WORDCNT="0" IMAGES_RESOLUTION="140" INDEX_IN_DOC="46" SIZE="Small" EMBEDDED_AFTER="Ar0060100" EMBEDDED_LEFT="1" EMBEDDED_INTO="Ar00601" NAME="" ENTITY_TYPE="Picture" ID="Pc00604">
					<Image EXT="jpg" H="214" W="228" ID="Pc0060400"/>
				</Entity>
				<Entity FIRST_TOC_ENTRY_ID="39" DEPTH_LEVEL="2" PAGE_NO="6" LOGICAL_NAME="true" HREF="/6/Pc00605" WORDCNT="0" IMAGES_RESOLUTION="140" INDEX_IN_DOC="39" SIZE="Small" EMBEDDED_AFTER="Ar0060000" EMBEDDED_BELOW="1" EMBEDDED_INTO="Ar00600" NAME="" ENTITY_TYPE="Picture" ID="Pc00605">
					<Image EXT="jpg" H="66" W="298" ID="Pc0060500"/>
				</Entity>
				<Entity FIRST_TOC_ENTRY_ID="40" DEPTH_LEVEL="2" PAGE_NO="6" LOGICAL_NAME="true" HREF="/6/Pc00606" WORDCNT="0" IMAGES_RESOLUTION="140" INDEX_IN_DOC="40" SIZE="Small" EMBEDDED_AFTER="Ar0060000" EMBEDDED_BELOW="1" EMBEDDED_INTO="Ar00600" NAME="" ENTITY_TYPE="Picture" ID="Pc00606">
					<Image EXT="jpg" H="138" W="298" ID="Pc0060600"/>
				</Entity>
				<Entity FIRST_TOC_ENTRY_ID="41" DEPTH_LEVEL="2" PAGE_NO="6" LOGICAL_NAME="true" HREF="/6/Pc00607" WORDCNT="0" IMAGES_RESOLUTION="140" INDEX_IN_DOC="41" SIZE="Small" EMBEDDED_AFTER="Ar0060000" EMBEDDED_BELOW="1" EMBEDDED_INTO="Ar00600" NAME="" ENTITY_TYPE="Picture" ID="Pc00607">
					<Image EXT="jpg" H="243" W="298" ID="Pc0060700"/>
				</Entity>
				<Entity FIRST_TOC_ENTRY_ID="42" DEPTH_LEVEL="2" PAGE_NO="6" LOGICAL_NAME="true" HREF="/6/Pc00608" WORDCNT="0" IMAGES_RESOLUTION="140" INDEX_IN_DOC="42" SIZE="Small" EMBEDDED_AFTER="Ar0060000" EMBEDDED_BELOW="1" EMBEDDED_INTO="Ar00600" NAME="" ENTITY_TYPE="Picture" ID="Pc00608">
					<Image EXT="jpg" H="111" W="298" ID="Pc0060800"/>
				</Entity>
				<Entity FIRST_TOC_ENTRY_ID="36" DEPTH_LEVEL="1" PAGE_NO="6" HREF="/6/Ar00609" WORDCNT="19" IMAGES_RESOLUTION="140" INDEX_IN_DOC="36" SIZE="Small" NAME="VOLLEYBALL" ENTITY_TYPE="Article" ID="Ar00609"/>
				<Entity FIRST_TOC_ENTRY_ID="43" DEPTH_LEVEL="1" PAGE_NO="6" HREF="/6/Ar00610" WORDCNT="1" IMAGES_RESOLUTION="140" INDEX_IN_DOC="43" SIZE="Small" NAME="Puzzles" ENTITY_TYPE="Article" ID="Ar00610"/>
			</Page>
			<Page ID="Pg007" CROP_BOX="0 0 1649 2549" MEDIA_BOX="0 0 1649 2549" HREF="/7/Pg007" TOTAL_CHARS_COUNT="7436" SUSPICIOUS_CHARS_COUNT="0" PAGE_HEIGHT="2550" PAGE_WIDTH="1650" PAGE_TYPE="Single" PAGE_LABEL="7" PAGE_NO="7">
				<Entity FIRST_TOC_ENTRY_ID="47" DEPTH_LEVEL="1" PAGE_NO="7" HREF="/7/Ar00700" WORDCNT="894" IMAGES_RESOLUTION="140" INDEX_IN_DOC="47" SIZE="XLarge" NAME="Franklin and Bukilic bring cultures to the court" ENTITY_TYPE="Article" ID="Ar00700"/>
				<Entity FIRST_TOC_ENTRY_ID="49" DEPTH_LEVEL="1" PAGE_NO="7" HREF="/7/Ar00701" WORDCNT="968" IMAGES_RESOLUTION="140" INDEX_IN_DOC="49" SIZE="XLarge" NAME="Michael Jordan searching for path Price and Elflein left" ENTITY_TYPE="Article" ID="Ar00701"/>
				<Entity FIRST_TOC_ENTRY_ID="48" DEPTH_LEVEL="2" PAGE_NO="7" LOGICAL_NAME="true" HREF="/7/Pc00702" WORDCNT="0" IMAGES_RESOLUTION="140" INDEX_IN_DOC="48" SIZE="Medium" EMBEDDED_AFTER="Ar0070000" EMBEDDED_BELOW="1" EMBEDDED_INTO="Ar00700" NAME="" ENTITY_TYPE="Picture" ID="Pc00702">
					<Image EXT="jpg" H="651" W="566" ID="Pc0070200"/>
				</Entity>
				<Entity FIRST_TOC_ENTRY_ID="50" DEPTH_LEVEL="2" PAGE_NO="7" LOGICAL_NAME="true" HREF="/7/Pc00703" WORDCNT="0" IMAGES_RESOLUTION="140" INDEX_IN_DOC="50" SIZE="Medium" EMBEDDED_AFTER="Ar0070100" EMBEDDED_BELOW="1" EMBEDDED_INTO="Ar00701" NAME="" ENTITY_TYPE="Picture" ID="Pc00703">
					<Image EXT="jpg" H="485" W="701" ID="Pc0070300"/>
				</Entity>
				<Entity FIRST_TOC_ENTRY_ID="51" DEPTH_LEVEL="2" PAGE_NO="7" LOGICAL_NAME="true" HREF="/7/Pc00704" WORDCNT="0" IMAGES_RESOLUTION="140" INDEX_IN_DOC="51" SIZE="Small" EMBEDDED_AFTER="Ar0070100" EMBEDDED_BELOW="1" EMBEDDED_INTO="Ar00701" NAME="" ENTITY_TYPE="Picture" ID="Pc00704">
					<Image EXT="jpg" H="73" W="378" ID="Pc0070400"/>
				</Entity>
			</Page>
			<Page ID="Pg008" CROP_BOX="0 0 1649 2549" MEDIA_BOX="0 0 1649 2549" HREF="/8/Pg008" TOTAL_CHARS_COUNT="0" SUSPICIOUS_CHARS_COUNT="0" PAGE_HEIGHT="2550" PAGE_WIDTH="1650" PAGE_TYPE="Single" PAGE_LABEL="8" PAGE_NO="8">
				<Entity FIRST_TOC_ENTRY_ID="52" DEPTH_LEVEL="1" PAGE_NO="8" LOGICAL_NAME="true" HREF="/8/Ad00800" WORDCNT="6" IMAGES_RESOLUTION="140" INDEX_IN_DOC="52" SIZE="XLarge" NAME="" ENTITY_TYPE="Ad" ID="Ad00800">
					<Image H="1983" W="1431" ID="Ad0080001"/>
				</Entity>
			</Page>
		</Section>
	</Body_np>
	<Logic_np><TOC_Entries><TOC_Entry TOC_ENTRY_ID="1" TITLE="NASA" ENTITY_ID_REF="Ar00105" PAGE_NO="1" PAGE_LABEL="1" PRIM_ID_REF="Ar0010500" IS_IC="true"/><TOC_Entry TOC_ENTRY_ID="2" TITLE="CRIME MAP" ENTITY_ID_REF="Ar00102" PAGE_NO="1" PAGE_LABEL="1" PRIM_ID_REF="Ar0010200" IS_IC="true"/><TOC_Entry TOC_ENTRY_ID="3" TITLE="STUDENT SPOTLIGHT" ENTITY_ID_REF="Ar00106" PAGE_NO="1" PAGE_LABEL="1" PRIM_ID_REF="Ar0010600" IS_IC="true"/><TOC_Entry TOC_ENTRY_ID="4" TITLE="Stopping at Sloopys" ENTITY_ID_REF="Ar00101" PAGE_NO="1" PAGE_LABEL="1" PRIM_ID_REF="Ar0010100" IS_IC="true"><TOC_Entry TOC_ENTRY_ID="5" TITLE="" ENTITY_ID_REF="Pc00103" PAGE_NO="1" PAGE_LABEL="1" PRIM_ID_REF="Pc0010300" IS_IC="true"/></TOC_Entry><TOC_Entry TOC_ENTRY_ID="6" TITLE="BIDEN" ENTITY_ID_REF="Ar00300" PAGE_NO="3" PAGE_LABEL="3" PRIM_ID_REF="Ar0030000"><TOC_Entry TOC_ENTRY_ID="7" TITLE="" ENTITY_ID_REF="Pc00303" PAGE_NO="3" PAGE_LABEL="3" PRIM_ID_REF="Pc0030300" IS_IC="true"/><TOC_Entry TOC_ENTRY_ID="8" TITLE="" ENTITY_ID_REF="Pc00306" PAGE_NO="3" PAGE_LABEL="3" PRIM_ID_REF="Pc0030600" IS_IC="true"/></TOC_Entry><TOC_Entry TOC_ENTRY_ID="9" TITLE="FOOTBALL" ENTITY_ID_REF="Ar00107" PAGE_NO="1" PAGE_LABEL="1" PRIM_ID_REF="Ar0010700" IS_IC="true"/><TOC_Entry TOC_ENTRY_ID="10" TITLE="President Drake announces vigil for Pittsburgh shootings" ENTITY_ID_REF="Ar00100" PAGE_NO="1" PAGE_LABEL="1" PRIM_ID_REF="Ar0010000" IS_IC="true"><TOC_Entry TOC_ENTRY_ID="11" TITLE="" ENTITY_ID_REF="Pc00104" PAGE_NO="1" PAGE_LABEL="1" PRIM_ID_REF="Pc0010400" IS_IC="true"/></TOC_Entry><TOC_Entry TOC_ENTRY_ID="12" TITLE="" ENTITY_ID_REF="Ad00108" PAGE_NO="1" PAGE_LABEL="1" PRIM_ID_REF="Ad0010801" IS_IC="true"/><TOC_Entry TOC_ENTRY_ID="13" TITLE="LANTERN APP" ENTITY_ID_REF="Ar00204" PAGE_NO="2" PAGE_LABEL="2" PRIM_ID_REF="Ar0020400" IS_IC="true"/><TOC_Entry TOC_ENTRY_ID="14" TITLE="Professor lands NASA grant aimed at Mars" ENTITY_ID_REF="Ar00200" PAGE_NO="2" PAGE_LABEL="2" PRIM_ID_REF="Ar0020000" IS_IC="true"><TOC_Entry TOC_ENTRY_ID="15" TITLE="" ENTITY_ID_REF="Pc00202" PAGE_NO="2" PAGE_LABEL="2" PRIM_ID_REF="Pc0020200" IS_IC="true"/></TOC_Entry><TOC_Entry TOC_ENTRY_ID="16" TITLE="New House bill stirs debate over nurse-physician collaboration" ENTITY_ID_REF="Ar00201" PAGE_NO="2" PAGE_LABEL="2" PRIM_ID_REF="Ar0020100" IS_IC="true"><TOC_Entry TOC_ENTRY_ID="17" TITLE="" ENTITY_ID_REF="Pc00203" PAGE_NO="2" PAGE_LABEL="2" PRIM_ID_REF="Pc0020300" IS_IC="true"/></TOC_Entry><TOC_Entry TOC_ENTRY_ID="18" TITLE="Campus Area Crime Map Oct. 22-28" ENTITY_ID_REF="Ar00304" PAGE_NO="3" PAGE_LABEL="3" PRIM_ID_REF="Ar0030400" IS_IC="true"><TOC_Entry TOC_ENTRY_ID="19" TITLE="" ENTITY_ID_REF="Pc00302" PAGE_NO="3" PAGE_LABEL="3" PRIM_ID_REF="Pc0030200" IS_IC="true"/><TOC_Entry TOC_ENTRY_ID="20" TITLE="" ENTITY_ID_REF="Pc00305" PAGE_NO="3" PAGE_LABEL="3" PRIM_ID_REF="Pc0030500" IS_IC="true"/></TOC_Entry><TOC_Entry TOC_ENTRY_ID="21" TITLE="" ENTITY_ID_REF="Ar00308" PAGE_NO="3" PAGE_LABEL="3" PRIM_ID_REF="Ar0030800" IS_IC="true"/><TOC_Entry TOC_ENTRY_ID="22" TITLE="Letters to the Editor" ENTITY_ID_REF="Ar00301" PAGE_NO="3" PAGE_LABEL="3" PRIM_ID_REF="Ar0030100" IS_IC="true"/><TOC_Entry TOC_ENTRY_ID="23" TITLE="" ENTITY_ID_REF="Ad00307" PAGE_NO="3" PAGE_LABEL="3" PRIM_ID_REF="Ad0030701" IS_IC="true"/><TOC_Entry TOC_ENTRY_ID="24" TITLE="Corrections" ENTITY_ID_REF="Ar00309" PAGE_NO="3" PAGE_LABEL="3" PRIM_ID_REF="Ar0030900" IS_IC="true"/><TOC_Entry TOC_ENTRY_ID="25" TITLE="HAUNTED FEST" ENTITY_ID_REF="Ar00404" PAGE_NO="4" PAGE_LABEL="4" PRIM_ID_REF="Ar0040400" IS_IC="true"/><TOC_Entry TOC_ENTRY_ID="26" TITLE="Student spotlight: RPAC�s head personal trainer sets SMART goals and maximizes results" ENTITY_ID_REF="Ar00400" PAGE_NO="4" PAGE_LABEL="4" PRIM_ID_REF="Ar0040000" IS_IC="true"><TOC_Entry TOC_ENTRY_ID="27" TITLE="" ENTITY_ID_REF="Pc00402" PAGE_NO="4" PAGE_LABEL="4" PRIM_ID_REF="Pc0040200" IS_IC="true"/></TOC_Entry><TOC_Entry TOC_ENTRY_ID="28" TITLE="13th Floor puts on a show for Halloween" ENTITY_ID_REF="Ar00401" PAGE_NO="4" PAGE_LABEL="4" PRIM_ID_REF="Ar0040100" IS_IC="true"><TOC_Entry TOC_ENTRY_ID="29" TITLE="" ENTITY_ID_REF="Pc00403" PAGE_NO="4" PAGE_LABEL="4" PRIM_ID_REF="Pc0040300" IS_IC="true"/></TOC_Entry><TOC_Entry TOC_ENTRY_ID="30" TITLE="HAUNTED HOUSE" ENTITY_ID_REF="Ar00501" PAGE_NO="5" PAGE_LABEL="5" PRIM_ID_REF="Ar0050100"><TOC_Entry TOC_ENTRY_ID="31" TITLE="" ENTITY_ID_REF="Pc00503" PAGE_NO="5" PAGE_LABEL="5" PRIM_ID_REF="Pc0050300" IS_IC="true"/><TOC_Entry TOC_ENTRY_ID="32" TITLE="" ENTITY_ID_REF="Pc00505" PAGE_NO="5" PAGE_LABEL="5" PRIM_ID_REF="Pc0050500" IS_IC="true"/></TOC_Entry><TOC_Entry TOC_ENTRY_ID="33" TITLE="Haunted Fest gave EDM fans a spooky night to remember" ENTITY_ID_REF="Ar00500" PAGE_NO="5" PAGE_LABEL="5" PRIM_ID_REF="Ar0050000" IS_IC="true"><TOC_Entry TOC_ENTRY_ID="34" TITLE="" ENTITY_ID_REF="Pc00502" PAGE_NO="5" PAGE_LABEL="5" PRIM_ID_REF="Pc0050200" IS_IC="true"/></TOC_Entry><TOC_Entry TOC_ENTRY_ID="35" TITLE="" ENTITY_ID_REF="Ad00504" PAGE_NO="5" PAGE_LABEL="5" PRIM_ID_REF="Ad0050401" IS_IC="true"/><TOC_Entry TOC_ENTRY_ID="36" TITLE="VOLLEYBALL" ENTITY_ID_REF="Ar00609" PAGE_NO="6" PAGE_LABEL="6" PRIM_ID_REF="Ar0060900" IS_IC="true"/><TOC_Entry TOC_ENTRY_ID="37" TITLE="No retirement plans for Meyer" ENTITY_ID_REF="Ar00600" PAGE_NO="6" PAGE_LABEL="6" PRIM_ID_REF="Ar0060000" IS_IC="true"><TOC_Entry TOC_ENTRY_ID="38" TITLE="" ENTITY_ID_REF="Pc00602" PAGE_NO="6" PAGE_LABEL="6" PRIM_ID_REF="Pc0060200" IS_IC="true"/><TOC_Entry TOC_ENTRY_ID="39" TITLE="" ENTITY_ID_REF="Pc00605" PAGE_NO="6" PAGE_LABEL="6" PRIM_ID_REF="Pc0060500" IS_IC="true"/><TOC_Entry TOC_ENTRY_ID="40" TITLE="" ENTITY_ID_REF="Pc00606" PAGE_NO="6" PAGE_LABEL="6" PRIM_ID_REF="Pc0060600" IS_IC="true"/><TOC_Entry TOC_ENTRY_ID="41" TITLE="" ENTITY_ID_REF="Pc00607" PAGE_NO="6" PAGE_LABEL="6" PRIM_ID_REF="Pc0060700" IS_IC="true"/><TOC_Entry TOC_ENTRY_ID="42" TITLE="" ENTITY_ID_REF="Pc00608" PAGE_NO="6" PAGE_LABEL="6" PRIM_ID_REF="Pc0060800" IS_IC="true"/></TOC_Entry><TOC_Entry TOC_ENTRY_ID="43" TITLE="Puzzles" ENTITY_ID_REF="Ar00610" PAGE_NO="6" PAGE_LABEL="6" PRIM_ID_REF="Ar0061000" IS_IC="true"><TOC_Entry TOC_ENTRY_ID="44" TITLE="" ENTITY_ID_REF="Pc00603" PAGE_NO="6" PAGE_LABEL="6" PRIM_ID_REF="Pc0060300" IS_IC="true"/></TOC_Entry><TOC_Entry TOC_ENTRY_ID="45" TITLE="Answer Key for Oct. 25:" ENTITY_ID_REF="Ar00601" PAGE_NO="6" PAGE_LABEL="6" PRIM_ID_REF="Ar0060100" IS_IC="true"><TOC_Entry TOC_ENTRY_ID="46" TITLE="" ENTITY_ID_REF="Pc00604" PAGE_NO="6" PAGE_LABEL="6" PRIM_ID_REF="Pc0060400" IS_IC="true"/></TOC_Entry><TOC_Entry TOC_ENTRY_ID="47" TITLE="Franklin and Bukilic bring cultures to the court" ENTITY_ID_REF="Ar00700" PAGE_NO="7" PAGE_LABEL="7" PRIM_ID_REF="Ar0070000" IS_IC="true"><TOC_Entry TOC_ENTRY_ID="48" TITLE="" ENTITY_ID_REF="Pc00702" PAGE_NO="7" PAGE_LABEL="7" PRIM_ID_REF="Pc0070200" IS_IC="true"/></TOC_Entry><TOC_Entry TOC_ENTRY_ID="49" TITLE="Michael Jordan searching for path Price and Elflein left" ENTITY_ID_REF="Ar00701" PAGE_NO="7" PAGE_LABEL="7" PRIM_ID_REF="Ar0070100" IS_IC="true"><TOC_Entry TOC_ENTRY_ID="50" TITLE="" ENTITY_ID_REF="Pc00703" PAGE_NO="7" PAGE_LABEL="7" PRIM_ID_REF="Pc0070300" IS_IC="true"/><TOC_Entry TOC_ENTRY_ID="51" TITLE="" ENTITY_ID_REF="Pc00704" PAGE_NO="7" PAGE_LABEL="7" PRIM_ID_REF="Pc0070400" IS_IC="true"/></TOC_Entry><TOC_Entry TOC_ENTRY_ID="52" TITLE="" ENTITY_ID_REF="Ad00800" PAGE_NO="8" PAGE_LABEL="8" PRIM_ID_REF="Ad0080001" IS_IC="true"/></TOC_Entries></Logic_np></Xmd_toc>
