<x:xmpmeta xmlns:x="adobe:ns:meta/" x:xmptk="Adobe XMP Core 5.4-c005 78.147326, 2012/08/23-13:03:03        ">
	<rdf:RDF xmlns:rdf="http://www.w3.org/1999/02/22-rdf-syntax-ns#">
		<rdf:Description rdf:about="" xmlns:xmp="http://ns.adobe.com/xap/1.0/" xmlns:dc="http://purl.org/dc/elements/1.1/" xmlns:xmpMM="http://ns.adobe.com/xap/1.0/mm/" xmlns:pdf="http://ns.adobe.com/pdf/1.3/" xmlns:pdfx="http://ns.adobe.com/pdfx/1.3/" xmlns:Olv="Olive" xmp:ModifyDate="2019-08-31T11:03:52+05:30" xmp:CreateDate="2017-03-29T21:31:02-04:00" xmp:MetadataDate="2019-08-31T11:03:52+05:30" xmp:CreatorTool="Acrobat 11.0.17" dc:format="application/pdf" xmpMM:DocumentID="uuid:073b283d-e88c-1e40-b7bb-8761fdcc450f" xmpMM:InstanceID="uuid:a89cf387-25ff-4d1c-859b-2dbe735e0b92" pdf:Producer="Adobe PDF Library 15.0" pdfx:OLV0_XMD_PAGE_COUNT="12" Olv:publication="OHI" Olv:issue_date="2017/ 3/30">
			<Olv:TimeTrack>
				<rdf:Seq>
					<rdf:li>
						<rdf:Description Olv:GUID="{8F3F00B4-E63D-4392-88F0-0A314CEFECCA}" Olv:Status="Succeeded" Olv:File="060-OHI-2017-03-30-0001.pdf" Olv:Pages="12" Olv:Comp="SEG02" Olv:User="pipex" Olv:Start="2019-08-06T13:24:43+05:30" Olv:End="2019-08-06T13:24:58+05:30" Olv:TotalTime="00:00:15" Olv:IdleTime="00:00:00">
							<Olv:Operations>
								<rdf:Bag>
									<rdf:li>Auto Segmentation</rdf:li>
									<rdf:li>First session</rdf:li>
								</rdf:Bag>
							</Olv:Operations>
						</rdf:Description>
					</rdf:li>
					<rdf:li>
						<rdf:Description Olv:GUID="{1ABC2254-B9C1-44C2-90CC-9745BA60BDDD}" Olv:Status="None" Olv:File="060-OHI-2017-03-30-0001.pdf" Olv:Pages="12" Olv:Comp="MDOPS-C18" Olv:User="001662" Olv:Start="2019-08-19T15:44:47+05:30" Olv:End="2019-08-19T16:41:35+05:30" Olv:TotalTime="00:56:48" Olv:IdleTime="00:16:02">
							<Olv:Operations>
								<rdf:Bag>
									<rdf:li>Edit Segmentation</rdf:li>
								</rdf:Bag>
							</Olv:Operations>
						</rdf:Description>
					</rdf:li>
					<rdf:li>
						<rdf:Description Olv:GUID="{FFD8BE3E-236C-467E-8606-AFF4E1595F74}" Olv:Status="None" Olv:File="060-OHI-2017-03-30-0001.pdf" Olv:Pages="12" Olv:Comp="MDOPS-C13" Olv:User="000953" Olv:Start="2019-08-28T15:18:58+05:30" Olv:End="2019-08-28T15:34:04+05:30" Olv:TotalTime="00:15:06" Olv:IdleTime="00:04:37">
							<Olv:Operations>
								<rdf:Bag>
									<rdf:li>Edit Segmentation</rdf:li>
									<rdf:li>Predefined Areas</rdf:li>
								</rdf:Bag>
							</Olv:Operations>
						</rdf:Description>
					</rdf:li>
					<rdf:li>
						<rdf:Description Olv:GUID="{D336522B-1E1A-4236-B509-7DC796C780DB}" Olv:Status="None" Olv:File="060-OHI-2017-03-30-0001.pdf" Olv:Pages="11" Olv:Comp="MDOPS-C13" Olv:User="000953" Olv:Start="2019-08-29T07:16:28+05:30" Olv:End="2019-08-29T07:16:58+05:30" Olv:TotalTime="00:00:30" Olv:IdleTime="00:00:00">
							<Olv:Operations>
								<rdf:Bag>
									<rdf:li>Edit Segmentation</rdf:li>
								</rdf:Bag>
							</Olv:Operations>
						</rdf:Description>
					</rdf:li>
					<rdf:li>
						<rdf:Description Olv:GUID="{1571FEEA-E313-43B9-884D-406A3EB32DC5}" Olv:Status="Succeeded" Olv:File="060-OHI-2017-03-30-0001.pdf" Olv:Pages="11" Olv:Comp="SEG06" Olv:User="pipex" Olv:Start="2019-08-31T11:03:53+05:30" Olv:End="2019-08-31T11:06:18+05:30" Olv:TotalTime="00:02:25" Olv:IdleTime="00:02:25">
							<Olv:Operations>
								<rdf:Bag>
									<rdf:li>Output</rdf:li>
								</rdf:Bag>
							</Olv:Operations>
						</rdf:Description>
					</rdf:li>
				</rdf:Seq>
			</Olv:TimeTrack>
		</rdf:Description>
	</rdf:RDF>
</x:xmpmeta>
