<x:xmpmeta xmlns:x="adobe:ns:meta/" x:xmptk="Adobe XMP Core 5.4-c005 78.147326, 2012/08/23-13:03:03        ">
	<rdf:RDF xmlns:rdf="http://www.w3.org/1999/02/22-rdf-syntax-ns#">
		<rdf:Description rdf:about="" xmlns:xmp="http://ns.adobe.com/xap/1.0/" xmlns:pdf="http://ns.adobe.com/pdf/1.3/" xmlns:xmpMM="http://ns.adobe.com/xap/1.0/mm/" xmlns:dc="http://purl.org/dc/elements/1.1/" xmlns:pdfx="http://ns.adobe.com/pdfx/1.3/" xmlns:Olv="Olive" xmp:ModifyDate="2019-08-31T11:58:22+05:30" xmp:CreateDate="2018-07-27T19:54:50Z" xmp:MetadataDate="2019-08-31T11:58:22+05:30" xmp:CreatorTool="Adobe InDesign CC 13.1 (Macintosh)" pdf:Producer="Mac OS X 10.13.6 Quartz PDFContext" xmpMM:DocumentID="uuid:c995b990-d838-8c47-b0c3-19e7c04207a4" xmpMM:InstanceID="uuid:80a1302b-2aab-43ed-8706-580febe98b87" dc:format="application/pdf" pdfx:OLV0_XMD_PAGE_COUNT="63" Olv:publication="OHI" Olv:issue_date="2018/ 8/ 1">
			<Olv:TimeTrack>
				<rdf:Seq>
					<rdf:li>
						<rdf:Description Olv:GUID="{FE90304B-4411-431A-8976-14D5800B372D}" Olv:Status="Succeeded" Olv:File="060-OHI-2018-08-01-0001.pdf" Olv:Pages="63" Olv:Comp="SEG06" Olv:User="pipex" Olv:Start="2019-08-06T13:28:45+05:30" Olv:End="2019-08-06T13:29:37+05:30" Olv:TotalTime="00:00:52" Olv:IdleTime="00:00:52">
							<Olv:Operations>
								<rdf:Bag>
									<rdf:li>Auto Segmentation</rdf:li>
									<rdf:li>First session</rdf:li>
								</rdf:Bag>
							</Olv:Operations>
						</rdf:Description>
					</rdf:li>
					<rdf:li>
						<rdf:Description Olv:GUID="{DA7551BC-0002-4AE7-B593-651B4CEC9940}" Olv:Status="None" Olv:File="060-OHI-2018-08-01-0001.pdf" Olv:Pages="63" Olv:Comp="MDOPS-C18" Olv:User="001662" Olv:Start="2019-08-22T10:49:28+05:30" Olv:End="2019-08-22T11:11:44+05:30" Olv:TotalTime="00:22:16" Olv:IdleTime="00:03:24">
							<Olv:Operations>
								<rdf:Bag>
									<rdf:li>Edit Segmentation</rdf:li>
								</rdf:Bag>
							</Olv:Operations>
						</rdf:Description>
					</rdf:li>
					<rdf:li>
						<rdf:Description Olv:GUID="{00F791EF-8300-4144-B22C-BDFE858EF0E8}" Olv:Status="None" Olv:File="060-OHI-2018-08-01-0001.pdf" Olv:Pages="63" Olv:Comp="MDOPS-C18" Olv:User="001662" Olv:Start="2019-08-22T11:16:46+05:30" Olv:End="2019-08-22T13:21:59+05:30" Olv:TotalTime="02:05:13" Olv:IdleTime="00:18:25">
							<Olv:Operations>
								<rdf:Bag>
									<rdf:li>Edit Segmentation</rdf:li>
								</rdf:Bag>
							</Olv:Operations>
						</rdf:Description>
					</rdf:li>
					<rdf:li>
						<rdf:Description Olv:GUID="{5DEDA77A-DEB3-4B4E-A418-B73743F6C37F}" Olv:Status="None" Olv:File="060-OHI-2018-08-01-0001.pdf" Olv:Pages="63" Olv:Comp="MDOPS-C13" Olv:User="000953" Olv:Start="2019-08-29T09:23:08+05:30" Olv:End="2019-08-29T10:28:22+05:30" Olv:TotalTime="01:05:14" Olv:IdleTime="00:41:17">
							<Olv:Operations>
								<rdf:Bag>
									<rdf:li>Edit Segmentation</rdf:li>
								</rdf:Bag>
							</Olv:Operations>
						</rdf:Description>
					</rdf:li>
					<rdf:li>
						<rdf:Description Olv:GUID="{C5062471-D566-45BA-ADED-FD3C73DFFDF3}" Olv:Status="None" Olv:File="060-OHI-2018-08-01-0001.pdf" Olv:Pages="61" Olv:Comp="MDOPS-C13" Olv:User="000953" Olv:Start="2019-08-29T10:41:17+05:30" Olv:End="2019-08-29T10:43:09+05:30" Olv:TotalTime="00:01:52" Olv:IdleTime="00:00:00">
							<Olv:Operations>
								<rdf:Bag>
									<rdf:li>Edit Segmentation</rdf:li>
								</rdf:Bag>
							</Olv:Operations>
						</rdf:Description>
					</rdf:li>
					<rdf:li>
						<rdf:Description Olv:GUID="{A444B8A7-D440-4018-A106-81769E299B3E}" Olv:Status="Succeeded" Olv:File="060-OHI-2018-08-01-0001.pdf" Olv:Pages="61" Olv:Comp="SEG06" Olv:User="pipex" Olv:Start="2019-08-31T11:58:24+05:30" Olv:End="2019-08-31T12:03:04+05:30" Olv:TotalTime="00:04:40" Olv:IdleTime="00:04:40">
							<Olv:Operations>
								<rdf:Bag>
									<rdf:li>Output</rdf:li>
								</rdf:Bag>
							</Olv:Operations>
						</rdf:Description>
					</rdf:li>
				</rdf:Seq>
			</Olv:TimeTrack>
		</rdf:Description>
	</rdf:RDF>
</x:xmpmeta>
