<?xml version="1.0" encoding="windows-1252" standalone="no"?>
<Xmd_toc REPOSITORY_FORMAT="1.0" PRXML_VER="2.5" PUBLICATION="OHI" PUBLICATION_DESCRIPTION="" ISSUE_DATE="16/02/2016" RELEASE_NO="060-OHI-2016-02-16-0001" LANGUAGE="English">
	<Head_np>
		<Meta SOURCE_RESOLUTION="72" PDF_DESTINATION_MAPPED="OLV0_Page_0001" TITLE_SNP_EXT="png" AD_SNP_EXT="png" IMAGE_SNP_EXT="jpg" IS_SOLID="false" DOC_DATE="16/02/2016" DOC_UID="OHI_16/02/2016" DOC_VER="1" TOTAL_CHARS_COUNT="50700" SUSPICIOUS_CHARS_COUNT="0" IS_CROSS_ORDERED="false" MULTI_LAYER_PAGE_IMG="true" DEFAULT_PREVIEW_IMG_EXT="png" DEFAULT_IMG_EXT="png" DEFAULT_PRIM_IMG_EXT="jpg" PAGE_PREVIEW_RESOLUTION="15" PAGE_THUMBNAIL_RESOLUTION="150" IMAGES_RESOLUTION="140" PAGES_NUMBER="8" SOURCE_TYPE="TIFF" BASE_HREF="OHI/2016/02/16">
			<Publisher XMD_VER="2.8.201.103" ACROBAT_VER="11.012" PUBLISHER="Olive" PROFILE_ID="OHI-2016-02-16.ini">
				<PublishDate>Sat, 31 Aug 2019 04:28:30 UTC</PublishDate>
				<PublishSWFCompatible>false</PublishSWFCompatible>
			</Publisher>
			<Resolutions>
				<Resolution DEFAULT="true">150</Resolution>
			</Resolutions>
			<LayerResolutions>
				<Resolution GRAPHIC_IMG_EXT="jpg">110</Resolution>
				<Resolution GRAPHIC_IMG_EXT="jpg">140</Resolution>
			</LayerResolutions>
		</Meta>
		<Link SOURCE="060-OHI-2016-02-16-0001.pdf"/>
		<DataFiles>
			<Files TYPE="DOC_PDF" PRESENT="1"/>
			<Files TYPE="PAGE_PDF" PRESENT="0"/>
			<Files TYPE="DOC_IMG" PRESENT="0"/>
			<Files TYPE="PAGE_IMG" PRESENT="0"/>
			<Files TYPE="PAGE_VIEW_IMG" PRESENT="1"/>
			<Files TYPE="PAGE_LAYERS_IMG" PRESENT="1"/>
			<Files TYPE="PAGE_PREVIEW_IMG" PRESENT="1"/>
			<Files TYPE="PRIMITIVE_IMG" PRESENT="1"/>
			<Files TYPE="SNIPPET_IMG" PRESENT="1"/>
			<Files TYPE="SEGMENTATION" PRESENT="0"/>
			<Files TYPE="PAGINATION_TEMPLATE_BACKGROUND" PRESENT="0"/>
			<Files TYPE="EXTERNAL_FONTS" PRESENT="0"/>
			<Files TYPE="PROFILE" PRESENT="1"/>
			<Files TYPE="FOOTNOTES" PRESENT="0"/>
		</DataFiles>
	</Head_np>
	<Body_np>
		<Section NAME="Front Page">
			<Page ID="Pg001" CROP_BOX="0 0 1612 2474" MEDIA_BOX="0 0 1612 2474" HREF="/1/Pg001" TOTAL_CHARS_COUNT="5839" SUSPICIOUS_CHARS_COUNT="0" PAGE_HEIGHT="2475" PAGE_WIDTH="1613" PAGE_TYPE="Single" PAGE_LABEL="1" PAGE_NO="1">
				<Entity FIRST_TOC_ENTRY_ID="9" DEPTH_LEVEL="1" PAGE_NO="1" HREF="/1/Ar00100" WORDCNT="602" IMAGES_RESOLUTION="140" INDEX_IN_DOC="9" SIZE="Large" CONTINUATION_TO="Ar00600" NAME="Film screening aimed to inspire" ENTITY_TYPE="Article" ID="Ar00100"/>
				<Entity FIRST_TOC_ENTRY_ID="14" DEPTH_LEVEL="1" PAGE_NO="1" HREF="/1/Ar00101" WORDCNT="205" IMAGES_RESOLUTION="140" INDEX_IN_DOC="14" SIZE="Medium" CONTINUATION_TO="Ar00300" NAME="USG releases internal demographic report" ENTITY_TYPE="Article" ID="Ar00101"/>
				<Entity FIRST_TOC_ENTRY_ID="2" DEPTH_LEVEL="1" PAGE_NO="1" HREF="/1/Ar00102" WORDCNT="496" IMAGES_RESOLUTION="140" INDEX_IN_DOC="2" SIZE="Large" CONTINUATION_TO="Ar00304" NAME="Ohio State athletics sets aside aid for Flint, Michigan" ENTITY_TYPE="Article" ID="Ar00102"/>
				<Entity FIRST_TOC_ENTRY_ID="1" DEPTH_LEVEL="1" PAGE_NO="1" HREF="/1/Ar00103" WORDCNT="27" IMAGES_RESOLUTION="140" INDEX_IN_DOC="1" SIZE="Small" NAME="CAMPUS" ENTITY_TYPE="Article" ID="Ar00103"/>
				<Entity FIRST_TOC_ENTRY_ID="6" DEPTH_LEVEL="2" PAGE_NO="1" LOGICAL_NAME="true" HREF="/1/Pc00104" WORDCNT="0" IMAGES_RESOLUTION="140" INDEX_IN_DOC="6" SIZE="Small" EMBEDDED_AFTER="Ar0010600" EMBEDDED_BELOW="1" EMBEDDED_RIGHT="1" EMBEDDED_INTO="Ar00106" NAME="" ENTITY_TYPE="Picture" ID="Pc00104">
					<Image EXT="jpg" H="135" W="273" ID="Pc0010400"/>
				</Entity>
				<Entity FIRST_TOC_ENTRY_ID="8" DEPTH_LEVEL="2" PAGE_NO="1" LOGICAL_NAME="true" HREF="/1/Pc00105" WORDCNT="0" IMAGES_RESOLUTION="140" INDEX_IN_DOC="8" SIZE="Small" EMBEDDED_AFTER="Ar0010700" EMBEDDED_BELOW="1" EMBEDDED_RIGHT="1" EMBEDDED_INTO="Ar00107" NAME="" ENTITY_TYPE="Picture" ID="Pc00105">
					<Image EXT="jpg" H="134" W="273" ID="Pc0010500"/>
				</Entity>
				<Entity FIRST_TOC_ENTRY_ID="5" DEPTH_LEVEL="1" PAGE_NO="1" HREF="/1/Ar00106" WORDCNT="26" IMAGES_RESOLUTION="140" INDEX_IN_DOC="5" SIZE="Small" NAME="ARTS&amp;LIFE" ENTITY_TYPE="Article" ID="Ar00106"/>
				<Entity FIRST_TOC_ENTRY_ID="7" DEPTH_LEVEL="1" PAGE_NO="1" HREF="/1/Ar00107" WORDCNT="28" IMAGES_RESOLUTION="140" INDEX_IN_DOC="7" SIZE="Small" NAME="SPORTS" ENTITY_TYPE="Article" ID="Ar00107"/>
				<Entity FIRST_TOC_ENTRY_ID="10" DEPTH_LEVEL="2" PAGE_NO="1" LOGICAL_NAME="true" HREF="/1/Pc00108" WORDCNT="0" IMAGES_RESOLUTION="140" INDEX_IN_DOC="10" SIZE="Medium" EMBEDDED_AFTER="Ar0010000" EMBEDDED_BELOW="1" EMBEDDED_INTO="Ar00100" NAME="" ENTITY_TYPE="Picture" ID="Pc00108">
					<Image EXT="jpg" H="409" W="865" ID="Pc0010800"/>
				</Entity>
				<Entity FIRST_TOC_ENTRY_ID="11" DEPTH_LEVEL="2" PAGE_NO="1" LOGICAL_NAME="true" HREF="/1/Pc00109" WORDCNT="0" IMAGES_RESOLUTION="140" INDEX_IN_DOC="11" SIZE="Small" EMBEDDED_AFTER="Ar0010000" EMBEDDED_BELOW="1" EMBEDDED_INTO="Ar00100" NAME="" ENTITY_TYPE="Picture" ID="Pc00109">
					<Image EXT="jpg" H="257" W="438" ID="Pc0010900"/>
				</Entity>
				<Entity FIRST_TOC_ENTRY_ID="12" DEPTH_LEVEL="2" PAGE_NO="1" LOGICAL_NAME="true" HREF="/1/Pc00110" WORDCNT="0" IMAGES_RESOLUTION="140" INDEX_IN_DOC="12" SIZE="Small" EMBEDDED_AFTER="Ar0010000" EMBEDDED_BELOW="1" EMBEDDED_INTO="Ar00100" NAME="" ENTITY_TYPE="Picture" ID="Pc00110">
					<Image EXT="jpg" H="257" W="427" ID="Pc0011000"/>
				</Entity>
				<Entity FIRST_TOC_ENTRY_ID="3" DEPTH_LEVEL="2" PAGE_NO="1" LOGICAL_NAME="true" HREF="/1/Pc00111" WORDCNT="0" IMAGES_RESOLUTION="140" INDEX_IN_DOC="3" SIZE="Small" EMBEDDED_AFTER="Ar0010200" EMBEDDED_RIGHT="1" EMBEDDED_INTO="Ar00102" NAME="" ENTITY_TYPE="Picture" ID="Pc00111">
					<Image EXT="jpg" H="348" W="585" ID="Pc0011100"/>
				</Entity>
			</Page>
			<Page ID="Pg002" CROP_BOX="0 0 1612 2474" MEDIA_BOX="0 0 1612 2474" HREF="/2/Pg002" TOTAL_CHARS_COUNT="5764" SUSPICIOUS_CHARS_COUNT="0" PAGE_HEIGHT="2475" PAGE_WIDTH="1613" PAGE_TYPE="Single" PAGE_LABEL="2" PAGE_NO="2">
				<Entity FIRST_TOC_ENTRY_ID="21" DEPTH_LEVEL="1" PAGE_NO="2" HREF="/2/Ar00200" WORDCNT="233" IMAGES_RESOLUTION="140" INDEX_IN_DOC="21" SIZE="Medium" CONTINUATION_TO="Ar00301" NAME="EcoCAR team revs up hybrid project" ENTITY_TYPE="Article" ID="Ar00200"/>
				<Entity FIRST_TOC_ENTRY_ID="16" DEPTH_LEVEL="1" PAGE_NO="2" HREF="/2/Ar00201" WORDCNT="700" IMAGES_RESOLUTION="140" INDEX_IN_DOC="16" SIZE="Large" CONTINUATION_TO="Ar00601" NAME="Fisher Tax Clinic assists those in need" ENTITY_TYPE="Article" ID="Ar00201"/>
				<Entity FIRST_TOC_ENTRY_ID="17" DEPTH_LEVEL="2" PAGE_NO="2" LOGICAL_NAME="true" HREF="/2/Pc00202" WORDCNT="0" IMAGES_RESOLUTION="140" INDEX_IN_DOC="17" SIZE="Medium" EMBEDDED_AFTER="Ar0020100" EMBEDDED_BELOW="1" EMBEDDED_INTO="Ar00201" NAME="" ENTITY_TYPE="Picture" ID="Pc00202">
					<Image EXT="jpg" H="470" W="870" ID="Pc0020200"/>
				</Entity>
				<Entity FIRST_TOC_ENTRY_ID="24" DEPTH_LEVEL="1" PAGE_NO="2" HREF="/2/Ar00203" WORDCNT="425" IMAGES_RESOLUTION="140" INDEX_IN_DOC="24" SIZE="Large" NAME="Campus area crime map: Feb. 9-15" ENTITY_TYPE="Article" ID="Ar00203"/>
				<Entity FIRST_TOC_ENTRY_ID="25" DEPTH_LEVEL="2" PAGE_NO="2" LOGICAL_NAME="true" HREF="/2/Pc00204" WORDCNT="0" IMAGES_RESOLUTION="140" INDEX_IN_DOC="25" SIZE="Large" EMBEDDED_AFTER="Ar0020300" EMBEDDED_BELOW="1" EMBEDDED_INTO="Ar00203" NAME="" ENTITY_TYPE="Picture" ID="Pc00204">
					<Image EXT="jpg" H="747" W="755" ID="Pc0020400"/>
				</Entity>
				<Entity FIRST_TOC_ENTRY_ID="26" DEPTH_LEVEL="2" PAGE_NO="2" LOGICAL_NAME="true" HREF="/2/Pc00205" WORDCNT="0" IMAGES_RESOLUTION="140" INDEX_IN_DOC="26" SIZE="Small" EMBEDDED_AFTER="Ar0020300" EMBEDDED_BELOW="1" EMBEDDED_INTO="Ar00203" NAME="" ENTITY_TYPE="Picture" ID="Pc00205">
					<Image EXT="jpg" H="60" W="331" ID="Pc0020500"/>
				</Entity>
				<Entity FIRST_TOC_ENTRY_ID="18" DEPTH_LEVEL="2" PAGE_NO="2" LOGICAL_NAME="true" HREF="/2/Pc00206" WORDCNT="0" IMAGES_RESOLUTION="140" INDEX_IN_DOC="18" SIZE="Small" EMBEDDED_AFTER="Ar0020100" EMBEDDED_LEFT="1" EMBEDDED_INTO="Ar00201" NAME="" ENTITY_TYPE="Picture" ID="Pc00206">
					<Image EXT="jpg" H="101" W="126" ID="Pc0020600"/>
				</Entity>
			</Page>
			<Page ID="Pg003" CROP_BOX="0 0 1612 2474" MEDIA_BOX="0 0 1612 2474" HREF="/3/Pg003" TOTAL_CHARS_COUNT="9193" SUSPICIOUS_CHARS_COUNT="0" PAGE_HEIGHT="2475" PAGE_WIDTH="1613" PAGE_TYPE="Single" PAGE_LABEL="3" PAGE_NO="3">
				<Entity FIRST_TOC_ENTRY_ID="15" DEPTH_LEVEL="1" PAGE_NO="3" HREF="/3/Ar00300" WORDCNT="845" IMAGES_RESOLUTION="140" INDEX_IN_DOC="15" SIZE="Large" CONTINUATION_FROM="Ar00101" NAME="DEMOGRAPHICS" ENTITY_TYPE="Article" ID="Ar00300"/>
				<Entity FIRST_TOC_ENTRY_ID="22" DEPTH_LEVEL="1" PAGE_NO="3" HREF="/3/Ar00301" WORDCNT="652" IMAGES_RESOLUTION="140" INDEX_IN_DOC="22" SIZE="Large" CONTINUATION_FROM="Ar00200" NAME="ECOCAR" ENTITY_TYPE="Article" ID="Ar00301"/>
				<Entity FIRST_TOC_ENTRY_ID="32" DEPTH_LEVEL="1" PAGE_NO="3" HREF="/3/Ar00302" WORDCNT="88" IMAGES_RESOLUTION="140" INDEX_IN_DOC="32" SIZE="Small" NAME="Letters to the Editor" ENTITY_TYPE="Article" ID="Ar00302"/>
				<Entity FIRST_TOC_ENTRY_ID="23" DEPTH_LEVEL="2" PAGE_NO="3" LOGICAL_NAME="true" HREF="/3/Pc00303" WORDCNT="0" IMAGES_RESOLUTION="140" INDEX_IN_DOC="23" SIZE="Small" EMBEDDED_AFTER="Ar0030100" EMBEDDED_BELOW="1" EMBEDDED_RIGHT="1" EMBEDDED_INTO="Ar00301" NAME="" ENTITY_TYPE="Picture" ID="Pc00303">
					<Image EXT="jpg" H="216" W="354" ID="Pc0030300"/>
				</Entity>
				<Entity FIRST_TOC_ENTRY_ID="4" DEPTH_LEVEL="1" PAGE_NO="3" HREF="/3/Ar00304" WORDCNT="260" IMAGES_RESOLUTION="140" INDEX_IN_DOC="4" SIZE="Medium" CONTINUATION_FROM="Ar00102" NAME="FLINT" ENTITY_TYPE="Article" ID="Ar00304"/>
				<Entity FIRST_TOC_ENTRY_ID="29" DEPTH_LEVEL="1" PAGE_NO="3" LOGICAL_NAME="true" HREF="/3/Ad00305" WORDCNT="8" IMAGES_RESOLUTION="140" INDEX_IN_DOC="29" SIZE="Small" NAME="" ENTITY_TYPE="Ad" ID="Ad00305">
					<Image H="163" W="376" ID="Ad0030501"/>
				</Entity>
				<Entity FIRST_TOC_ENTRY_ID="27" DEPTH_LEVEL="1" PAGE_NO="3" HREF="/3/Ar00306" WORDCNT="231" IMAGES_RESOLUTION="140" INDEX_IN_DOC="27" SIZE="Small" NAME="thelantern" ENTITY_TYPE="Article" ID="Ar00306"/>
				<Entity FIRST_TOC_ENTRY_ID="28" DEPTH_LEVEL="1" PAGE_NO="3" HREF="/3/Ar00307" WORDCNT="16" IMAGES_RESOLUTION="140" INDEX_IN_DOC="28" SIZE="Small" NAME="FOLLOW US" ENTITY_TYPE="Article" ID="Ar00307"/>
				<Entity FIRST_TOC_ENTRY_ID="34" DEPTH_LEVEL="1" PAGE_NO="3" HREF="/3/Ar00308" WORDCNT="30" IMAGES_RESOLUTION="140" INDEX_IN_DOC="34" SIZE="Small" NAME="Corrections" ENTITY_TYPE="Article" ID="Ar00308"/>
				<Entity FIRST_TOC_ENTRY_ID="30" DEPTH_LEVEL="1" PAGE_NO="3" LOGICAL_NAME="true" HREF="/3/Ad00309" WORDCNT="2" IMAGES_RESOLUTION="140" INDEX_IN_DOC="30" SIZE="Small" NAME="" ENTITY_TYPE="Ad" ID="Ad00309">
					<Image H="78" W="380" ID="Ad0030901"/>
				</Entity>
				<Entity FIRST_TOC_ENTRY_ID="31" DEPTH_LEVEL="1" PAGE_NO="3" LOGICAL_NAME="true" HREF="/3/Ad00310" WORDCNT="108" IMAGES_RESOLUTION="140" INDEX_IN_DOC="31" SIZE="Small" NAME="" ENTITY_TYPE="Ad" ID="Ad00310">
					<Image H="930" W="197" ID="Ad0031001"/>
				</Entity>
				<Entity FIRST_TOC_ENTRY_ID="33" DEPTH_LEVEL="1" PAGE_NO="3" LOGICAL_NAME="true" HREF="/3/Ad00311" WORDCNT="132" IMAGES_RESOLUTION="140" INDEX_IN_DOC="33" SIZE="Small" NAME="" ENTITY_TYPE="Ad" ID="Ad00311">
					<Image H="930" W="183" ID="Ad0031101"/>
				</Entity>
			</Page>
			<Page ID="Pg004" CROP_BOX="0 0 1612 2474" MEDIA_BOX="0 0 1612 2474" HREF="/4/Pg004" TOTAL_CHARS_COUNT="6142" SUSPICIOUS_CHARS_COUNT="0" PAGE_HEIGHT="2475" PAGE_WIDTH="1613" PAGE_TYPE="Single" PAGE_LABEL="4" PAGE_NO="4">
				<Entity FIRST_TOC_ENTRY_ID="36" DEPTH_LEVEL="1" PAGE_NO="4" HREF="/4/Ar00400" WORDCNT="678" IMAGES_RESOLUTION="140" INDEX_IN_DOC="36" SIZE="Large" CONTINUATION_TO="Ar00500" NAME="J Salon opens after a leap of faith" ENTITY_TYPE="Article" ID="Ar00400"/>
				<Entity FIRST_TOC_ENTRY_ID="41" DEPTH_LEVEL="1" PAGE_NO="4" HREF="/4/Ar00401" WORDCNT="722" IMAGES_RESOLUTION="140" INDEX_IN_DOC="41" SIZE="Large" NAME="Graduate students display arc of hard work" ENTITY_TYPE="Article" ID="Ar00401"/>
				<Entity FIRST_TOC_ENTRY_ID="37" DEPTH_LEVEL="2" PAGE_NO="4" LOGICAL_NAME="true" HREF="/4/Pc00402" WORDCNT="0" IMAGES_RESOLUTION="140" INDEX_IN_DOC="37" SIZE="Small" EMBEDDED_AFTER="Ar0040000" EMBEDDED_BELOW="1" EMBEDDED_INTO="Ar00400" NAME="" ENTITY_TYPE="Picture" ID="Pc00402">
					<Image EXT="jpg" H="334" W="585" ID="Pc0040200"/>
				</Entity>
				<Entity FIRST_TOC_ENTRY_ID="38" DEPTH_LEVEL="2" PAGE_NO="4" LOGICAL_NAME="true" HREF="/4/Pc00403" WORDCNT="0" IMAGES_RESOLUTION="140" INDEX_IN_DOC="38" SIZE="Small" EMBEDDED_AFTER="Ar0040000" EMBEDDED_BELOW="1" EMBEDDED_INTO="Ar00400" NAME="" ENTITY_TYPE="Picture" ID="Pc00403">
					<Image EXT="jpg" H="334" W="575" ID="Pc0040300"/>
				</Entity>
				<Entity FIRST_TOC_ENTRY_ID="42" DEPTH_LEVEL="2" PAGE_NO="4" LOGICAL_NAME="true" HREF="/4/Pc00404" WORDCNT="0" IMAGES_RESOLUTION="140" INDEX_IN_DOC="42" SIZE="Large" EMBEDDED_AFTER="Ar0040100" EMBEDDED_BELOW="1" EMBEDDED_INTO="Ar00401" NAME="" ENTITY_TYPE="Picture" ID="Pc00404">
					<Image EXT="jpg" H="433" W="585" ID="Pc0040400"/>
					<Image H="0" W="0" ID="Pc0040401"/>
					<Image H="0" W="0" ID="Pc0040402"/>
					<Image H="0" W="0" ID="Pc0040403"/>
				</Entity>
				<Entity FIRST_TOC_ENTRY_ID="35" DEPTH_LEVEL="1" PAGE_NO="4" HREF="/4/Ar00405" WORDCNT="23" IMAGES_RESOLUTION="140" INDEX_IN_DOC="35" SIZE="Small" NAME="LISTEN UP" ENTITY_TYPE="Article" ID="Ar00405"/>
			</Page>
			<Page ID="Pg005" CROP_BOX="0 0 1612 2474" MEDIA_BOX="0 0 1612 2474" HREF="/5/Pg005" TOTAL_CHARS_COUNT="3951" SUSPICIOUS_CHARS_COUNT="0" PAGE_HEIGHT="2475" PAGE_WIDTH="1613" PAGE_TYPE="Single" PAGE_LABEL="5" PAGE_NO="5">
				<Entity FIRST_TOC_ENTRY_ID="39" DEPTH_LEVEL="1" PAGE_NO="5" HREF="/5/Ar00500" WORDCNT="297" IMAGES_RESOLUTION="140" INDEX_IN_DOC="39" SIZE="Medium" CONTINUATION_FROM="Ar00400" NAME="SALON" ENTITY_TYPE="Article" ID="Ar00500"/>
				<Entity FIRST_TOC_ENTRY_ID="43" DEPTH_LEVEL="1" PAGE_NO="5" HREF="/5/Ar00501" WORDCNT="692" IMAGES_RESOLUTION="140" INDEX_IN_DOC="43" SIZE="Large" NAME="Kanye West s album rolls out � slowly" ENTITY_TYPE="Article" ID="Ar00501"/>
				<Entity FIRST_TOC_ENTRY_ID="44" DEPTH_LEVEL="2" PAGE_NO="5" LOGICAL_NAME="true" HREF="/5/Pc00502" WORDCNT="0" IMAGES_RESOLUTION="140" INDEX_IN_DOC="44" SIZE="Small" EMBEDDED_AFTER="Ar0050100" EMBEDDED_BELOW="1" EMBEDDED_INTO="Ar00501" NAME="" ENTITY_TYPE="Picture" ID="Pc00502">
					<Image EXT="jpg" H="464" W="280" ID="Pc0050200"/>
				</Entity>
				<Entity FIRST_TOC_ENTRY_ID="45" DEPTH_LEVEL="2" PAGE_NO="5" LOGICAL_NAME="true" HREF="/5/Pc00503" WORDCNT="0" IMAGES_RESOLUTION="140" INDEX_IN_DOC="45" SIZE="Small" EMBEDDED_AFTER="Ar0050100" EMBEDDED_BELOW="1" EMBEDDED_INTO="Ar00501" NAME="" ENTITY_TYPE="Picture" ID="Pc00503">
					<Image EXT="jpg" H="482" W="274" ID="Pc0050300"/>
				</Entity>
				<Entity FIRST_TOC_ENTRY_ID="40" DEPTH_LEVEL="2" PAGE_NO="5" LOGICAL_NAME="true" HREF="/5/Pc00504" WORDCNT="0" IMAGES_RESOLUTION="140" INDEX_IN_DOC="40" SIZE="Small" EMBEDDED_AFTER="Ar0050000" EMBEDDED_BELOW="1" EMBEDDED_INTO="Ar00500" NAME="" ENTITY_TYPE="Picture" ID="Pc00504">
					<Image EXT="jpg" H="49" W="301" ID="Pc0050400"/>
				</Entity>
				<Entity FIRST_TOC_ENTRY_ID="46" DEPTH_LEVEL="1" PAGE_NO="5" LOGICAL_NAME="true" HREF="/5/Ad00505" WORDCNT="88" IMAGES_RESOLUTION="140" INDEX_IN_DOC="46" SIZE="XLarge" NAME="" ENTITY_TYPE="Ad" ID="Ad00505">
					<Image H="1120" W="1435" ID="Ad0050501"/>
				</Entity>
			</Page>
			<Page ID="Pg006" CROP_BOX="0 0 1612 2474" MEDIA_BOX="0 0 1612 2474" HREF="/6/Pg006" TOTAL_CHARS_COUNT="4736" SUSPICIOUS_CHARS_COUNT="0" PAGE_HEIGHT="2475" PAGE_WIDTH="1613" PAGE_TYPE="Single" PAGE_LABEL="6" PAGE_NO="6">
				<Entity FIRST_TOC_ENTRY_ID="13" DEPTH_LEVEL="1" PAGE_NO="6" HREF="/6/Ar00600" WORDCNT="843" IMAGES_RESOLUTION="140" INDEX_IN_DOC="13" SIZE="Large" CONTINUATION_FROM="Ar00100" NAME="RACE" ENTITY_TYPE="Article" ID="Ar00600"/>
				<Entity FIRST_TOC_ENTRY_ID="19" DEPTH_LEVEL="1" PAGE_NO="6" HREF="/6/Ar00601" WORDCNT="290" IMAGES_RESOLUTION="140" INDEX_IN_DOC="19" SIZE="Medium" CONTINUATION_FROM="Ar00201" NAME="FISHER" ENTITY_TYPE="Article" ID="Ar00601"/>
				<Entity FIRST_TOC_ENTRY_ID="20" DEPTH_LEVEL="2" PAGE_NO="6" LOGICAL_NAME="true" HREF="/6/Pc00602" WORDCNT="0" IMAGES_RESOLUTION="140" INDEX_IN_DOC="20" SIZE="Small" EMBEDDED_AFTER="Ar0060100" EMBEDDED_BELOW="1" EMBEDDED_RIGHT="1" EMBEDDED_INTO="Ar00601" NAME="" ENTITY_TYPE="Picture" ID="Pc00602">
					<Image EXT="jpg" H="58" W="282" ID="Pc0060200"/>
					<Image H="0" W="0" ID="Pc0060201"/>
				</Entity>
				<Entity FIRST_TOC_ENTRY_ID="47" DEPTH_LEVEL="1" PAGE_NO="6" LOGICAL_NAME="true" HREF="/6/Ad00603" WORDCNT="0" IMAGES_RESOLUTION="140" INDEX_IN_DOC="47" SIZE="XLarge" NAME="" ENTITY_TYPE="Ad" ID="Ad00603">
					<Image H="1102" W="1435" ID="Ad0060301"/>
				</Entity>
			</Page>
			<Page ID="Pg007" CROP_BOX="0 0 1612 2474" MEDIA_BOX="0 0 1612 2474" HREF="/7/Pg007" TOTAL_CHARS_COUNT="8599" SUSPICIOUS_CHARS_COUNT="0" PAGE_HEIGHT="2475" PAGE_WIDTH="1613" PAGE_TYPE="Single" PAGE_LABEL="7" PAGE_NO="7">
				<Entity FIRST_TOC_ENTRY_ID="55" DEPTH_LEVEL="1" PAGE_NO="7" HREF="/7/Ar00700" WORDCNT="522" IMAGES_RESOLUTION="140" INDEX_IN_DOC="55" SIZE="Large" CONTINUATION_FROM="Ar00802" NAME="BASKETBALL" ENTITY_TYPE="Article" ID="Ar00700"/>
				<Entity FIRST_TOC_ENTRY_ID="59" DEPTH_LEVEL="1" PAGE_NO="7" HREF="/7/Ar00701" WORDCNT="876" IMAGES_RESOLUTION="140" INDEX_IN_DOC="59" SIZE="XLarge" CONTINUATION_FROM="Ar00801" NAME="ALUMNI" ENTITY_TYPE="Article" ID="Ar00701"/>
				<Entity FIRST_TOC_ENTRY_ID="60" DEPTH_LEVEL="2" PAGE_NO="7" LOGICAL_NAME="true" HREF="/7/Pc00702" WORDCNT="0" IMAGES_RESOLUTION="140" INDEX_IN_DOC="60" SIZE="Medium" EMBEDDED_AFTER="Ar0070100" EMBEDDED_RIGHT="1" EMBEDDED_INTO="Ar00701" NAME="" ENTITY_TYPE="Picture" ID="Pc00702">
					<Image EXT="jpg" H="528" W="872" ID="Pc0070200"/>
				</Entity>
				<Entity FIRST_TOC_ENTRY_ID="51" DEPTH_LEVEL="1" PAGE_NO="7" HREF="/7/Ar00703" WORDCNT="702" IMAGES_RESOLUTION="140" INDEX_IN_DOC="51" SIZE="Large" CONTINUATION_FROM="Ar00800" NAME="ALSTON" ENTITY_TYPE="Article" ID="Ar00703"/>
				<Entity FIRST_TOC_ENTRY_ID="52" DEPTH_LEVEL="2" PAGE_NO="7" LOGICAL_NAME="true" HREF="/7/Pc00704" WORDCNT="0" IMAGES_RESOLUTION="140" INDEX_IN_DOC="52" SIZE="Small" EMBEDDED_AFTER="Ar0070300" EMBEDDED_RIGHT="1" EMBEDDED_INTO="Ar00703" NAME="" ENTITY_TYPE="Picture" ID="Pc00704">
					<Image EXT="jpg" H="489" W="397" ID="Pc0070400"/>
				</Entity>
				<Entity FIRST_TOC_ENTRY_ID="56" DEPTH_LEVEL="2" PAGE_NO="7" LOGICAL_NAME="true" HREF="/7/Pc00705" WORDCNT="0" IMAGES_RESOLUTION="140" INDEX_IN_DOC="56" SIZE="Small" EMBEDDED_AFTER="Ar0070000" EMBEDDED_BELOW="1" EMBEDDED_INTO="Ar00700" NAME="" ENTITY_TYPE="Picture" ID="Pc00705">
					<Image EXT="jpg" H="90" W="300" ID="Pc0070500"/>
				</Entity>
			</Page>
			<Page ID="Pg008" CROP_BOX="0 0 1612 2474" MEDIA_BOX="0 0 1612 2474" HREF="/8/Pg008" TOTAL_CHARS_COUNT="6476" SUSPICIOUS_CHARS_COUNT="0" PAGE_HEIGHT="2475" PAGE_WIDTH="1613" PAGE_TYPE="Single" PAGE_LABEL="8" PAGE_NO="8">
				<Entity FIRST_TOC_ENTRY_ID="49" DEPTH_LEVEL="1" PAGE_NO="8" HREF="/8/Ar00800" WORDCNT="691" IMAGES_RESOLUTION="140" INDEX_IN_DOC="49" SIZE="XLarge" CONTINUATION_TO="Ar00703" NAME="Ms. 2,000" ENTITY_TYPE="Article" ID="Ar00800"/>
				<Entity FIRST_TOC_ENTRY_ID="57" DEPTH_LEVEL="1" PAGE_NO="8" HREF="/8/Ar00801" WORDCNT="382" IMAGES_RESOLUTION="140" INDEX_IN_DOC="57" SIZE="Medium" CONTINUATION_TO="Ar00701" NAME="Alumni work to change young lives" ENTITY_TYPE="Article" ID="Ar00801"/>
				<Entity FIRST_TOC_ENTRY_ID="53" DEPTH_LEVEL="1" PAGE_NO="8" HREF="/8/Ar00802" WORDCNT="500" IMAGES_RESOLUTION="140" INDEX_IN_DOC="53" SIZE="Large" CONTINUATION_TO="Ar00700" NAME="Time running out for Ohio State" ENTITY_TYPE="Article" ID="Ar00802"/>
				<Entity FIRST_TOC_ENTRY_ID="54" DEPTH_LEVEL="2" PAGE_NO="8" LOGICAL_NAME="true" HREF="/8/Pc00803" WORDCNT="0" IMAGES_RESOLUTION="140" INDEX_IN_DOC="54" SIZE="Small" EMBEDDED_AFTER="Ar0080200" EMBEDDED_BELOW="1" EMBEDDED_INTO="Ar00802" NAME="" ENTITY_TYPE="Picture" ID="Pc00803">
					<Image EXT="jpg" H="461" W="282" ID="Pc0080300"/>
				</Entity>
				<Entity FIRST_TOC_ENTRY_ID="58" DEPTH_LEVEL="2" PAGE_NO="8" LOGICAL_NAME="true" HREF="/8/Pc00804" WORDCNT="0" IMAGES_RESOLUTION="140" INDEX_IN_DOC="58" SIZE="Small" EMBEDDED_AFTER="Ar0080100" EMBEDDED_ABOVE="1" EMBEDDED_INTO="Ar00801" NAME="" ENTITY_TYPE="Picture" ID="Pc00804">
					<Image EXT="jpg" H="391" W="292" ID="Pc0080400"/>
				</Entity>
				<Entity FIRST_TOC_ENTRY_ID="50" DEPTH_LEVEL="2" PAGE_NO="8" LOGICAL_NAME="true" HREF="/8/Pc00805" WORDCNT="0" IMAGES_RESOLUTION="140" INDEX_IN_DOC="50" SIZE="Medium" EMBEDDED_AFTER="Ar0080000" EMBEDDED_BELOW="1" EMBEDDED_INTO="Ar00800" NAME="" ENTITY_TYPE="Picture" ID="Pc00805">
					<Image EXT="jpg" H="502" W="866" ID="Pc0080500"/>
				</Entity>
				<Entity FIRST_TOC_ENTRY_ID="48" DEPTH_LEVEL="1" PAGE_NO="8" HREF="/8/Ar00806" WORDCNT="17" IMAGES_RESOLUTION="140" INDEX_IN_DOC="48" SIZE="Small" NAME="LANTERN SPORTS" ENTITY_TYPE="Article" ID="Ar00806"/>
			</Page>
		</Section>
	</Body_np>
	<Logic_np><TOC_Entries><TOC_Entry TOC_ENTRY_ID="1" TITLE="CAMPUS" ENTITY_ID_REF="Ar00103" PAGE_NO="1" PAGE_LABEL="1" PRIM_ID_REF="Ar0010300" IS_IC="true"/><TOC_Entry TOC_ENTRY_ID="2" TITLE="Ohio State athletics sets aside aid for Flint, Michigan" ENTITY_ID_REF="Ar00102" PAGE_NO="1" PAGE_LABEL="1" PRIM_ID_REF="Ar0010200" IS_IC="true"><TOC_Entry TOC_ENTRY_ID="3" TITLE="" ENTITY_ID_REF="Pc00111" PAGE_NO="1" PAGE_LABEL="1" PRIM_ID_REF="Pc0011100" IS_IC="true"/></TOC_Entry><TOC_Entry TOC_ENTRY_ID="4" TITLE="FLINT" ENTITY_ID_REF="Ar00304" PAGE_NO="3" PAGE_LABEL="3" PRIM_ID_REF="Ar0030400"/><TOC_Entry TOC_ENTRY_ID="5" TITLE="ARTS&amp;LIFE" ENTITY_ID_REF="Ar00106" PAGE_NO="1" PAGE_LABEL="1" PRIM_ID_REF="Ar0010600" IS_IC="true"><TOC_Entry TOC_ENTRY_ID="6" TITLE="" ENTITY_ID_REF="Pc00104" PAGE_NO="1" PAGE_LABEL="1" PRIM_ID_REF="Pc0010400" IS_IC="true"/></TOC_Entry><TOC_Entry TOC_ENTRY_ID="7" TITLE="SPORTS" ENTITY_ID_REF="Ar00107" PAGE_NO="1" PAGE_LABEL="1" PRIM_ID_REF="Ar0010700" IS_IC="true"><TOC_Entry TOC_ENTRY_ID="8" TITLE="" ENTITY_ID_REF="Pc00105" PAGE_NO="1" PAGE_LABEL="1" PRIM_ID_REF="Pc0010500" IS_IC="true"/></TOC_Entry><TOC_Entry TOC_ENTRY_ID="9" TITLE="Film screening aimed to inspire" ENTITY_ID_REF="Ar00100" PAGE_NO="1" PAGE_LABEL="1" PRIM_ID_REF="Ar0010000" IS_IC="true"><TOC_Entry TOC_ENTRY_ID="10" TITLE="" ENTITY_ID_REF="Pc00108" PAGE_NO="1" PAGE_LABEL="1" PRIM_ID_REF="Pc0010800" IS_IC="true"/><TOC_Entry TOC_ENTRY_ID="11" TITLE="" ENTITY_ID_REF="Pc00109" PAGE_NO="1" PAGE_LABEL="1" PRIM_ID_REF="Pc0010900" IS_IC="true"/><TOC_Entry TOC_ENTRY_ID="12" TITLE="" ENTITY_ID_REF="Pc00110" PAGE_NO="1" PAGE_LABEL="1" PRIM_ID_REF="Pc0011000" IS_IC="true"/></TOC_Entry><TOC_Entry TOC_ENTRY_ID="13" TITLE="RACE" ENTITY_ID_REF="Ar00600" PAGE_NO="6" PAGE_LABEL="6" PRIM_ID_REF="Ar0060000"/><TOC_Entry TOC_ENTRY_ID="14" TITLE="USG releases internal demographic report" ENTITY_ID_REF="Ar00101" PAGE_NO="1" PAGE_LABEL="1" PRIM_ID_REF="Ar0010100" IS_IC="true"/><TOC_Entry TOC_ENTRY_ID="15" TITLE="DEMOGRAPHICS" ENTITY_ID_REF="Ar00300" PAGE_NO="3" PAGE_LABEL="3" PRIM_ID_REF="Ar0030000"/><TOC_Entry TOC_ENTRY_ID="16" TITLE="Fisher Tax Clinic assists those in need" ENTITY_ID_REF="Ar00201" PAGE_NO="2" PAGE_LABEL="2" PRIM_ID_REF="Ar0020100" IS_IC="true"><TOC_Entry TOC_ENTRY_ID="17" TITLE="" ENTITY_ID_REF="Pc00202" PAGE_NO="2" PAGE_LABEL="2" PRIM_ID_REF="Pc0020200" IS_IC="true"/><TOC_Entry TOC_ENTRY_ID="18" TITLE="" ENTITY_ID_REF="Pc00206" PAGE_NO="2" PAGE_LABEL="2" PRIM_ID_REF="Pc0020600" IS_IC="true"/></TOC_Entry><TOC_Entry TOC_ENTRY_ID="19" TITLE="FISHER" ENTITY_ID_REF="Ar00601" PAGE_NO="6" PAGE_LABEL="6" PRIM_ID_REF="Ar0060100"><TOC_Entry TOC_ENTRY_ID="20" TITLE="" ENTITY_ID_REF="Pc00602" PAGE_NO="6" PAGE_LABEL="6" PRIM_ID_REF="Pc0060200" IS_IC="true"/></TOC_Entry><TOC_Entry TOC_ENTRY_ID="21" TITLE="EcoCAR team revs up hybrid project" ENTITY_ID_REF="Ar00200" PAGE_NO="2" PAGE_LABEL="2" PRIM_ID_REF="Ar0020000" IS_IC="true"/><TOC_Entry TOC_ENTRY_ID="22" TITLE="ECOCAR" ENTITY_ID_REF="Ar00301" PAGE_NO="3" PAGE_LABEL="3" PRIM_ID_REF="Ar0030100"><TOC_Entry TOC_ENTRY_ID="23" TITLE="" ENTITY_ID_REF="Pc00303" PAGE_NO="3" PAGE_LABEL="3" PRIM_ID_REF="Pc0030300" IS_IC="true"/></TOC_Entry><TOC_Entry TOC_ENTRY_ID="24" TITLE="Campus area crime map: Feb. 9-15" ENTITY_ID_REF="Ar00203" PAGE_NO="2" PAGE_LABEL="2" PRIM_ID_REF="Ar0020300" IS_IC="true"><TOC_Entry TOC_ENTRY_ID="25" TITLE="" ENTITY_ID_REF="Pc00204" PAGE_NO="2" PAGE_LABEL="2" PRIM_ID_REF="Pc0020400" IS_IC="true"/><TOC_Entry TOC_ENTRY_ID="26" TITLE="" ENTITY_ID_REF="Pc00205" PAGE_NO="2" PAGE_LABEL="2" PRIM_ID_REF="Pc0020500" IS_IC="true"/></TOC_Entry><TOC_Entry TOC_ENTRY_ID="27" TITLE="thelantern" ENTITY_ID_REF="Ar00306" PAGE_NO="3" PAGE_LABEL="3" PRIM_ID_REF="Ar0030600" IS_IC="true"/><TOC_Entry TOC_ENTRY_ID="28" TITLE="FOLLOW US" ENTITY_ID_REF="Ar00307" PAGE_NO="3" PAGE_LABEL="3" PRIM_ID_REF="Ar0030700" IS_IC="true"/><TOC_Entry TOC_ENTRY_ID="29" TITLE="" ENTITY_ID_REF="Ad00305" PAGE_NO="3" PAGE_LABEL="3" PRIM_ID_REF="Ad0030501" IS_IC="true"/><TOC_Entry TOC_ENTRY_ID="30" TITLE="" ENTITY_ID_REF="Ad00309" PAGE_NO="3" PAGE_LABEL="3" PRIM_ID_REF="Ad0030901" IS_IC="true"/><TOC_Entry TOC_ENTRY_ID="31" TITLE="" ENTITY_ID_REF="Ad00310" PAGE_NO="3" PAGE_LABEL="3" PRIM_ID_REF="Ad0031001" IS_IC="true"/><TOC_Entry TOC_ENTRY_ID="32" TITLE="Letters to the Editor" ENTITY_ID_REF="Ar00302" PAGE_NO="3" PAGE_LABEL="3" PRIM_ID_REF="Ar0030200" IS_IC="true"/><TOC_Entry TOC_ENTRY_ID="33" TITLE="" ENTITY_ID_REF="Ad00311" PAGE_NO="3" PAGE_LABEL="3" PRIM_ID_REF="Ad0031101" IS_IC="true"/><TOC_Entry TOC_ENTRY_ID="34" TITLE="Corrections" ENTITY_ID_REF="Ar00308" PAGE_NO="3" PAGE_LABEL="3" PRIM_ID_REF="Ar0030800" IS_IC="true"/><TOC_Entry TOC_ENTRY_ID="35" TITLE="LISTEN UP" ENTITY_ID_REF="Ar00405" PAGE_NO="4" PAGE_LABEL="4" PRIM_ID_REF="Ar0040500" IS_IC="true"/><TOC_Entry TOC_ENTRY_ID="36" TITLE="J Salon opens after a leap of faith" ENTITY_ID_REF="Ar00400" PAGE_NO="4" PAGE_LABEL="4" PRIM_ID_REF="Ar0040000" IS_IC="true"><TOC_Entry TOC_ENTRY_ID="37" TITLE="" ENTITY_ID_REF="Pc00402" PAGE_NO="4" PAGE_LABEL="4" PRIM_ID_REF="Pc0040200" IS_IC="true"/><TOC_Entry TOC_ENTRY_ID="38" TITLE="" ENTITY_ID_REF="Pc00403" PAGE_NO="4" PAGE_LABEL="4" PRIM_ID_REF="Pc0040300" IS_IC="true"/></TOC_Entry><TOC_Entry TOC_ENTRY_ID="39" TITLE="SALON" ENTITY_ID_REF="Ar00500" PAGE_NO="5" PAGE_LABEL="5" PRIM_ID_REF="Ar0050000"><TOC_Entry TOC_ENTRY_ID="40" TITLE="" ENTITY_ID_REF="Pc00504" PAGE_NO="5" PAGE_LABEL="5" PRIM_ID_REF="Pc0050400" IS_IC="true"/></TOC_Entry><TOC_Entry TOC_ENTRY_ID="41" TITLE="Graduate students display arc of hard work" ENTITY_ID_REF="Ar00401" PAGE_NO="4" PAGE_LABEL="4" PRIM_ID_REF="Ar0040100" IS_IC="true"><TOC_Entry TOC_ENTRY_ID="42" TITLE="" ENTITY_ID_REF="Pc00404" PAGE_NO="4" PAGE_LABEL="4" PRIM_ID_REF="Pc0040400" IS_IC="true"/></TOC_Entry><TOC_Entry TOC_ENTRY_ID="43" TITLE="Kanye West s album rolls out � slowly" ENTITY_ID_REF="Ar00501" PAGE_NO="5" PAGE_LABEL="5" PRIM_ID_REF="Ar0050100" IS_IC="true"><TOC_Entry TOC_ENTRY_ID="44" TITLE="" ENTITY_ID_REF="Pc00502" PAGE_NO="5" PAGE_LABEL="5" PRIM_ID_REF="Pc0050200" IS_IC="true"/><TOC_Entry TOC_ENTRY_ID="45" TITLE="" ENTITY_ID_REF="Pc00503" PAGE_NO="5" PAGE_LABEL="5" PRIM_ID_REF="Pc0050300" IS_IC="true"/></TOC_Entry><TOC_Entry TOC_ENTRY_ID="46" TITLE="" ENTITY_ID_REF="Ad00505" PAGE_NO="5" PAGE_LABEL="5" PRIM_ID_REF="Ad0050501" IS_IC="true"/><TOC_Entry TOC_ENTRY_ID="47" TITLE="" ENTITY_ID_REF="Ad00603" PAGE_NO="6" PAGE_LABEL="6" PRIM_ID_REF="Ad0060301" IS_IC="true"/><TOC_Entry TOC_ENTRY_ID="48" TITLE="LANTERN SPORTS" ENTITY_ID_REF="Ar00806" PAGE_NO="8" PAGE_LABEL="8" PRIM_ID_REF="Ar0080600" IS_IC="true"/><TOC_Entry TOC_ENTRY_ID="49" TITLE="Ms. 2,000" ENTITY_ID_REF="Ar00800" PAGE_NO="8" PAGE_LABEL="8" PRIM_ID_REF="Ar0080000" IS_IC="true"><TOC_Entry TOC_ENTRY_ID="50" TITLE="" ENTITY_ID_REF="Pc00805" PAGE_NO="8" PAGE_LABEL="8" PRIM_ID_REF="Pc0080500" IS_IC="true"/></TOC_Entry><TOC_Entry TOC_ENTRY_ID="51" TITLE="ALSTON" ENTITY_ID_REF="Ar00703" PAGE_NO="7" PAGE_LABEL="7" PRIM_ID_REF="Ar0070300"><TOC_Entry TOC_ENTRY_ID="52" TITLE="" ENTITY_ID_REF="Pc00704" PAGE_NO="7" PAGE_LABEL="7" PRIM_ID_REF="Pc0070400" IS_IC="true"/></TOC_Entry><TOC_Entry TOC_ENTRY_ID="53" TITLE="Time running out for Ohio State" ENTITY_ID_REF="Ar00802" PAGE_NO="8" PAGE_LABEL="8" PRIM_ID_REF="Ar0080200" IS_IC="true"><TOC_Entry TOC_ENTRY_ID="54" TITLE="" ENTITY_ID_REF="Pc00803" PAGE_NO="8" PAGE_LABEL="8" PRIM_ID_REF="Pc0080300" IS_IC="true"/></TOC_Entry><TOC_Entry TOC_ENTRY_ID="55" TITLE="BASKETBALL" ENTITY_ID_REF="Ar00700" PAGE_NO="7" PAGE_LABEL="7" PRIM_ID_REF="Ar0070000"><TOC_Entry TOC_ENTRY_ID="56" TITLE="" ENTITY_ID_REF="Pc00705" PAGE_NO="7" PAGE_LABEL="7" PRIM_ID_REF="Pc0070500" IS_IC="true"/></TOC_Entry><TOC_Entry TOC_ENTRY_ID="57" TITLE="Alumni work to change young lives" ENTITY_ID_REF="Ar00801" PAGE_NO="8" PAGE_LABEL="8" PRIM_ID_REF="Ar0080100" IS_IC="true"><TOC_Entry TOC_ENTRY_ID="58" TITLE="" ENTITY_ID_REF="Pc00804" PAGE_NO="8" PAGE_LABEL="8" PRIM_ID_REF="Pc0080400" IS_IC="true"/></TOC_Entry><TOC_Entry TOC_ENTRY_ID="59" TITLE="ALUMNI" ENTITY_ID_REF="Ar00701" PAGE_NO="7" PAGE_LABEL="7" PRIM_ID_REF="Ar0070100"><TOC_Entry TOC_ENTRY_ID="60" TITLE="" ENTITY_ID_REF="Pc00702" PAGE_NO="7" PAGE_LABEL="7" PRIM_ID_REF="Pc0070200" IS_IC="true"/></TOC_Entry></TOC_Entries></Logic_np></Xmd_toc>
