<?xml version="1.0" encoding="windows-1252" standalone="no"?>
<Xmd_toc REPOSITORY_FORMAT="1.0" PRXML_VER="2.5" PUBLICATION="OHI" PUBLICATION_DESCRIPTION="" ISSUE_DATE="21/08/2018" RELEASE_NO="060-OHI-2018-08-21-0001" LANGUAGE="English">
	<Head_np>
		<Meta SOURCE_RESOLUTION="72" PDF_DESTINATION_MAPPED="OLV0_Page_0001" TITLE_SNP_EXT="png" AD_SNP_EXT="png" IMAGE_SNP_EXT="jpg" IS_SOLID="false" DOC_DATE="21/08/2018" DOC_UID="OHI_21/08/2018" DOC_VER="1" TOTAL_CHARS_COUNT="32438" SUSPICIOUS_CHARS_COUNT="0" IS_CROSS_ORDERED="false" MULTI_LAYER_PAGE_IMG="true" DEFAULT_PREVIEW_IMG_EXT="png" DEFAULT_IMG_EXT="png" DEFAULT_PRIM_IMG_EXT="jpg" PAGE_PREVIEW_RESOLUTION="15" PAGE_THUMBNAIL_RESOLUTION="150" IMAGES_RESOLUTION="140" PAGES_NUMBER="12" SOURCE_TYPE="TIFF" BASE_HREF="OHI/2018/08/21">
			<Publisher XMD_VER="2.8.201.103" ACROBAT_VER="11.012" PUBLISHER="Olive" PROFILE_ID="OHI-2018-08-21.ini">
				<PublishDate>Sat, 31 Aug 2019 06:31:32 UTC</PublishDate>
				<PublishSWFCompatible>false</PublishSWFCompatible>
			</Publisher>
			<Resolutions>
				<Resolution DEFAULT="true">150</Resolution>
			</Resolutions>
			<LayerResolutions>
				<Resolution GRAPHIC_IMG_EXT="jpg">110</Resolution>
				<Resolution GRAPHIC_IMG_EXT="jpg">140</Resolution>
			</LayerResolutions>
		</Meta>
		<Link SOURCE="060-OHI-2018-08-21-0001.pdf"/>
		<DataFiles>
			<Files TYPE="DOC_PDF" PRESENT="1"/>
			<Files TYPE="PAGE_PDF" PRESENT="0"/>
			<Files TYPE="DOC_IMG" PRESENT="0"/>
			<Files TYPE="PAGE_IMG" PRESENT="0"/>
			<Files TYPE="PAGE_VIEW_IMG" PRESENT="1"/>
			<Files TYPE="PAGE_LAYERS_IMG" PRESENT="1"/>
			<Files TYPE="PAGE_PREVIEW_IMG" PRESENT="1"/>
			<Files TYPE="PRIMITIVE_IMG" PRESENT="1"/>
			<Files TYPE="SNIPPET_IMG" PRESENT="1"/>
			<Files TYPE="SEGMENTATION" PRESENT="0"/>
			<Files TYPE="PAGINATION_TEMPLATE_BACKGROUND" PRESENT="0"/>
			<Files TYPE="EXTERNAL_FONTS" PRESENT="0"/>
			<Files TYPE="PROFILE" PRESENT="1"/>
			<Files TYPE="FOOTNOTES" PRESENT="0"/>
		</DataFiles>
	</Head_np>
	<Body_np>
		<Section NAME="Front Page">
			<Page ID="Pg001" CROP_BOX="0 0 1649 2549" MEDIA_BOX="0 0 1649 2549" HREF="/1/Pg001" TOTAL_CHARS_COUNT="4977" SUSPICIOUS_CHARS_COUNT="0" PAGE_HEIGHT="2550" PAGE_WIDTH="1650" PAGE_TYPE="Single" PAGE_LABEL="1" PAGE_NO="1">
				<Entity FIRST_TOC_ENTRY_ID="1" DEPTH_LEVEL="1" PAGE_NO="1" HREF="/1/Ar00100" WORDCNT="721" IMAGES_RESOLUTION="140" INDEX_IN_DOC="1" SIZE="XLarge" CONTINUATION_TO="Ar00301" NAME="SUMMER OF ALLEGATIONS" ENTITY_TYPE="Article" ID="Ar00100"/>
				<Entity FIRST_TOC_ENTRY_ID="2" DEPTH_LEVEL="2" PAGE_NO="1" LOGICAL_NAME="true" HREF="/1/Pc00101" WORDCNT="0" IMAGES_RESOLUTION="140" INDEX_IN_DOC="2" SIZE="Small" EMBEDDED_AFTER="Ar0010000" EMBEDDED_INTERSECT="1" EMBEDDED_INTO="Ar00100" NAME="" ENTITY_TYPE="Picture" ID="Pc00101">
					<Image EXT="jpg" H="663" W="200" ID="Pc0010100"/>
				</Entity>
				<Entity FIRST_TOC_ENTRY_ID="3" DEPTH_LEVEL="2" PAGE_NO="1" LOGICAL_NAME="true" HREF="/1/Pc00102" WORDCNT="0" IMAGES_RESOLUTION="140" INDEX_IN_DOC="3" SIZE="Small" EMBEDDED_AFTER="Ar0010000" EMBEDDED_INTERSECT="1" EMBEDDED_INTO="Ar00100" NAME="" ENTITY_TYPE="Picture" ID="Pc00102">
					<Image EXT="jpg" H="663" W="208" ID="Pc0010200"/>
				</Entity>
				<Entity FIRST_TOC_ENTRY_ID="4" DEPTH_LEVEL="2" PAGE_NO="1" LOGICAL_NAME="true" HREF="/1/Pc00103" WORDCNT="0" IMAGES_RESOLUTION="140" INDEX_IN_DOC="4" SIZE="Small" EMBEDDED_AFTER="Ar0010000" EMBEDDED_INTERSECT="1" EMBEDDED_INTO="Ar00100" NAME="" ENTITY_TYPE="Picture" ID="Pc00103">
					<Image EXT="jpg" H="663" W="233" ID="Pc0010300"/>
				</Entity>
				<Entity FIRST_TOC_ENTRY_ID="5" DEPTH_LEVEL="2" PAGE_NO="1" LOGICAL_NAME="true" HREF="/1/Pc00104" WORDCNT="0" IMAGES_RESOLUTION="140" INDEX_IN_DOC="5" SIZE="Small" EMBEDDED_AFTER="Ar0010000" EMBEDDED_INTERSECT="1" EMBEDDED_INTO="Ar00100" NAME="" ENTITY_TYPE="Picture" ID="Pc00104">
					<Image EXT="jpg" H="663" W="234" ID="Pc0010400"/>
				</Entity>
				<Entity FIRST_TOC_ENTRY_ID="6" DEPTH_LEVEL="2" PAGE_NO="1" LOGICAL_NAME="true" HREF="/1/Pc00105" WORDCNT="0" IMAGES_RESOLUTION="140" INDEX_IN_DOC="6" SIZE="Small" EMBEDDED_AFTER="Ar0010000" EMBEDDED_INTERSECT="1" EMBEDDED_INTO="Ar00100" NAME="" ENTITY_TYPE="Picture" ID="Pc00105">
					<Image EXT="jpg" H="662" W="171" ID="Pc0010500"/>
				</Entity>
				<Entity FIRST_TOC_ENTRY_ID="16" DEPTH_LEVEL="1" PAGE_NO="1" LOGICAL_NAME="true" HREF="/1/Ad00106" WORDCNT="0" IMAGES_RESOLUTION="140" INDEX_IN_DOC="16" SIZE="Medium" NAME="" ENTITY_TYPE="Ad" ID="Ad00106">
					<Image H="210" W="1400" ID="Ad0010601"/>
				</Entity>
				<Entity FIRST_TOC_ENTRY_ID="14" DEPTH_LEVEL="1" PAGE_NO="1" HREF="/1/Ar00107" WORDCNT="376" IMAGES_RESOLUTION="140" INDEX_IN_DOC="14" SIZE="Medium" NAME="LETTER FROM THE EDITOR EDWARD SUTELAN" ENTITY_TYPE="Article" ID="Ar00107"/>
				<Entity FIRST_TOC_ENTRY_ID="15" DEPTH_LEVEL="2" PAGE_NO="1" LOGICAL_NAME="true" HREF="/1/Pc00108" WORDCNT="0" IMAGES_RESOLUTION="140" INDEX_IN_DOC="15" SIZE="Small" EMBEDDED_AFTER="Ar0010700" EMBEDDED_BELOW="1" EMBEDDED_INTO="Ar00107" NAME="" ENTITY_TYPE="Picture" ID="Pc00108">
					<Image EXT="jpg" H="191" W="229" ID="Pc0010800"/>
				</Entity>
			</Page>
			<Page ID="Pg002" CROP_BOX="0 0 1649 2549" MEDIA_BOX="0 0 1649 2549" HREF="/2/Pg002" TOTAL_CHARS_COUNT="2076" SUSPICIOUS_CHARS_COUNT="0" PAGE_HEIGHT="2550" PAGE_WIDTH="1650" PAGE_TYPE="Single" PAGE_LABEL="2" PAGE_NO="2">
				<Entity FIRST_TOC_ENTRY_ID="17" DEPTH_LEVEL="1" PAGE_NO="2" HREF="/2/Ar00200" WORDCNT="418" IMAGES_RESOLUTION="140" INDEX_IN_DOC="17" SIZE="Large" NAME="Mirror Lake re-emerges with new look" ENTITY_TYPE="Article" ID="Ar00200"/>
				<Entity FIRST_TOC_ENTRY_ID="18" DEPTH_LEVEL="2" PAGE_NO="2" LOGICAL_NAME="true" HREF="/2/Pc00201" WORDCNT="0" IMAGES_RESOLUTION="140" INDEX_IN_DOC="18" SIZE="Medium" EMBEDDED_AFTER="Ar0020000" EMBEDDED_BELOW="1" EMBEDDED_INTO="Ar00200" NAME="" ENTITY_TYPE="Picture" ID="Pc00201">
					<Image EXT="jpg" H="623" W="832" ID="Pc0020100"/>
				</Entity>
				<Entity FIRST_TOC_ENTRY_ID="20" DEPTH_LEVEL="1" PAGE_NO="2" LOGICAL_NAME="true" HREF="/2/Ad00202" WORDCNT="75" IMAGES_RESOLUTION="140" INDEX_IN_DOC="20" SIZE="XLarge" NAME="" ENTITY_TYPE="Ad" ID="Ad00202">
					<Image H="1120" W="1399" ID="Ad0020201"/>
				</Entity>
				<Entity FIRST_TOC_ENTRY_ID="19" DEPTH_LEVEL="2" PAGE_NO="2" LOGICAL_NAME="true" HREF="/2/Pc00203" WORDCNT="0" IMAGES_RESOLUTION="140" INDEX_IN_DOC="19" SIZE="Small" EMBEDDED_AFTER="Ar0020000" EMBEDDED_BELOW="1" EMBEDDED_INTO="Ar00200" NAME="" ENTITY_TYPE="Picture" ID="Pc00203">
					<Image EXT="jpg" H="176" W="277" ID="Pc0020300"/>
				</Entity>
			</Page>
			<Page ID="Pg003" CROP_BOX="0 0 1649 2549" MEDIA_BOX="0 0 1649 2549" HREF="/3/Pg003" TOTAL_CHARS_COUNT="6707" SUSPICIOUS_CHARS_COUNT="0" PAGE_HEIGHT="2550" PAGE_WIDTH="1650" PAGE_TYPE="Single" PAGE_LABEL="3" PAGE_NO="3">
				<Entity FIRST_TOC_ENTRY_ID="21" DEPTH_LEVEL="1" PAGE_NO="3" HREF="/3/Ar00300" WORDCNT="974" IMAGES_RESOLUTION="140" INDEX_IN_DOC="21" SIZE="XLarge" NAME="Pomerene Hall Restored" ENTITY_TYPE="Article" ID="Ar00300"/>
				<Entity FIRST_TOC_ENTRY_ID="7" DEPTH_LEVEL="1" PAGE_NO="3" HREF="/3/Ar00301" WORDCNT="506" IMAGES_RESOLUTION="140" INDEX_IN_DOC="7" SIZE="Large" CONTINUATION_TO="Ar01200" CONTINUATION_FROM="Ar00100" NAME="STORY" ENTITY_TYPE="Article" ID="Ar00301"/>
				<Entity FIRST_TOC_ENTRY_ID="27" DEPTH_LEVEL="1" PAGE_NO="3" LOGICAL_NAME="true" HREF="/3/Ad00302" WORDCNT="68" IMAGES_RESOLUTION="140" INDEX_IN_DOC="27" SIZE="Small" NAME="" ENTITY_TYPE="Ad" ID="Ad00302">
					<Image H="564" W="264" ID="Ad0030201"/>
				</Entity>
				<Entity FIRST_TOC_ENTRY_ID="22" DEPTH_LEVEL="2" PAGE_NO="3" LOGICAL_NAME="true" HREF="/3/Pc00303" WORDCNT="0" IMAGES_RESOLUTION="140" INDEX_IN_DOC="22" SIZE="Small" EMBEDDED_AFTER="Ar0030000" EMBEDDED_BELOW="1" EMBEDDED_RIGHT="1" EMBEDDED_INTO="Ar00300" NAME="" ENTITY_TYPE="Picture" ID="Pc00303">
					<Image EXT="jpg" H="39" W="191" ID="Pc0030300"/>
				</Entity>
				<Entity FIRST_TOC_ENTRY_ID="23" DEPTH_LEVEL="2" PAGE_NO="3" LOGICAL_NAME="true" HREF="/3/Pc00304" WORDCNT="0" IMAGES_RESOLUTION="140" INDEX_IN_DOC="23" SIZE="Medium" EMBEDDED_AFTER="Ar0030000" EMBEDDED_ABOVE="1" EMBEDDED_INTO="Ar00300" NAME="" ENTITY_TYPE="Picture" ID="Pc00304">
					<Image EXT="jpg" H="565" W="574" ID="Pc0030400"/>
				</Entity>
				<Entity FIRST_TOC_ENTRY_ID="24" DEPTH_LEVEL="2" PAGE_NO="3" LOGICAL_NAME="true" HREF="/3/Pc00305" WORDCNT="0" IMAGES_RESOLUTION="140" INDEX_IN_DOC="24" SIZE="Medium" EMBEDDED_AFTER="Ar0030000" EMBEDDED_INTERSECT="1" EMBEDDED_INTO="Ar00300" NAME="" ENTITY_TYPE="Picture" ID="Pc00305">
					<Image EXT="jpg" H="596" W="743" ID="Pc0030500"/>
				</Entity>
				<Entity FIRST_TOC_ENTRY_ID="25" DEPTH_LEVEL="2" PAGE_NO="3" LOGICAL_NAME="true" HREF="/3/Pc00306" WORDCNT="0" IMAGES_RESOLUTION="140" INDEX_IN_DOC="25" SIZE="Medium" EMBEDDED_AFTER="Ar0030000" EMBEDDED_INTERSECT="1" EMBEDDED_INTO="Ar00300" NAME="" ENTITY_TYPE="Picture" ID="Pc00306">
					<Image EXT="jpg" H="474" W="705" ID="Pc0030600"/>
				</Entity>
				<Entity FIRST_TOC_ENTRY_ID="26" DEPTH_LEVEL="1" PAGE_NO="3" LOGICAL_NAME="true" HREF="/3/Ad00307" WORDCNT="30" IMAGES_RESOLUTION="140" INDEX_IN_DOC="26" SIZE="Small" NAME="" ENTITY_TYPE="Ad" ID="Ad00307">
					<Image H="335" W="572" ID="Ad0030701"/>
				</Entity>
			</Page>
			<Page ID="Pg004" CROP_BOX="0 0 1649 2549" MEDIA_BOX="0 0 1649 2549" HREF="/4/Pg004" TOTAL_CHARS_COUNT="2281" SUSPICIOUS_CHARS_COUNT="0" PAGE_HEIGHT="2550" PAGE_WIDTH="1650" PAGE_TYPE="Single" PAGE_LABEL="4" PAGE_NO="4">
				<Entity FIRST_TOC_ENTRY_ID="29" DEPTH_LEVEL="1" PAGE_NO="4" HREF="/4/Ar00400" WORDCNT="479" IMAGES_RESOLUTION="140" INDEX_IN_DOC="29" SIZE="Large" NAME="New Mirror Lake dining facility to specialize in chicken tenders" ENTITY_TYPE="Article" ID="Ar00400"/>
				<Entity FIRST_TOC_ENTRY_ID="30" DEPTH_LEVEL="2" PAGE_NO="4" LOGICAL_NAME="true" HREF="/4/Pc00401" WORDCNT="0" IMAGES_RESOLUTION="140" INDEX_IN_DOC="30" SIZE="XLarge" EMBEDDED_AFTER="Ar0040000" EMBEDDED_BELOW="1" EMBEDDED_INTO="Ar00400" NAME="" ENTITY_TYPE="Picture" ID="Pc00401">
					<Image EXT="jpg" H="798" W="1407" ID="Pc0040100"/>
				</Entity>
				<Entity FIRST_TOC_ENTRY_ID="31" DEPTH_LEVEL="1" PAGE_NO="4" LOGICAL_NAME="true" HREF="/4/Ad00402" WORDCNT="0" IMAGES_RESOLUTION="140" INDEX_IN_DOC="31" SIZE="Large" NAME="" ENTITY_TYPE="Ad" ID="Ad00402">
					<Image H="1120" W="699" ID="Ad0040201"/>
				</Entity>
				<Entity FIRST_TOC_ENTRY_ID="28" DEPTH_LEVEL="1" PAGE_NO="4" HREF="/4/Ar00403" WORDCNT="18" IMAGES_RESOLUTION="140" INDEX_IN_DOC="28" SIZE="Small" NAME="ARTS" ENTITY_TYPE="Article" ID="Ar00403"/>
			</Page>
			<Page ID="Pg005" CROP_BOX="0 0 1649 2549" MEDIA_BOX="0 0 1649 2549" HREF="/5/Pg005" TOTAL_CHARS_COUNT="0" SUSPICIOUS_CHARS_COUNT="0" PAGE_HEIGHT="2550" PAGE_WIDTH="1650" PAGE_TYPE="Single" PAGE_LABEL="5" PAGE_NO="5">
				<Entity FIRST_TOC_ENTRY_ID="32" DEPTH_LEVEL="1" PAGE_NO="5" LOGICAL_NAME="true" HREF="/5/Ad00500" WORDCNT="56" IMAGES_RESOLUTION="140" INDEX_IN_DOC="32" SIZE="XLarge" NAME="" ENTITY_TYPE="Ad" ID="Ad00500">
					<Image H="2178" W="1332" ID="Ad0050001"/>
				</Entity>
			</Page>
			<Page ID="Pg006" CROP_BOX="0 0 1649 2549" MEDIA_BOX="0 0 1649 2549" HREF="/6/Pg006" TOTAL_CHARS_COUNT="2143" SUSPICIOUS_CHARS_COUNT="0" PAGE_HEIGHT="2550" PAGE_WIDTH="1650" PAGE_TYPE="Single" PAGE_LABEL="6" PAGE_NO="6">
				<Entity FIRST_TOC_ENTRY_ID="33" DEPTH_LEVEL="1" PAGE_NO="6" HREF="/6/Ar00600" WORDCNT="493" IMAGES_RESOLUTION="140" INDEX_IN_DOC="33" SIZE="Large" NAME="Prime Social Group and A&amp;R Creative Group team up to expand campus nightlife" ENTITY_TYPE="Article" ID="Ar00600"/>
				<Entity FIRST_TOC_ENTRY_ID="34" DEPTH_LEVEL="2" PAGE_NO="6" LOGICAL_NAME="true" HREF="/6/Pc00601" WORDCNT="0" IMAGES_RESOLUTION="140" INDEX_IN_DOC="34" SIZE="Large" EMBEDDED_AFTER="Ar0060000" EMBEDDED_BELOW="1" EMBEDDED_INTO="Ar00600" NAME="" ENTITY_TYPE="Picture" ID="Pc00601">
					<Image EXT="jpg" H="826" W="830" ID="Pc0060100"/>
				</Entity>
				<Entity FIRST_TOC_ENTRY_ID="35" DEPTH_LEVEL="1" PAGE_NO="6" LOGICAL_NAME="true" HREF="/6/Ad00602" WORDCNT="30" IMAGES_RESOLUTION="140" INDEX_IN_DOC="35" SIZE="XLarge" NAME="" ENTITY_TYPE="Ad" ID="Ad00602">
					<Image H="1120" W="1360" ID="Ad0060201"/>
				</Entity>
			</Page>
			<Page ID="Pg007" CROP_BOX="0 0 1649 2549" MEDIA_BOX="0 0 1649 2549" HREF="/7/Pg007" TOTAL_CHARS_COUNT="2922" SUSPICIOUS_CHARS_COUNT="0" PAGE_HEIGHT="2550" PAGE_WIDTH="1650" PAGE_TYPE="Single" PAGE_LABEL="7" PAGE_NO="7">
				<Entity FIRST_TOC_ENTRY_ID="36" DEPTH_LEVEL="1" PAGE_NO="7" HREF="/7/Ar00700" WORDCNT="770" IMAGES_RESOLUTION="140" INDEX_IN_DOC="36" SIZE="Large" NAME="Local artist Lil Loski brings blended genres to Breakaway stage" ENTITY_TYPE="Article" ID="Ar00700"/>
				<Entity FIRST_TOC_ENTRY_ID="37" DEPTH_LEVEL="2" PAGE_NO="7" LOGICAL_NAME="true" HREF="/7/Pc00701" WORDCNT="0" IMAGES_RESOLUTION="140" INDEX_IN_DOC="37" SIZE="Medium" EMBEDDED_AFTER="Ar0070000" EMBEDDED_BELOW="1" EMBEDDED_INTO="Ar00700" NAME="" ENTITY_TYPE="Picture" ID="Pc00701">
					<Image EXT="jpg" H="888" W="545" ID="Pc0070100"/>
				</Entity>
				<Entity FIRST_TOC_ENTRY_ID="38" DEPTH_LEVEL="2" PAGE_NO="7" LOGICAL_NAME="true" HREF="/7/Pc00702" WORDCNT="0" IMAGES_RESOLUTION="140" INDEX_IN_DOC="38" SIZE="Small" EMBEDDED_AFTER="Ar0070000" EMBEDDED_BELOW="1" EMBEDDED_INTO="Ar00700" NAME="" ENTITY_TYPE="Picture" ID="Pc00702">
					<Image EXT="jpg" H="165" W="254" ID="Pc0070200"/>
				</Entity>
				<Entity FIRST_TOC_ENTRY_ID="39" DEPTH_LEVEL="1" PAGE_NO="7" LOGICAL_NAME="true" HREF="/7/Ad00703" WORDCNT="118" IMAGES_RESOLUTION="140" INDEX_IN_DOC="39" SIZE="XLarge" NAME="" ENTITY_TYPE="Ad" ID="Ad00703">
					<Image H="1128" W="1405" ID="Ad0070301"/>
				</Entity>
			</Page>
			<Page ID="Pg008" CROP_BOX="0 0 1649 2549" MEDIA_BOX="0 0 1649 2549" HREF="/8/Pg008" TOTAL_CHARS_COUNT="48" SUSPICIOUS_CHARS_COUNT="0" PAGE_HEIGHT="2550" PAGE_WIDTH="1650" PAGE_TYPE="Single" PAGE_LABEL="8" PAGE_NO="8">
				<Entity FIRST_TOC_ENTRY_ID="46" DEPTH_LEVEL="1" PAGE_NO="8" LOGICAL_NAME="true" HREF="/8/Ad00800" WORDCNT="399" IMAGES_RESOLUTION="140" INDEX_IN_DOC="46" SIZE="XLarge" NAME="" ENTITY_TYPE="Ad" ID="Ad00800">
					<Image H="1113" W="1399" ID="Ad0080001"/>
				</Entity>
				<Entity FIRST_TOC_ENTRY_ID="40" DEPTH_LEVEL="1" PAGE_NO="8" HREF="/8/Ar00801" WORDCNT="9" IMAGES_RESOLUTION="140" INDEX_IN_DOC="40" SIZE="Small" NAME="Inside Pomerene Hall" ENTITY_TYPE="Article" ID="Ar00801"/>
				<Entity FIRST_TOC_ENTRY_ID="41" DEPTH_LEVEL="2" PAGE_NO="8" LOGICAL_NAME="true" HREF="/8/Pc00802" WORDCNT="0" IMAGES_RESOLUTION="140" INDEX_IN_DOC="41" SIZE="Small" EMBEDDED_AFTER="Ar0080100" EMBEDDED_INTERSECT="1" EMBEDDED_INTO="Ar00801" NAME="" ENTITY_TYPE="Picture" ID="Pc00802">
					<Image EXT="jpg" H="395" W="452" ID="Pc0080200"/>
				</Entity>
				<Entity FIRST_TOC_ENTRY_ID="42" DEPTH_LEVEL="2" PAGE_NO="8" LOGICAL_NAME="true" HREF="/8/Pc00803" WORDCNT="0" IMAGES_RESOLUTION="140" INDEX_IN_DOC="42" SIZE="Small" EMBEDDED_AFTER="Ar0080100" EMBEDDED_BELOW="1" EMBEDDED_INTO="Ar00801" NAME="" ENTITY_TYPE="Picture" ID="Pc00803">
					<Image EXT="jpg" H="457" W="540" ID="Pc0080300"/>
				</Entity>
				<Entity FIRST_TOC_ENTRY_ID="43" DEPTH_LEVEL="2" PAGE_NO="8" LOGICAL_NAME="true" HREF="/8/Pc00804" WORDCNT="0" IMAGES_RESOLUTION="140" INDEX_IN_DOC="43" SIZE="Medium" EMBEDDED_AFTER="Ar0080100" EMBEDDED_RIGHT="1" EMBEDDED_INTO="Ar00801" NAME="" ENTITY_TYPE="Picture" ID="Pc00804">
					<Image EXT="jpg" H="632" W="422" ID="Pc0080400"/>
				</Entity>
				<Entity FIRST_TOC_ENTRY_ID="44" DEPTH_LEVEL="2" PAGE_NO="8" LOGICAL_NAME="true" HREF="/8/Pc00805" WORDCNT="0" IMAGES_RESOLUTION="140" INDEX_IN_DOC="44" SIZE="Medium" EMBEDDED_AFTER="Ar0080100" EMBEDDED_BELOW="1" EMBEDDED_INTO="Ar00801" NAME="" ENTITY_TYPE="Picture" ID="Pc00805">
					<Image EXT="jpg" H="617" W="800" ID="Pc0080500"/>
				</Entity>
				<Entity FIRST_TOC_ENTRY_ID="45" DEPTH_LEVEL="2" PAGE_NO="8" LOGICAL_NAME="true" HREF="/8/Pc00806" WORDCNT="0" IMAGES_RESOLUTION="140" INDEX_IN_DOC="45" SIZE="Medium" EMBEDDED_AFTER="Ar0080100" EMBEDDED_BELOW="1" EMBEDDED_INTO="Ar00801" NAME="" ENTITY_TYPE="Picture" ID="Pc00806">
					<Image EXT="jpg" H="472" W="605" ID="Pc0080600"/>
				</Entity>
			</Page>
			<Page ID="Pg009" CROP_BOX="0 0 1649 2549" MEDIA_BOX="0 0 1649 2549" HREF="/9/Pg009" TOTAL_CHARS_COUNT="3990" SUSPICIOUS_CHARS_COUNT="0" PAGE_HEIGHT="2550" PAGE_WIDTH="1650" PAGE_TYPE="Single" PAGE_LABEL="9" PAGE_NO="9">
				<Entity FIRST_TOC_ENTRY_ID="48" DEPTH_LEVEL="1" PAGE_NO="9" HREF="/9/Ar00900" WORDCNT="930" IMAGES_RESOLUTION="140" INDEX_IN_DOC="48" SIZE="XLarge" NAME="Ohio State brings running back depth back in 2018" ENTITY_TYPE="Article" ID="Ar00900"/>
				<Entity FIRST_TOC_ENTRY_ID="49" DEPTH_LEVEL="2" PAGE_NO="9" LOGICAL_NAME="true" HREF="/9/Pc00901" WORDCNT="0" IMAGES_RESOLUTION="140" INDEX_IN_DOC="49" SIZE="Small" EMBEDDED_AFTER="Ar0090000" EMBEDDED_BELOW="1" EMBEDDED_INTO="Ar00900" NAME="" ENTITY_TYPE="Picture" ID="Pc00901">
					<Image EXT="jpg" H="416" W="333" ID="Pc0090100"/>
				</Entity>
				<Entity FIRST_TOC_ENTRY_ID="50" DEPTH_LEVEL="2" PAGE_NO="9" LOGICAL_NAME="true" HREF="/9/Pc00902" WORDCNT="0" IMAGES_RESOLUTION="140" INDEX_IN_DOC="50" SIZE="Small" EMBEDDED_AFTER="Ar0090000" EMBEDDED_BELOW="1" EMBEDDED_INTO="Ar00900" NAME="" ENTITY_TYPE="Picture" ID="Pc00902">
					<Image EXT="jpg" H="418" W="332" ID="Pc0090200"/>
				</Entity>
				<Entity FIRST_TOC_ENTRY_ID="47" DEPTH_LEVEL="1" PAGE_NO="9" LOGICAL_NAME="true" HREF="/9/Ad00903" WORDCNT="6" IMAGES_RESOLUTION="140" INDEX_IN_DOC="47" SIZE="Large" NAME="" ENTITY_TYPE="Ad" ID="Ad00903">
					<Image H="574" W="1403" ID="Ad0090301"/>
				</Entity>
				<Entity FIRST_TOC_ENTRY_ID="51" DEPTH_LEVEL="1" PAGE_NO="9" LOGICAL_NAME="true" HREF="/9/Ad00904" WORDCNT="45" IMAGES_RESOLUTION="140" INDEX_IN_DOC="51" SIZE="Large" NAME="" ENTITY_TYPE="Ad" ID="Ad00904">
					<Image H="1118" W="703" ID="Ad0090401"/>
				</Entity>
			</Page>
			<Page ID="Pg010" CROP_BOX="0 0 1649 2549" MEDIA_BOX="0 0 1649 2549" HREF="/10/Pg010" TOTAL_CHARS_COUNT="1885" SUSPICIOUS_CHARS_COUNT="0" PAGE_HEIGHT="2550" PAGE_WIDTH="1650" PAGE_TYPE="Single" PAGE_LABEL="10" PAGE_NO="10">
				<Entity FIRST_TOC_ENTRY_ID="10" DEPTH_LEVEL="1" PAGE_NO="10" HREF="/10/Ar01000" WORDCNT="247" IMAGES_RESOLUTION="140" INDEX_IN_DOC="10" SIZE="Medium" CONTINUATION_FROM="Ar01200" NAME="MEYER" ENTITY_TYPE="Article" ID="Ar01000"/>
				<Entity FIRST_TOC_ENTRY_ID="54" DEPTH_LEVEL="2" PAGE_NO="10" LOGICAL_NAME="true" HREF="/10/Pc01001" WORDCNT="0" IMAGES_RESOLUTION="140" INDEX_IN_DOC="54" SIZE="Large" EMBEDDED_AFTER="Ar0100700" EMBEDDED_RIGHT="1" EMBEDDED_INTO="Ar01007" NAME="" ENTITY_TYPE="Picture" ID="Pc01001">
					<Image EXT="jpg" H="844" W="835" ID="Pc0100100"/>
				</Entity>
				<Entity FIRST_TOC_ENTRY_ID="55" DEPTH_LEVEL="2" PAGE_NO="10" LOGICAL_NAME="true" HREF="/10/Pc01002" WORDCNT="0" IMAGES_RESOLUTION="140" INDEX_IN_DOC="55" SIZE="Medium" EMBEDDED_AFTER="Ar0100700" EMBEDDED_BELOW="1" EMBEDDED_INTO="Ar01007" NAME="" ENTITY_TYPE="Picture" ID="Pc01002">
					<Image EXT="jpg" H="551" W="567" ID="Pc0100200"/>
				</Entity>
				<Entity FIRST_TOC_ENTRY_ID="11" DEPTH_LEVEL="2" PAGE_NO="10" LOGICAL_NAME="true" HREF="/10/Pc01003" WORDCNT="0" IMAGES_RESOLUTION="140" INDEX_IN_DOC="11" SIZE="Small" EMBEDDED_AFTER="Ar0100000" EMBEDDED_BELOW="1" EMBEDDED_RIGHT="1" EMBEDDED_INTO="Ar01000" NAME="" ENTITY_TYPE="Picture" ID="Pc01003">
					<Image EXT="jpg" H="243" W="226" ID="Pc0100300"/>
				</Entity>
				<Entity FIRST_TOC_ENTRY_ID="12" DEPTH_LEVEL="2" PAGE_NO="10" LOGICAL_NAME="true" HREF="/10/Pc01004" WORDCNT="0" IMAGES_RESOLUTION="140" INDEX_IN_DOC="12" SIZE="Small" EMBEDDED_AFTER="Ar0100000" EMBEDDED_BELOW="1" EMBEDDED_INTO="Ar01000" NAME="" ENTITY_TYPE="Picture" ID="Pc01004">
					<Image EXT="jpg" H="43" W="297" ID="Pc0100400"/>
				</Entity>
				<Entity FIRST_TOC_ENTRY_ID="13" DEPTH_LEVEL="2" PAGE_NO="10" LOGICAL_NAME="true" HREF="/10/Pc01005" WORDCNT="0" IMAGES_RESOLUTION="140" INDEX_IN_DOC="13" SIZE="Small" EMBEDDED_AFTER="Ar0100000" EMBEDDED_BELOW="1" EMBEDDED_INTO="Ar01000" NAME="" ENTITY_TYPE="Picture" ID="Pc01005">
					<Image EXT="jpg" H="39" W="293" ID="Pc0100500"/>
				</Entity>
				<Entity FIRST_TOC_ENTRY_ID="52" DEPTH_LEVEL="1" PAGE_NO="10" LOGICAL_NAME="true" HREF="/10/Ad01006" WORDCNT="0" IMAGES_RESOLUTION="140" INDEX_IN_DOC="52" SIZE="Large" NAME="" ENTITY_TYPE="Ad" ID="Ad01006">
					<Image H="1120" W="700" ID="Ad0100601"/>
				</Entity>
				<Entity FIRST_TOC_ENTRY_ID="53" DEPTH_LEVEL="1" PAGE_NO="10" HREF="/10/Ar01007" WORDCNT="161" IMAGES_RESOLUTION="140" INDEX_IN_DOC="53" SIZE="Small" NAME="Puzzles" ENTITY_TYPE="Article" ID="Ar01007"/>
				<Entity FIRST_TOC_ENTRY_ID="56" DEPTH_LEVEL="1" PAGE_NO="10" HREF="/10/Ar01008" WORDCNT="88" IMAGES_RESOLUTION="140" INDEX_IN_DOC="56" SIZE="Medium" NAME="AP Poll Top 25" ENTITY_TYPE="Article" ID="Ar01008"/>
			</Page>
			<Page ID="Pg011" CROP_BOX="0 0 1649 2549" MEDIA_BOX="0 0 1649 2549" HREF="/11/Pg011" TOTAL_CHARS_COUNT="0" SUSPICIOUS_CHARS_COUNT="0" PAGE_HEIGHT="2550" PAGE_WIDTH="1650" PAGE_TYPE="Single" PAGE_LABEL="11" PAGE_NO="11">
				<Entity FIRST_TOC_ENTRY_ID="57" DEPTH_LEVEL="1" PAGE_NO="11" LOGICAL_NAME="true" HREF="/11/Ad01100" WORDCNT="247" IMAGES_RESOLUTION="140" INDEX_IN_DOC="57" SIZE="XLarge" NAME="" ENTITY_TYPE="Ad" ID="Ad01100">
					<Image H="2220" W="1408" ID="Ad0110001"/>
				</Entity>
			</Page>
			<Page ID="Pg012" CROP_BOX="0 0 1649 2549" MEDIA_BOX="0 0 1649 2549" HREF="/12/Pg012" TOTAL_CHARS_COUNT="5409" SUSPICIOUS_CHARS_COUNT="0" PAGE_HEIGHT="2550" PAGE_WIDTH="1650" PAGE_TYPE="Single" PAGE_LABEL="12" PAGE_NO="12">
				<Entity FIRST_TOC_ENTRY_ID="8" DEPTH_LEVEL="1" PAGE_NO="12" HREF="/12/Ar01200" WORDCNT="648" IMAGES_RESOLUTION="140" INDEX_IN_DOC="8" SIZE="Large" CONTINUATION_TO="Ar01000" CONTINUATION_FROM="Ar00301" NAME="End in sight for Meyer investigation" ENTITY_TYPE="Article" ID="Ar01200"/>
				<Entity FIRST_TOC_ENTRY_ID="59" DEPTH_LEVEL="1" PAGE_NO="12" HREF="/12/Ar01201" WORDCNT="551" IMAGES_RESOLUTION="140" INDEX_IN_DOC="59" SIZE="Large" NAME="Experienced wide receivers bring stability to interim coach" ENTITY_TYPE="Article" ID="Ar01201"/>
				<Entity FIRST_TOC_ENTRY_ID="9" DEPTH_LEVEL="2" PAGE_NO="12" LOGICAL_NAME="true" HREF="/12/Pc01202" WORDCNT="0" IMAGES_RESOLUTION="140" INDEX_IN_DOC="9" SIZE="Large" EMBEDDED_AFTER="Ar0120000" EMBEDDED_BELOW="1" EMBEDDED_INTO="Ar01200" NAME="" ENTITY_TYPE="Picture" ID="Pc01202">
					<Image EXT="jpg" H="798" W="830" ID="Pc0120200"/>
				</Entity>
				<Entity FIRST_TOC_ENTRY_ID="60" DEPTH_LEVEL="2" PAGE_NO="12" LOGICAL_NAME="true" HREF="/12/Pc01203" WORDCNT="0" IMAGES_RESOLUTION="140" INDEX_IN_DOC="60" SIZE="Medium" EMBEDDED_AFTER="Ar0120100" EMBEDDED_BELOW="1" EMBEDDED_INTO="Ar01201" NAME="" ENTITY_TYPE="Picture" ID="Pc01203">
					<Image EXT="jpg" H="679" W="602" ID="Pc0120300"/>
				</Entity>
				<Entity FIRST_TOC_ENTRY_ID="58" DEPTH_LEVEL="1" PAGE_NO="12" HREF="/12/Ar01204" WORDCNT="17" IMAGES_RESOLUTION="140" INDEX_IN_DOC="58" SIZE="Small" NAME="RUNNING BACKS" ENTITY_TYPE="Article" ID="Ar01204"/>
			</Page>
		</Section>
	</Body_np>
	<Logic_np><TOC_Entries><TOC_Entry TOC_ENTRY_ID="1" TITLE="SUMMER OF ALLEGATIONS" ENTITY_ID_REF="Ar00100" PAGE_NO="1" PAGE_LABEL="1" PRIM_ID_REF="Ar0010000" IS_IC="true"><TOC_Entry TOC_ENTRY_ID="2" TITLE="" ENTITY_ID_REF="Pc00101" PAGE_NO="1" PAGE_LABEL="1" PRIM_ID_REF="Pc0010100" IS_IC="true"/><TOC_Entry TOC_ENTRY_ID="3" TITLE="" ENTITY_ID_REF="Pc00102" PAGE_NO="1" PAGE_LABEL="1" PRIM_ID_REF="Pc0010200" IS_IC="true"/><TOC_Entry TOC_ENTRY_ID="4" TITLE="" ENTITY_ID_REF="Pc00103" PAGE_NO="1" PAGE_LABEL="1" PRIM_ID_REF="Pc0010300" IS_IC="true"/><TOC_Entry TOC_ENTRY_ID="5" TITLE="" ENTITY_ID_REF="Pc00104" PAGE_NO="1" PAGE_LABEL="1" PRIM_ID_REF="Pc0010400" IS_IC="true"/><TOC_Entry TOC_ENTRY_ID="6" TITLE="" ENTITY_ID_REF="Pc00105" PAGE_NO="1" PAGE_LABEL="1" PRIM_ID_REF="Pc0010500" IS_IC="true"/></TOC_Entry><TOC_Entry TOC_ENTRY_ID="7" TITLE="STORY" ENTITY_ID_REF="Ar00301" PAGE_NO="3" PAGE_LABEL="3" PRIM_ID_REF="Ar0030100"/><TOC_Entry TOC_ENTRY_ID="8" TITLE="End in sight for Meyer investigation" ENTITY_ID_REF="Ar01200" PAGE_NO="12" PAGE_LABEL="12" PRIM_ID_REF="Ar0120000"><TOC_Entry TOC_ENTRY_ID="9" TITLE="" ENTITY_ID_REF="Pc01202" PAGE_NO="12" PAGE_LABEL="12" PRIM_ID_REF="Pc0120200" IS_IC="true"/></TOC_Entry><TOC_Entry TOC_ENTRY_ID="10" TITLE="MEYER" ENTITY_ID_REF="Ar01000" PAGE_NO="10" PAGE_LABEL="10" PRIM_ID_REF="Ar0100000"><TOC_Entry TOC_ENTRY_ID="11" TITLE="" ENTITY_ID_REF="Pc01003" PAGE_NO="10" PAGE_LABEL="10" PRIM_ID_REF="Pc0100300" IS_IC="true"/><TOC_Entry TOC_ENTRY_ID="12" TITLE="" ENTITY_ID_REF="Pc01004" PAGE_NO="10" PAGE_LABEL="10" PRIM_ID_REF="Pc0100400" IS_IC="true"/><TOC_Entry TOC_ENTRY_ID="13" TITLE="" ENTITY_ID_REF="Pc01005" PAGE_NO="10" PAGE_LABEL="10" PRIM_ID_REF="Pc0100500" IS_IC="true"/></TOC_Entry><TOC_Entry TOC_ENTRY_ID="14" TITLE="LETTER FROM THE EDITOR EDWARD SUTELAN" ENTITY_ID_REF="Ar00107" PAGE_NO="1" PAGE_LABEL="1" PRIM_ID_REF="Ar0010700" IS_IC="true"><TOC_Entry TOC_ENTRY_ID="15" TITLE="" ENTITY_ID_REF="Pc00108" PAGE_NO="1" PAGE_LABEL="1" PRIM_ID_REF="Pc0010800" IS_IC="true"/></TOC_Entry><TOC_Entry TOC_ENTRY_ID="16" TITLE="" ENTITY_ID_REF="Ad00106" PAGE_NO="1" PAGE_LABEL="1" PRIM_ID_REF="Ad0010601" IS_IC="true"/><TOC_Entry TOC_ENTRY_ID="17" TITLE="Mirror Lake re-emerges with new look" ENTITY_ID_REF="Ar00200" PAGE_NO="2" PAGE_LABEL="2" PRIM_ID_REF="Ar0020000" IS_IC="true"><TOC_Entry TOC_ENTRY_ID="18" TITLE="" ENTITY_ID_REF="Pc00201" PAGE_NO="2" PAGE_LABEL="2" PRIM_ID_REF="Pc0020100" IS_IC="true"/><TOC_Entry TOC_ENTRY_ID="19" TITLE="" ENTITY_ID_REF="Pc00203" PAGE_NO="2" PAGE_LABEL="2" PRIM_ID_REF="Pc0020300" IS_IC="true"/></TOC_Entry><TOC_Entry TOC_ENTRY_ID="20" TITLE="" ENTITY_ID_REF="Ad00202" PAGE_NO="2" PAGE_LABEL="2" PRIM_ID_REF="Ad0020201" IS_IC="true"/><TOC_Entry TOC_ENTRY_ID="21" TITLE="Pomerene Hall Restored" ENTITY_ID_REF="Ar00300" PAGE_NO="3" PAGE_LABEL="3" PRIM_ID_REF="Ar0030000" IS_IC="true"><TOC_Entry TOC_ENTRY_ID="22" TITLE="" ENTITY_ID_REF="Pc00303" PAGE_NO="3" PAGE_LABEL="3" PRIM_ID_REF="Pc0030300" IS_IC="true"/><TOC_Entry TOC_ENTRY_ID="23" TITLE="" ENTITY_ID_REF="Pc00304" PAGE_NO="3" PAGE_LABEL="3" PRIM_ID_REF="Pc0030400" IS_IC="true"/><TOC_Entry TOC_ENTRY_ID="24" TITLE="" ENTITY_ID_REF="Pc00305" PAGE_NO="3" PAGE_LABEL="3" PRIM_ID_REF="Pc0030500" IS_IC="true"/><TOC_Entry TOC_ENTRY_ID="25" TITLE="" ENTITY_ID_REF="Pc00306" PAGE_NO="3" PAGE_LABEL="3" PRIM_ID_REF="Pc0030600" IS_IC="true"/></TOC_Entry><TOC_Entry TOC_ENTRY_ID="26" TITLE="" ENTITY_ID_REF="Ad00307" PAGE_NO="3" PAGE_LABEL="3" PRIM_ID_REF="Ad0030701" IS_IC="true"/><TOC_Entry TOC_ENTRY_ID="27" TITLE="" ENTITY_ID_REF="Ad00302" PAGE_NO="3" PAGE_LABEL="3" PRIM_ID_REF="Ad0030201" IS_IC="true"/><TOC_Entry TOC_ENTRY_ID="28" TITLE="ARTS" ENTITY_ID_REF="Ar00403" PAGE_NO="4" PAGE_LABEL="4" PRIM_ID_REF="Ar0040300" IS_IC="true"/><TOC_Entry TOC_ENTRY_ID="29" TITLE="New Mirror Lake dining facility to specialize in chicken tenders" ENTITY_ID_REF="Ar00400" PAGE_NO="4" PAGE_LABEL="4" PRIM_ID_REF="Ar0040000" IS_IC="true"><TOC_Entry TOC_ENTRY_ID="30" TITLE="" ENTITY_ID_REF="Pc00401" PAGE_NO="4" PAGE_LABEL="4" PRIM_ID_REF="Pc0040100" IS_IC="true"/></TOC_Entry><TOC_Entry TOC_ENTRY_ID="31" TITLE="" ENTITY_ID_REF="Ad00402" PAGE_NO="4" PAGE_LABEL="4" PRIM_ID_REF="Ad0040201" IS_IC="true"/><TOC_Entry TOC_ENTRY_ID="32" TITLE="" ENTITY_ID_REF="Ad00500" PAGE_NO="5" PAGE_LABEL="5" PRIM_ID_REF="Ad0050001" IS_IC="true"/><TOC_Entry TOC_ENTRY_ID="33" TITLE="Prime Social Group and A&amp;R Creative Group team up to expand campus nightlife" ENTITY_ID_REF="Ar00600" PAGE_NO="6" PAGE_LABEL="6" PRIM_ID_REF="Ar0060000" IS_IC="true"><TOC_Entry TOC_ENTRY_ID="34" TITLE="" ENTITY_ID_REF="Pc00601" PAGE_NO="6" PAGE_LABEL="6" PRIM_ID_REF="Pc0060100" IS_IC="true"/></TOC_Entry><TOC_Entry TOC_ENTRY_ID="35" TITLE="" ENTITY_ID_REF="Ad00602" PAGE_NO="6" PAGE_LABEL="6" PRIM_ID_REF="Ad0060201" IS_IC="true"/><TOC_Entry TOC_ENTRY_ID="36" TITLE="Local artist Lil Loski brings blended genres to Breakaway stage" ENTITY_ID_REF="Ar00700" PAGE_NO="7" PAGE_LABEL="7" PRIM_ID_REF="Ar0070000" IS_IC="true"><TOC_Entry TOC_ENTRY_ID="37" TITLE="" ENTITY_ID_REF="Pc00701" PAGE_NO="7" PAGE_LABEL="7" PRIM_ID_REF="Pc0070100" IS_IC="true"/><TOC_Entry TOC_ENTRY_ID="38" TITLE="" ENTITY_ID_REF="Pc00702" PAGE_NO="7" PAGE_LABEL="7" PRIM_ID_REF="Pc0070200" IS_IC="true"/></TOC_Entry><TOC_Entry TOC_ENTRY_ID="39" TITLE="" ENTITY_ID_REF="Ad00703" PAGE_NO="7" PAGE_LABEL="7" PRIM_ID_REF="Ad0070301" IS_IC="true"/><TOC_Entry TOC_ENTRY_ID="40" TITLE="Inside Pomerene Hall" ENTITY_ID_REF="Ar00801" PAGE_NO="8" PAGE_LABEL="8" PRIM_ID_REF="Ar0080100" IS_IC="true"><TOC_Entry TOC_ENTRY_ID="41" TITLE="" ENTITY_ID_REF="Pc00802" PAGE_NO="8" PAGE_LABEL="8" PRIM_ID_REF="Pc0080200" IS_IC="true"/><TOC_Entry TOC_ENTRY_ID="42" TITLE="" ENTITY_ID_REF="Pc00803" PAGE_NO="8" PAGE_LABEL="8" PRIM_ID_REF="Pc0080300" IS_IC="true"/><TOC_Entry TOC_ENTRY_ID="43" TITLE="" ENTITY_ID_REF="Pc00804" PAGE_NO="8" PAGE_LABEL="8" PRIM_ID_REF="Pc0080400" IS_IC="true"/><TOC_Entry TOC_ENTRY_ID="44" TITLE="" ENTITY_ID_REF="Pc00805" PAGE_NO="8" PAGE_LABEL="8" PRIM_ID_REF="Pc0080500" IS_IC="true"/><TOC_Entry TOC_ENTRY_ID="45" TITLE="" ENTITY_ID_REF="Pc00806" PAGE_NO="8" PAGE_LABEL="8" PRIM_ID_REF="Pc0080600" IS_IC="true"/></TOC_Entry><TOC_Entry TOC_ENTRY_ID="46" TITLE="" ENTITY_ID_REF="Ad00800" PAGE_NO="8" PAGE_LABEL="8" PRIM_ID_REF="Ad0080001" IS_IC="true"/><TOC_Entry TOC_ENTRY_ID="47" TITLE="" ENTITY_ID_REF="Ad00903" PAGE_NO="9" PAGE_LABEL="9" PRIM_ID_REF="Ad0090301" IS_IC="true"/><TOC_Entry TOC_ENTRY_ID="48" TITLE="Ohio State brings running back depth back in 2018" ENTITY_ID_REF="Ar00900" PAGE_NO="9" PAGE_LABEL="9" PRIM_ID_REF="Ar0090000" IS_IC="true"><TOC_Entry TOC_ENTRY_ID="49" TITLE="" ENTITY_ID_REF="Pc00901" PAGE_NO="9" PAGE_LABEL="9" PRIM_ID_REF="Pc0090100" IS_IC="true"/><TOC_Entry TOC_ENTRY_ID="50" TITLE="" ENTITY_ID_REF="Pc00902" PAGE_NO="9" PAGE_LABEL="9" PRIM_ID_REF="Pc0090200" IS_IC="true"/></TOC_Entry><TOC_Entry TOC_ENTRY_ID="51" TITLE="" ENTITY_ID_REF="Ad00904" PAGE_NO="9" PAGE_LABEL="9" PRIM_ID_REF="Ad0090401" IS_IC="true"/><TOC_Entry TOC_ENTRY_ID="52" TITLE="" ENTITY_ID_REF="Ad01006" PAGE_NO="10" PAGE_LABEL="10" PRIM_ID_REF="Ad0100601" IS_IC="true"/><TOC_Entry TOC_ENTRY_ID="53" TITLE="Puzzles" ENTITY_ID_REF="Ar01007" PAGE_NO="10" PAGE_LABEL="10" PRIM_ID_REF="Ar0100700" IS_IC="true"><TOC_Entry TOC_ENTRY_ID="54" TITLE="" ENTITY_ID_REF="Pc01001" PAGE_NO="10" PAGE_LABEL="10" PRIM_ID_REF="Pc0100100" IS_IC="true"/><TOC_Entry TOC_ENTRY_ID="55" TITLE="" ENTITY_ID_REF="Pc01002" PAGE_NO="10" PAGE_LABEL="10" PRIM_ID_REF="Pc0100200" IS_IC="true"/></TOC_Entry><TOC_Entry TOC_ENTRY_ID="56" TITLE="AP Poll Top 25" ENTITY_ID_REF="Ar01008" PAGE_NO="10" PAGE_LABEL="10" PRIM_ID_REF="Ar0100800" IS_IC="true"/><TOC_Entry TOC_ENTRY_ID="57" TITLE="" ENTITY_ID_REF="Ad01100" PAGE_NO="11" PAGE_LABEL="11" PRIM_ID_REF="Ad0110001" IS_IC="true"/><TOC_Entry TOC_ENTRY_ID="58" TITLE="RUNNING BACKS" ENTITY_ID_REF="Ar01204" PAGE_NO="12" PAGE_LABEL="12" PRIM_ID_REF="Ar0120400" IS_IC="true"/><TOC_Entry TOC_ENTRY_ID="59" TITLE="Experienced wide receivers bring stability to interim coach" ENTITY_ID_REF="Ar01201" PAGE_NO="12" PAGE_LABEL="12" PRIM_ID_REF="Ar0120100" IS_IC="true"><TOC_Entry TOC_ENTRY_ID="60" TITLE="" ENTITY_ID_REF="Pc01203" PAGE_NO="12" PAGE_LABEL="12" PRIM_ID_REF="Pc0120300" IS_IC="true"/></TOC_Entry></TOC_Entries></Logic_np></Xmd_toc>
