<x:xmpmeta xmlns:x="adobe:ns:meta/" x:xmptk="Adobe XMP Core 5.4-c005 78.147326, 2012/08/23-13:03:03        ">
	<rdf:RDF xmlns:rdf="http://www.w3.org/1999/02/22-rdf-syntax-ns#">
		<rdf:Description rdf:about="" xmlns:xmp="http://ns.adobe.com/xap/1.0/" xmlns:dc="http://purl.org/dc/elements/1.1/" xmlns:xmpMM="http://ns.adobe.com/xap/1.0/mm/" xmlns:pdf="http://ns.adobe.com/pdf/1.3/" xmlns:pdfx="http://ns.adobe.com/pdfx/1.3/" xmlns:Olv="Olive" xmp:ModifyDate="2019-08-31T10:40:55+05:30" xmp:CreateDate="2017-10-30T21:55:53-04:00" xmp:MetadataDate="2019-08-31T10:40:55+05:30" xmp:CreatorTool="Adobe InDesign CC 2017 (Macintosh)" dc:format="application/pdf" xmpMM:DocumentID="uuid:44fe7bd2-00f6-e345-a731-9e5ba1cd809b" xmpMM:InstanceID="uuid:f82964ac-021d-4073-9e03-2c822aeb2c3d" pdf:Producer="Adobe PDF Library 15.0" pdfx:OLV0_XMD_PAGE_COUNT="8" Olv:publication="OHI" Olv:issue_date="2017/10/31">
			<Olv:TimeTrack>
				<rdf:Seq>
					<rdf:li>
						<rdf:Description Olv:GUID="{D343BB7C-6708-4620-906C-E1566E5159CE}" Olv:Status="Succeeded" Olv:File="060-OHI-2017-10-31-0001.pdf" Olv:Pages="8" Olv:Comp="SEG03" Olv:User="pipex" Olv:Start="2019-08-06T13:22:40+05:30" Olv:End="2019-08-06T13:22:50+05:30" Olv:TotalTime="00:00:10" Olv:IdleTime="00:00:00">
							<Olv:Operations>
								<rdf:Bag>
									<rdf:li>Auto Segmentation</rdf:li>
									<rdf:li>First session</rdf:li>
								</rdf:Bag>
							</Olv:Operations>
						</rdf:Description>
					</rdf:li>
					<rdf:li>
						<rdf:Description Olv:GUID="{FCB3C842-514F-4AB7-81FC-A2B2F1384671}" Olv:Status="None" Olv:File="060-OHI-2017-10-31-0001.pdf" Olv:Pages="8" Olv:Comp="MDOPS-C15" Olv:User="001660" Olv:Start="2019-08-20T13:20:37+05:30" Olv:End="2019-08-20T13:54:13+05:30" Olv:TotalTime="00:33:36" Olv:IdleTime="00:02:01">
							<Olv:Operations>
								<rdf:Bag>
									<rdf:li>Edit Segmentation</rdf:li>
								</rdf:Bag>
							</Olv:Operations>
						</rdf:Description>
					</rdf:li>
					<rdf:li>
						<rdf:Description Olv:GUID="{620E2068-7408-4168-A909-725833B81F10}" Olv:Status="None" Olv:File="060-OHI-2017-10-31-0001.pdf" Olv:Pages="8" Olv:Comp="MDOPS-C07" Olv:User="000675" Olv:Start="2019-08-29T07:26:33+05:30" Olv:End="2019-08-29T07:37:57+05:30" Olv:TotalTime="00:11:24" Olv:IdleTime="00:04:26">
							<Olv:Operations>
								<rdf:Bag>
									<rdf:li>Edit Segmentation</rdf:li>
								</rdf:Bag>
							</Olv:Operations>
						</rdf:Description>
					</rdf:li>
					<rdf:li>
						<rdf:Description Olv:GUID="{4B11C4F9-62F0-4646-ACB6-A1D22AC7D3F2}" Olv:Status="Succeeded" Olv:File="060-OHI-2017-10-31-0001.pdf" Olv:Pages="8" Olv:Comp="SEG07" Olv:User="pipex" Olv:Start="2019-08-31T10:40:56+05:30" Olv:End="2019-08-31T10:41:56+05:30" Olv:TotalTime="00:01:00" Olv:IdleTime="00:01:00">
							<Olv:Operations>
								<rdf:Bag>
									<rdf:li>Output</rdf:li>
								</rdf:Bag>
							</Olv:Operations>
						</rdf:Description>
					</rdf:li>
				</rdf:Seq>
			</Olv:TimeTrack>
		</rdf:Description>
	</rdf:RDF>
</x:xmpmeta>
