<x:xmpmeta xmlns:x="adobe:ns:meta/" x:xmptk="Adobe XMP Core 5.4-c005 78.147326, 2012/08/23-13:03:03        ">
	<rdf:RDF xmlns:rdf="http://www.w3.org/1999/02/22-rdf-syntax-ns#">
		<rdf:Description rdf:about="" xmlns:xmp="http://ns.adobe.com/xap/1.0/" xmlns:dc="http://purl.org/dc/elements/1.1/" xmlns:xmpMM="http://ns.adobe.com/xap/1.0/mm/" xmlns:pdf="http://ns.adobe.com/pdf/1.3/" xmlns:pdfx="http://ns.adobe.com/pdfx/1.3/" xmlns:Olv="Olive" xmp:ModifyDate="2019-08-31T11:05:27+05:30" xmp:CreateDate="2017-04-10T21:50:47-04:00" xmp:MetadataDate="2019-08-31T11:05:27+05:30" xmp:CreatorTool="Adobe InDesign CC 2015 (Macintosh)" dc:format="application/pdf" xmpMM:DocumentID="uuid:0a0e33aa-85d2-8c41-ae0b-7b95fead9cef" xmpMM:InstanceID="uuid:eab622ad-6109-47e5-bb8f-e71a0a552f74" pdf:Producer="Adobe PDF Library 15.0" pdfx:OLV0_XMD_PAGE_COUNT="8" Olv:publication="OHI" Olv:issue_date="2017/ 4/11">
			<Olv:TimeTrack>
				<rdf:Seq>
					<rdf:li>
						<rdf:Description Olv:GUID="{9ABB7C55-79D6-4F33-88DF-8F05A546BE7F}" Olv:Status="Succeeded" Olv:File="060-OHI-2017-04-11-0001.pdf" Olv:Pages="8" Olv:Comp="SEG06" Olv:User="pipex" Olv:Start="2019-08-06T13:24:28+05:30" Olv:End="2019-08-06T13:24:40+05:30" Olv:TotalTime="00:00:12" Olv:IdleTime="00:00:00">
							<Olv:Operations>
								<rdf:Bag>
									<rdf:li>Auto Segmentation</rdf:li>
									<rdf:li>First session</rdf:li>
								</rdf:Bag>
							</Olv:Operations>
						</rdf:Description>
					</rdf:li>
					<rdf:li>
						<rdf:Description Olv:GUID="{5CA0DBB8-CDA8-455D-AF7B-5631711EB1DA}" Olv:Status="None" Olv:File="060-OHI-2017-04-11-0001.pdf" Olv:Pages="8" Olv:Comp="MDOPS-C14" Olv:User="001663" Olv:Start="2019-08-19T16:39:44+05:30" Olv:End="2019-08-19T16:48:15+05:30" Olv:TotalTime="00:08:31" Olv:IdleTime="00:00:34">
							<Olv:Operations>
								<rdf:Bag>
									<rdf:li>Edit Segmentation</rdf:li>
								</rdf:Bag>
							</Olv:Operations>
						</rdf:Description>
					</rdf:li>
					<rdf:li>
						<rdf:Description Olv:GUID="{012A796D-0D80-45DD-A595-69EDAF3A5734}" Olv:Status="None" Olv:File="060-OHI-2017-04-11-0001.pdf" Olv:Pages="8" Olv:Comp="MDOPS-C14" Olv:User="001663" Olv:Start="2019-08-19T16:48:46+05:30" Olv:End="2019-08-19T17:10:42+05:30" Olv:TotalTime="00:21:56" Olv:IdleTime="00:00:00">
							<Olv:Operations>
								<rdf:Bag>
									<rdf:li>Edit Segmentation</rdf:li>
								</rdf:Bag>
							</Olv:Operations>
						</rdf:Description>
					</rdf:li>
					<rdf:li>
						<rdf:Description Olv:GUID="{B24E9EDD-910A-4417-B5B6-C249931CC85D}" Olv:Status="None" Olv:File="060-OHI-2017-04-11-0001.pdf" Olv:Pages="8" Olv:Comp="MDOPS-C14" Olv:User="001663" Olv:Start="2019-08-20T09:20:23+05:30" Olv:End="2019-08-20T10:13:44+05:30" Olv:TotalTime="00:53:21" Olv:IdleTime="00:06:50">
							<Olv:Operations>
								<rdf:Bag>
									<rdf:li>Edit Segmentation</rdf:li>
								</rdf:Bag>
							</Olv:Operations>
						</rdf:Description>
					</rdf:li>
					<rdf:li>
						<rdf:Description Olv:GUID="{99ED05C7-CF82-4976-A3D8-512915E030F3}" Olv:Status="None" Olv:File="060-OHI-2017-04-11-0001.pdf" Olv:Pages="8" Olv:Comp="MDOPS-C2" Olv:User="001086" Olv:Start="2019-08-28T15:26:54+05:30" Olv:End="2019-08-28T15:40:39+05:30" Olv:TotalTime="00:13:45" Olv:IdleTime="00:03:47">
							<Olv:Operations>
								<rdf:Bag>
									<rdf:li>Edit Segmentation</rdf:li>
								</rdf:Bag>
							</Olv:Operations>
						</rdf:Description>
					</rdf:li>
					<rdf:li>
						<rdf:Description Olv:GUID="{D5199169-8568-4716-B5D8-9E156902CE35}" Olv:Status="Succeeded" Olv:File="060-OHI-2017-04-11-0001.pdf" Olv:Pages="8" Olv:Comp="SEG07" Olv:User="pipex" Olv:Start="2019-08-31T11:05:28+05:30" Olv:End="2019-08-31T11:06:19+05:30" Olv:TotalTime="00:00:51" Olv:IdleTime="00:00:51">
							<Olv:Operations>
								<rdf:Bag>
									<rdf:li>Output</rdf:li>
								</rdf:Bag>
							</Olv:Operations>
						</rdf:Description>
					</rdf:li>
				</rdf:Seq>
			</Olv:TimeTrack>
		</rdf:Description>
	</rdf:RDF>
</x:xmpmeta>
