<?xml version="1.0" encoding="windows-1252" standalone="no"?>
<Xmd_toc REPOSITORY_FORMAT="1.0" PRXML_VER="2.5" PUBLICATION="OHI" PUBLICATION_DESCRIPTION="" ISSUE_DATE="03/11/2016" RELEASE_NO="060-OHI-2016-11-03-0001" LANGUAGE="English">
	<Head_np>
		<Meta SOURCE_RESOLUTION="72" PDF_DESTINATION_MAPPED="OLV0_Page_0001" TITLE_SNP_EXT="png" AD_SNP_EXT="png" IMAGE_SNP_EXT="jpg" IS_SOLID="false" DOC_DATE="03/11/2016" DOC_UID="OHI_03/11/2016" DOC_VER="1" TOTAL_CHARS_COUNT="36503" SUSPICIOUS_CHARS_COUNT="0" IS_CROSS_ORDERED="false" MULTI_LAYER_PAGE_IMG="true" DEFAULT_PREVIEW_IMG_EXT="png" DEFAULT_IMG_EXT="png" DEFAULT_PRIM_IMG_EXT="jpg" PAGE_PREVIEW_RESOLUTION="15" PAGE_THUMBNAIL_RESOLUTION="150" IMAGES_RESOLUTION="140" PAGES_NUMBER="16" SOURCE_TYPE="TIFF" BASE_HREF="OHI/2016/11/03">
			<Publisher XMD_VER="2.8.201.103" ACROBAT_VER="11.012" PUBLISHER="Olive" PROFILE_ID="OHI-2016-11-03.ini">
				<PublishDate>Sat, 31 Aug 2019 04:24:20 UTC</PublishDate>
				<PublishSWFCompatible>false</PublishSWFCompatible>
			</Publisher>
			<Resolutions>
				<Resolution DEFAULT="true">150</Resolution>
			</Resolutions>
			<LayerResolutions>
				<Resolution GRAPHIC_IMG_EXT="jpg">110</Resolution>
				<Resolution GRAPHIC_IMG_EXT="jpg">140</Resolution>
			</LayerResolutions>
		</Meta>
		<Link SOURCE="060-OHI-2016-11-03-0001.pdf"/>
		<DataFiles>
			<Files TYPE="DOC_PDF" PRESENT="1"/>
			<Files TYPE="PAGE_PDF" PRESENT="0"/>
			<Files TYPE="DOC_IMG" PRESENT="0"/>
			<Files TYPE="PAGE_IMG" PRESENT="0"/>
			<Files TYPE="PAGE_VIEW_IMG" PRESENT="1"/>
			<Files TYPE="PAGE_LAYERS_IMG" PRESENT="1"/>
			<Files TYPE="PAGE_PREVIEW_IMG" PRESENT="1"/>
			<Files TYPE="PRIMITIVE_IMG" PRESENT="1"/>
			<Files TYPE="SNIPPET_IMG" PRESENT="1"/>
			<Files TYPE="SEGMENTATION" PRESENT="0"/>
			<Files TYPE="PAGINATION_TEMPLATE_BACKGROUND" PRESENT="0"/>
			<Files TYPE="EXTERNAL_FONTS" PRESENT="0"/>
			<Files TYPE="PROFILE" PRESENT="1"/>
			<Files TYPE="FOOTNOTES" PRESENT="0"/>
		</DataFiles>
	</Head_np>
	<Body_np>
		<Section NAME="Front Page">
			<Page ID="Pg001" CROP_BOX="0 0 1706 2549" MEDIA_BOX="0 0 1706 2549" HREF="/1/Pg001" MC="1" TOTAL_CHARS_COUNT="4126" SUSPICIOUS_CHARS_COUNT="0" PAGE_HEIGHT="2550" PAGE_WIDTH="1707" PAGE_TYPE="Single" PAGE_LABEL="1" PAGE_NO="1">
				<Entity FIRST_TOC_ENTRY_ID="8" DEPTH_LEVEL="1" PAGE_NO="1" HREF="/1/Ar00100" WORDCNT="249" IMAGES_RESOLUTION="140" INDEX_IN_DOC="8" SIZE="Medium" CONTINUATION_TO="Ar00500" NAME="Student takes STEP toward connecting with culture" ENTITY_TYPE="Article" ID="Ar00100"/>
				<Entity FIRST_TOC_ENTRY_ID="12" DEPTH_LEVEL="1" PAGE_NO="1" HREF="/1/Ar00101" WORDCNT="253" IMAGES_RESOLUTION="140" INDEX_IN_DOC="12" SIZE="Medium" CONTINUATION_TO="Ar00502" NAME="Landlords worry over future of market" ENTITY_TYPE="Article" ID="Ar00101"/>
				<Entity FIRST_TOC_ENTRY_ID="4" DEPTH_LEVEL="1" PAGE_NO="1" HREF="/1/Ar00102" WORDCNT="423" IMAGES_RESOLUTION="140" INDEX_IN_DOC="4" SIZE="Large" CONTINUATION_TO="Ar00501" NAME="Housing prices on the rise" ENTITY_TYPE="Article" ID="Ar00102"/>
				<Entity FIRST_TOC_ENTRY_ID="5" DEPTH_LEVEL="2" PAGE_NO="1" LOGICAL_NAME="true" HREF="/1/Pc00103" WORDCNT="0" IMAGES_RESOLUTION="140" INDEX_IN_DOC="5" SIZE="Medium" EMBEDDED_AFTER="Ar0010200" EMBEDDED_BELOW="1" EMBEDDED_INTO="Ar00102" NAME="" ENTITY_TYPE="Picture" ID="Pc00103">
					<Image EXT="jpg" H="607" W="855" ID="Pc0010300"/>
				</Entity>
				<Entity FIRST_TOC_ENTRY_ID="9" DEPTH_LEVEL="2" PAGE_NO="1" LOGICAL_NAME="true" HREF="/1/Pc00104" WORDCNT="0" IMAGES_RESOLUTION="140" INDEX_IN_DOC="9" SIZE="Small" EMBEDDED_AFTER="Ar0010000" EMBEDDED_BELOW="1" EMBEDDED_INTO="Ar00100" NAME="" ENTITY_TYPE="Picture" ID="Pc00104">
					<Image EXT="jpg" H="392" W="564" ID="Pc0010400"/>
				</Entity>
				<Entity FIRST_TOC_ENTRY_ID="18" DEPTH_LEVEL="1" PAGE_NO="1" LOGICAL_NAME="true" HREF="/1/Ad00105" WORDCNT="11" IMAGES_RESOLUTION="140" INDEX_IN_DOC="18" SIZE="Medium" NAME="" ENTITY_TYPE="Ad" ID="Ad00105">
					<Image H="206" W="1415" ID="Ad0010501"/>
				</Entity>
				<Entity FIRST_TOC_ENTRY_ID="1" DEPTH_LEVEL="1" PAGE_NO="1" HREF="/1/Ar00106" MC="1" WORDCNT="4" IMAGES_RESOLUTION="140" INDEX_IN_DOC="1" SIZE="Small" NAME="FALL HOUSING SPECIAL ISSUE" ENTITY_TYPE="Article" ID="Ar00106"/>
				<Entity FIRST_TOC_ENTRY_ID="2" DEPTH_LEVEL="2" PAGE_NO="1" LOGICAL_NAME="true" HREF="/1/Pc00107" WORDCNT="0" IMAGES_RESOLUTION="140" INDEX_IN_DOC="2" SIZE="Small" EMBEDDED_AFTER="Ar0010600" EMBEDDED_INTERSECT="1" EMBEDDED_INTO="Ar00106" NAME="" ENTITY_TYPE="Picture" ID="Pc00107">
					<Image EXT="jpg" H="169" W="484" ID="Pc0010700"/>
				</Entity>
				<Entity FIRST_TOC_ENTRY_ID="3" DEPTH_LEVEL="2" PAGE_NO="1" LOGICAL_NAME="true" HREF="/1/Pc00108" WORDCNT="0" IMAGES_RESOLUTION="140" INDEX_IN_DOC="3" SIZE="Small" EMBEDDED_AFTER="Ar0010600" EMBEDDED_INTERSECT="1" EMBEDDED_INTO="Ar00106" NAME="" ENTITY_TYPE="Picture" ID="Pc00108">
					<Image EXT="jpg" H="161" W="395" ID="Pc0010800"/>
				</Entity>
			</Page>
			<Page ID="Pg002" CROP_BOX="0 0 1706 2549" MEDIA_BOX="0 0 1706 2549" HREF="/2/Pg002" TOTAL_CHARS_COUNT="0" SUSPICIOUS_CHARS_COUNT="0" PAGE_HEIGHT="2550" PAGE_WIDTH="1707" PAGE_TYPE="Single" PAGE_LABEL="2" PAGE_NO="2">
				<Entity FIRST_TOC_ENTRY_ID="19" DEPTH_LEVEL="1" PAGE_NO="2" LOGICAL_NAME="true" HREF="/2/Ad00200" WORDCNT="11" IMAGES_RESOLUTION="140" INDEX_IN_DOC="19" SIZE="XLarge" NAME="" ENTITY_TYPE="Ad" ID="Ad00200">
					<Image H="1050" W="1340" ID="Ad0020001"/>
				</Entity>
				<Entity FIRST_TOC_ENTRY_ID="20" DEPTH_LEVEL="1" PAGE_NO="2" LOGICAL_NAME="true" HREF="/2/Ad00201" WORDCNT="0" IMAGES_RESOLUTION="140" INDEX_IN_DOC="20" SIZE="XLarge" NAME="" ENTITY_TYPE="Ad" ID="Ad00201">
					<Image H="1103" W="1418" ID="Ad0020101"/>
				</Entity>
			</Page>
			<Page ID="Pg003" CROP_BOX="0 0 1706 2549" MEDIA_BOX="0 0 1706 2549" HREF="/3/Pg003" TOTAL_CHARS_COUNT="3316" SUSPICIOUS_CHARS_COUNT="0" PAGE_HEIGHT="2550" PAGE_WIDTH="1707" PAGE_TYPE="Single" PAGE_LABEL="3" PAGE_NO="3">
				<Entity FIRST_TOC_ENTRY_ID="21" DEPTH_LEVEL="1" PAGE_NO="3" HREF="/3/Ar00300" WORDCNT="784" IMAGES_RESOLUTION="140" INDEX_IN_DOC="21" SIZE="Large" NAME="Small details make a house a home" ENTITY_TYPE="Article" ID="Ar00300"/>
				<Entity FIRST_TOC_ENTRY_ID="22" DEPTH_LEVEL="2" PAGE_NO="3" LOGICAL_NAME="true" HREF="/3/Pc00301" WORDCNT="0" IMAGES_RESOLUTION="140" INDEX_IN_DOC="22" SIZE="Small" EMBEDDED_AFTER="Ar0030000" EMBEDDED_BELOW="1" EMBEDDED_INTO="Ar00300" NAME="" ENTITY_TYPE="Picture" ID="Pc00301">
					<Image EXT="jpg" H="371" W="579" ID="Pc0030100"/>
				</Entity>
				<Entity FIRST_TOC_ENTRY_ID="23" DEPTH_LEVEL="2" PAGE_NO="3" LOGICAL_NAME="true" HREF="/3/Pc00302" WORDCNT="0" IMAGES_RESOLUTION="140" INDEX_IN_DOC="23" SIZE="Small" EMBEDDED_AFTER="Ar0030000" EMBEDDED_BELOW="1" EMBEDDED_INTO="Ar00300" NAME="" ENTITY_TYPE="Picture" ID="Pc00302">
					<Image EXT="jpg" H="323" W="579" ID="Pc0030200"/>
				</Entity>
				<Entity FIRST_TOC_ENTRY_ID="24" DEPTH_LEVEL="2" PAGE_NO="3" LOGICAL_NAME="true" HREF="/3/Pc00303" WORDCNT="0" IMAGES_RESOLUTION="140" INDEX_IN_DOC="24" SIZE="Small" EMBEDDED_AFTER="Ar0030000" EMBEDDED_BELOW="1" EMBEDDED_INTO="Ar00300" NAME="" ENTITY_TYPE="Picture" ID="Pc00303">
					<Image EXT="jpg" H="76" W="297" ID="Pc0030300"/>
				</Entity>
				<Entity FIRST_TOC_ENTRY_ID="25" DEPTH_LEVEL="2" PAGE_NO="3" LOGICAL_NAME="true" HREF="/3/Pc00304" WORDCNT="0" IMAGES_RESOLUTION="140" INDEX_IN_DOC="25" SIZE="Small" EMBEDDED_AFTER="Ar0030000" EMBEDDED_BELOW="1" EMBEDDED_INTO="Ar00300" NAME="" ENTITY_TYPE="Picture" ID="Pc00304">
					<Image EXT="jpg" H="61" W="297" ID="Pc0030400"/>
				</Entity>
				<Entity FIRST_TOC_ENTRY_ID="26" DEPTH_LEVEL="1" PAGE_NO="3" LOGICAL_NAME="true" HREF="/3/Ad00305" WORDCNT="29" IMAGES_RESOLUTION="140" INDEX_IN_DOC="26" SIZE="Medium" NAME="" ENTITY_TYPE="Ad" ID="Ad00305">
					<Image H="280" W="1145" ID="Ad0030501"/>
				</Entity>
				<Entity FIRST_TOC_ENTRY_ID="27" DEPTH_LEVEL="1" PAGE_NO="3" LOGICAL_NAME="true" HREF="/3/Ad00306" WORDCNT="38" IMAGES_RESOLUTION="140" INDEX_IN_DOC="27" SIZE="Large" NAME="" ENTITY_TYPE="Ad" ID="Ad00306">
					<Image H="770" W="1303" ID="Ad0030601"/>
				</Entity>
			</Page>
			<Page ID="Pg004" CROP_BOX="0 0 1706 2549" MEDIA_BOX="0 0 1706 2549" HREF="/4/Pg004" TOTAL_CHARS_COUNT="4280" SUSPICIOUS_CHARS_COUNT="0" PAGE_HEIGHT="2550" PAGE_WIDTH="1707" PAGE_TYPE="Single" PAGE_LABEL="4" PAGE_NO="4">
				<Entity FIRST_TOC_ENTRY_ID="28" DEPTH_LEVEL="1" PAGE_NO="4" HREF="/4/Ar00400" WORDCNT="536" IMAGES_RESOLUTION="140" INDEX_IN_DOC="28" SIZE="Large" NAME="Living campus grid" ENTITY_TYPE="Article" ID="Ar00400"/>
				<Entity FIRST_TOC_ENTRY_ID="31" DEPTH_LEVEL="1" PAGE_NO="4" LOGICAL_NAME="true" HREF="/4/Ar00401" WORDCNT="236" IMAGES_RESOLUTION="140" INDEX_IN_DOC="31" SIZE="Small" NAME="" ENTITY_TYPE="Article" ID="Ar00401"/>
				<Entity FIRST_TOC_ENTRY_ID="29" DEPTH_LEVEL="2" PAGE_NO="4" LOGICAL_NAME="true" HREF="/4/Pc00402" WORDCNT="0" IMAGES_RESOLUTION="140" INDEX_IN_DOC="29" SIZE="Large" EMBEDDED_AFTER="Ar0040000" EMBEDDED_BELOW="1" EMBEDDED_INTO="Ar00400" NAME="" ENTITY_TYPE="Picture" ID="Pc00402">
					<Image EXT="jpg" H="693" W="1054" ID="Pc0040200"/>
				</Entity>
				<Entity FIRST_TOC_ENTRY_ID="30" DEPTH_LEVEL="2" PAGE_NO="4" LOGICAL_NAME="true" HREF="/4/Pc00403" WORDCNT="0" IMAGES_RESOLUTION="140" INDEX_IN_DOC="30" SIZE="Small" EMBEDDED_AFTER="Ar0040000" EMBEDDED_BELOW="1" EMBEDDED_INTO="Ar00400" NAME="" ENTITY_TYPE="Picture" ID="Pc00403">
					<Image EXT="jpg" H="207" W="346" ID="Pc0040300"/>
				</Entity>
				<Entity FIRST_TOC_ENTRY_ID="32" DEPTH_LEVEL="1" PAGE_NO="4" LOGICAL_NAME="true" HREF="/4/Ad00404" WORDCNT="8" IMAGES_RESOLUTION="140" INDEX_IN_DOC="32" SIZE="Medium" NAME="" ENTITY_TYPE="Ad" ID="Ad00404">
					<Image H="924" W="345" ID="Ad0040401"/>
				</Entity>
				<Entity FIRST_TOC_ENTRY_ID="34" DEPTH_LEVEL="1" PAGE_NO="4" LOGICAL_NAME="true" HREF="/4/Ad00405" WORDCNT="2" IMAGES_RESOLUTION="140" INDEX_IN_DOC="34" SIZE="Small" NAME="" ENTITY_TYPE="Ad" ID="Ad00405">
					<Image H="630" W="377" ID="Ad0040501"/>
				</Entity>
				<Entity FIRST_TOC_ENTRY_ID="35" DEPTH_LEVEL="1" PAGE_NO="4" LOGICAL_NAME="true" HREF="/4/Ad00406" WORDCNT="312" IMAGES_RESOLUTION="140" INDEX_IN_DOC="35" SIZE="Medium" NAME="" ENTITY_TYPE="Ad" ID="Ad00406">
					<Image H="1180" W="372" ID="Ad0040601"/>
				</Entity>
				<Entity FIRST_TOC_ENTRY_ID="33" DEPTH_LEVEL="1" PAGE_NO="4" HREF="/4/Ar00407" WORDCNT="16" IMAGES_RESOLUTION="140" INDEX_IN_DOC="33" SIZE="Small" NAME="FOLLOW US" ENTITY_TYPE="Article" ID="Ar00407"/>
				<Entity FIRST_TOC_ENTRY_ID="36" DEPTH_LEVEL="1" PAGE_NO="4" HREF="/4/Ar00408" WORDCNT="88" IMAGES_RESOLUTION="140" INDEX_IN_DOC="36" SIZE="Small" NAME="Letters to the Editor" ENTITY_TYPE="Article" ID="Ar00408"/>
				<Entity FIRST_TOC_ENTRY_ID="37" DEPTH_LEVEL="1" PAGE_NO="4" HREF="/4/Ar00409" WORDCNT="30" IMAGES_RESOLUTION="140" INDEX_IN_DOC="37" SIZE="Small" NAME="Corrections" ENTITY_TYPE="Article" ID="Ar00409"/>
			</Page>
			<Page ID="Pg005" CROP_BOX="0 0 1706 2549" MEDIA_BOX="0 0 1706 2549" HREF="/5/Pg005" TOTAL_CHARS_COUNT="5923" SUSPICIOUS_CHARS_COUNT="0" PAGE_HEIGHT="2550" PAGE_WIDTH="1707" PAGE_TYPE="Single" PAGE_LABEL="5" PAGE_NO="5">
				<Entity FIRST_TOC_ENTRY_ID="10" DEPTH_LEVEL="1" PAGE_NO="5" HREF="/5/Ar00500" WORDCNT="268" IMAGES_RESOLUTION="140" INDEX_IN_DOC="10" SIZE="Medium" CONTINUATION_FROM="Ar00100" NAME="STEP" ENTITY_TYPE="Article" ID="Ar00500"/>
				<Entity FIRST_TOC_ENTRY_ID="6" DEPTH_LEVEL="1" PAGE_NO="5" HREF="/5/Ar00501" WORDCNT="251" IMAGES_RESOLUTION="140" INDEX_IN_DOC="6" SIZE="Small" CONTINUATION_FROM="Ar00102" NAME="RENT" ENTITY_TYPE="Article" ID="Ar00501"/>
				<Entity FIRST_TOC_ENTRY_ID="13" DEPTH_LEVEL="1" PAGE_NO="5" HREF="/5/Ar00502" WORDCNT="489" IMAGES_RESOLUTION="140" INDEX_IN_DOC="13" SIZE="Large" CONTINUATION_FROM="Ar00101" NAME="LANDLORDS" ENTITY_TYPE="Article" ID="Ar00502"/>
				<Entity FIRST_TOC_ENTRY_ID="39" DEPTH_LEVEL="1" PAGE_NO="5" LOGICAL_NAME="true" HREF="/5/Ad00503" WORDCNT="34" IMAGES_RESOLUTION="140" INDEX_IN_DOC="39" SIZE="Medium" NAME="" ENTITY_TYPE="Ad" ID="Ad00503">
					<Image H="789" W="696" ID="Ad0050301"/>
				</Entity>
				<Entity FIRST_TOC_ENTRY_ID="38" DEPTH_LEVEL="1" PAGE_NO="5" HREF="/5/Ar00504" WORDCNT="467" IMAGES_RESOLUTION="140" INDEX_IN_DOC="38" SIZE="Large" NAME="Someone is Looking for You!" ENTITY_TYPE="Article" ID="Ar00504"/>
				<Entity FIRST_TOC_ENTRY_ID="14" DEPTH_LEVEL="2" PAGE_NO="5" LOGICAL_NAME="true" HREF="/5/Pc00505" WORDCNT="0" IMAGES_RESOLUTION="140" INDEX_IN_DOC="14" SIZE="Medium" EMBEDDED_AFTER="Ar0050200" EMBEDDED_ABOVE="1" EMBEDDED_INTO="Ar00502" NAME="" ENTITY_TYPE="Picture" ID="Pc00505">
					<Image EXT="jpg" H="428" W="717" ID="Pc0050500"/>
				</Entity>
				<Entity FIRST_TOC_ENTRY_ID="15" DEPTH_LEVEL="2" PAGE_NO="5" LOGICAL_NAME="true" HREF="/5/Pc00506" WORDCNT="0" IMAGES_RESOLUTION="140" INDEX_IN_DOC="15" SIZE="Small" EMBEDDED_AFTER="Ar0050200" EMBEDDED_BELOW="1" EMBEDDED_RIGHT="1" EMBEDDED_INTO="Ar00502" NAME="" ENTITY_TYPE="Picture" ID="Pc00506">
					<Image EXT="jpg" H="74" W="357" ID="Pc0050600"/>
				</Entity>
				<Entity FIRST_TOC_ENTRY_ID="16" DEPTH_LEVEL="2" PAGE_NO="5" LOGICAL_NAME="true" HREF="/5/Pc00507" WORDCNT="0" IMAGES_RESOLUTION="140" INDEX_IN_DOC="16" SIZE="Small" EMBEDDED_AFTER="Ar0050200" EMBEDDED_BELOW="1" EMBEDDED_RIGHT="1" EMBEDDED_INTO="Ar00502" NAME="" ENTITY_TYPE="Picture" ID="Pc00507">
					<Image EXT="jpg" H="86" W="357" ID="Pc0050700"/>
				</Entity>
				<Entity FIRST_TOC_ENTRY_ID="17" DEPTH_LEVEL="2" PAGE_NO="5" LOGICAL_NAME="true" HREF="/5/Pc00508" WORDCNT="0" IMAGES_RESOLUTION="140" INDEX_IN_DOC="17" SIZE="Small" EMBEDDED_AFTER="Ar0050200" EMBEDDED_BELOW="1" EMBEDDED_RIGHT="1" EMBEDDED_INTO="Ar00502" NAME="" ENTITY_TYPE="Picture" ID="Pc00508">
					<Image EXT="jpg" H="78" W="357" ID="Pc0050800"/>
				</Entity>
				<Entity FIRST_TOC_ENTRY_ID="11" DEPTH_LEVEL="2" PAGE_NO="5" LOGICAL_NAME="true" HREF="/5/Pc00509" WORDCNT="0" IMAGES_RESOLUTION="140" INDEX_IN_DOC="11" SIZE="Small" EMBEDDED_AFTER="Ar0050000" EMBEDDED_BELOW="1" EMBEDDED_INTO="Ar00500" NAME="" ENTITY_TYPE="Picture" ID="Pc00509">
					<Image EXT="jpg" H="247" W="352" ID="Pc0050900"/>
				</Entity>
				<Entity FIRST_TOC_ENTRY_ID="7" DEPTH_LEVEL="2" PAGE_NO="5" LOGICAL_NAME="true" HREF="/5/Pc00510" WORDCNT="0" IMAGES_RESOLUTION="140" INDEX_IN_DOC="7" SIZE="Small" EMBEDDED_AFTER="Ar0050100" EMBEDDED_BELOW="1" EMBEDDED_INTO="Ar00501" NAME="" ENTITY_TYPE="Picture" ID="Pc00510">
					<Image EXT="jpg" H="215" W="333" ID="Pc0051000"/>
				</Entity>
			</Page>
			<Page ID="Pg006" CROP_BOX="0 0 1706 2549" MEDIA_BOX="0 0 1706 2549" HREF="/6/Pg006" TOTAL_CHARS_COUNT="1081" SUSPICIOUS_CHARS_COUNT="0" PAGE_HEIGHT="2550" PAGE_WIDTH="1707" PAGE_TYPE="Single" PAGE_LABEL="6" PAGE_NO="6">
				<Entity FIRST_TOC_ENTRY_ID="41" DEPTH_LEVEL="1" PAGE_NO="6" LOGICAL_NAME="true" HREF="/6/Ad00600" WORDCNT="39" IMAGES_RESOLUTION="140" INDEX_IN_DOC="41" SIZE="Large" NAME="" ENTITY_TYPE="Ad" ID="Ad00600">
					<Image H="1084" W="705" ID="Ad0060001"/>
				</Entity>
				<Entity FIRST_TOC_ENTRY_ID="42" DEPTH_LEVEL="1" PAGE_NO="6" LOGICAL_NAME="true" HREF="/6/Ad00601" WORDCNT="80" IMAGES_RESOLUTION="140" INDEX_IN_DOC="42" SIZE="XLarge" NAME="" ENTITY_TYPE="Ad" ID="Ad00601">
					<Image H="1104" W="1418" ID="Ad0060101"/>
				</Entity>
				<Entity FIRST_TOC_ENTRY_ID="40" DEPTH_LEVEL="1" PAGE_NO="6" HREF="/6/Ar00602" WORDCNT="280" IMAGES_RESOLUTION="140" INDEX_IN_DOC="40" SIZE="Large" NAME="WHAT MAKES A GOOD ROOMATE?" ENTITY_TYPE="Article" ID="Ar00602"/>
			</Page>
			<Page ID="Pg007" CROP_BOX="0 0 1706 2549" MEDIA_BOX="0 0 1706 2549" HREF="/7/Pg007" TOTAL_CHARS_COUNT="2726" SUSPICIOUS_CHARS_COUNT="0" PAGE_HEIGHT="2550" PAGE_WIDTH="1707" PAGE_TYPE="Single" PAGE_LABEL="7" PAGE_NO="7">
				<Entity FIRST_TOC_ENTRY_ID="43" DEPTH_LEVEL="1" PAGE_NO="7" HREF="/7/Ar00700" WORDCNT="640" IMAGES_RESOLUTION="140" INDEX_IN_DOC="43" SIZE="Large" NAME="New apartments slated for West Lane Avenue" ENTITY_TYPE="Article" ID="Ar00700"/>
				<Entity FIRST_TOC_ENTRY_ID="45" DEPTH_LEVEL="1" PAGE_NO="7" LOGICAL_NAME="true" HREF="/7/Ad00701" WORDCNT="0" IMAGES_RESOLUTION="140" INDEX_IN_DOC="45" SIZE="Large" NAME="" ENTITY_TYPE="Ad" ID="Ad00701">
					<Image H="991" W="708" ID="Ad0070101"/>
				</Entity>
				<Entity FIRST_TOC_ENTRY_ID="46" DEPTH_LEVEL="1" PAGE_NO="7" LOGICAL_NAME="true" HREF="/7/Ad00702" WORDCNT="127" IMAGES_RESOLUTION="140" INDEX_IN_DOC="46" SIZE="Large" NAME="" ENTITY_TYPE="Ad" ID="Ad00702">
					<Image H="1062" W="700" ID="Ad0070201"/>
				</Entity>
				<Entity FIRST_TOC_ENTRY_ID="44" DEPTH_LEVEL="2" PAGE_NO="7" LOGICAL_NAME="true" HREF="/7/Pc00703" WORDCNT="0" IMAGES_RESOLUTION="140" INDEX_IN_DOC="44" SIZE="Medium" EMBEDDED_AFTER="Ar0070000" EMBEDDED_BELOW="1" EMBEDDED_INTO="Ar00700" NAME="" ENTITY_TYPE="Picture" ID="Pc00703">
					<Image EXT="jpg" H="636" W="852" ID="Pc0070300"/>
				</Entity>
			</Page>
			<Page ID="Pg008" CROP_BOX="0 0 1706 2549" MEDIA_BOX="0 0 1706 2549" HREF="/8/Pg008" TOTAL_CHARS_COUNT="0" SUSPICIOUS_CHARS_COUNT="0" PAGE_HEIGHT="2550" PAGE_WIDTH="1707" PAGE_TYPE="Single" PAGE_LABEL="8" PAGE_NO="8">
				<Entity FIRST_TOC_ENTRY_ID="47" DEPTH_LEVEL="1" PAGE_NO="8" LOGICAL_NAME="true" HREF="/8/Ad00800" WORDCNT="0" IMAGES_RESOLUTION="140" INDEX_IN_DOC="47" SIZE="XLarge" NAME="" ENTITY_TYPE="Ad" ID="Ad00800">
					<Image H="1042" W="1425" ID="Ad0080001"/>
				</Entity>
				<Entity FIRST_TOC_ENTRY_ID="48" DEPTH_LEVEL="1" PAGE_NO="8" LOGICAL_NAME="true" HREF="/8/Ad00801" WORDCNT="0" IMAGES_RESOLUTION="140" INDEX_IN_DOC="48" SIZE="XLarge" NAME="" ENTITY_TYPE="Ad" ID="Ad00801">
					<Image H="1152" W="1430" ID="Ad0080101"/>
				</Entity>
			</Page>
			<Page ID="Pg009" CROP_BOX="0 0 1706 2549" MEDIA_BOX="0 0 1706 2549" HREF="/9/Pg009" TOTAL_CHARS_COUNT="2295" SUSPICIOUS_CHARS_COUNT="0" PAGE_HEIGHT="2550" PAGE_WIDTH="1707" PAGE_TYPE="Single" PAGE_LABEL="9" PAGE_NO="9">
				<Entity FIRST_TOC_ENTRY_ID="49" DEPTH_LEVEL="1" PAGE_NO="9" HREF="/9/Ar00900" WORDCNT="582" IMAGES_RESOLUTION="140" INDEX_IN_DOC="49" SIZE="Large" CONTINUATION_TO="Ar01001" NAME="OSU�s coolest off-campus cribs" ENTITY_TYPE="Article" ID="Ar00900"/>
				<Entity FIRST_TOC_ENTRY_ID="54" DEPTH_LEVEL="1" PAGE_NO="9" LOGICAL_NAME="true" HREF="/9/Ad00901" WORDCNT="16" IMAGES_RESOLUTION="140" INDEX_IN_DOC="54" SIZE="XLarge" NAME="" ENTITY_TYPE="Ad" ID="Ad00901">
					<Image H="1038" W="1416" ID="Ad0090101"/>
				</Entity>
				<Entity FIRST_TOC_ENTRY_ID="50" DEPTH_LEVEL="2" PAGE_NO="9" LOGICAL_NAME="true" HREF="/9/Pc00902" WORDCNT="0" IMAGES_RESOLUTION="140" INDEX_IN_DOC="50" SIZE="Medium" EMBEDDED_AFTER="Ar0090000" EMBEDDED_BELOW="1" EMBEDDED_INTO="Ar00900" NAME="" ENTITY_TYPE="Picture" ID="Pc00902">
					<Image EXT="jpg" H="472" W="588" ID="Pc0090200"/>
				</Entity>
				<Entity FIRST_TOC_ENTRY_ID="51" DEPTH_LEVEL="2" PAGE_NO="9" LOGICAL_NAME="true" HREF="/9/Pc00903" WORDCNT="0" IMAGES_RESOLUTION="140" INDEX_IN_DOC="51" SIZE="Medium" EMBEDDED_AFTER="Ar0090000" EMBEDDED_BELOW="1" EMBEDDED_INTO="Ar00900" NAME="" ENTITY_TYPE="Picture" ID="Pc00903">
					<Image EXT="jpg" H="500" W="863" ID="Pc0090300"/>
				</Entity>
			</Page>
			<Page ID="Pg010" CROP_BOX="0 0 1706 2549" MEDIA_BOX="0 0 1706 2549" HREF="/10/Pg010" TOTAL_CHARS_COUNT="1892" SUSPICIOUS_CHARS_COUNT="0" PAGE_HEIGHT="2550" PAGE_WIDTH="1707" PAGE_TYPE="Single" PAGE_LABEL="10" PAGE_NO="10">
				<Entity FIRST_TOC_ENTRY_ID="60" DEPTH_LEVEL="1" PAGE_NO="10" LOGICAL_NAME="true" HREF="/10/Ad01000" WORDCNT="167" IMAGES_RESOLUTION="140" INDEX_IN_DOC="60" SIZE="XLarge" NAME="" ENTITY_TYPE="Ad" ID="Ad01000">
					<Image H="1109" W="1416" ID="Ad0100001"/>
				</Entity>
				<Entity FIRST_TOC_ENTRY_ID="52" DEPTH_LEVEL="1" PAGE_NO="10" HREF="/10/Ar01001" WORDCNT="450" IMAGES_RESOLUTION="140" INDEX_IN_DOC="52" SIZE="Large" CONTINUATION_FROM="Ar00900" NAME="CRIBS" ENTITY_TYPE="Article" ID="Ar01001"/>
				<Entity FIRST_TOC_ENTRY_ID="53" DEPTH_LEVEL="2" PAGE_NO="10" LOGICAL_NAME="true" HREF="/10/Pc01002" WORDCNT="0" IMAGES_RESOLUTION="140" INDEX_IN_DOC="53" SIZE="Medium" EMBEDDED_AFTER="Ar0100100" EMBEDDED_ABOVE="1" EMBEDDED_INTO="Ar01001" NAME="" ENTITY_TYPE="Picture" ID="Pc01002">
					<Image EXT="jpg" H="680" W="581" ID="Pc0100200"/>
				</Entity>
				<Entity FIRST_TOC_ENTRY_ID="55" DEPTH_LEVEL="1" PAGE_NO="10" HREF="/10/Ar01003" WORDCNT="32" IMAGES_RESOLUTION="140" INDEX_IN_DOC="55" SIZE="Small" CONTINUATION_TO="Ar01100" NAME="CRIBS" ENTITY_TYPE="Article" ID="Ar01003"/>
				<Entity FIRST_TOC_ENTRY_ID="56" DEPTH_LEVEL="2" PAGE_NO="10" LOGICAL_NAME="true" HREF="/10/Pc01004" WORDCNT="0" IMAGES_RESOLUTION="140" INDEX_IN_DOC="56" SIZE="Medium" EMBEDDED_AFTER="Ar0100300" EMBEDDED_BELOW="1" EMBEDDED_INTO="Ar01003" NAME="" ENTITY_TYPE="Picture" ID="Pc01004">
					<Image EXT="jpg" H="539" W="850" ID="Pc0100400"/>
				</Entity>
			</Page>
			<Page ID="Pg011" CROP_BOX="0 0 1706 2549" MEDIA_BOX="0 0 1706 2549" HREF="/11/Pg011" TOTAL_CHARS_COUNT="2339" SUSPICIOUS_CHARS_COUNT="0" PAGE_HEIGHT="2550" PAGE_WIDTH="1707" PAGE_TYPE="Single" PAGE_LABEL="11" PAGE_NO="11">
				<Entity FIRST_TOC_ENTRY_ID="57" DEPTH_LEVEL="1" PAGE_NO="11" HREF="/11/Ar01100" WORDCNT="589" IMAGES_RESOLUTION="140" INDEX_IN_DOC="57" SIZE="Large" CONTINUATION_FROM="Ar01003" NAME="CRIBS" ENTITY_TYPE="Article" ID="Ar01100"/>
				<Entity FIRST_TOC_ENTRY_ID="58" DEPTH_LEVEL="2" PAGE_NO="11" LOGICAL_NAME="true" HREF="/11/Pc01101" WORDCNT="0" IMAGES_RESOLUTION="140" INDEX_IN_DOC="58" SIZE="Medium" EMBEDDED_AFTER="Ar0110000" EMBEDDED_ABOVE="1" EMBEDDED_INTO="Ar01100" NAME="" ENTITY_TYPE="Picture" ID="Pc01101">
					<Image EXT="jpg" H="606" W="876" ID="Pc0110100"/>
				</Entity>
				<Entity FIRST_TOC_ENTRY_ID="59" DEPTH_LEVEL="2" PAGE_NO="11" LOGICAL_NAME="true" HREF="/11/Pc01102" WORDCNT="0" IMAGES_RESOLUTION="140" INDEX_IN_DOC="59" SIZE="Medium" EMBEDDED_AFTER="Ar0110000" EMBEDDED_ABOVE="1" EMBEDDED_RIGHT="1" EMBEDDED_INTO="Ar01100" NAME="" ENTITY_TYPE="Picture" ID="Pc01102">
					<Image EXT="jpg" H="507" W="575" ID="Pc0110200"/>
				</Entity>
				<Entity FIRST_TOC_ENTRY_ID="61" DEPTH_LEVEL="1" PAGE_NO="11" LOGICAL_NAME="true" HREF="/11/Ad01103" WORDCNT="0" IMAGES_RESOLUTION="140" INDEX_IN_DOC="61" SIZE="XLarge" NAME="" ENTITY_TYPE="Ad" ID="Ad01103">
					<Image H="1115" W="1418" ID="Ad0110301"/>
				</Entity>
			</Page>
			<Page ID="Pg012" CROP_BOX="0 0 1706 2549" MEDIA_BOX="0 0 1706 2549" HREF="/12/Pg012" TOTAL_CHARS_COUNT="2117" SUSPICIOUS_CHARS_COUNT="0" PAGE_HEIGHT="2550" PAGE_WIDTH="1707" PAGE_TYPE="Single" PAGE_LABEL="12" PAGE_NO="12">
				<Entity FIRST_TOC_ENTRY_ID="62" DEPTH_LEVEL="1" PAGE_NO="12" HREF="/12/Ar01200" WORDCNT="502" IMAGES_RESOLUTION="140" INDEX_IN_DOC="62" SIZE="Large" NAME="Mapping the off-campus construction boom" ENTITY_TYPE="Article" ID="Ar01200"/>
				<Entity FIRST_TOC_ENTRY_ID="66" DEPTH_LEVEL="1" PAGE_NO="12" LOGICAL_NAME="true" HREF="/12/Ad01201" WORDCNT="19" IMAGES_RESOLUTION="140" INDEX_IN_DOC="66" SIZE="XLarge" NAME="" ENTITY_TYPE="Ad" ID="Ad01201">
					<Image H="1136" W="1423" ID="Ad0120101"/>
				</Entity>
				<Entity FIRST_TOC_ENTRY_ID="63" DEPTH_LEVEL="2" PAGE_NO="12" LOGICAL_NAME="true" HREF="/12/Pc01202" WORDCNT="0" IMAGES_RESOLUTION="140" INDEX_IN_DOC="63" SIZE="Small" EMBEDDED_AFTER="Ar0120000" EMBEDDED_BELOW="1" EMBEDDED_INTO="Ar01200" NAME="" ENTITY_TYPE="Picture" ID="Pc01202">
					<Image EXT="jpg" H="111" W="361" ID="Pc0120200"/>
				</Entity>
				<Entity FIRST_TOC_ENTRY_ID="64" DEPTH_LEVEL="2" PAGE_NO="12" LOGICAL_NAME="true" HREF="/12/Pc01203" WORDCNT="0" IMAGES_RESOLUTION="140" INDEX_IN_DOC="64" SIZE="Large" EMBEDDED_AFTER="Ar0120000" EMBEDDED_BELOW="1" EMBEDDED_INTO="Ar01200" NAME="" ENTITY_TYPE="Picture" ID="Pc01203">
					<Image EXT="jpg" H="955" W="728" ID="Pc0120300"/>
				</Entity>
				<Entity FIRST_TOC_ENTRY_ID="65" DEPTH_LEVEL="2" PAGE_NO="12" LOGICAL_NAME="true" HREF="/12/Pc01204" WORDCNT="0" IMAGES_RESOLUTION="140" INDEX_IN_DOC="65" SIZE="Small" EMBEDDED_AFTER="Ar0120000" EMBEDDED_BELOW="1" EMBEDDED_INTO="Ar01200" NAME="" ENTITY_TYPE="Picture" ID="Pc01204">
					<Image EXT="jpg" H="99" W="361" ID="Pc0120400"/>
				</Entity>
			</Page>
			<Page ID="Pg013" CROP_BOX="0 0 1706 2549" MEDIA_BOX="0 0 1706 2549" HREF="/13/Pg013" TOTAL_CHARS_COUNT="3499" SUSPICIOUS_CHARS_COUNT="0" PAGE_HEIGHT="2550" PAGE_WIDTH="1707" PAGE_TYPE="Single" PAGE_LABEL="13" PAGE_NO="13">
				<Entity FIRST_TOC_ENTRY_ID="67" DEPTH_LEVEL="1" PAGE_NO="13" HREF="/13/Ar01300" WORDCNT="397" IMAGES_RESOLUTION="140" INDEX_IN_DOC="67" SIZE="Large" NAME="North side is the place to be" ENTITY_TYPE="Article" ID="Ar01300"/>
				<Entity FIRST_TOC_ENTRY_ID="68" DEPTH_LEVEL="2" PAGE_NO="13" LOGICAL_NAME="true" HREF="/13/Pc01301" WORDCNT="0" IMAGES_RESOLUTION="140" INDEX_IN_DOC="68" SIZE="Medium" EMBEDDED_AFTER="Ar0130000" EMBEDDED_BELOW="1" EMBEDDED_INTO="Ar01300" NAME="" ENTITY_TYPE="Picture" ID="Pc01301">
					<Image EXT="jpg" H="646" W="858" ID="Pc0130100"/>
				</Entity>
				<Entity FIRST_TOC_ENTRY_ID="69" DEPTH_LEVEL="2" PAGE_NO="13" LOGICAL_NAME="true" HREF="/13/Pc01302" WORDCNT="0" IMAGES_RESOLUTION="140" INDEX_IN_DOC="69" SIZE="Small" EMBEDDED_AFTER="Ar0130000" EMBEDDED_BELOW="1" EMBEDDED_INTO="Ar01300" NAME="" ENTITY_TYPE="Picture" ID="Pc01302">
					<Image EXT="jpg" H="68" W="295" ID="Pc0130200"/>
				</Entity>
				<Entity FIRST_TOC_ENTRY_ID="73" DEPTH_LEVEL="1" PAGE_NO="13" LOGICAL_NAME="true" HREF="/13/Ad01303" WORDCNT="8" IMAGES_RESOLUTION="140" INDEX_IN_DOC="73" SIZE="Small" NAME="" ENTITY_TYPE="Ad" ID="Ad01303">
					<Image H="451" W="298" ID="Ad0130301"/>
				</Entity>
				<Entity FIRST_TOC_ENTRY_ID="71" DEPTH_LEVEL="2" PAGE_NO="13" LOGICAL_NAME="true" HREF="/13/Pc01304" WORDCNT="0" IMAGES_RESOLUTION="140" INDEX_IN_DOC="71" SIZE="Small" EMBEDDED_AFTER="Ar0130600" EMBEDDED_BELOW="1" EMBEDDED_INTO="Ar01306" NAME="" ENTITY_TYPE="Picture" ID="Pc01304">
					<Image EXT="jpg" H="47" W="298" ID="Pc0130400"/>
				</Entity>
				<Entity FIRST_TOC_ENTRY_ID="72" DEPTH_LEVEL="2" PAGE_NO="13" LOGICAL_NAME="true" HREF="/13/Pc01305" WORDCNT="0" IMAGES_RESOLUTION="140" INDEX_IN_DOC="72" SIZE="Medium" EMBEDDED_AFTER="Ar0130600" EMBEDDED_BELOW="1" EMBEDDED_INTO="Ar01306" NAME="" ENTITY_TYPE="Picture" ID="Pc01305">
					<Image EXT="jpg" H="597" W="863" ID="Pc0130500"/>
				</Entity>
				<Entity FIRST_TOC_ENTRY_ID="70" DEPTH_LEVEL="1" PAGE_NO="13" HREF="/13/Ar01306" WORDCNT="472" IMAGES_RESOLUTION="140" INDEX_IN_DOC="70" SIZE="Large" NAME="South campus best residential, best off-campus living" ENTITY_TYPE="Article" ID="Ar01306"/>
			</Page>
			<Page ID="Pg014" CROP_BOX="0 0 1706 2549" MEDIA_BOX="0 0 1706 2549" HREF="/14/Pg014" TOTAL_CHARS_COUNT="938" SUSPICIOUS_CHARS_COUNT="0" PAGE_HEIGHT="2550" PAGE_WIDTH="1707" PAGE_TYPE="Single" PAGE_LABEL="14" PAGE_NO="14">
				<Entity FIRST_TOC_ENTRY_ID="74" DEPTH_LEVEL="1" PAGE_NO="14" HREF="/14/Ar01400" WORDCNT="238" IMAGES_RESOLUTION="140" INDEX_IN_DOC="74" SIZE="Large" NAME="STAFF PICKS: BEST AREA OF CAMPUS" ENTITY_TYPE="Article" ID="Ar01400"/>
				<Entity FIRST_TOC_ENTRY_ID="75" DEPTH_LEVEL="1" PAGE_NO="14" LOGICAL_NAME="true" HREF="/14/Ad01401" WORDCNT="163" IMAGES_RESOLUTION="140" INDEX_IN_DOC="75" SIZE="XLarge" NAME="" ENTITY_TYPE="Ad" ID="Ad01401">
					<Image H="1559" W="1420" ID="Ad0140101"/>
				</Entity>
			</Page>
			<Page ID="Pg015" CROP_BOX="0 0 1706 2549" MEDIA_BOX="0 0 1706 2549" HREF="/15/Pg015" TOTAL_CHARS_COUNT="1971" SUSPICIOUS_CHARS_COUNT="0" PAGE_HEIGHT="2550" PAGE_WIDTH="1707" PAGE_TYPE="Single" PAGE_LABEL="15" PAGE_NO="15">
				<Entity FIRST_TOC_ENTRY_ID="76" DEPTH_LEVEL="1" PAGE_NO="15" HREF="/15/Ar01500" WORDCNT="252" IMAGES_RESOLUTION="140" INDEX_IN_DOC="76" SIZE="Medium" NAME="LIVING ESSENTIALS" ENTITY_TYPE="Article" ID="Ar01500"/>
				<Entity FIRST_TOC_ENTRY_ID="77" DEPTH_LEVEL="1" PAGE_NO="15" HREF="/15/Ar01501" WORDCNT="246" IMAGES_RESOLUTION="140" INDEX_IN_DOC="77" SIZE="Large" NAME="HOME DECOR" ENTITY_TYPE="Article" ID="Ar01501"/>
				<Entity FIRST_TOC_ENTRY_ID="78" DEPTH_LEVEL="1" PAGE_NO="15" LOGICAL_NAME="true" HREF="/15/Ad01502" WORDCNT="20" IMAGES_RESOLUTION="140" INDEX_IN_DOC="78" SIZE="Large" NAME="" ENTITY_TYPE="Ad" ID="Ad01502">
					<Image H="1158" W="613" ID="Ad0150201"/>
				</Entity>
				<Entity FIRST_TOC_ENTRY_ID="79" DEPTH_LEVEL="1" PAGE_NO="15" LOGICAL_NAME="true" HREF="/15/Ad01503" WORDCNT="64" IMAGES_RESOLUTION="140" INDEX_IN_DOC="79" SIZE="Large" NAME="" ENTITY_TYPE="Ad" ID="Ad01503">
					<Image H="858" W="690" ID="Ad0150301"/>
				</Entity>
			</Page>
			<Page ID="Pg016" CROP_BOX="0 0 1706 2549" MEDIA_BOX="0 0 1706 2549" HREF="/16/Pg016" TOTAL_CHARS_COUNT="0" SUSPICIOUS_CHARS_COUNT="0" PAGE_HEIGHT="2550" PAGE_WIDTH="1707" PAGE_TYPE="Single" PAGE_LABEL="16" PAGE_NO="16">
				<Entity FIRST_TOC_ENTRY_ID="80" DEPTH_LEVEL="1" PAGE_NO="16" LOGICAL_NAME="true" HREF="/16/Ad01600" WORDCNT="805" IMAGES_RESOLUTION="140" INDEX_IN_DOC="80" SIZE="XLarge" NAME="" ENTITY_TYPE="Ad" ID="Ad01600">
					<Image H="2205" W="1417" ID="Ad0160001"/>
				</Entity>
			</Page>
		</Section>
	</Body_np>
	<Logic_np><TOC_Entries><TOC_Entry TOC_ENTRY_ID="1" TITLE="FALL HOUSING SPECIAL ISSUE" ENTITY_ID_REF="Ar00106" PAGE_NO="1" PAGE_LABEL="1" PRIM_ID_REF="Ar0010600" IS_IC="true"><TOC_Entry TOC_ENTRY_ID="2" TITLE="" ENTITY_ID_REF="Pc00107" PAGE_NO="1" PAGE_LABEL="1" PRIM_ID_REF="Pc0010700" IS_IC="true"/><TOC_Entry TOC_ENTRY_ID="3" TITLE="" ENTITY_ID_REF="Pc00108" PAGE_NO="1" PAGE_LABEL="1" PRIM_ID_REF="Pc0010800" IS_IC="true"/></TOC_Entry><TOC_Entry TOC_ENTRY_ID="4" TITLE="Housing prices on the rise" ENTITY_ID_REF="Ar00102" PAGE_NO="1" PAGE_LABEL="1" PRIM_ID_REF="Ar0010200" IS_IC="true"><TOC_Entry TOC_ENTRY_ID="5" TITLE="" ENTITY_ID_REF="Pc00103" PAGE_NO="1" PAGE_LABEL="1" PRIM_ID_REF="Pc0010300" IS_IC="true"/></TOC_Entry><TOC_Entry TOC_ENTRY_ID="6" TITLE="RENT" ENTITY_ID_REF="Ar00501" PAGE_NO="5" PAGE_LABEL="5" PRIM_ID_REF="Ar0050100"><TOC_Entry TOC_ENTRY_ID="7" TITLE="" ENTITY_ID_REF="Pc00510" PAGE_NO="5" PAGE_LABEL="5" PRIM_ID_REF="Pc0051000" IS_IC="true"/></TOC_Entry><TOC_Entry TOC_ENTRY_ID="8" TITLE="Student takes STEP toward connecting with culture" ENTITY_ID_REF="Ar00100" PAGE_NO="1" PAGE_LABEL="1" PRIM_ID_REF="Ar0010000" IS_IC="true"><TOC_Entry TOC_ENTRY_ID="9" TITLE="" ENTITY_ID_REF="Pc00104" PAGE_NO="1" PAGE_LABEL="1" PRIM_ID_REF="Pc0010400" IS_IC="true"/></TOC_Entry><TOC_Entry TOC_ENTRY_ID="10" TITLE="STEP" ENTITY_ID_REF="Ar00500" PAGE_NO="5" PAGE_LABEL="5" PRIM_ID_REF="Ar0050000"><TOC_Entry TOC_ENTRY_ID="11" TITLE="" ENTITY_ID_REF="Pc00509" PAGE_NO="5" PAGE_LABEL="5" PRIM_ID_REF="Pc0050900" IS_IC="true"/></TOC_Entry><TOC_Entry TOC_ENTRY_ID="12" TITLE="Landlords worry over future of market" ENTITY_ID_REF="Ar00101" PAGE_NO="1" PAGE_LABEL="1" PRIM_ID_REF="Ar0010100" IS_IC="true"/><TOC_Entry TOC_ENTRY_ID="13" TITLE="LANDLORDS" ENTITY_ID_REF="Ar00502" PAGE_NO="5" PAGE_LABEL="5" PRIM_ID_REF="Ar0050200"><TOC_Entry TOC_ENTRY_ID="14" TITLE="" ENTITY_ID_REF="Pc00505" PAGE_NO="5" PAGE_LABEL="5" PRIM_ID_REF="Pc0050500" IS_IC="true"/><TOC_Entry TOC_ENTRY_ID="15" TITLE="" ENTITY_ID_REF="Pc00506" PAGE_NO="5" PAGE_LABEL="5" PRIM_ID_REF="Pc0050600" IS_IC="true"/><TOC_Entry TOC_ENTRY_ID="16" TITLE="" ENTITY_ID_REF="Pc00507" PAGE_NO="5" PAGE_LABEL="5" PRIM_ID_REF="Pc0050700" IS_IC="true"/><TOC_Entry TOC_ENTRY_ID="17" TITLE="" ENTITY_ID_REF="Pc00508" PAGE_NO="5" PAGE_LABEL="5" PRIM_ID_REF="Pc0050800" IS_IC="true"/></TOC_Entry><TOC_Entry TOC_ENTRY_ID="18" TITLE="" ENTITY_ID_REF="Ad00105" PAGE_NO="1" PAGE_LABEL="1" PRIM_ID_REF="Ad0010501" IS_IC="true"/><TOC_Entry TOC_ENTRY_ID="19" TITLE="" ENTITY_ID_REF="Ad00200" PAGE_NO="2" PAGE_LABEL="2" PRIM_ID_REF="Ad0020001" IS_IC="true"/><TOC_Entry TOC_ENTRY_ID="20" TITLE="" ENTITY_ID_REF="Ad00201" PAGE_NO="2" PAGE_LABEL="2" PRIM_ID_REF="Ad0020101" IS_IC="true"/><TOC_Entry TOC_ENTRY_ID="21" TITLE="Small details make a house a home" ENTITY_ID_REF="Ar00300" PAGE_NO="3" PAGE_LABEL="3" PRIM_ID_REF="Ar0030000" IS_IC="true"><TOC_Entry TOC_ENTRY_ID="22" TITLE="" ENTITY_ID_REF="Pc00301" PAGE_NO="3" PAGE_LABEL="3" PRIM_ID_REF="Pc0030100" IS_IC="true"/><TOC_Entry TOC_ENTRY_ID="23" TITLE="" ENTITY_ID_REF="Pc00302" PAGE_NO="3" PAGE_LABEL="3" PRIM_ID_REF="Pc0030200" IS_IC="true"/><TOC_Entry TOC_ENTRY_ID="24" TITLE="" ENTITY_ID_REF="Pc00303" PAGE_NO="3" PAGE_LABEL="3" PRIM_ID_REF="Pc0030300" IS_IC="true"/><TOC_Entry TOC_ENTRY_ID="25" TITLE="" ENTITY_ID_REF="Pc00304" PAGE_NO="3" PAGE_LABEL="3" PRIM_ID_REF="Pc0030400" IS_IC="true"/></TOC_Entry><TOC_Entry TOC_ENTRY_ID="26" TITLE="" ENTITY_ID_REF="Ad00305" PAGE_NO="3" PAGE_LABEL="3" PRIM_ID_REF="Ad0030501" IS_IC="true"/><TOC_Entry TOC_ENTRY_ID="27" TITLE="" ENTITY_ID_REF="Ad00306" PAGE_NO="3" PAGE_LABEL="3" PRIM_ID_REF="Ad0030601" IS_IC="true"/><TOC_Entry TOC_ENTRY_ID="28" TITLE="Living campus grid" ENTITY_ID_REF="Ar00400" PAGE_NO="4" PAGE_LABEL="4" PRIM_ID_REF="Ar0040000" IS_IC="true"><TOC_Entry TOC_ENTRY_ID="29" TITLE="" ENTITY_ID_REF="Pc00402" PAGE_NO="4" PAGE_LABEL="4" PRIM_ID_REF="Pc0040200" IS_IC="true"/><TOC_Entry TOC_ENTRY_ID="30" TITLE="" ENTITY_ID_REF="Pc00403" PAGE_NO="4" PAGE_LABEL="4" PRIM_ID_REF="Pc0040300" IS_IC="true"/></TOC_Entry><TOC_Entry TOC_ENTRY_ID="31" TITLE="" ENTITY_ID_REF="Ar00401" PAGE_NO="4" PAGE_LABEL="4" PRIM_ID_REF="Ar0040100" IS_IC="true"/><TOC_Entry TOC_ENTRY_ID="32" TITLE="" ENTITY_ID_REF="Ad00404" PAGE_NO="4" PAGE_LABEL="4" PRIM_ID_REF="Ad0040401" IS_IC="true"/><TOC_Entry TOC_ENTRY_ID="33" TITLE="FOLLOW US" ENTITY_ID_REF="Ar00407" PAGE_NO="4" PAGE_LABEL="4" PRIM_ID_REF="Ar0040700" IS_IC="true"/><TOC_Entry TOC_ENTRY_ID="34" TITLE="" ENTITY_ID_REF="Ad00405" PAGE_NO="4" PAGE_LABEL="4" PRIM_ID_REF="Ad0040501" IS_IC="true"/><TOC_Entry TOC_ENTRY_ID="35" TITLE="" ENTITY_ID_REF="Ad00406" PAGE_NO="4" PAGE_LABEL="4" PRIM_ID_REF="Ad0040601" IS_IC="true"/><TOC_Entry TOC_ENTRY_ID="36" TITLE="Letters to the Editor" ENTITY_ID_REF="Ar00408" PAGE_NO="4" PAGE_LABEL="4" PRIM_ID_REF="Ar0040800" IS_IC="true"/><TOC_Entry TOC_ENTRY_ID="37" TITLE="Corrections" ENTITY_ID_REF="Ar00409" PAGE_NO="4" PAGE_LABEL="4" PRIM_ID_REF="Ar0040900" IS_IC="true"/><TOC_Entry TOC_ENTRY_ID="38" TITLE="Someone is Looking for You!" ENTITY_ID_REF="Ar00504" PAGE_NO="5" PAGE_LABEL="5" PRIM_ID_REF="Ar0050400" IS_IC="true"/><TOC_Entry TOC_ENTRY_ID="39" TITLE="" ENTITY_ID_REF="Ad00503" PAGE_NO="5" PAGE_LABEL="5" PRIM_ID_REF="Ad0050301" IS_IC="true"/><TOC_Entry TOC_ENTRY_ID="40" TITLE="WHAT MAKES A GOOD ROOMATE?" ENTITY_ID_REF="Ar00602" PAGE_NO="6" PAGE_LABEL="6" PRIM_ID_REF="Ar0060200" IS_IC="true"/><TOC_Entry TOC_ENTRY_ID="41" TITLE="" ENTITY_ID_REF="Ad00600" PAGE_NO="6" PAGE_LABEL="6" PRIM_ID_REF="Ad0060001" IS_IC="true"/><TOC_Entry TOC_ENTRY_ID="42" TITLE="" ENTITY_ID_REF="Ad00601" PAGE_NO="6" PAGE_LABEL="6" PRIM_ID_REF="Ad0060101" IS_IC="true"/><TOC_Entry TOC_ENTRY_ID="43" TITLE="New apartments slated for West Lane Avenue" ENTITY_ID_REF="Ar00700" PAGE_NO="7" PAGE_LABEL="7" PRIM_ID_REF="Ar0070000" IS_IC="true"><TOC_Entry TOC_ENTRY_ID="44" TITLE="" ENTITY_ID_REF="Pc00703" PAGE_NO="7" PAGE_LABEL="7" PRIM_ID_REF="Pc0070300" IS_IC="true"/></TOC_Entry><TOC_Entry TOC_ENTRY_ID="45" TITLE="" ENTITY_ID_REF="Ad00701" PAGE_NO="7" PAGE_LABEL="7" PRIM_ID_REF="Ad0070101" IS_IC="true"/><TOC_Entry TOC_ENTRY_ID="46" TITLE="" ENTITY_ID_REF="Ad00702" PAGE_NO="7" PAGE_LABEL="7" PRIM_ID_REF="Ad0070201" IS_IC="true"/><TOC_Entry TOC_ENTRY_ID="47" TITLE="" ENTITY_ID_REF="Ad00800" PAGE_NO="8" PAGE_LABEL="8" PRIM_ID_REF="Ad0080001" IS_IC="true"/><TOC_Entry TOC_ENTRY_ID="48" TITLE="" ENTITY_ID_REF="Ad00801" PAGE_NO="8" PAGE_LABEL="8" PRIM_ID_REF="Ad0080101" IS_IC="true"/><TOC_Entry TOC_ENTRY_ID="49" TITLE="OSU�s coolest off-campus cribs" ENTITY_ID_REF="Ar00900" PAGE_NO="9" PAGE_LABEL="9" PRIM_ID_REF="Ar0090000" IS_IC="true"><TOC_Entry TOC_ENTRY_ID="50" TITLE="" ENTITY_ID_REF="Pc00902" PAGE_NO="9" PAGE_LABEL="9" PRIM_ID_REF="Pc0090200" IS_IC="true"/><TOC_Entry TOC_ENTRY_ID="51" TITLE="" ENTITY_ID_REF="Pc00903" PAGE_NO="9" PAGE_LABEL="9" PRIM_ID_REF="Pc0090300" IS_IC="true"/></TOC_Entry><TOC_Entry TOC_ENTRY_ID="52" TITLE="CRIBS" ENTITY_ID_REF="Ar01001" PAGE_NO="10" PAGE_LABEL="10" PRIM_ID_REF="Ar0100100"><TOC_Entry TOC_ENTRY_ID="53" TITLE="" ENTITY_ID_REF="Pc01002" PAGE_NO="10" PAGE_LABEL="10" PRIM_ID_REF="Pc0100200" IS_IC="true"/></TOC_Entry><TOC_Entry TOC_ENTRY_ID="54" TITLE="" ENTITY_ID_REF="Ad00901" PAGE_NO="9" PAGE_LABEL="9" PRIM_ID_REF="Ad0090101" IS_IC="true"/><TOC_Entry TOC_ENTRY_ID="55" TITLE="CRIBS" ENTITY_ID_REF="Ar01003" PAGE_NO="10" PAGE_LABEL="10" PRIM_ID_REF="Ar0100300" IS_IC="true"><TOC_Entry TOC_ENTRY_ID="56" TITLE="" ENTITY_ID_REF="Pc01004" PAGE_NO="10" PAGE_LABEL="10" PRIM_ID_REF="Pc0100400" IS_IC="true"/></TOC_Entry><TOC_Entry TOC_ENTRY_ID="57" TITLE="CRIBS" ENTITY_ID_REF="Ar01100" PAGE_NO="11" PAGE_LABEL="11" PRIM_ID_REF="Ar0110000"><TOC_Entry TOC_ENTRY_ID="58" TITLE="" ENTITY_ID_REF="Pc01101" PAGE_NO="11" PAGE_LABEL="11" PRIM_ID_REF="Pc0110100" IS_IC="true"/><TOC_Entry TOC_ENTRY_ID="59" TITLE="" ENTITY_ID_REF="Pc01102" PAGE_NO="11" PAGE_LABEL="11" PRIM_ID_REF="Pc0110200" IS_IC="true"/></TOC_Entry><TOC_Entry TOC_ENTRY_ID="60" TITLE="" ENTITY_ID_REF="Ad01000" PAGE_NO="10" PAGE_LABEL="10" PRIM_ID_REF="Ad0100001" IS_IC="true"/><TOC_Entry TOC_ENTRY_ID="61" TITLE="" ENTITY_ID_REF="Ad01103" PAGE_NO="11" PAGE_LABEL="11" PRIM_ID_REF="Ad0110301" IS_IC="true"/><TOC_Entry TOC_ENTRY_ID="62" TITLE="Mapping the off-campus construction boom" ENTITY_ID_REF="Ar01200" PAGE_NO="12" PAGE_LABEL="12" PRIM_ID_REF="Ar0120000" IS_IC="true"><TOC_Entry TOC_ENTRY_ID="63" TITLE="" ENTITY_ID_REF="Pc01202" PAGE_NO="12" PAGE_LABEL="12" PRIM_ID_REF="Pc0120200" IS_IC="true"/><TOC_Entry TOC_ENTRY_ID="64" TITLE="" ENTITY_ID_REF="Pc01203" PAGE_NO="12" PAGE_LABEL="12" PRIM_ID_REF="Pc0120300" IS_IC="true"/><TOC_Entry TOC_ENTRY_ID="65" TITLE="" ENTITY_ID_REF="Pc01204" PAGE_NO="12" PAGE_LABEL="12" PRIM_ID_REF="Pc0120400" IS_IC="true"/></TOC_Entry><TOC_Entry TOC_ENTRY_ID="66" TITLE="" ENTITY_ID_REF="Ad01201" PAGE_NO="12" PAGE_LABEL="12" PRIM_ID_REF="Ad0120101" IS_IC="true"/><TOC_Entry TOC_ENTRY_ID="67" TITLE="North side is the place to be" ENTITY_ID_REF="Ar01300" PAGE_NO="13" PAGE_LABEL="13" PRIM_ID_REF="Ar0130000" IS_IC="true"><TOC_Entry TOC_ENTRY_ID="68" TITLE="" ENTITY_ID_REF="Pc01301" PAGE_NO="13" PAGE_LABEL="13" PRIM_ID_REF="Pc0130100" IS_IC="true"/><TOC_Entry TOC_ENTRY_ID="69" TITLE="" ENTITY_ID_REF="Pc01302" PAGE_NO="13" PAGE_LABEL="13" PRIM_ID_REF="Pc0130200" IS_IC="true"/></TOC_Entry><TOC_Entry TOC_ENTRY_ID="70" TITLE="South campus best residential, best off-campus living" ENTITY_ID_REF="Ar01306" PAGE_NO="13" PAGE_LABEL="13" PRIM_ID_REF="Ar0130600" IS_IC="true"><TOC_Entry TOC_ENTRY_ID="71" TITLE="" ENTITY_ID_REF="Pc01304" PAGE_NO="13" PAGE_LABEL="13" PRIM_ID_REF="Pc0130400" IS_IC="true"/><TOC_Entry TOC_ENTRY_ID="72" TITLE="" ENTITY_ID_REF="Pc01305" PAGE_NO="13" PAGE_LABEL="13" PRIM_ID_REF="Pc0130500" IS_IC="true"/></TOC_Entry><TOC_Entry TOC_ENTRY_ID="73" TITLE="" ENTITY_ID_REF="Ad01303" PAGE_NO="13" PAGE_LABEL="13" PRIM_ID_REF="Ad0130301" IS_IC="true"/><TOC_Entry TOC_ENTRY_ID="74" TITLE="STAFF PICKS: BEST AREA OF CAMPUS" ENTITY_ID_REF="Ar01400" PAGE_NO="14" PAGE_LABEL="14" PRIM_ID_REF="Ar0140000" IS_IC="true"/><TOC_Entry TOC_ENTRY_ID="75" TITLE="" ENTITY_ID_REF="Ad01401" PAGE_NO="14" PAGE_LABEL="14" PRIM_ID_REF="Ad0140101" IS_IC="true"/><TOC_Entry TOC_ENTRY_ID="76" TITLE="LIVING ESSENTIALS" ENTITY_ID_REF="Ar01500" PAGE_NO="15" PAGE_LABEL="15" PRIM_ID_REF="Ar0150000" IS_IC="true"/><TOC_Entry TOC_ENTRY_ID="77" TITLE="HOME DECOR" ENTITY_ID_REF="Ar01501" PAGE_NO="15" PAGE_LABEL="15" PRIM_ID_REF="Ar0150100" IS_IC="true"/><TOC_Entry TOC_ENTRY_ID="78" TITLE="" ENTITY_ID_REF="Ad01502" PAGE_NO="15" PAGE_LABEL="15" PRIM_ID_REF="Ad0150201" IS_IC="true"/><TOC_Entry TOC_ENTRY_ID="79" TITLE="" ENTITY_ID_REF="Ad01503" PAGE_NO="15" PAGE_LABEL="15" PRIM_ID_REF="Ad0150301" IS_IC="true"/><TOC_Entry TOC_ENTRY_ID="80" TITLE="" ENTITY_ID_REF="Ad01600" PAGE_NO="16" PAGE_LABEL="16" PRIM_ID_REF="Ad0160001" IS_IC="true"/></TOC_Entries></Logic_np></Xmd_toc>
