<?xml version="1.0" encoding="windows-1252" standalone="no"?>
<Xmd_toc REPOSITORY_FORMAT="1.0" PRXML_VER="2.5" PUBLICATION="OHI" PUBLICATION_DESCRIPTION="" ISSUE_DATE="01/11/2018" RELEASE_NO="060-OHI-2018-11-01-0001" LANGUAGE="English">
	<Head_np>
		<Meta SOURCE_RESOLUTION="72" PDF_DESTINATION_MAPPED="OLV0_Page_0001" TITLE_SNP_EXT="png" AD_SNP_EXT="png" IMAGE_SNP_EXT="jpg" IS_SOLID="false" DOC_DATE="01/11/2018" DOC_UID="OHI_01/11/2018" DOC_VER="1" TOTAL_CHARS_COUNT="51595" SUSPICIOUS_CHARS_COUNT="0" IS_CROSS_ORDERED="false" MULTI_LAYER_PAGE_IMG="true" DEFAULT_PREVIEW_IMG_EXT="png" DEFAULT_IMG_EXT="png" DEFAULT_PRIM_IMG_EXT="jpg" PAGE_PREVIEW_RESOLUTION="15" PAGE_THUMBNAIL_RESOLUTION="150" IMAGES_RESOLUTION="140" PAGES_NUMBER="16" SOURCE_TYPE="TIFF" BASE_HREF="OHI/2018/11/01">
			<Publisher XMD_VER="2.8.201.103" ACROBAT_VER="11.012" PUBLISHER="Olive" PROFILE_ID="OHI-2018-11-01.ini">
				<PublishDate>Sat, 31 Aug 2019 06:00:58 UTC</PublishDate>
				<PublishSWFCompatible>false</PublishSWFCompatible>
			</Publisher>
			<Resolutions>
				<Resolution DEFAULT="true">150</Resolution>
			</Resolutions>
			<LayerResolutions>
				<Resolution GRAPHIC_IMG_EXT="jpg">110</Resolution>
				<Resolution GRAPHIC_IMG_EXT="jpg">140</Resolution>
			</LayerResolutions>
		</Meta>
		<Link SOURCE="060-OHI-2018-11-01-0001.pdf"/>
		<DataFiles>
			<Files TYPE="DOC_PDF" PRESENT="1"/>
			<Files TYPE="PAGE_PDF" PRESENT="0"/>
			<Files TYPE="DOC_IMG" PRESENT="0"/>
			<Files TYPE="PAGE_IMG" PRESENT="0"/>
			<Files TYPE="PAGE_VIEW_IMG" PRESENT="1"/>
			<Files TYPE="PAGE_LAYERS_IMG" PRESENT="1"/>
			<Files TYPE="PAGE_PREVIEW_IMG" PRESENT="1"/>
			<Files TYPE="PRIMITIVE_IMG" PRESENT="1"/>
			<Files TYPE="SNIPPET_IMG" PRESENT="1"/>
			<Files TYPE="SEGMENTATION" PRESENT="0"/>
			<Files TYPE="PAGINATION_TEMPLATE_BACKGROUND" PRESENT="0"/>
			<Files TYPE="EXTERNAL_FONTS" PRESENT="0"/>
			<Files TYPE="PROFILE" PRESENT="1"/>
			<Files TYPE="FOOTNOTES" PRESENT="0"/>
		</DataFiles>
	</Head_np>
	<Body_np>
		<Section NAME="Front Page">
			<Page ID="Pg001" CROP_BOX="0 0 1649 2549" MEDIA_BOX="0 0 1649 2549" HREF="/1/Pg001" TOTAL_CHARS_COUNT="1386" SUSPICIOUS_CHARS_COUNT="0" PAGE_HEIGHT="2550" PAGE_WIDTH="1650" PAGE_TYPE="Single" PAGE_LABEL="1" PAGE_NO="1">
				<Entity FIRST_TOC_ENTRY_ID="1" DEPTH_LEVEL="1" PAGE_NO="1" HREF="/1/Ar00100" WORDCNT="365" IMAGES_RESOLUTION="140" INDEX_IN_DOC="1" SIZE="Medium" CONTINUATION_TO="Ar00205" NAME="ILLUSTRATION BY JACK WESTERHEIDE MANAGING EDITOR FOR DESIGN I saved more than $6,000 by living off campus" ENTITY_TYPE="Article" ID="Ar00100"/>
				<Entity FIRST_TOC_ENTRY_ID="2" DEPTH_LEVEL="2" PAGE_NO="1" LOGICAL_NAME="true" HREF="/1/Pc00101" WORDCNT="0" IMAGES_RESOLUTION="140" INDEX_IN_DOC="2" SIZE="XLarge" EMBEDDED_AFTER="Ar0010000" EMBEDDED_ABOVE="1" EMBEDDED_INTO="Ar00100" NAME="" ENTITY_TYPE="Picture" ID="Pc00101">
					<Image EXT="jpg" H="1553" W="1399" ID="Pc0010100"/>
				</Entity>
				<Entity FIRST_TOC_ENTRY_ID="9" DEPTH_LEVEL="1" PAGE_NO="1" LOGICAL_NAME="true" HREF="/1/Ad00102" WORDCNT="0" IMAGES_RESOLUTION="140" INDEX_IN_DOC="9" SIZE="Medium" NAME="" ENTITY_TYPE="Ad" ID="Ad00102">
					<Image H="210" W="1400" ID="Ad0010201"/>
				</Entity>
			</Page>
			<Page ID="Pg002" CROP_BOX="0 0 1649 2549" MEDIA_BOX="0 0 1649 2549" HREF="/2/Pg002" TOTAL_CHARS_COUNT="3743" SUSPICIOUS_CHARS_COUNT="0" PAGE_HEIGHT="2550" PAGE_WIDTH="1650" PAGE_TYPE="Single" PAGE_LABEL="2" PAGE_NO="2">
				<Entity FIRST_TOC_ENTRY_ID="10" DEPTH_LEVEL="1" PAGE_NO="2" LOGICAL_NAME="true" HREF="/2/Ar00200" WORDCNT="249" IMAGES_RESOLUTION="140" INDEX_IN_DOC="10" SIZE="Medium" NAME="" ENTITY_TYPE="Article" ID="Ar00200"/>
				<Entity FIRST_TOC_ENTRY_ID="11" DEPTH_LEVEL="1" PAGE_NO="2" LOGICAL_NAME="true" HREF="/2/Ad00201" WORDCNT="44" IMAGES_RESOLUTION="140" INDEX_IN_DOC="11" SIZE="Medium" NAME="" ENTITY_TYPE="Ad" ID="Ad00201">
					<Image H="713" W="706" ID="Ad0020101"/>
				</Entity>
				<Entity FIRST_TOC_ENTRY_ID="12" DEPTH_LEVEL="1" PAGE_NO="2" LOGICAL_NAME="true" HREF="/2/Ad00202" WORDCNT="0" IMAGES_RESOLUTION="140" INDEX_IN_DOC="12" SIZE="Large" NAME="" ENTITY_TYPE="Ad" ID="Ad00202">
					<Image H="1121" W="700" ID="Ad0020201"/>
				</Entity>
				<Entity FIRST_TOC_ENTRY_ID="13" DEPTH_LEVEL="1" PAGE_NO="2" HREF="/2/Ar00203" WORDCNT="88" IMAGES_RESOLUTION="140" INDEX_IN_DOC="13" SIZE="Small" NAME="Letters to the Editor" ENTITY_TYPE="Article" ID="Ar00203"/>
				<Entity FIRST_TOC_ENTRY_ID="14" DEPTH_LEVEL="1" PAGE_NO="2" HREF="/2/Ar00204" WORDCNT="30" IMAGES_RESOLUTION="140" INDEX_IN_DOC="14" SIZE="Small" NAME="Corrections" ENTITY_TYPE="Article" ID="Ar00204"/>
				<Entity FIRST_TOC_ENTRY_ID="3" DEPTH_LEVEL="1" PAGE_NO="2" HREF="/2/Ar00205" WORDCNT="521" IMAGES_RESOLUTION="140" INDEX_IN_DOC="3" SIZE="Medium" CONTINUATION_FROM="Ar00100" NAME="SAVINGS" ENTITY_TYPE="Article" ID="Ar00205"/>
				<Entity FIRST_TOC_ENTRY_ID="4" DEPTH_LEVEL="2" PAGE_NO="2" LOGICAL_NAME="true" HREF="/2/Pc00206" WORDCNT="0" IMAGES_RESOLUTION="140" INDEX_IN_DOC="4" SIZE="Medium" EMBEDDED_AFTER="Ar0020500" EMBEDDED_ABOVE="1" EMBEDDED_INTO="Ar00205" NAME="" ENTITY_TYPE="Picture" ID="Pc00206">
					<Image EXT="jpg" H="556" W="674" ID="Pc0020600"/>
				</Entity>
				<Entity FIRST_TOC_ENTRY_ID="5" DEPTH_LEVEL="2" PAGE_NO="2" LOGICAL_NAME="true" HREF="/2/Pc00207" WORDCNT="0" IMAGES_RESOLUTION="140" INDEX_IN_DOC="5" SIZE="Medium" EMBEDDED_AFTER="Ar0020500" EMBEDDED_ABOVE="1" EMBEDDED_INTO="Ar00205" NAME="" ENTITY_TYPE="Picture" ID="Pc00207">
					<Image EXT="jpg" H="404" W="674" ID="Pc0020700"/>
				</Entity>
				<Entity FIRST_TOC_ENTRY_ID="6" DEPTH_LEVEL="2" PAGE_NO="2" LOGICAL_NAME="true" HREF="/2/Pc00208" WORDCNT="0" IMAGES_RESOLUTION="140" INDEX_IN_DOC="6" SIZE="Small" EMBEDDED_AFTER="Ar0020500" EMBEDDED_BELOW="1" EMBEDDED_RIGHT="1" EMBEDDED_INTO="Ar00205" NAME="" ENTITY_TYPE="Picture" ID="Pc00208">
					<Image EXT="jpg" H="41" W="266" ID="Pc0020800"/>
				</Entity>
				<Entity FIRST_TOC_ENTRY_ID="7" DEPTH_LEVEL="2" PAGE_NO="2" LOGICAL_NAME="true" HREF="/2/Pc00209" WORDCNT="0" IMAGES_RESOLUTION="140" INDEX_IN_DOC="7" SIZE="Small" EMBEDDED_AFTER="Ar0020500" EMBEDDED_BELOW="1" EMBEDDED_RIGHT="1" EMBEDDED_INTO="Ar00205" NAME="" ENTITY_TYPE="Picture" ID="Pc00209">
					<Image EXT="jpg" H="127" W="247" ID="Pc0020900"/>
				</Entity>
				<Entity FIRST_TOC_ENTRY_ID="8" DEPTH_LEVEL="2" PAGE_NO="2" LOGICAL_NAME="true" HREF="/2/Pc00210" WORDCNT="0" IMAGES_RESOLUTION="140" INDEX_IN_DOC="8" SIZE="Small" EMBEDDED_AFTER="Ar0020500" EMBEDDED_BELOW="1" EMBEDDED_RIGHT="1" EMBEDDED_INTO="Ar00205" NAME="" ENTITY_TYPE="Picture" ID="Pc00210">
					<Image EXT="jpg" H="198" W="216" ID="Pc0021000"/>
				</Entity>
			</Page>
			<Page ID="Pg003" CROP_BOX="0 0 1649 2549" MEDIA_BOX="0 0 1649 2549" HREF="/3/Pg003" TOTAL_CHARS_COUNT="0" SUSPICIOUS_CHARS_COUNT="0" PAGE_HEIGHT="2550" PAGE_WIDTH="1650" PAGE_TYPE="Single" PAGE_LABEL="3" PAGE_NO="3">
				<Entity FIRST_TOC_ENTRY_ID="15" DEPTH_LEVEL="1" PAGE_NO="3" LOGICAL_NAME="true" HREF="/3/Ad00300" WORDCNT="96" IMAGES_RESOLUTION="140" INDEX_IN_DOC="15" SIZE="XLarge" NAME="" ENTITY_TYPE="Ad" ID="Ad00300">
					<Image H="2226" W="1396" ID="Ad0030001"/>
				</Entity>
			</Page>
			<Page ID="Pg004" CROP_BOX="0 0 1649 2549" MEDIA_BOX="0 0 1649 2549" HREF="/4/Pg004" TOTAL_CHARS_COUNT="6372" SUSPICIOUS_CHARS_COUNT="0" PAGE_HEIGHT="2550" PAGE_WIDTH="1650" PAGE_TYPE="Single" PAGE_LABEL="4" PAGE_NO="4">
				<Entity FIRST_TOC_ENTRY_ID="16" DEPTH_LEVEL="1" PAGE_NO="4" HREF="/4/Ar00400" WORDCNT="1555" IMAGES_RESOLUTION="140" INDEX_IN_DOC="16" SIZE="XLarge" NAME="Off campus companies 101: The good &amp; the &lt;sup&gt;. &lt;/sup&gt;bad" ENTITY_TYPE="Article" ID="Ar00400"/>
				<Entity FIRST_TOC_ENTRY_ID="18" DEPTH_LEVEL="1" PAGE_NO="4" LOGICAL_NAME="true" HREF="/4/Ad00401" WORDCNT="0" IMAGES_RESOLUTION="140" INDEX_IN_DOC="18" SIZE="Large" NAME="" ENTITY_TYPE="Ad" ID="Ad00401">
					<Image H="1085" W="688" ID="Ad0040101"/>
				</Entity>
				<Entity FIRST_TOC_ENTRY_ID="17" DEPTH_LEVEL="2" PAGE_NO="4" LOGICAL_NAME="true" HREF="/4/Pc00402" WORDCNT="0" IMAGES_RESOLUTION="140" INDEX_IN_DOC="17" SIZE="Medium" EMBEDDED_AFTER="Ar0040000" EMBEDDED_BELOW="1" EMBEDDED_INTO="Ar00400" NAME="" ENTITY_TYPE="Picture" ID="Pc00402">
					<Image EXT="jpg" H="629" W="715" ID="Pc0040200"/>
				</Entity>
			</Page>
			<Page ID="Pg005" CROP_BOX="0 0 1649 2549" MEDIA_BOX="0 0 1649 2549" HREF="/5/Pg005" TOTAL_CHARS_COUNT="4267" SUSPICIOUS_CHARS_COUNT="0" PAGE_HEIGHT="2550" PAGE_WIDTH="1650" PAGE_TYPE="Single" PAGE_LABEL="5" PAGE_NO="5">
				<Entity FIRST_TOC_ENTRY_ID="19" DEPTH_LEVEL="1" PAGE_NO="5" HREF="/5/Ar00500" WORDCNT="1018" IMAGES_RESOLUTION="140" INDEX_IN_DOC="19" SIZE="XLarge" NAME="Home decor galore" ENTITY_TYPE="Article" ID="Ar00500"/>
				<Entity FIRST_TOC_ENTRY_ID="20" DEPTH_LEVEL="2" PAGE_NO="5" LOGICAL_NAME="true" HREF="/5/Pc00501" WORDCNT="0" IMAGES_RESOLUTION="140" INDEX_IN_DOC="20" SIZE="Small" EMBEDDED_AFTER="Ar0050000" EMBEDDED_BELOW="1" EMBEDDED_INTO="Ar00500" NAME="" ENTITY_TYPE="Picture" ID="Pc00501">
					<Image EXT="jpg" H="357" W="689" ID="Pc0050100"/>
				</Entity>
				<Entity FIRST_TOC_ENTRY_ID="21" DEPTH_LEVEL="2" PAGE_NO="5" LOGICAL_NAME="true" HREF="/5/Pc00502" WORDCNT="0" IMAGES_RESOLUTION="140" INDEX_IN_DOC="21" SIZE="Small" EMBEDDED_AFTER="Ar0050000" EMBEDDED_BELOW="1" EMBEDDED_INTO="Ar00500" NAME="" ENTITY_TYPE="Picture" ID="Pc00502">
					<Image EXT="jpg" H="354" W="689" ID="Pc0050200"/>
				</Entity>
				<Entity FIRST_TOC_ENTRY_ID="25" DEPTH_LEVEL="1" PAGE_NO="5" LOGICAL_NAME="true" HREF="/5/Ad00503" WORDCNT="52" IMAGES_RESOLUTION="140" INDEX_IN_DOC="25" SIZE="Large" NAME="" ENTITY_TYPE="Ad" ID="Ad00503">
					<Image H="700" W="1115" ID="Ad0050301"/>
				</Entity>
				<Entity FIRST_TOC_ENTRY_ID="22" DEPTH_LEVEL="1" PAGE_NO="5" LOGICAL_NAME="true" HREF="/5/Ar00504" WORDCNT="0" IMAGES_RESOLUTION="140" INDEX_IN_DOC="22" SIZE="Small" NAME="" ENTITY_TYPE="Article" ID="Ar00504"/>
				<Entity FIRST_TOC_ENTRY_ID="23" DEPTH_LEVEL="2" PAGE_NO="5" LOGICAL_NAME="true" HREF="/5/Pc00505" WORDCNT="0" IMAGES_RESOLUTION="140" INDEX_IN_DOC="23" SIZE="Small" EMBEDDED_AFTER="Ar0050400" EMBEDDED_INTERSECT="1" EMBEDDED_INTO="Ar00504" NAME="" ENTITY_TYPE="Picture" ID="Pc00505">
					<Image EXT="jpg" H="377" W="265" ID="Pc0050500"/>
				</Entity>
				<Entity FIRST_TOC_ENTRY_ID="24" DEPTH_LEVEL="1" PAGE_NO="5" LOGICAL_NAME="true" HREF="/5/Ad00506" WORDCNT="2" IMAGES_RESOLUTION="140" INDEX_IN_DOC="24" SIZE="Small" NAME="" ENTITY_TYPE="Ad" ID="Ad00506">
					<Image H="325" W="260" ID="Ad0050601"/>
				</Entity>
			</Page>
			<Page ID="Pg006" CROP_BOX="0 0 1649 2549" MEDIA_BOX="0 0 1649 2549" HREF="/6/Pg006" TOTAL_CHARS_COUNT="5504" SUSPICIOUS_CHARS_COUNT="0" PAGE_HEIGHT="2550" PAGE_WIDTH="1650" PAGE_TYPE="Single" PAGE_LABEL="6" PAGE_NO="6">
				<Entity FIRST_TOC_ENTRY_ID="27" DEPTH_LEVEL="1" PAGE_NO="6" HREF="/6/Ar00600" WORDCNT="526" IMAGES_RESOLUTION="140" INDEX_IN_DOC="27" SIZE="Large" NAME="Seeking counsel: Planning to sign a lease" ENTITY_TYPE="Article" ID="Ar00600"/>
				<Entity FIRST_TOC_ENTRY_ID="26" DEPTH_LEVEL="1" PAGE_NO="6" LOGICAL_NAME="true" HREF="/6/Ad00601" WORDCNT="328" IMAGES_RESOLUTION="140" INDEX_IN_DOC="26" SIZE="Large" NAME="" ENTITY_TYPE="Ad" ID="Ad00601">
					<Image H="1089" W="696" ID="Ad0060101"/>
				</Entity>
				<Entity FIRST_TOC_ENTRY_ID="29" DEPTH_LEVEL="1" PAGE_NO="6" HREF="/6/Ar00602" WORDCNT="738" IMAGES_RESOLUTION="140" INDEX_IN_DOC="29" SIZE="Large" NAME="NIGHTMARE ON SUMMIT STREET" ENTITY_TYPE="Article" ID="Ar00602"/>
				<Entity FIRST_TOC_ENTRY_ID="30" DEPTH_LEVEL="2" PAGE_NO="6" LOGICAL_NAME="true" HREF="/6/Pc00603" WORDCNT="0" IMAGES_RESOLUTION="140" INDEX_IN_DOC="30" SIZE="Medium" EMBEDDED_AFTER="Ar0060200" EMBEDDED_BELOW="1" EMBEDDED_INTO="Ar00602" NAME="" ENTITY_TYPE="Picture" ID="Pc00603">
					<Image EXT="jpg" H="415" W="944" ID="Pc0060300"/>
				</Entity>
				<Entity FIRST_TOC_ENTRY_ID="28" DEPTH_LEVEL="2" PAGE_NO="6" LOGICAL_NAME="true" HREF="/6/Pc00604" WORDCNT="0" IMAGES_RESOLUTION="140" INDEX_IN_DOC="28" SIZE="Small" EMBEDDED_AFTER="Ar0060000" EMBEDDED_BELOW="1" EMBEDDED_INTO="Ar00600" NAME="" ENTITY_TYPE="Picture" ID="Pc00604">
					<Image EXT="jpg" H="139" W="354" ID="Pc0060400"/>
				</Entity>
			</Page>
			<Page ID="Pg007" CROP_BOX="0 0 1649 2549" MEDIA_BOX="0 0 1649 2549" HREF="/7/Pg007" TOTAL_CHARS_COUNT="0" SUSPICIOUS_CHARS_COUNT="0" PAGE_HEIGHT="2550" PAGE_WIDTH="1650" PAGE_TYPE="Single" PAGE_LABEL="7" PAGE_NO="7">
				<Entity FIRST_TOC_ENTRY_ID="31" DEPTH_LEVEL="1" PAGE_NO="7" LOGICAL_NAME="true" HREF="/7/Ad00700" WORDCNT="391" IMAGES_RESOLUTION="140" INDEX_IN_DOC="31" SIZE="XLarge" NAME="" ENTITY_TYPE="Ad" ID="Ad00700">
					<Image H="2233" W="1400" ID="Ad0070001"/>
				</Entity>
			</Page>
			<Page ID="Pg008" CROP_BOX="0 0 1649 2549" MEDIA_BOX="0 0 1649 2549" HREF="/8/Pg008" TOTAL_CHARS_COUNT="4733" SUSPICIOUS_CHARS_COUNT="0" PAGE_HEIGHT="2550" PAGE_WIDTH="1650" PAGE_TYPE="Single" PAGE_LABEL="8" PAGE_NO="8">
				<Entity FIRST_TOC_ENTRY_ID="37" DEPTH_LEVEL="1" PAGE_NO="8" HREF="/8/Ar00800" WORDCNT="774" IMAGES_RESOLUTION="140" INDEX_IN_DOC="37" SIZE="Large" NAME="Bringing your &lt;sup&gt;. &lt;/sup&gt;furry friend with you" ENTITY_TYPE="Article" ID="Ar00800"/>
				<Entity FIRST_TOC_ENTRY_ID="33" DEPTH_LEVEL="1" PAGE_NO="8" HREF="/8/Ar00801" WORDCNT="325" IMAGES_RESOLUTION="140" INDEX_IN_DOC="33" SIZE="Large" CONTINUATION_TO="Ar01000" NAME="Off-campus students encouraged to use Public Safety services" ENTITY_TYPE="Article" ID="Ar00801"/>
				<Entity FIRST_TOC_ENTRY_ID="38" DEPTH_LEVEL="2" PAGE_NO="8" LOGICAL_NAME="true" HREF="/8/Pc00802" WORDCNT="0" IMAGES_RESOLUTION="140" INDEX_IN_DOC="38" SIZE="Medium" EMBEDDED_AFTER="Ar0080000" EMBEDDED_BELOW="1" EMBEDDED_INTO="Ar00800" NAME="" ENTITY_TYPE="Picture" ID="Pc00802">
					<Image EXT="jpg" H="644" W="682" ID="Pc0080200"/>
				</Entity>
				<Entity FIRST_TOC_ENTRY_ID="34" DEPTH_LEVEL="2" PAGE_NO="8" LOGICAL_NAME="true" HREF="/8/Pc00803" WORDCNT="0" IMAGES_RESOLUTION="140" INDEX_IN_DOC="34" SIZE="Small" EMBEDDED_AFTER="Ar0080100" EMBEDDED_BELOW="1" EMBEDDED_INTO="Ar00801" NAME="" ENTITY_TYPE="Picture" ID="Pc00803">
					<Image EXT="jpg" H="333" W="330" ID="Pc0080300"/>
				</Entity>
				<Entity FIRST_TOC_ENTRY_ID="32" DEPTH_LEVEL="1" PAGE_NO="8" LOGICAL_NAME="true" HREF="/8/Ad00804" WORDCNT="95" IMAGES_RESOLUTION="140" INDEX_IN_DOC="32" SIZE="Large" NAME="" ENTITY_TYPE="Ad" ID="Ad00804">
					<Image H="1048" W="693" ID="Ad0080401"/>
				</Entity>
			</Page>
			<Page ID="Pg009" CROP_BOX="0 0 1649 2549" MEDIA_BOX="0 0 1649 2549" HREF="/9/Pg009" TOTAL_CHARS_COUNT="3723" SUSPICIOUS_CHARS_COUNT="0" PAGE_HEIGHT="2550" PAGE_WIDTH="1650" PAGE_TYPE="Single" PAGE_LABEL="9" PAGE_NO="9">
				<Entity FIRST_TOC_ENTRY_ID="39" DEPTH_LEVEL="1" PAGE_NO="9" HREF="/9/Ar00900" WORDCNT="942" IMAGES_RESOLUTION="140" INDEX_IN_DOC="39" SIZE="XLarge" NAME="Where are you getting up for gameday?" ENTITY_TYPE="Article" ID="Ar00900"/>
				<Entity FIRST_TOC_ENTRY_ID="40" DEPTH_LEVEL="2" PAGE_NO="9" LOGICAL_NAME="true" HREF="/9/Pc00901" WORDCNT="0" IMAGES_RESOLUTION="140" INDEX_IN_DOC="40" SIZE="Medium" EMBEDDED_AFTER="Ar0090000" EMBEDDED_BELOW="1" EMBEDDED_INTO="Ar00900" NAME="" ENTITY_TYPE="Picture" ID="Pc00901">
					<Image EXT="jpg" H="470" W="688" ID="Pc0090100"/>
				</Entity>
				<Entity FIRST_TOC_ENTRY_ID="41" DEPTH_LEVEL="2" PAGE_NO="9" LOGICAL_NAME="true" HREF="/9/Pc00902" WORDCNT="0" IMAGES_RESOLUTION="140" INDEX_IN_DOC="41" SIZE="Small" EMBEDDED_AFTER="Ar0090000" EMBEDDED_BELOW="1" EMBEDDED_INTO="Ar00900" NAME="" ENTITY_TYPE="Picture" ID="Pc00902">
					<Image EXT="jpg" H="44" W="348" ID="Pc0090200"/>
				</Entity>
				<Entity FIRST_TOC_ENTRY_ID="42" DEPTH_LEVEL="1" PAGE_NO="9" LOGICAL_NAME="true" HREF="/9/Ad00903" WORDCNT="52" IMAGES_RESOLUTION="140" INDEX_IN_DOC="42" SIZE="XLarge" NAME="" ENTITY_TYPE="Ad" ID="Ad00903">
					<Image H="1120" W="1400" ID="Ad0090301"/>
				</Entity>
			</Page>
			<Page ID="Pg010" CROP_BOX="0 0 1649 2549" MEDIA_BOX="0 0 1649 2549" HREF="/10/Pg010" TOTAL_CHARS_COUNT="3750" SUSPICIOUS_CHARS_COUNT="0" PAGE_HEIGHT="2550" PAGE_WIDTH="1650" PAGE_TYPE="Single" PAGE_LABEL="10" PAGE_NO="10">
				<Entity FIRST_TOC_ENTRY_ID="35" DEPTH_LEVEL="1" PAGE_NO="10" HREF="/10/Ar01000" WORDCNT="289" IMAGES_RESOLUTION="140" INDEX_IN_DOC="35" SIZE="Medium" CONTINUATION_FROM="Ar00801" NAME="SAFETY" ENTITY_TYPE="Article" ID="Ar01000"/>
				<Entity FIRST_TOC_ENTRY_ID="44" DEPTH_LEVEL="1" PAGE_NO="10" HREF="/10/Ar01001" WORDCNT="566" IMAGES_RESOLUTION="140" INDEX_IN_DOC="44" SIZE="Large" NAME="You can�t pick your family, but you can pick your roommates" ENTITY_TYPE="Article" ID="Ar01001"/>
				<Entity FIRST_TOC_ENTRY_ID="36" DEPTH_LEVEL="2" PAGE_NO="10" LOGICAL_NAME="true" HREF="/10/Pc01002" WORDCNT="0" IMAGES_RESOLUTION="140" INDEX_IN_DOC="36" SIZE="Medium" EMBEDDED_INTO="Ar01000" NAME="" ENTITY_TYPE="Picture" ID="Pc01002">
					<Image EXT="jpg" H="507" W="680" ID="Pc0100200"/>
				</Entity>
				<Entity FIRST_TOC_ENTRY_ID="45" DEPTH_LEVEL="2" PAGE_NO="10" LOGICAL_NAME="true" HREF="/10/Pc01003" WORDCNT="0" IMAGES_RESOLUTION="140" INDEX_IN_DOC="45" SIZE="Large" EMBEDDED_AFTER="Ar0100100" EMBEDDED_BELOW="1" EMBEDDED_INTO="Ar01001" NAME="" ENTITY_TYPE="Picture" ID="Pc01003">
					<Image EXT="jpg" H="734" W="849" ID="Pc0100300"/>
				</Entity>
				<Entity FIRST_TOC_ENTRY_ID="43" DEPTH_LEVEL="1" PAGE_NO="10" LOGICAL_NAME="true" HREF="/10/Ad01004" WORDCNT="72" IMAGES_RESOLUTION="140" INDEX_IN_DOC="43" SIZE="Large" NAME="" ENTITY_TYPE="Ad" ID="Ad01004">
					<Image H="1122" W="700" ID="Ad0100401"/>
				</Entity>
				<Entity FIRST_TOC_ENTRY_ID="47" DEPTH_LEVEL="1" PAGE_NO="10" LOGICAL_NAME="true" HREF="/10/Ad01005" WORDCNT="2" IMAGES_RESOLUTION="140" INDEX_IN_DOC="47" SIZE="Small" NAME="" ENTITY_TYPE="Ad" ID="Ad01005">
					<Image H="326" W="277" ID="Ad0100501"/>
				</Entity>
				<Entity FIRST_TOC_ENTRY_ID="46" DEPTH_LEVEL="2" PAGE_NO="10" LOGICAL_NAME="true" HREF="/10/Pc01006" WORDCNT="0" IMAGES_RESOLUTION="140" INDEX_IN_DOC="46" SIZE="Small" EMBEDDED_AFTER="Ar0100100" EMBEDDED_BELOW="1" EMBEDDED_INTO="Ar01001" NAME="" ENTITY_TYPE="Picture" ID="Pc01006">
					<Image EXT="jpg" H="59" W="302" ID="Pc0100600"/>
				</Entity>
			</Page>
			<Page ID="Pg011" CROP_BOX="0 0 1649 2549" MEDIA_BOX="0 0 1649 2549" HREF="/11/Pg011" TOTAL_CHARS_COUNT="3881" SUSPICIOUS_CHARS_COUNT="0" PAGE_HEIGHT="2550" PAGE_WIDTH="1650" PAGE_TYPE="Single" PAGE_LABEL="11" PAGE_NO="11">
				<Entity FIRST_TOC_ENTRY_ID="48" DEPTH_LEVEL="1" PAGE_NO="11" HREF="/11/Ar01100" WORDCNT="944" IMAGES_RESOLUTION="140" INDEX_IN_DOC="48" SIZE="XLarge" NAME="Hey, off-campus housing, can we go thrift shopping?" ENTITY_TYPE="Article" ID="Ar01100"/>
				<Entity FIRST_TOC_ENTRY_ID="49" DEPTH_LEVEL="2" PAGE_NO="11" LOGICAL_NAME="true" HREF="/11/Pc01101" WORDCNT="0" IMAGES_RESOLUTION="140" INDEX_IN_DOC="49" SIZE="Medium" EMBEDDED_AFTER="Ar0110000" EMBEDDED_BELOW="1" EMBEDDED_INTO="Ar01100" NAME="" ENTITY_TYPE="Picture" ID="Pc01101">
					<Image EXT="jpg" H="639" W="855" ID="Pc0110100"/>
				</Entity>
				<Entity FIRST_TOC_ENTRY_ID="50" DEPTH_LEVEL="1" PAGE_NO="11" LOGICAL_NAME="true" HREF="/11/Ad01102" WORDCNT="148" IMAGES_RESOLUTION="140" INDEX_IN_DOC="50" SIZE="XLarge" NAME="" ENTITY_TYPE="Ad" ID="Ad01102">
					<Image H="907" W="1400" ID="Ad0110201"/>
				</Entity>
			</Page>
			<Page ID="Pg012" CROP_BOX="0 0 1649 2549" MEDIA_BOX="0 0 1649 2549" HREF="/12/Pg012" TOTAL_CHARS_COUNT="3576" SUSPICIOUS_CHARS_COUNT="0" PAGE_HEIGHT="2550" PAGE_WIDTH="1650" PAGE_TYPE="Single" PAGE_LABEL="12" PAGE_NO="12">
				<Entity FIRST_TOC_ENTRY_ID="51" DEPTH_LEVEL="1" PAGE_NO="12" HREF="/12/Ar01200" WORDCNT="802" IMAGES_RESOLUTION="140" INDEX_IN_DOC="51" SIZE="Large" NAME="The second year: Residence life or Greek life?" ENTITY_TYPE="Article" ID="Ar01200"/>
				<Entity FIRST_TOC_ENTRY_ID="52" DEPTH_LEVEL="2" PAGE_NO="12" LOGICAL_NAME="true" HREF="/12/Pc01201" WORDCNT="0" IMAGES_RESOLUTION="140" INDEX_IN_DOC="52" SIZE="Medium" EMBEDDED_AFTER="Ar0120000" EMBEDDED_BELOW="1" EMBEDDED_INTO="Ar01200" NAME="" ENTITY_TYPE="Picture" ID="Pc01201">
					<Image EXT="jpg" H="578" W="713" ID="Pc0120100"/>
				</Entity>
				<Entity FIRST_TOC_ENTRY_ID="53" DEPTH_LEVEL="1" PAGE_NO="12" LOGICAL_NAME="true" HREF="/12/Ad01202" WORDCNT="75" IMAGES_RESOLUTION="140" INDEX_IN_DOC="53" SIZE="XLarge" NAME="" ENTITY_TYPE="Ad" ID="Ad01202">
					<Image H="1113" W="1393" ID="Ad0120201"/>
				</Entity>
			</Page>
			<Page ID="Pg013" CROP_BOX="0 0 1649 2549" MEDIA_BOX="0 0 1649 2549" HREF="/13/Pg013" TOTAL_CHARS_COUNT="3637" SUSPICIOUS_CHARS_COUNT="0" PAGE_HEIGHT="2550" PAGE_WIDTH="1650" PAGE_TYPE="Single" PAGE_LABEL="13" PAGE_NO="13">
				<Entity FIRST_TOC_ENTRY_ID="54" DEPTH_LEVEL="1" PAGE_NO="13" HREF="/13/Ar01300" WORDCNT="538" IMAGES_RESOLUTION="140" INDEX_IN_DOC="54" SIZE="Large" NAME="Recycling in an off-campus residence" ENTITY_TYPE="Article" ID="Ar01300"/>
				<Entity FIRST_TOC_ENTRY_ID="56" DEPTH_LEVEL="1" PAGE_NO="13" HREF="/13/Ar01301" WORDCNT="288" IMAGES_RESOLUTION="140" INDEX_IN_DOC="56" SIZE="Medium" NAME="SECOND YEAR" ENTITY_TYPE="Article" ID="Ar01301"/>
				<Entity FIRST_TOC_ENTRY_ID="57" DEPTH_LEVEL="2" PAGE_NO="13" LOGICAL_NAME="true" HREF="/13/Pc01302" WORDCNT="0" IMAGES_RESOLUTION="140" INDEX_IN_DOC="57" SIZE="Medium" EMBEDDED_AFTER="Ar0130100" EMBEDDED_ABOVE="1" EMBEDDED_INTO="Ar01301" NAME="" ENTITY_TYPE="Picture" ID="Pc01302">
					<Image EXT="jpg" H="596" W="686" ID="Pc0130200"/>
				</Entity>
				<Entity FIRST_TOC_ENTRY_ID="55" DEPTH_LEVEL="2" PAGE_NO="13" LOGICAL_NAME="true" HREF="/13/Pc01303" WORDCNT="0" IMAGES_RESOLUTION="140" INDEX_IN_DOC="55" SIZE="Large" EMBEDDED_AFTER="Ar0130000" EMBEDDED_BELOW="1" EMBEDDED_INTO="Ar01300" NAME="" ENTITY_TYPE="Picture" ID="Pc01303">
					<Image EXT="jpg" H="824" W="713" ID="Pc0130300"/>
				</Entity>
				<Entity FIRST_TOC_ENTRY_ID="58" DEPTH_LEVEL="1" PAGE_NO="13" LOGICAL_NAME="true" HREF="/13/Ad01304" WORDCNT="26" IMAGES_RESOLUTION="140" INDEX_IN_DOC="58" SIZE="Large" NAME="" ENTITY_TYPE="Ad" ID="Ad01304">
					<Image H="1119" W="707" ID="Ad0130401"/>
				</Entity>
			</Page>
			<Page ID="Pg014" CROP_BOX="0 0 1649 2549" MEDIA_BOX="0 0 1649 2549" HREF="/14/Pg014" TOTAL_CHARS_COUNT="3920" SUSPICIOUS_CHARS_COUNT="0" PAGE_HEIGHT="2550" PAGE_WIDTH="1650" PAGE_TYPE="Single" PAGE_LABEL="14" PAGE_NO="14">
				<Entity FIRST_TOC_ENTRY_ID="59" DEPTH_LEVEL="1" PAGE_NO="14" HREF="/14/Ar01400" WORDCNT="461" IMAGES_RESOLUTION="140" INDEX_IN_DOC="59" SIZE="Large" NAME="Striking , , the balance as an RA .com" ENTITY_TYPE="Article" ID="Ar01400"/>
				<Entity FIRST_TOC_ENTRY_ID="61" DEPTH_LEVEL="1" PAGE_NO="14" HREF="/14/Ar01401" WORDCNT="430" IMAGES_RESOLUTION="140" INDEX_IN_DOC="61" SIZE="Medium" NAME="Puzzles" ENTITY_TYPE="Article" ID="Ar01401"/>
				<Entity FIRST_TOC_ENTRY_ID="64" DEPTH_LEVEL="1" PAGE_NO="14" HREF="/14/Ar01402" WORDCNT="255" IMAGES_RESOLUTION="140" INDEX_IN_DOC="64" SIZE="Small" NAME="Answer Key for Oct. 30:" ENTITY_TYPE="Article" ID="Ar01402"/>
				<Entity FIRST_TOC_ENTRY_ID="60" DEPTH_LEVEL="2" PAGE_NO="14" LOGICAL_NAME="true" HREF="/14/Pc01403" WORDCNT="0" IMAGES_RESOLUTION="140" INDEX_IN_DOC="60" SIZE="Large" EMBEDDED_AFTER="Ar0140000" EMBEDDED_BELOW="1" EMBEDDED_INTO="Ar01400" NAME="" ENTITY_TYPE="Picture" ID="Pc01403">
					<Image EXT="jpg" H="802" W="936" ID="Pc0140300"/>
				</Entity>
				<Entity FIRST_TOC_ENTRY_ID="62" DEPTH_LEVEL="2" PAGE_NO="14" LOGICAL_NAME="true" HREF="/14/Pc01404" WORDCNT="0" IMAGES_RESOLUTION="140" INDEX_IN_DOC="62" SIZE="Large" EMBEDDED_AFTER="Ar0140100" EMBEDDED_RIGHT="1" EMBEDDED_INTO="Ar01401" NAME="" ENTITY_TYPE="Picture" ID="Pc01404">
					<Image EXT="jpg" H="721" W="787" ID="Pc0140400"/>
				</Entity>
				<Entity FIRST_TOC_ENTRY_ID="63" DEPTH_LEVEL="2" PAGE_NO="14" LOGICAL_NAME="true" HREF="/14/Pc01405" WORDCNT="0" IMAGES_RESOLUTION="140" INDEX_IN_DOC="63" SIZE="Medium" EMBEDDED_AFTER="Ar0140100" EMBEDDED_BELOW="1" EMBEDDED_INTO="Ar01401" NAME="" ENTITY_TYPE="Picture" ID="Pc01405">
					<Image EXT="jpg" H="523" W="541" ID="Pc0140500"/>
				</Entity>
				<Entity FIRST_TOC_ENTRY_ID="65" DEPTH_LEVEL="2" PAGE_NO="14" LOGICAL_NAME="true" HREF="/14/Pc01406" WORDCNT="0" IMAGES_RESOLUTION="140" INDEX_IN_DOC="65" SIZE="Small" EMBEDDED_AFTER="Ar0140200" EMBEDDED_LEFT="1" EMBEDDED_INTO="Ar01402" NAME="" ENTITY_TYPE="Picture" ID="Pc01406">
					<Image EXT="jpg" H="214" W="228" ID="Pc0140600"/>
				</Entity>
			</Page>
			<Page ID="Pg015" CROP_BOX="0 0 1649 2549" MEDIA_BOX="0 0 1649 2549" HREF="/15/Pg015" TOTAL_CHARS_COUNT="3103" SUSPICIOUS_CHARS_COUNT="0" PAGE_HEIGHT="2550" PAGE_WIDTH="1650" PAGE_TYPE="Single" PAGE_LABEL="15" PAGE_NO="15">
				<Entity FIRST_TOC_ENTRY_ID="66" DEPTH_LEVEL="1" PAGE_NO="15" HREF="/15/Ar01500" WORDCNT="738" IMAGES_RESOLUTION="140" INDEX_IN_DOC="66" SIZE="Large" NAME=". , , Search engine app makes finding roommate or subletter easier for students" ENTITY_TYPE="Article" ID="Ar01500"/>
				<Entity FIRST_TOC_ENTRY_ID="67" DEPTH_LEVEL="2" PAGE_NO="15" LOGICAL_NAME="true" HREF="/15/Pc01501" WORDCNT="0" IMAGES_RESOLUTION="140" INDEX_IN_DOC="67" SIZE="Large" EMBEDDED_AFTER="Ar0150000" EMBEDDED_BELOW="1" EMBEDDED_INTO="Ar01500" NAME="" ENTITY_TYPE="Picture" ID="Pc01501">
					<Image EXT="jpg" H="1293" W="700" ID="Pc0150100"/>
				</Entity>
				<Entity FIRST_TOC_ENTRY_ID="70" DEPTH_LEVEL="1" PAGE_NO="15" LOGICAL_NAME="true" HREF="/15/Ad01502" WORDCNT="0" IMAGES_RESOLUTION="140" INDEX_IN_DOC="70" SIZE="Large" NAME="" ENTITY_TYPE="Ad" ID="Ad01502">
					<Image H="560" W="1400" ID="Ad0150201"/>
				</Entity>
				<Entity FIRST_TOC_ENTRY_ID="68" DEPTH_LEVEL="2" PAGE_NO="15" LOGICAL_NAME="true" HREF="/15/Pc01503" WORDCNT="0" IMAGES_RESOLUTION="140" INDEX_IN_DOC="68" SIZE="Small" EMBEDDED_AFTER="Ar0150000" EMBEDDED_BELOW="1" EMBEDDED_INTO="Ar01500" NAME="" ENTITY_TYPE="Picture" ID="Pc01503">
					<Image EXT="jpg" H="629" W="346" ID="Pc0150300"/>
				</Entity>
				<Entity FIRST_TOC_ENTRY_ID="69" DEPTH_LEVEL="2" PAGE_NO="15" LOGICAL_NAME="true" HREF="/15/Pc01504" WORDCNT="0" IMAGES_RESOLUTION="140" INDEX_IN_DOC="69" SIZE="Small" EMBEDDED_AFTER="Ar0150000" EMBEDDED_BELOW="1" EMBEDDED_INTO="Ar01500" NAME="" ENTITY_TYPE="Picture" ID="Pc01504">
					<Image EXT="jpg" H="124" W="346" ID="Pc0150400"/>
				</Entity>
			</Page>
			<Page ID="Pg016" CROP_BOX="0 0 1649 2549" MEDIA_BOX="0 0 1649 2549" HREF="/16/Pg016" TOTAL_CHARS_COUNT="0" SUSPICIOUS_CHARS_COUNT="0" PAGE_HEIGHT="2550" PAGE_WIDTH="1650" PAGE_TYPE="Single" PAGE_LABEL="16" PAGE_NO="16">
				<Entity FIRST_TOC_ENTRY_ID="71" DEPTH_LEVEL="1" PAGE_NO="16" LOGICAL_NAME="true" HREF="/16/Ad01600" WORDCNT="456" IMAGES_RESOLUTION="140" INDEX_IN_DOC="71" SIZE="XLarge" NAME="" ENTITY_TYPE="Ad" ID="Ad01600">
					<Image H="2237" W="1394" ID="Ad0160001"/>
				</Entity>
			</Page>
		</Section>
	</Body_np>
	<Logic_np><TOC_Entries><TOC_Entry TOC_ENTRY_ID="1" TITLE="ILLUSTRATION BY JACK WESTERHEIDE MANAGING EDITOR FOR DESIGN I saved more than $6,000 by living off campus" ENTITY_ID_REF="Ar00100" PAGE_NO="1" PAGE_LABEL="1" PRIM_ID_REF="Ar0010000" IS_IC="true"><TOC_Entry TOC_ENTRY_ID="2" TITLE="" ENTITY_ID_REF="Pc00101" PAGE_NO="1" PAGE_LABEL="1" PRIM_ID_REF="Pc0010100" IS_IC="true"/></TOC_Entry><TOC_Entry TOC_ENTRY_ID="3" TITLE="SAVINGS" ENTITY_ID_REF="Ar00205" PAGE_NO="2" PAGE_LABEL="2" PRIM_ID_REF="Ar0020500"><TOC_Entry TOC_ENTRY_ID="4" TITLE="" ENTITY_ID_REF="Pc00206" PAGE_NO="2" PAGE_LABEL="2" PRIM_ID_REF="Pc0020600" IS_IC="true"/><TOC_Entry TOC_ENTRY_ID="5" TITLE="" ENTITY_ID_REF="Pc00207" PAGE_NO="2" PAGE_LABEL="2" PRIM_ID_REF="Pc0020700" IS_IC="true"/><TOC_Entry TOC_ENTRY_ID="6" TITLE="" ENTITY_ID_REF="Pc00208" PAGE_NO="2" PAGE_LABEL="2" PRIM_ID_REF="Pc0020800" IS_IC="true"/><TOC_Entry TOC_ENTRY_ID="7" TITLE="" ENTITY_ID_REF="Pc00209" PAGE_NO="2" PAGE_LABEL="2" PRIM_ID_REF="Pc0020900" IS_IC="true"/><TOC_Entry TOC_ENTRY_ID="8" TITLE="" ENTITY_ID_REF="Pc00210" PAGE_NO="2" PAGE_LABEL="2" PRIM_ID_REF="Pc0021000" IS_IC="true"/></TOC_Entry><TOC_Entry TOC_ENTRY_ID="9" TITLE="" ENTITY_ID_REF="Ad00102" PAGE_NO="1" PAGE_LABEL="1" PRIM_ID_REF="Ad0010201" IS_IC="true"/><TOC_Entry TOC_ENTRY_ID="10" TITLE="" ENTITY_ID_REF="Ar00200" PAGE_NO="2" PAGE_LABEL="2" PRIM_ID_REF="Ar0020000" IS_IC="true"/><TOC_Entry TOC_ENTRY_ID="11" TITLE="" ENTITY_ID_REF="Ad00201" PAGE_NO="2" PAGE_LABEL="2" PRIM_ID_REF="Ad0020101" IS_IC="true"/><TOC_Entry TOC_ENTRY_ID="12" TITLE="" ENTITY_ID_REF="Ad00202" PAGE_NO="2" PAGE_LABEL="2" PRIM_ID_REF="Ad0020201" IS_IC="true"/><TOC_Entry TOC_ENTRY_ID="13" TITLE="Letters to the Editor" ENTITY_ID_REF="Ar00203" PAGE_NO="2" PAGE_LABEL="2" PRIM_ID_REF="Ar0020300" IS_IC="true"/><TOC_Entry TOC_ENTRY_ID="14" TITLE="Corrections" ENTITY_ID_REF="Ar00204" PAGE_NO="2" PAGE_LABEL="2" PRIM_ID_REF="Ar0020400" IS_IC="true"/><TOC_Entry TOC_ENTRY_ID="15" TITLE="" ENTITY_ID_REF="Ad00300" PAGE_NO="3" PAGE_LABEL="3" PRIM_ID_REF="Ad0030001" IS_IC="true"/><TOC_Entry TOC_ENTRY_ID="16" TITLE="Off campus companies 101: The good &amp; the &lt;sup&gt;. &lt;/sup&gt;bad" ENTITY_ID_REF="Ar00400" PAGE_NO="4" PAGE_LABEL="4" PRIM_ID_REF="Ar0040000" IS_IC="true"><TOC_Entry TOC_ENTRY_ID="17" TITLE="" ENTITY_ID_REF="Pc00402" PAGE_NO="4" PAGE_LABEL="4" PRIM_ID_REF="Pc0040200" IS_IC="true"/></TOC_Entry><TOC_Entry TOC_ENTRY_ID="18" TITLE="" ENTITY_ID_REF="Ad00401" PAGE_NO="4" PAGE_LABEL="4" PRIM_ID_REF="Ad0040101" IS_IC="true"/><TOC_Entry TOC_ENTRY_ID="19" TITLE="Home decor galore" ENTITY_ID_REF="Ar00500" PAGE_NO="5" PAGE_LABEL="5" PRIM_ID_REF="Ar0050000" IS_IC="true"><TOC_Entry TOC_ENTRY_ID="20" TITLE="" ENTITY_ID_REF="Pc00501" PAGE_NO="5" PAGE_LABEL="5" PRIM_ID_REF="Pc0050100" IS_IC="true"/><TOC_Entry TOC_ENTRY_ID="21" TITLE="" ENTITY_ID_REF="Pc00502" PAGE_NO="5" PAGE_LABEL="5" PRIM_ID_REF="Pc0050200" IS_IC="true"/></TOC_Entry><TOC_Entry TOC_ENTRY_ID="22" TITLE="" ENTITY_ID_REF="Ar00504" PAGE_NO="5" PAGE_LABEL="5" PRIM_ID_REF="Ar0050400" IS_IC="true"><TOC_Entry TOC_ENTRY_ID="23" TITLE="" ENTITY_ID_REF="Pc00505" PAGE_NO="5" PAGE_LABEL="5" PRIM_ID_REF="Pc0050500" IS_IC="true"/></TOC_Entry><TOC_Entry TOC_ENTRY_ID="24" TITLE="" ENTITY_ID_REF="Ad00506" PAGE_NO="5" PAGE_LABEL="5" PRIM_ID_REF="Ad0050601" IS_IC="true"/><TOC_Entry TOC_ENTRY_ID="25" TITLE="" ENTITY_ID_REF="Ad00503" PAGE_NO="5" PAGE_LABEL="5" PRIM_ID_REF="Ad0050301" IS_IC="true"/><TOC_Entry TOC_ENTRY_ID="26" TITLE="" ENTITY_ID_REF="Ad00601" PAGE_NO="6" PAGE_LABEL="6" PRIM_ID_REF="Ad0060101" IS_IC="true"/><TOC_Entry TOC_ENTRY_ID="27" TITLE="Seeking counsel: Planning to sign a lease" ENTITY_ID_REF="Ar00600" PAGE_NO="6" PAGE_LABEL="6" PRIM_ID_REF="Ar0060000" IS_IC="true"><TOC_Entry TOC_ENTRY_ID="28" TITLE="" ENTITY_ID_REF="Pc00604" PAGE_NO="6" PAGE_LABEL="6" PRIM_ID_REF="Pc0060400" IS_IC="true"/></TOC_Entry><TOC_Entry TOC_ENTRY_ID="29" TITLE="NIGHTMARE ON SUMMIT STREET" ENTITY_ID_REF="Ar00602" PAGE_NO="6" PAGE_LABEL="6" PRIM_ID_REF="Ar0060200" IS_IC="true"><TOC_Entry TOC_ENTRY_ID="30" TITLE="" ENTITY_ID_REF="Pc00603" PAGE_NO="6" PAGE_LABEL="6" PRIM_ID_REF="Pc0060300" IS_IC="true"/></TOC_Entry><TOC_Entry TOC_ENTRY_ID="31" TITLE="" ENTITY_ID_REF="Ad00700" PAGE_NO="7" PAGE_LABEL="7" PRIM_ID_REF="Ad0070001" IS_IC="true"/><TOC_Entry TOC_ENTRY_ID="32" TITLE="" ENTITY_ID_REF="Ad00804" PAGE_NO="8" PAGE_LABEL="8" PRIM_ID_REF="Ad0080401" IS_IC="true"/><TOC_Entry TOC_ENTRY_ID="33" TITLE="Off-campus students encouraged to use Public Safety services" ENTITY_ID_REF="Ar00801" PAGE_NO="8" PAGE_LABEL="8" PRIM_ID_REF="Ar0080100" IS_IC="true"><TOC_Entry TOC_ENTRY_ID="34" TITLE="" ENTITY_ID_REF="Pc00803" PAGE_NO="8" PAGE_LABEL="8" PRIM_ID_REF="Pc0080300" IS_IC="true"/></TOC_Entry><TOC_Entry TOC_ENTRY_ID="35" TITLE="SAFETY" ENTITY_ID_REF="Ar01000" PAGE_NO="10" PAGE_LABEL="10" PRIM_ID_REF="Ar0100000"><TOC_Entry TOC_ENTRY_ID="36" TITLE="" ENTITY_ID_REF="Pc01002" PAGE_NO="10" PAGE_LABEL="10" PRIM_ID_REF="Pc0100200" IS_IC="true"/></TOC_Entry><TOC_Entry TOC_ENTRY_ID="37" TITLE="Bringing your &lt;sup&gt;. &lt;/sup&gt;furry friend with you" ENTITY_ID_REF="Ar00800" PAGE_NO="8" PAGE_LABEL="8" PRIM_ID_REF="Ar0080000" IS_IC="true"><TOC_Entry TOC_ENTRY_ID="38" TITLE="" ENTITY_ID_REF="Pc00802" PAGE_NO="8" PAGE_LABEL="8" PRIM_ID_REF="Pc0080200" IS_IC="true"/></TOC_Entry><TOC_Entry TOC_ENTRY_ID="39" TITLE="Where are you getting up for gameday?" ENTITY_ID_REF="Ar00900" PAGE_NO="9" PAGE_LABEL="9" PRIM_ID_REF="Ar0090000" IS_IC="true"><TOC_Entry TOC_ENTRY_ID="40" TITLE="" ENTITY_ID_REF="Pc00901" PAGE_NO="9" PAGE_LABEL="9" PRIM_ID_REF="Pc0090100" IS_IC="true"/><TOC_Entry TOC_ENTRY_ID="41" TITLE="" ENTITY_ID_REF="Pc00902" PAGE_NO="9" PAGE_LABEL="9" PRIM_ID_REF="Pc0090200" IS_IC="true"/></TOC_Entry><TOC_Entry TOC_ENTRY_ID="42" TITLE="" ENTITY_ID_REF="Ad00903" PAGE_NO="9" PAGE_LABEL="9" PRIM_ID_REF="Ad0090301" IS_IC="true"/><TOC_Entry TOC_ENTRY_ID="43" TITLE="" ENTITY_ID_REF="Ad01004" PAGE_NO="10" PAGE_LABEL="10" PRIM_ID_REF="Ad0100401" IS_IC="true"/><TOC_Entry TOC_ENTRY_ID="44" TITLE="You can�t pick your family, but you can pick your roommates" ENTITY_ID_REF="Ar01001" PAGE_NO="10" PAGE_LABEL="10" PRIM_ID_REF="Ar0100100" IS_IC="true"><TOC_Entry TOC_ENTRY_ID="45" TITLE="" ENTITY_ID_REF="Pc01003" PAGE_NO="10" PAGE_LABEL="10" PRIM_ID_REF="Pc0100300" IS_IC="true"/><TOC_Entry TOC_ENTRY_ID="46" TITLE="" ENTITY_ID_REF="Pc01006" PAGE_NO="10" PAGE_LABEL="10" PRIM_ID_REF="Pc0100600" IS_IC="true"/></TOC_Entry><TOC_Entry TOC_ENTRY_ID="47" TITLE="" ENTITY_ID_REF="Ad01005" PAGE_NO="10" PAGE_LABEL="10" PRIM_ID_REF="Ad0100501" IS_IC="true"/><TOC_Entry TOC_ENTRY_ID="48" TITLE="Hey, off-campus housing, can we go thrift shopping?" ENTITY_ID_REF="Ar01100" PAGE_NO="11" PAGE_LABEL="11" PRIM_ID_REF="Ar0110000" IS_IC="true"><TOC_Entry TOC_ENTRY_ID="49" TITLE="" ENTITY_ID_REF="Pc01101" PAGE_NO="11" PAGE_LABEL="11" PRIM_ID_REF="Pc0110100" IS_IC="true"/></TOC_Entry><TOC_Entry TOC_ENTRY_ID="50" TITLE="" ENTITY_ID_REF="Ad01102" PAGE_NO="11" PAGE_LABEL="11" PRIM_ID_REF="Ad0110201" IS_IC="true"/><TOC_Entry TOC_ENTRY_ID="51" TITLE="The second year: Residence life or Greek life?" ENTITY_ID_REF="Ar01200" PAGE_NO="12" PAGE_LABEL="12" PRIM_ID_REF="Ar0120000" IS_IC="true"><TOC_Entry TOC_ENTRY_ID="52" TITLE="" ENTITY_ID_REF="Pc01201" PAGE_NO="12" PAGE_LABEL="12" PRIM_ID_REF="Pc0120100" IS_IC="true"/></TOC_Entry><TOC_Entry TOC_ENTRY_ID="53" TITLE="" ENTITY_ID_REF="Ad01202" PAGE_NO="12" PAGE_LABEL="12" PRIM_ID_REF="Ad0120201" IS_IC="true"/><TOC_Entry TOC_ENTRY_ID="54" TITLE="Recycling in an off-campus residence" ENTITY_ID_REF="Ar01300" PAGE_NO="13" PAGE_LABEL="13" PRIM_ID_REF="Ar0130000" IS_IC="true"><TOC_Entry TOC_ENTRY_ID="55" TITLE="" ENTITY_ID_REF="Pc01303" PAGE_NO="13" PAGE_LABEL="13" PRIM_ID_REF="Pc0130300" IS_IC="true"/></TOC_Entry><TOC_Entry TOC_ENTRY_ID="56" TITLE="SECOND YEAR" ENTITY_ID_REF="Ar01301" PAGE_NO="13" PAGE_LABEL="13" PRIM_ID_REF="Ar0130100" IS_IC="true"><TOC_Entry TOC_ENTRY_ID="57" TITLE="" ENTITY_ID_REF="Pc01302" PAGE_NO="13" PAGE_LABEL="13" PRIM_ID_REF="Pc0130200" IS_IC="true"/></TOC_Entry><TOC_Entry TOC_ENTRY_ID="58" TITLE="" ENTITY_ID_REF="Ad01304" PAGE_NO="13" PAGE_LABEL="13" PRIM_ID_REF="Ad0130401" IS_IC="true"/><TOC_Entry TOC_ENTRY_ID="59" TITLE="Striking , , the balance as an RA .com" ENTITY_ID_REF="Ar01400" PAGE_NO="14" PAGE_LABEL="14" PRIM_ID_REF="Ar0140000" IS_IC="true"><TOC_Entry TOC_ENTRY_ID="60" TITLE="" ENTITY_ID_REF="Pc01403" PAGE_NO="14" PAGE_LABEL="14" PRIM_ID_REF="Pc0140300" IS_IC="true"/></TOC_Entry><TOC_Entry TOC_ENTRY_ID="61" TITLE="Puzzles" ENTITY_ID_REF="Ar01401" PAGE_NO="14" PAGE_LABEL="14" PRIM_ID_REF="Ar0140100" IS_IC="true"><TOC_Entry TOC_ENTRY_ID="62" TITLE="" ENTITY_ID_REF="Pc01404" PAGE_NO="14" PAGE_LABEL="14" PRIM_ID_REF="Pc0140400" IS_IC="true"/><TOC_Entry TOC_ENTRY_ID="63" TITLE="" ENTITY_ID_REF="Pc01405" PAGE_NO="14" PAGE_LABEL="14" PRIM_ID_REF="Pc0140500" IS_IC="true"/></TOC_Entry><TOC_Entry TOC_ENTRY_ID="64" TITLE="Answer Key for Oct. 30:" ENTITY_ID_REF="Ar01402" PAGE_NO="14" PAGE_LABEL="14" PRIM_ID_REF="Ar0140200" IS_IC="true"><TOC_Entry TOC_ENTRY_ID="65" TITLE="" ENTITY_ID_REF="Pc01406" PAGE_NO="14" PAGE_LABEL="14" PRIM_ID_REF="Pc0140600" IS_IC="true"/></TOC_Entry><TOC_Entry TOC_ENTRY_ID="66" TITLE=". , , Search engine app makes finding roommate or subletter easier for students" ENTITY_ID_REF="Ar01500" PAGE_NO="15" PAGE_LABEL="15" PRIM_ID_REF="Ar0150000" IS_IC="true"><TOC_Entry TOC_ENTRY_ID="67" TITLE="" ENTITY_ID_REF="Pc01501" PAGE_NO="15" PAGE_LABEL="15" PRIM_ID_REF="Pc0150100" IS_IC="true"/><TOC_Entry TOC_ENTRY_ID="68" TITLE="" ENTITY_ID_REF="Pc01503" PAGE_NO="15" PAGE_LABEL="15" PRIM_ID_REF="Pc0150300" IS_IC="true"/><TOC_Entry TOC_ENTRY_ID="69" TITLE="" ENTITY_ID_REF="Pc01504" PAGE_NO="15" PAGE_LABEL="15" PRIM_ID_REF="Pc0150400" IS_IC="true"/></TOC_Entry><TOC_Entry TOC_ENTRY_ID="70" TITLE="" ENTITY_ID_REF="Ad01502" PAGE_NO="15" PAGE_LABEL="15" PRIM_ID_REF="Ad0150201" IS_IC="true"/><TOC_Entry TOC_ENTRY_ID="71" TITLE="" ENTITY_ID_REF="Ad01600" PAGE_NO="16" PAGE_LABEL="16" PRIM_ID_REF="Ad0160001" IS_IC="true"/></TOC_Entries></Logic_np></Xmd_toc>
