<x:xmpmeta xmlns:x="adobe:ns:meta/" x:xmptk="Adobe XMP Core 5.4-c005 78.147326, 2012/08/23-13:03:03        ">
	<rdf:RDF xmlns:rdf="http://www.w3.org/1999/02/22-rdf-syntax-ns#">
		<rdf:Description rdf:about="" xmlns:xmp="http://ns.adobe.com/xap/1.0/" xmlns:dc="http://purl.org/dc/elements/1.1/" xmlns:xmpMM="http://ns.adobe.com/xap/1.0/mm/" xmlns:pdf="http://ns.adobe.com/pdf/1.3/" xmlns:pdfx="http://ns.adobe.com/pdfx/1.3/" xmlns:Olv="Olive" xmp:ModifyDate="2019-08-31T11:02:47+05:30" xmp:CreateDate="2017-03-22T21:53:17-04:00" xmp:MetadataDate="2019-08-31T11:02:47+05:30" xmp:CreatorTool="Acrobat 11.0.17" dc:format="application/pdf" xmpMM:DocumentID="uuid:3ed3904b-7763-a74b-af5e-9e5acffe3abf" xmpMM:InstanceID="uuid:b123bc8b-e104-41eb-bbf1-7dd27e44d206" pdf:Producer="Adobe PDF Library 15.0" pdfx:OLV0_XMD_PAGE_COUNT="8" Olv:publication="OHI" Olv:issue_date="2017/ 3/23">
			<Olv:TimeTrack>
				<rdf:Seq>
					<rdf:li>
						<rdf:Description Olv:GUID="{70BE810B-48CE-40E2-A8D9-9D5A1C76B85E}" Olv:Status="Succeeded" Olv:File="060-OHI-2017-03-23-0001.pdf" Olv:Pages="8" Olv:Comp="SEG07" Olv:User="pipex" Olv:Start="2019-08-06T13:24:14+05:30" Olv:End="2019-08-06T13:24:35+05:30" Olv:TotalTime="00:00:21" Olv:IdleTime="00:00:00">
							<Olv:Operations>
								<rdf:Bag>
									<rdf:li>Auto Segmentation</rdf:li>
									<rdf:li>First session</rdf:li>
								</rdf:Bag>
							</Olv:Operations>
						</rdf:Description>
					</rdf:li>
					<rdf:li>
						<rdf:Description Olv:GUID="{22832F67-3C09-4170-B60F-2C948BE49652}" Olv:Status="None" Olv:File="060-OHI-2017-03-23-0001.pdf" Olv:Pages="8" Olv:Comp="MDOPS-C16" Olv:User="001661" Olv:Start="2019-08-19T15:31:49+05:30" Olv:End="2019-08-19T15:50:10+05:30" Olv:TotalTime="00:18:21" Olv:IdleTime="00:00:39">
							<Olv:Operations>
								<rdf:Bag>
									<rdf:li>Edit Segmentation</rdf:li>
								</rdf:Bag>
							</Olv:Operations>
						</rdf:Description>
					</rdf:li>
					<rdf:li>
						<rdf:Description Olv:GUID="{538BB8DF-E52C-4ED0-9301-36B6E7013CB4}" Olv:Status="None" Olv:File="060-OHI-2017-03-23-0001.pdf" Olv:Pages="8" Olv:Comp="MDOPS-C16" Olv:User="001661" Olv:Start="2019-08-19T15:58:58+05:30" Olv:End="2019-08-19T16:54:40+05:30" Olv:TotalTime="00:55:42" Olv:IdleTime="00:16:06">
							<Olv:Operations>
								<rdf:Bag>
									<rdf:li>Edit Segmentation</rdf:li>
								</rdf:Bag>
							</Olv:Operations>
						</rdf:Description>
					</rdf:li>
					<rdf:li>
						<rdf:Description Olv:GUID="{7C0E6A8F-DF27-4EDA-90BD-8FE2C7ED0BE0}" Olv:Status="None" Olv:File="060-OHI-2017-03-23-0001.pdf" Olv:Pages="8" Olv:Comp="MDOPS-C2" Olv:User="001086" Olv:Start="2019-08-28T15:16:39+05:30" Olv:End="2019-08-28T15:24:51+05:30" Olv:TotalTime="00:08:12" Olv:IdleTime="00:01:56">
							<Olv:Operations>
								<rdf:Bag>
									<rdf:li>Edit Segmentation</rdf:li>
								</rdf:Bag>
							</Olv:Operations>
						</rdf:Description>
					</rdf:li>
					<rdf:li>
						<rdf:Description Olv:GUID="{7DD1C7FD-7036-4AD7-A460-74E2E69DBE50}" Olv:Status="Succeeded" Olv:File="060-OHI-2017-03-23-0001.pdf" Olv:Pages="8" Olv:Comp="SEG04" Olv:User="pipex" Olv:Start="2019-08-31T11:02:47+05:30" Olv:End="2019-08-31T11:03:33+05:30" Olv:TotalTime="00:00:46" Olv:IdleTime="00:00:46">
							<Olv:Operations>
								<rdf:Bag>
									<rdf:li>Output</rdf:li>
								</rdf:Bag>
							</Olv:Operations>
						</rdf:Description>
					</rdf:li>
				</rdf:Seq>
			</Olv:TimeTrack>
		</rdf:Description>
	</rdf:RDF>
</x:xmpmeta>
