<x:xmpmeta xmlns:x="adobe:ns:meta/" x:xmptk="Adobe XMP Core 5.4-c005 78.147326, 2012/08/23-13:03:03        ">
	<rdf:RDF xmlns:rdf="http://www.w3.org/1999/02/22-rdf-syntax-ns#">
		<rdf:Description rdf:about="" xmlns:xmp="http://ns.adobe.com/xap/1.0/" xmlns:dc="http://purl.org/dc/elements/1.1/" xmlns:xmpMM="http://ns.adobe.com/xap/1.0/mm/" xmlns:pdf="http://ns.adobe.com/pdf/1.3/" xmlns:pdfx="http://ns.adobe.com/pdfx/1.3/" xmlns:Olv="Olive" xmp:ModifyDate="2019-08-31T13:19:35+05:30" xmp:CreateDate="2017-11-01T22:00:15-04:00" xmp:MetadataDate="2019-08-31T13:19:35+05:30" xmp:CreatorTool="Adobe InDesign CC 2017 (Macintosh)" dc:format="application/pdf" xmpMM:DocumentID="uuid:8a4d6f3a-5e46-b443-a8ae-232e83485d9a" xmpMM:InstanceID="uuid:35543b46-c18a-4c18-8a4b-01af752834f1" pdf:Producer="Adobe PDF Library 15.0" pdfx:OLV0_XMD_PAGE_COUNT="16" Olv:publication="OHI" Olv:issue_date="2017/11/ 2">
			<Olv:TimeTrack>
				<rdf:Seq>
					<rdf:li>
						<rdf:Description Olv:GUID="{C4B150A3-3332-46CB-9F01-44BA9F19A9B7}" Olv:Status="Succeeded" Olv:File="060-OHI-2017-11-02-0001.pdf" Olv:Pages="16" Olv:Comp="SEG06" Olv:User="pipex" Olv:Start="2019-08-06T13:22:55+05:30" Olv:End="2019-08-06T13:23:07+05:30" Olv:TotalTime="00:00:12" Olv:IdleTime="00:00:00">
							<Olv:Operations>
								<rdf:Bag>
									<rdf:li>Auto Segmentation</rdf:li>
									<rdf:li>First session</rdf:li>
								</rdf:Bag>
							</Olv:Operations>
						</rdf:Description>
					</rdf:li>
					<rdf:li>
						<rdf:Description Olv:GUID="{1C04A911-4765-4FAB-9C33-87EF826580DD}" Olv:Status="None" Olv:File="060-OHI-2017-11-02-0001.pdf" Olv:Pages="16" Olv:Comp="MDOPS-C18" Olv:User="001662" Olv:Start="2019-08-20T13:42:51+05:30" Olv:End="2019-08-20T14:53:39+05:30" Olv:TotalTime="01:10:48" Olv:IdleTime="00:23:17">
							<Olv:Operations>
								<rdf:Bag>
									<rdf:li>Edit Segmentation</rdf:li>
								</rdf:Bag>
							</Olv:Operations>
						</rdf:Description>
					</rdf:li>
					<rdf:li>
						<rdf:Description Olv:GUID="{9DF0BF8B-5613-443D-A5AE-C7B65B84A37B}" Olv:Status="None" Olv:File="060-OHI-2017-11-02-0001.pdf" Olv:Pages="16" Olv:Comp="MDOPS-C13" Olv:User="000953" Olv:Start="2019-08-29T07:28:55+05:30" Olv:End="2019-08-29T07:38:52+05:30" Olv:TotalTime="00:09:57" Olv:IdleTime="00:02:54">
							<Olv:Operations>
								<rdf:Bag>
									<rdf:li>Annotations (Links)</rdf:li>
									<rdf:li>Edit Segmentation</rdf:li>
								</rdf:Bag>
							</Olv:Operations>
						</rdf:Description>
					</rdf:li>
					<rdf:li>
						<rdf:Description Olv:GUID="{2DF88F0E-F4FA-4592-8575-666D84A92586}" Olv:Status="Succeeded" Olv:File="060-OHI-2017-11-02-0001.pdf" Olv:Pages="15" Olv:Comp="CONTROLLER" Olv:User="pipex" Olv:Start="2019-08-31T14:23:09+05:30" Olv:End="2019-08-31T14:24:54+05:30" Olv:TotalTime="00:01:45" Olv:IdleTime="00:01:45">
							<Olv:Operations>
								<rdf:Bag>
									<rdf:li>Output</rdf:li>
								</rdf:Bag>
							</Olv:Operations>
						</rdf:Description>
					</rdf:li>
				</rdf:Seq>
			</Olv:TimeTrack>
		</rdf:Description>
	</rdf:RDF>
</x:xmpmeta>
