<x:xmpmeta xmlns:x="adobe:ns:meta/" x:xmptk="Adobe XMP Core 5.4-c005 78.147326, 2012/08/23-13:03:03        ">
	<rdf:RDF xmlns:rdf="http://www.w3.org/1999/02/22-rdf-syntax-ns#">
		<rdf:Description rdf:about="" xmlns:xmp="http://ns.adobe.com/xap/1.0/" xmlns:dc="http://purl.org/dc/elements/1.1/" xmlns:xmpMM="http://ns.adobe.com/xap/1.0/mm/" xmlns:pdf="http://ns.adobe.com/pdf/1.3/" xmlns:pdfx="http://ns.adobe.com/pdfx/1.3/" xmlns:Olv="Olive" xmp:ModifyDate="2019-08-31T12:00:06+05:30" xmp:CreateDate="2018-08-20T21:56:28-04:00" xmp:MetadataDate="2019-08-31T12:00:06+05:30" xmp:CreatorTool="Adobe InDesign CC 13.0 (Macintosh)" dc:format="application/pdf" xmpMM:DocumentID="uuid:6706fc21-f63d-9c4c-b2aa-a2fa9fb08017" xmpMM:InstanceID="uuid:9bc4e8c7-5d4d-4bb9-aea5-1d88baa4f6d3" pdf:Producer="Adobe PDF Library 15.0" pdfx:OLV0_XMD_PAGE_COUNT="12" Olv:publication="OHI" Olv:issue_date="2018/ 8/21">
			<Olv:TimeTrack>
				<rdf:Seq>
					<rdf:li>
						<rdf:Description Olv:GUID="{ECFC86C0-E4B6-4B7D-A262-B20F96A310F4}" Olv:Status="Succeeded" Olv:File="060-OHI-2018-08-21-0001.pdf" Olv:Pages="12" Olv:Comp="SEG02" Olv:User="pipex" Olv:Start="2019-08-06T13:57:45+05:30" Olv:End="2019-08-06T13:57:56+05:30" Olv:TotalTime="00:00:11" Olv:IdleTime="00:00:00">
							<Olv:Operations>
								<rdf:Bag>
									<rdf:li>Auto Segmentation</rdf:li>
									<rdf:li>First session</rdf:li>
								</rdf:Bag>
							</Olv:Operations>
						</rdf:Description>
					</rdf:li>
					<rdf:li>
						<rdf:Description Olv:GUID="{2F31FCE5-9042-4352-854C-D01A11F258C5}" Olv:Status="None" Olv:File="060-OHI-2018-08-21-0001.pdf" Olv:Pages="12" Olv:Comp="MDOPS-C15" Olv:User="001660" Olv:Start="2019-08-22T10:54:41+05:30" Olv:End="2019-08-22T11:21:41+05:30" Olv:TotalTime="00:27:00" Olv:IdleTime="00:01:03">
							<Olv:Operations>
								<rdf:Bag>
									<rdf:li>Edit Segmentation</rdf:li>
								</rdf:Bag>
							</Olv:Operations>
						</rdf:Description>
					</rdf:li>
					<rdf:li>
						<rdf:Description Olv:GUID="{6FD77054-4F74-4670-8D81-1241879A7845}" Olv:Status="None" Olv:File="060-OHI-2018-08-21-0001.pdf" Olv:Pages="12" Olv:Comp="MDOPS-C13" Olv:User="000953" Olv:Start="2019-08-22T15:34:59+05:30" Olv:End="2019-08-22T15:37:11+05:30" Olv:TotalTime="00:02:12" Olv:IdleTime="00:00:53">
							<Olv:Operations>
								<rdf:Bag>
									<rdf:li>Edit Segmentation</rdf:li>
								</rdf:Bag>
							</Olv:Operations>
						</rdf:Description>
					</rdf:li>
					<rdf:li>
						<rdf:Description Olv:GUID="{6CBC6CEA-0DD4-4D1B-9DE9-8EAD9C0C589E}" Olv:Status="None" Olv:File="060-OHI-2018-08-21-0001.pdf" Olv:Pages="12" Olv:Comp="MDOPS-C09" Olv:User="001128" Olv:Start="2019-08-29T09:19:33+05:30" Olv:End="2019-08-29T09:25:11+05:30" Olv:TotalTime="00:05:38" Olv:IdleTime="00:00:36">
							<Olv:Operations>
								<rdf:Bag>
									<rdf:li>Edit Segmentation</rdf:li>
								</rdf:Bag>
							</Olv:Operations>
						</rdf:Description>
					</rdf:li>
					<rdf:li>
						<rdf:Description Olv:GUID="{165D5706-3C7A-451C-9873-1405A5C8BDCB}" Olv:Status="Succeeded" Olv:File="060-OHI-2018-08-21-0001.pdf" Olv:Pages="12" Olv:Comp="SEG03" Olv:User="pipex" Olv:Start="2019-08-31T12:00:06+05:30" Olv:End="2019-08-31T12:01:32+05:30" Olv:TotalTime="00:01:26" Olv:IdleTime="00:01:26">
							<Olv:Operations>
								<rdf:Bag>
									<rdf:li>Output</rdf:li>
								</rdf:Bag>
							</Olv:Operations>
						</rdf:Description>
					</rdf:li>
				</rdf:Seq>
			</Olv:TimeTrack>
		</rdf:Description>
	</rdf:RDF>
</x:xmpmeta>
