<x:xmpmeta xmlns:x="adobe:ns:meta/" x:xmptk="Adobe XMP Core 5.4-c005 78.147326, 2012/08/23-13:03:03        ">
	<rdf:RDF xmlns:rdf="http://www.w3.org/1999/02/22-rdf-syntax-ns#">
		<rdf:Description rdf:about="" xmlns:xmp="http://ns.adobe.com/xap/1.0/" xmlns:dc="http://purl.org/dc/elements/1.1/" xmlns:xmpMM="http://ns.adobe.com/xap/1.0/mm/" xmlns:pdf="http://ns.adobe.com/pdf/1.3/" xmlns:pdfx="http://ns.adobe.com/pdfx/1.3/" xmlns:Olv="Olive" xmp:ModifyDate="2019-08-31T11:37:01+05:30" xmp:CreateDate="2018-01-17T21:59:24-05:00" xmp:MetadataDate="2019-08-31T11:37:01+05:30" xmp:CreatorTool="Adobe InDesign CC 13.0 (Macintosh)" dc:format="application/pdf" xmpMM:DocumentID="uuid:7805c0ea-a423-764e-8aed-ea3e16eaa82a" xmpMM:InstanceID="uuid:48e99915-ea24-4f9a-844b-2220beff9e9e" pdf:Producer="Adobe PDF Library 15.0" pdfx:OLV0_XMD_PAGE_COUNT="8" Olv:publication="OHI" Olv:issue_date="2018/ 1/18">
			<Olv:TimeTrack>
				<rdf:Seq>
					<rdf:li>
						<rdf:Description Olv:GUID="{DE7874F9-7536-47BD-84D3-9FFE21D8C00F}" Olv:Status="Succeeded" Olv:File="060-OHI-2018-01-18-0001.pdf" Olv:Pages="8" Olv:Comp="SEG06" Olv:User="pipex" Olv:Start="2019-08-06T13:26:36+05:30" Olv:End="2019-08-06T13:26:48+05:30" Olv:TotalTime="00:00:12" Olv:IdleTime="00:00:00">
							<Olv:Operations>
								<rdf:Bag>
									<rdf:li>Auto Segmentation</rdf:li>
									<rdf:li>First session</rdf:li>
								</rdf:Bag>
							</Olv:Operations>
						</rdf:Description>
					</rdf:li>
					<rdf:li>
						<rdf:Description Olv:GUID="{857D0D0D-F996-4BB0-8D73-6BE482A2D58F}" Olv:Status="None" Olv:File="060-OHI-2018-01-18-0001.pdf" Olv:Pages="8" Olv:Comp="MDOPS-C15" Olv:User="001660" Olv:Start="2019-08-20T15:33:22+05:30" Olv:End="2019-08-20T16:12:54+05:30" Olv:TotalTime="00:39:32" Olv:IdleTime="00:00:57">
							<Olv:Operations>
								<rdf:Bag>
									<rdf:li>Edit Segmentation</rdf:li>
								</rdf:Bag>
							</Olv:Operations>
						</rdf:Description>
					</rdf:li>
					<rdf:li>
						<rdf:Description Olv:GUID="{EFA76268-4991-4203-86D5-C45CB69C6988}" Olv:Status="None" Olv:File="060-OHI-2018-01-18-0001.pdf" Olv:Pages="8" Olv:Comp="MDOPS-C20" Olv:User="000678" Olv:Start="2019-08-29T07:55:45+05:30" Olv:End="2019-08-29T08:03:06+05:30" Olv:TotalTime="00:07:21" Olv:IdleTime="00:03:27">
							<Olv:Operations>
								<rdf:Bag>
									<rdf:li>Edit Segmentation</rdf:li>
								</rdf:Bag>
							</Olv:Operations>
						</rdf:Description>
					</rdf:li>
					<rdf:li>
						<rdf:Description Olv:GUID="{8ED07B22-FEFD-4DE0-97F7-865434E5D57C}" Olv:Status="Succeeded" Olv:File="060-OHI-2018-01-18-0001.pdf" Olv:Pages="8" Olv:Comp="SEG06" Olv:User="pipex" Olv:Start="2019-08-31T11:37:02+05:30" Olv:End="2019-08-31T11:37:48+05:30" Olv:TotalTime="00:00:46" Olv:IdleTime="00:00:46">
							<Olv:Operations>
								<rdf:Bag>
									<rdf:li>Output</rdf:li>
								</rdf:Bag>
							</Olv:Operations>
						</rdf:Description>
					</rdf:li>
				</rdf:Seq>
			</Olv:TimeTrack>
		</rdf:Description>
	</rdf:RDF>
</x:xmpmeta>
