<x:xmpmeta xmlns:x="adobe:ns:meta/" x:xmptk="Adobe XMP Core 5.4-c005 78.147326, 2012/08/23-13:03:03        ">
	<rdf:RDF xmlns:rdf="http://www.w3.org/1999/02/22-rdf-syntax-ns#">
		<rdf:Description rdf:about="" xmlns:xmp="http://ns.adobe.com/xap/1.0/" xmlns:dc="http://purl.org/dc/elements/1.1/" xmlns:xmpMM="http://ns.adobe.com/xap/1.0/mm/" xmlns:pdf="http://ns.adobe.com/pdf/1.3/" xmlns:pdfx="http://ns.adobe.com/pdfx/1.3/" xmlns:Olv="Olive" xmp:ModifyDate="2019-08-31T11:00:26+05:30" xmp:CreateDate="2017-03-27T21:45:06-04:00" xmp:MetadataDate="2019-08-31T11:00:26+05:30" xmp:CreatorTool="Acrobat 11.0.17" dc:format="application/pdf" xmpMM:DocumentID="uuid:81f5bd91-2994-3e44-95f6-d6bc064e5ee6" xmpMM:InstanceID="uuid:48eb27d9-c914-453b-96e0-3293580358a7" pdf:Producer="Adobe PDF Library 15.0" pdfx:OLV0_XMD_PAGE_COUNT="8" Olv:publication="OHI" Olv:issue_date="2017/ 3/28">
			<Olv:TimeTrack>
				<rdf:Seq>
					<rdf:li>
						<rdf:Description Olv:GUID="{9A511EE8-8323-4C94-8998-3959602D8B23}" Olv:Status="Succeeded" Olv:File="060-OHI-2017-03-28-0001.pdf" Olv:Pages="8" Olv:Comp="SEG02" Olv:User="pipex" Olv:Start="2019-08-06T13:24:23+05:30" Olv:End="2019-08-06T13:24:36+05:30" Olv:TotalTime="00:00:13" Olv:IdleTime="00:00:00">
							<Olv:Operations>
								<rdf:Bag>
									<rdf:li>Auto Segmentation</rdf:li>
									<rdf:li>First session</rdf:li>
								</rdf:Bag>
							</Olv:Operations>
						</rdf:Description>
					</rdf:li>
					<rdf:li>
						<rdf:Description Olv:GUID="{51D52067-F56C-4E68-8042-65C5B6A39800}" Olv:Status="None" Olv:File="060-OHI-2017-03-28-0001.pdf" Olv:Pages="8" Olv:Comp="MDOPS-C15" Olv:User="001660" Olv:Start="2019-08-19T15:41:54+05:30" Olv:End="2019-08-19T16:18:06+05:30" Olv:TotalTime="00:36:12" Olv:IdleTime="00:00:49">
							<Olv:Operations>
								<rdf:Bag>
									<rdf:li>Edit Segmentation</rdf:li>
								</rdf:Bag>
							</Olv:Operations>
						</rdf:Description>
					</rdf:li>
					<rdf:li>
						<rdf:Description Olv:GUID="{D2BD9B60-7436-42F9-BD33-F442FE391F0F}" Olv:Status="None" Olv:File="060-OHI-2017-03-28-0001.pdf" Olv:Pages="8" Olv:Comp="MDOPS-B41" Olv:User="001090" Olv:Start="2019-08-28T15:18:27+05:30" Olv:End="2019-08-28T15:25:07+05:30" Olv:TotalTime="00:06:40" Olv:IdleTime="00:00:00">
							<Olv:Operations>
								<rdf:Bag>
									<rdf:li>Edit Segmentation</rdf:li>
								</rdf:Bag>
							</Olv:Operations>
						</rdf:Description>
					</rdf:li>
					<rdf:li>
						<rdf:Description Olv:GUID="{F56D479A-319D-4F07-A558-1F4C6391EFA0}" Olv:Status="Succeeded" Olv:File="060-OHI-2017-03-28-0001.pdf" Olv:Pages="8" Olv:Comp="SEG06" Olv:User="pipex" Olv:Start="2019-08-31T11:00:28+05:30" Olv:End="2019-08-31T11:01:14+05:30" Olv:TotalTime="00:00:46" Olv:IdleTime="00:00:46">
							<Olv:Operations>
								<rdf:Bag>
									<rdf:li>Output</rdf:li>
								</rdf:Bag>
							</Olv:Operations>
						</rdf:Description>
					</rdf:li>
				</rdf:Seq>
			</Olv:TimeTrack>
		</rdf:Description>
	</rdf:RDF>
</x:xmpmeta>
