<x:xmpmeta xmlns:x="adobe:ns:meta/" x:xmptk="Adobe XMP Core 5.4-c005 78.147326, 2012/08/23-13:03:03        ">
	<rdf:RDF xmlns:rdf="http://www.w3.org/1999/02/22-rdf-syntax-ns#">
		<rdf:Description rdf:about="" xmlns:xmp="http://ns.adobe.com/xap/1.0/" xmlns:dc="http://purl.org/dc/elements/1.1/" xmlns:xmpMM="http://ns.adobe.com/xap/1.0/mm/" xmlns:pdf="http://ns.adobe.com/pdf/1.3/" xmlns:pdfx="http://ns.adobe.com/pdfx/1.3/" xmlns:Olv="Olive" xmp:ModifyDate="2019-08-31T11:47:54+05:30" xmp:CreateDate="2018-03-28T20:52:43-04:00" xmp:MetadataDate="2019-08-31T11:47:54+05:30" xmp:CreatorTool="Adobe InDesign CC 13.0 (Macintosh)" dc:format="application/pdf" xmpMM:DocumentID="uuid:caa6922e-0050-3c46-b8f9-991bf77e6f10" xmpMM:InstanceID="uuid:d24238b1-6710-4c0a-8384-dbefbbe9dc51" pdf:Producer="Adobe PDF Library 15.0" pdfx:OLV0_XMD_PAGE_COUNT="12" Olv:publication="OHI" Olv:issue_date="2018/ 3/29">
			<Olv:TimeTrack>
				<rdf:Seq>
					<rdf:li>
						<rdf:Description Olv:GUID="{C0EE4CE5-6EBC-41FC-9D2D-51291B791E8C}" Olv:Status="Succeeded" Olv:File="060-OHI-2018-03-29-0001.pdf" Olv:Pages="12" Olv:Comp="SEG03" Olv:User="pipex" Olv:Start="2019-08-06T13:27:45+05:30" Olv:End="2019-08-06T13:27:59+05:30" Olv:TotalTime="00:00:14" Olv:IdleTime="00:00:00">
							<Olv:Operations>
								<rdf:Bag>
									<rdf:li>Auto Segmentation</rdf:li>
									<rdf:li>First session</rdf:li>
								</rdf:Bag>
							</Olv:Operations>
						</rdf:Description>
					</rdf:li>
					<rdf:li>
						<rdf:Description Olv:GUID="{DB997FEF-5D89-4DB5-9EBF-994A2DAD9F5D}" Olv:Status="None" Olv:File="060-OHI-2018-03-29-0001.pdf" Olv:Pages="12" Olv:Comp="MDOPS-C15" Olv:User="001660" Olv:Start="2019-08-22T09:44:11+05:30" Olv:End="2019-08-22T10:24:11+05:30" Olv:TotalTime="00:40:00" Olv:IdleTime="00:01:43">
							<Olv:Operations>
								<rdf:Bag>
									<rdf:li>Edit Segmentation</rdf:li>
								</rdf:Bag>
							</Olv:Operations>
						</rdf:Description>
					</rdf:li>
					<rdf:li>
						<rdf:Description Olv:GUID="{20EA344E-2457-482B-A94B-501F030FD866}" Olv:Status="None" Olv:File="060-OHI-2018-03-29-0001.pdf" Olv:Pages="12" Olv:Comp="MDOPS-C13" Olv:User="000953" Olv:Start="2019-08-29T08:53:52+05:30" Olv:End="2019-08-29T09:17:22+05:30" Olv:TotalTime="00:23:30" Olv:IdleTime="00:16:36">
							<Olv:Operations>
								<rdf:Bag>
									<rdf:li>Edit Segmentation</rdf:li>
								</rdf:Bag>
							</Olv:Operations>
						</rdf:Description>
					</rdf:li>
					<rdf:li>
						<rdf:Description Olv:GUID="{DFFE43FA-89C6-4451-9EA7-A09B622C917C}" Olv:Status="Succeeded" Olv:File="060-OHI-2018-03-29-0001.pdf" Olv:Pages="12" Olv:Comp="SEG06" Olv:User="pipex" Olv:Start="2019-08-31T11:47:55+05:30" Olv:End="2019-08-31T11:49:00+05:30" Olv:TotalTime="00:01:05" Olv:IdleTime="00:01:05">
							<Olv:Operations>
								<rdf:Bag>
									<rdf:li>Output</rdf:li>
								</rdf:Bag>
							</Olv:Operations>
						</rdf:Description>
					</rdf:li>
				</rdf:Seq>
			</Olv:TimeTrack>
		</rdf:Description>
	</rdf:RDF>
</x:xmpmeta>
