<?xml version="1.0" encoding="windows-1252" standalone="no"?>
<Xmd_toc REPOSITORY_FORMAT="1.0" PRXML_VER="2.2" PUBLICATION="OHI" PUBLICATION_DESCRIPTION="" ISSUE_DATE="20/02/1891" RELEASE_NO="060-OHI-1891-02-20-001-SINGLE-LANTERN_V11_1891_117" LANGUAGE="English">
	<Head_np>
		<Meta PAGES_NUMBER="15" SOURCE_TYPE="TIFF" SOURCE_RESOLUTION="72" IMAGES_RESOLUTION="90" PAGE_THUMBNAIL_RESOLUTION="90" PAGE_PREVIEW_RESOLUTION="15" DEFAULT_IMG_EXT="png" DEFAULT_PREVIEW_IMG_EXT="png" BASE_HREF="OHI/1891/02/20" PDF_DESTINATION_MAPPED="OLV0_Page_0001" TITLE_SNP_EXT="png" AD_SNP_EXT="png" IMAGE_SNP_EXT="jpg" MULTI_LAYER_PAGE_IMG="false" IS_SOLID="false" DOC_DATE="20/02/1891" DOC_UID="OHI_20/02/1891" DOC_VER="1" OCR_CONFIDENCE="1.000" TOTAL_CHARS_COUNT="50167" SUSPICIOUS_CHARS_COUNT="0">
			<Publisher XMD_VER="2.6.240.18" ACROBAT_VER="7.08" PUBLISHER="Olive" PROFILE_ID="W:\Batch\Profile\OHI-1891-02-20.ini">
				<PublishDate>Thu, 26 Mar 2009 07:58:32 UTC</PublishDate>
				<PublishSWFCompatible>false</PublishSWFCompatible>
			</Publisher>
			<Resolutions>
				<Resolution DEFAULT="true">90</Resolution>
			</Resolutions>
		</Meta>
		<Link SOURCE="060-OHI-1891-02-20-001-SINGLE-LANTERN_V11_1891_117.pdf"/>
		<DataFiles>
			<Files TYPE="DOC_PDF" PRESENT="1"/>
			<Files TYPE="PAGE_PDF" PRESENT="0"/>
			<Files TYPE="DOC_IMG" PRESENT="0"/>
			<Files TYPE="PAGE_IMG" PRESENT="0"/>
			<Files TYPE="PAGE_VIEW_IMG" PRESENT="1"/>
			<Files TYPE="PAGE_PREVIEW_IMG" PRESENT="1"/>
			<Files TYPE="PRIMITIVE_IMG" PRESENT="1"/>
			<Files TYPE="SNIPPET_IMG" PRESENT="1"/>
			<Files TYPE="SEGMENTATION" PRESENT="0"/>
		</DataFiles>
	</Head_np>
	<Body_np>
		<Section NAME="Front page">
			<Page PAGE_NO="1" NAME="" PAGE_LABEL="1" ID="Pg001" PAGE_TYPE="Single" PAGE_WIDTH="669" PAGE_HEIGHT="994" CROP_BOX="0 0 668 993" MEDIA_BOX="0 0 668 993" HREF="/1/Pg001" TOTAL_CHARS_COUNT="3320" SUSPICIOUS_CHARS_COUNT="0">
				<Entity ENTITY_TYPE="Article" FIRST_TOC_ENTRY_ID="1" DEPTH_LEVEL="1" INDEX_IN_DOC="1" PAGE_NO="1" NAME="Untitled Article" ID="Ar00100" HREF="/1/Ar00100" SIZE="XLarge" CONTINUATION_TO="Ar00200" IMAGES_RESOLUTION="90" WORDCNT="783"/>
			</Page>
		</Section>
		<Section NAME="None">
			<Page PAGE_NO="2" NAME="" PAGE_LABEL="2" ID="Pg002" PAGE_TYPE="Single" PAGE_WIDTH="669" PAGE_HEIGHT="994" CROP_BOX="0 0 668 993" MEDIA_BOX="0 0 668 993" HREF="/2/Pg002" TOTAL_CHARS_COUNT="3686" SUSPICIOUS_CHARS_COUNT="0">
				<Entity ENTITY_TYPE="Article" FIRST_TOC_ENTRY_ID="1" DEPTH_LEVEL="1" INDEX_IN_DOC="2" PAGE_NO="2" NAME="Untitled Article" ID="Ar00200" HREF="/2/Ar00200" SIZE="XLarge" CONTINUATION_TO="Ar00300" CONTINUATION_FROM="Ar00100" IMAGES_RESOLUTION="90" WORDCNT="856"/>
			</Page>
			<Page PAGE_NO="3" NAME="" PAGE_LABEL="3" ID="Pg003" PAGE_TYPE="Single" PAGE_WIDTH="672" PAGE_HEIGHT="996" CROP_BOX="0 0 671 995" MEDIA_BOX="0 0 671 995" HREF="/3/Pg003" TOTAL_CHARS_COUNT="4012" SUSPICIOUS_CHARS_COUNT="0">
				<Entity ENTITY_TYPE="Article" FIRST_TOC_ENTRY_ID="1" DEPTH_LEVEL="1" INDEX_IN_DOC="3" PAGE_NO="3" NAME="Untitled Article" ID="Ar00300" HREF="/3/Ar00300" SIZE="Large" CONTINUATION_FROM="Ar00200" IMAGES_RESOLUTION="90" WORDCNT="204"/>
				<Entity ENTITY_TYPE="Article" FIRST_TOC_ENTRY_ID="2" DEPTH_LEVEL="1" INDEX_IN_DOC="4" PAGE_NO="3" NAME="Untitled Article" ID="Ar00301" HREF="/3/Ar00301" SIZE="XLarge" CONTINUATION_TO="Ar00400" IMAGES_RESOLUTION="90" WORDCNT="700"/>
			</Page>
			<Page PAGE_NO="4" NAME="" PAGE_LABEL="4" ID="Pg004" PAGE_TYPE="Single" PAGE_WIDTH="666" PAGE_HEIGHT="981" CROP_BOX="0 0 665 980" MEDIA_BOX="0 0 665 980" HREF="/4/Pg004" TOTAL_CHARS_COUNT="4442" SUSPICIOUS_CHARS_COUNT="0">
				<Entity ENTITY_TYPE="Article" FIRST_TOC_ENTRY_ID="2" DEPTH_LEVEL="1" INDEX_IN_DOC="5" PAGE_NO="4" NAME="Untitled Article" ID="Ar00400" HREF="/4/Ar00400" SIZE="XLarge" CONTINUATION_TO="Ar00500" CONTINUATION_FROM="Ar00301" IMAGES_RESOLUTION="90" WORDCNT="1045"/>
			</Page>
			<Page PAGE_NO="5" NAME="" PAGE_LABEL="5" ID="Pg005" PAGE_TYPE="Single" PAGE_WIDTH="672" PAGE_HEIGHT="996" CROP_BOX="0 0 671 995" MEDIA_BOX="0 0 671 995" HREF="/5/Pg005" TOTAL_CHARS_COUNT="4275" SUSPICIOUS_CHARS_COUNT="0">
				<Entity ENTITY_TYPE="Article" FIRST_TOC_ENTRY_ID="2" DEPTH_LEVEL="1" INDEX_IN_DOC="6" PAGE_NO="5" NAME="Untitled Article" ID="Ar00500" HREF="/5/Ar00500" SIZE="Small" CONTINUATION_FROM="Ar00400" IMAGES_RESOLUTION="90" WORDCNT="53"/>
				<Entity ENTITY_TYPE="Article" FIRST_TOC_ENTRY_ID="3" DEPTH_LEVEL="1" INDEX_IN_DOC="7" PAGE_NO="5" NAME="Untitled Article" ID="Ar00501" HREF="/5/Ar00501" SIZE="XLarge" IMAGES_RESOLUTION="90" WORDCNT="959"/>
			</Page>
			<Page PAGE_NO="6" NAME="" PAGE_LABEL="6" ID="Pg006" PAGE_TYPE="Single" PAGE_WIDTH="657" PAGE_HEIGHT="982" CROP_BOX="0 0 656 981" MEDIA_BOX="0 0 656 981" HREF="/6/Pg006" TOTAL_CHARS_COUNT="4328" SUSPICIOUS_CHARS_COUNT="0">
				<Entity ENTITY_TYPE="Article" FIRST_TOC_ENTRY_ID="4" DEPTH_LEVEL="1" INDEX_IN_DOC="8" PAGE_NO="6" NAME="Untitled Article" ID="Ar00600" HREF="/6/Ar00600" SIZE="XLarge" CONTINUATION_TO="Ar00700" IMAGES_RESOLUTION="90" WORDCNT="945"/>
			</Page>
			<Page PAGE_NO="7" NAME="" PAGE_LABEL="7" ID="Pg007" PAGE_TYPE="Single" PAGE_WIDTH="669" PAGE_HEIGHT="994" CROP_BOX="0 0 668 993" MEDIA_BOX="0 0 668 993" HREF="/7/Pg007" TOTAL_CHARS_COUNT="4259" SUSPICIOUS_CHARS_COUNT="0">
				<Entity ENTITY_TYPE="Article" FIRST_TOC_ENTRY_ID="4" DEPTH_LEVEL="1" INDEX_IN_DOC="9" PAGE_NO="7" NAME="Untitled Article" ID="Ar00700" HREF="/7/Ar00700" SIZE="XLarge" CONTINUATION_FROM="Ar00600" IMAGES_RESOLUTION="90" WORDCNT="751"/>
				<Entity ENTITY_TYPE="Article" FIRST_TOC_ENTRY_ID="5" DEPTH_LEVEL="1" INDEX_IN_DOC="10" PAGE_NO="7" NAME="Untitled Article" ID="Ar00701" HREF="/7/Ar00701" SIZE="Large" CONTINUATION_TO="Ar00800" IMAGES_RESOLUTION="90" WORDCNT="157"/>
			</Page>
			<Page PAGE_NO="8" NAME="" PAGE_LABEL="8" ID="Pg008" PAGE_TYPE="Single" PAGE_WIDTH="671" PAGE_HEIGHT="995" CROP_BOX="0 0 670 994" MEDIA_BOX="0 0 670 994" HREF="/8/Pg008" TOTAL_CHARS_COUNT="3841" SUSPICIOUS_CHARS_COUNT="0">
				<Entity ENTITY_TYPE="Article" FIRST_TOC_ENTRY_ID="5" DEPTH_LEVEL="1" INDEX_IN_DOC="11" PAGE_NO="8" NAME="Untitled Article" ID="Ar00800" HREF="/8/Ar00800" SIZE="XLarge" CONTINUATION_FROM="Ar00701" IMAGES_RESOLUTION="90" WORDCNT="494"/>
				<Entity ENTITY_TYPE="Article" FIRST_TOC_ENTRY_ID="6" DEPTH_LEVEL="1" INDEX_IN_DOC="12" PAGE_NO="8" NAME="Untitled Article" ID="Ar00801" HREF="/8/Ar00801" SIZE="XLarge" IMAGES_RESOLUTION="90" WORDCNT="499"/>
			</Page>
			<Page PAGE_NO="9" NAME="" PAGE_LABEL="9" ID="Pg009" PAGE_TYPE="Single" PAGE_WIDTH="669" PAGE_HEIGHT="994" CROP_BOX="0 0 668 993" MEDIA_BOX="0 0 668 993" HREF="/9/Pg009" TOTAL_CHARS_COUNT="3852" SUSPICIOUS_CHARS_COUNT="0">
				<Entity ENTITY_TYPE="Article" FIRST_TOC_ENTRY_ID="7" DEPTH_LEVEL="1" INDEX_IN_DOC="13" PAGE_NO="9" NAME="Untitled Article" ID="Ar00900" HREF="/9/Ar00900" SIZE="Large" IMAGES_RESOLUTION="90" WORDCNT="233"/>
				<Entity ENTITY_TYPE="Article" FIRST_TOC_ENTRY_ID="8" DEPTH_LEVEL="1" INDEX_IN_DOC="14" PAGE_NO="9" NAME="Untitled Article" ID="Ar00901" HREF="/9/Ar00901" SIZE="XLarge" IMAGES_RESOLUTION="90" WORDCNT="582"/>
				<Entity ENTITY_TYPE="Article" FIRST_TOC_ENTRY_ID="9" DEPTH_LEVEL="1" INDEX_IN_DOC="15" PAGE_NO="9" NAME="Untitled Article" ID="Ar00902" HREF="/9/Ar00902" SIZE="Medium" CONTINUATION_TO="Ar01000" IMAGES_RESOLUTION="90" WORDCNT="102"/>
			</Page>
			<Page PAGE_NO="10" NAME="" PAGE_LABEL="10" ID="Pg010" PAGE_TYPE="Single" PAGE_WIDTH="669" PAGE_HEIGHT="994" CROP_BOX="0 0 668 993" MEDIA_BOX="0 0 668 993" HREF="/10/Pg010" TOTAL_CHARS_COUNT="3752" SUSPICIOUS_CHARS_COUNT="0">
				<Entity ENTITY_TYPE="Article" FIRST_TOC_ENTRY_ID="9" DEPTH_LEVEL="1" INDEX_IN_DOC="16" PAGE_NO="10" NAME="Untitled Article" ID="Ar01000" HREF="/10/Ar01000" SIZE="Large" CONTINUATION_FROM="Ar00902" IMAGES_RESOLUTION="90" WORDCNT="425"/>
				<Entity ENTITY_TYPE="Article" FIRST_TOC_ENTRY_ID="10" DEPTH_LEVEL="1" INDEX_IN_DOC="17" PAGE_NO="10" NAME="Untitled Article" ID="Ar01001" HREF="/10/Ar01001" SIZE="XLarge" CONTINUATION_TO="Ar01100" IMAGES_RESOLUTION="90" WORDCNT="496"/>
			</Page>
			<Page PAGE_NO="11" NAME="" PAGE_LABEL="11" ID="Pg011" PAGE_TYPE="Single" PAGE_WIDTH="669" PAGE_HEIGHT="994" CROP_BOX="0 0 668 993" MEDIA_BOX="0 0 668 993" HREF="/11/Pg011" TOTAL_CHARS_COUNT="3960" SUSPICIOUS_CHARS_COUNT="0">
				<Entity ENTITY_TYPE="Article" FIRST_TOC_ENTRY_ID="10" DEPTH_LEVEL="1" INDEX_IN_DOC="18" PAGE_NO="11" NAME="Untitled Article" ID="Ar01100" HREF="/11/Ar01100" SIZE="Large" CONTINUATION_FROM="Ar01001" IMAGES_RESOLUTION="90" WORDCNT="375"/>
				<Entity ENTITY_TYPE="Article" FIRST_TOC_ENTRY_ID="11" DEPTH_LEVEL="1" INDEX_IN_DOC="19" PAGE_NO="11" NAME="Untitled Article" ID="Ar01101" HREF="/11/Ar01101" SIZE="Medium" IMAGES_RESOLUTION="90" WORDCNT="73"/>
				<Entity ENTITY_TYPE="Article" FIRST_TOC_ENTRY_ID="12" DEPTH_LEVEL="1" INDEX_IN_DOC="20" PAGE_NO="11" NAME="Untitled Article" ID="Ar01102" HREF="/11/Ar01102" SIZE="XLarge" IMAGES_RESOLUTION="90" WORDCNT="629"/>
			</Page>
			<Page PAGE_NO="12" NAME="" PAGE_LABEL="12" ID="Pg012" PAGE_TYPE="Single" PAGE_WIDTH="662" PAGE_HEIGHT="994" CROP_BOX="0 0 661 993" MEDIA_BOX="0 0 661 993" HREF="/12/Pg012" TOTAL_CHARS_COUNT="3631" SUSPICIOUS_CHARS_COUNT="0">
				<Entity ENTITY_TYPE="Article" FIRST_TOC_ENTRY_ID="14" DEPTH_LEVEL="1" INDEX_IN_DOC="22" PAGE_NO="12" NAME="Untitled Article" ID="Ar01200" HREF="/12/Ar01200" SIZE="XLarge" CONTINUATION_TO="Ar01300" IMAGES_RESOLUTION="90" WORDCNT="414"/>
				<Entity ENTITY_TYPE="Article" FIRST_TOC_ENTRY_ID="13" DEPTH_LEVEL="1" INDEX_IN_DOC="21" PAGE_NO="12" NAME="Untitled Article" ID="Ar01201" HREF="/12/Ar01201" SIZE="XLarge" IMAGES_RESOLUTION="90" WORDCNT="490"/>
			</Page>
			<Page PAGE_NO="13" NAME="" PAGE_LABEL="13" ID="Pg013" PAGE_TYPE="Single" PAGE_WIDTH="669" PAGE_HEIGHT="994" CROP_BOX="0 0 668 993" MEDIA_BOX="0 0 668 993" HREF="/13/Pg013" TOTAL_CHARS_COUNT="2385" SUSPICIOUS_CHARS_COUNT="0">
				<Entity ENTITY_TYPE="Article" FIRST_TOC_ENTRY_ID="14" DEPTH_LEVEL="1" INDEX_IN_DOC="23" PAGE_NO="13" NAME="Untitled Article" ID="Ar01300" HREF="/13/Ar01300" SIZE="Medium" CONTINUATION_FROM="Ar01200" IMAGES_RESOLUTION="90" WORDCNT="144"/>
				<Entity ENTITY_TYPE="Article" FIRST_TOC_ENTRY_ID="15" DEPTH_LEVEL="1" INDEX_IN_DOC="24" PAGE_NO="13" NAME="Untitled Article" ID="Ar01301" HREF="/13/Ar01301" SIZE="XLarge" IMAGES_RESOLUTION="90" WORDCNT="418"/>
				<Entity ENTITY_TYPE="Picture" FIRST_TOC_ENTRY_ID="16" DEPTH_LEVEL="2" INDEX_IN_DOC="25" PAGE_NO="13" NAME="Untitled Picture" ID="Pc01302" HREF="/13/Pc01302" SIZE="Medium" EMBEDDED_INTO="Ar01301" EMBEDDED_AFTER="Ar0130105" IMAGES_RESOLUTION="90" WORDCNT="0"/>
				<Entity ENTITY_TYPE="Ad" FIRST_TOC_ENTRY_ID="17" DEPTH_LEVEL="1" INDEX_IN_DOC="26" PAGE_NO="13" NAME="Untitled Ad" ID="Ad01303" HREF="/13/Ad01303" SIZE="Medium" IMAGES_RESOLUTION="90" WORDCNT="28"/>
				<Entity ENTITY_TYPE="Ad" FIRST_TOC_ENTRY_ID="18" DEPTH_LEVEL="1" INDEX_IN_DOC="27" PAGE_NO="13" NAME="Untitled Ad" ID="Ad01304" HREF="/13/Ad01304" SIZE="Medium" IMAGES_RESOLUTION="90" WORDCNT="65"/>
			</Page>
			<Page PAGE_NO="14" NAME="" PAGE_LABEL="14" ID="Pg014" PAGE_TYPE="Single" PAGE_WIDTH="669" PAGE_HEIGHT="994" CROP_BOX="0 0 668 993" MEDIA_BOX="0 0 668 993" HREF="/14/Pg014" TOTAL_CHARS_COUNT="406" SUSPICIOUS_CHARS_COUNT="0">
				<Entity ENTITY_TYPE="Article" FIRST_TOC_ENTRY_ID="19" DEPTH_LEVEL="1" INDEX_IN_DOC="28" PAGE_NO="14" NAME="Untitled Article" ID="Ar01400" HREF="/14/Ar01400" SIZE="Medium" IMAGES_RESOLUTION="90" WORDCNT="113"/>
				<Entity ENTITY_TYPE="Ad" FIRST_TOC_ENTRY_ID="20" DEPTH_LEVEL="1" INDEX_IN_DOC="29" PAGE_NO="14" NAME="Untitled Ad" ID="Ad01401" HREF="/14/Ad01401" SIZE="Medium" IMAGES_RESOLUTION="90" WORDCNT="39"/>
				<Entity ENTITY_TYPE="Ad" FIRST_TOC_ENTRY_ID="23" DEPTH_LEVEL="1" INDEX_IN_DOC="32" PAGE_NO="14" NAME="Untitled Ad" ID="Ad01402" HREF="/14/Ad01402" SIZE="Medium" IMAGES_RESOLUTION="90" WORDCNT="102"/>
				<Entity ENTITY_TYPE="Ad" FIRST_TOC_ENTRY_ID="21" DEPTH_LEVEL="1" INDEX_IN_DOC="30" PAGE_NO="14" NAME="Untitled Ad" ID="Ad01403" HREF="/14/Ad01403" SIZE="Medium" IMAGES_RESOLUTION="90" WORDCNT="157"/>
				<Entity ENTITY_TYPE="Ad" FIRST_TOC_ENTRY_ID="22" DEPTH_LEVEL="1" INDEX_IN_DOC="31" PAGE_NO="14" NAME="Untitled Ad" ID="Ad01404" HREF="/14/Ad01404" SIZE="Medium" IMAGES_RESOLUTION="90" WORDCNT="21"/>
				<Entity ENTITY_TYPE="Ad" FIRST_TOC_ENTRY_ID="27" DEPTH_LEVEL="1" INDEX_IN_DOC="36" PAGE_NO="14" NAME="Untitled Ad" ID="Ad01405" HREF="/14/Ad01405" SIZE="Small" IMAGES_RESOLUTION="90" WORDCNT="22"/>
				<Entity ENTITY_TYPE="Ad" FIRST_TOC_ENTRY_ID="26" DEPTH_LEVEL="1" INDEX_IN_DOC="35" PAGE_NO="14" NAME="Untitled Ad" ID="Ad01406" HREF="/14/Ad01406" SIZE="Small" IMAGES_RESOLUTION="90" WORDCNT="79"/>
				<Entity ENTITY_TYPE="Ad" FIRST_TOC_ENTRY_ID="25" DEPTH_LEVEL="1" INDEX_IN_DOC="34" PAGE_NO="14" NAME="Untitled Ad" ID="Ad01407" HREF="/14/Ad01407" SIZE="Medium" IMAGES_RESOLUTION="90" WORDCNT="13"/>
				<Entity ENTITY_TYPE="Ad" FIRST_TOC_ENTRY_ID="24" DEPTH_LEVEL="1" INDEX_IN_DOC="33" PAGE_NO="14" NAME="Untitled Ad" ID="Ad01408" HREF="/14/Ad01408" SIZE="Small" IMAGES_RESOLUTION="90" WORDCNT="31"/>
			</Page>
			<Page PAGE_NO="15" NAME="" PAGE_LABEL="15" ID="Pg015" PAGE_TYPE="Single" PAGE_WIDTH="669" PAGE_HEIGHT="994" CROP_BOX="0 0 668 993" MEDIA_BOX="0 0 668 993" HREF="/15/Pg015" TOTAL_CHARS_COUNT="18" SUSPICIOUS_CHARS_COUNT="0">
				<Entity ENTITY_TYPE="Picture" FIRST_TOC_ENTRY_ID="29" DEPTH_LEVEL="2" INDEX_IN_DOC="38" PAGE_NO="15" NAME="Untitled Picture" ID="Pc01500" HREF="/15/Pc01500" SIZE="XLarge" EMBEDDED_INTO="Ar01501" EMBEDDED_AFTER="Ar0150100" IMAGES_RESOLUTION="90" WORDCNT="0"/>
				<Entity ENTITY_TYPE="Article" FIRST_TOC_ENTRY_ID="28" DEPTH_LEVEL="1" INDEX_IN_DOC="37" PAGE_NO="15" NAME="Untitled Article" ID="Ar01501" HREF="/15/Ar01501" SIZE="Small" IMAGES_RESOLUTION="90" WORDCNT="5"/>
			</Page>
		</Section>
	</Body_np>
	<Logic_np><TOC_Entries><TOC_Entry TOC_ENTRY_ID="1" TITLE="l&amp;je %KtxUm." ENTITY_ID_REF="Ar00100" PAGE_NO="1" PAGE_LABEL="1" PRIM_ID_REF="Ar0010000" IS_IC="true"/><TOC_Entry TOC_ENTRY_ID="2" TITLE="MATERLALLSM." ENTITY_ID_REF="Ar00301" PAGE_NO="3" PAGE_LABEL="3" PRIM_ID_REF="Ar0030100" IS_IC="true"/><TOC_Entry TOC_ENTRY_ID="3" TITLE="GLRLS AND MATHEMATLCS ." ENTITY_ID_REF="Ar00501" PAGE_NO="5" PAGE_LABEL="5" PRIM_ID_REF="Ar0050100" IS_IC="true"/><TOC_Entry TOC_ENTRY_ID="4" TITLE="MECHANICAL ENGINEERING." ENTITY_ID_REF="Ar00600" PAGE_NO="6" PAGE_LABEL="6" PRIM_ID_REF="Ar0060000" IS_IC="true"/><TOC_Entry TOC_ENTRY_ID="5" TITLE="BLALNE AND FOSTER." ENTITY_ID_REF="Ar00701" PAGE_NO="7" PAGE_LABEL="7" PRIM_ID_REF="Ar0070100" IS_IC="true"/><TOC_Entry TOC_ENTRY_ID="6" TITLE="THE STATE CONTEST." ENTITY_ID_REF="Ar00801" PAGE_NO="8" PAGE_LABEL="8" PRIM_ID_REF="Ar0080100" IS_IC="true"/><TOC_Entry TOC_ENTRY_ID="7" TITLE="THE GEOLOGLCAL TRLP." ENTITY_ID_REF="Ar00900" PAGE_NO="9" PAGE_LABEL="9" PRIM_ID_REF="Ar0090000" IS_IC="true"/><TOC_Entry TOC_ENTRY_ID="8" TITLE="DEDLCATLON OF THE NEW CHEMLCAL LABORATOR..." ENTITY_ID_REF="Ar00901" PAGE_NO="9" PAGE_LABEL="9" PRIM_ID_REF="Ar0090100" IS_IC="true"/><TOC_Entry TOC_ENTRY_ID="9" TITLE="Y. M. C. A. CONVENTLON." ENTITY_ID_REF="Ar00902" PAGE_NO="9" PAGE_LABEL="9" PRIM_ID_REF="Ar0090200" IS_IC="true"/><TOC_Entry TOC_ENTRY_ID="10" TITLE="ipeal ar?d p^opal." ENTITY_ID_REF="Ar01001" PAGE_NO="10" PAGE_LABEL="10" PRIM_ID_REF="Ar0100100" IS_IC="true"/><TOC_Entry TOC_ENTRY_ID="11" TITLE="prat&lt;^rr?i ty fiotes." ENTITY_ID_REF="Ar01101" PAGE_NO="11" PAGE_LABEL="11" PRIM_ID_REF="Ar0110100" IS_IC="true"/><TOC_Entry TOC_ENTRY_ID="12" TITLE="BETA BANQUET TO JUSTLCE HARLAN OF THE U...." ENTITY_ID_REF="Ar01102" PAGE_NO="11" PAGE_LABEL="11" PRIM_ID_REF="Ar0110200" IS_IC="true"/><TOC_Entry TOC_ENTRY_ID="13" TITLE="Exetyan^es." ENTITY_ID_REF="Ar01201" PAGE_NO="12" PAGE_LABEL="12" PRIM_ID_REF="Ar0120100" IS_IC="true"/><TOC_Entry TOC_ENTRY_ID="14" TITLE="J^ &lt;SolI&lt;^ U/orld." ENTITY_ID_REF="Ar01200" PAGE_NO="12" PAGE_LABEL="12" PRIM_ID_REF="Ar0120000" IS_IC="true"/><TOC_Entry TOC_ENTRY_ID="15" TITLE="PRIZE ESSAY PROPOSAL EOR 1891." ENTITY_ID_REF="Ar01301" PAGE_NO="13" PAGE_LABEL="13" PRIM_ID_REF="Ar0130100" IS_IC="true"><TOC_Entry TOC_ENTRY_ID="16" TITLE="" ENTITY_ID_REF="Pc01302" PAGE_NO="13" PAGE_LABEL="13" PRIM_ID_REF="Pc0130200" IS_IC="true"/></TOC_Entry><TOC_Entry TOC_ENTRY_ID="17" TITLE="" ENTITY_ID_REF="Ad01303" PAGE_NO="13" PAGE_LABEL="13" PRIM_ID_REF="Ad0130301" IS_IC="true"/><TOC_Entry TOC_ENTRY_ID="18" TITLE="" ENTITY_ID_REF="Ad01304" PAGE_NO="13" PAGE_LABEL="13" PRIM_ID_REF="Ad0130401" IS_IC="true"/><TOC_Entry TOC_ENTRY_ID="19" TITLE="T TT � P^T-vTT^T, came galore last week ..." ENTITY_ID_REF="Ar01400" PAGE_NO="14" PAGE_LABEL="14" PRIM_ID_REF="Ar0140000" IS_IC="true"/><TOC_Entry TOC_ENTRY_ID="20" TITLE="" ENTITY_ID_REF="Ad01401" PAGE_NO="14" PAGE_LABEL="14" PRIM_ID_REF="Ad0140101" IS_IC="true"/><TOC_Entry TOC_ENTRY_ID="21" TITLE="" ENTITY_ID_REF="Ad01403" PAGE_NO="14" PAGE_LABEL="14" PRIM_ID_REF="Ad0140301" IS_IC="true"/><TOC_Entry TOC_ENTRY_ID="22" TITLE="" ENTITY_ID_REF="Ad01404" PAGE_NO="14" PAGE_LABEL="14" PRIM_ID_REF="Ad0140401" IS_IC="true"/><TOC_Entry TOC_ENTRY_ID="23" TITLE="" ENTITY_ID_REF="Ad01402" PAGE_NO="14" PAGE_LABEL="14" PRIM_ID_REF="Ad0140201" IS_IC="true"/><TOC_Entry TOC_ENTRY_ID="24" TITLE="" ENTITY_ID_REF="Ad01408" PAGE_NO="14" PAGE_LABEL="14" PRIM_ID_REF="Ad0140801" IS_IC="true"/><TOC_Entry TOC_ENTRY_ID="25" TITLE="" ENTITY_ID_REF="Ad01407" PAGE_NO="14" PAGE_LABEL="14" PRIM_ID_REF="Ad0140701" IS_IC="true"/><TOC_Entry TOC_ENTRY_ID="26" TITLE="" ENTITY_ID_REF="Ad01406" PAGE_NO="14" PAGE_LABEL="14" PRIM_ID_REF="Ad0140601" IS_IC="true"/><TOC_Entry TOC_ENTRY_ID="27" TITLE="" ENTITY_ID_REF="Ad01405" PAGE_NO="14" PAGE_LABEL="14" PRIM_ID_REF="Ad0140501" IS_IC="true"/><TOC_Entry TOC_ENTRY_ID="28" TITLE="MISS KATE E. MORHART." ENTITY_ID_REF="Ar01501" PAGE_NO="15" PAGE_LABEL="15" PRIM_ID_REF="Ar0150100" IS_IC="true"><TOC_Entry TOC_ENTRY_ID="29" TITLE="" ENTITY_ID_REF="Pc01500" PAGE_NO="15" PAGE_LABEL="15" PRIM_ID_REF="Pc0150000" IS_IC="true"/></TOC_Entry></TOC_Entries></Logic_np></Xmd_toc>
