{
   "status":"OK",
   "copyright":"Copyright (c) 2020 Pro Publica Inc. All Rights Reserved.",
   "results":[
      {
         "id": "K000372",
         "member_uri": "https://api.propublica.org/congress/v1/members/K000372.json",
         "name": "Mary Jo Kilroy",
         "num_results": 338,
         "offset": 140,
         "bills": [
              {
                "congress": "111",
                "bill_id": "hr734-111",
                "bill_type": "hr",
                "number": "H.R.734",
                "bill_uri": "https://api.propublica.org/congress/v1/111/bills/hr734.json",
                "title": "To direct the Secretary of Transportation to study and establish a motor vehicle safety standard that provides for a means of alerting blind and other pedestrians of motor vehicle operation.",
                "short_title": "Pedestrian Safety Enhancement Act of 2009",
                "sponsor_title": "Rep.",
                "sponsor_id": "T000326",
                "sponsor_name": "Edolphus Towns",
                "sponsor_state": "NY",
                "sponsor_party": "D",
                "sponsor_uri": "https://api.propublica.org/congress/v1/members/T000326.json",
                "gpo_pdf_uri": null,
                "congressdotgov_url": "https://www.congress.gov/bill/111th-congress/house-bill/734",
                "govtrack_url": "https://www.govtrack.us/congress/bills/111/hr734",
                "introduced_date": "2009-01-28",
                "active": null,
                "last_vote": null,
                "house_passage": null,
                "senate_passage": null,
                "enacted": null,
                "vetoed": null,
                "cosponsors": 238,
                "cosponsors_by_party": {"D":178,"R":61},
                "committees": "House Energy and Commerce",
                "primary_subject": "Transportation and public works",
                "summary": "Pedestrian Safety Enhancement Act of 2009 - Directs the Secretary of Transportation to study and report to Congress on the minimum level of sound that is necessary to be emitted from a motor vehicle, or some other method, to alert blind and other pedestrians of the presence of operating motor vehicles while traveling.",
                "summary_short": "Pedestrian Safety Enhancement Act of 2009 - Directs the Secretary of Transportation to study and report to Congress on the minimum level of sound that is necessary to be emitted from a motor vehicle, or some other method, to alert blind and other pedestrians of the presence of operating motor vehicles while traveling.",
                "latest_major_action_date": "2009-02-02",
                "latest_major_action": "Referred to the Subcommittee on Commerce, Trade and Consumer Protection."
              },
                           {
                "congress": "111",
                "bill_id": "hr4598-111",
                "bill_type": "hr",
                "number": "H.R.4598",
                "bill_uri": "https://api.propublica.org/congress/v1/111/bills/hr4598.json",
                "title": "To amend the Small Business Act to improve the Express Loan Program, and for other purposes.",
                "short_title": "Express Loans Improvements Act of 2010",
                "sponsor_title": "Rep.",
                "sponsor_id": "D000608",
                "sponsor_name": "Kathy Dahlkemper",
                "sponsor_state": "PA",
                "sponsor_party": "D",
                "sponsor_uri": "https://api.propublica.org/congress/v1/members/D000608.json",
                "gpo_pdf_uri": null,
                "congressdotgov_url": "https://www.congress.gov/bill/111th-congress/house-bill/4598",
                "govtrack_url": "https://www.govtrack.us/congress/bills/111/hr4598",
                "introduced_date": "2010-02-04",
                "active": null,
                "last_vote": null,
                "house_passage": null,
                "senate_passage": null,
                "enacted": null,
                "vetoed": null,
                "cosponsors": 60,
                "cosponsors_by_party": {"D":54,"R":6},
                "committees": "House Small Business",
                "primary_subject": "Commerce",
                "summary": "Express Loans Improvements Act of 2009 - Amends provisions of the Small Business Act relating to the Express Loan Program (Program) to: (1) increase (for a two-year period) from 50% to 75% the maximum percentage of Program loans that may be guaranteed by the Small Business Administration (SBA); (2) make such percentage 60% after such two-year period; and (3) increase from $350,000 to $1 million the maximum Program loan amount. Directs the SBA Administrator to: (1) issue regulations with respect to Program loan and lender eligibility and collateral requirements that minimize federal risk of loss; and (2) report annually to the congressional small business committees describing Program implementation, including actions taken to reduce default rates.",
                "summary_short": "Express Loans Improvements Act of 2009 - Amends provisions of the Small Business Act relating to the Express Loan Program (Program) to: (1) increase (for a two-year period) from 50% to 75% the maximum percentage of Program loans that may be guaranteed by the Small Business Administration (SBA); (2) make such percentage 60% after such two-year period; and (3) increase from $350,000 to $1 million the maximum Program loan amount. Directs the SBA Administrator to: (1) issue regulations with respe...",
                "latest_major_action_date": "2010-02-04",
                "latest_major_action": "Referred to the Subcommittee on Finance and Tax."
              },
                           {
                "congress": "111",
                "bill_id": "hr4692-111",
                "bill_type": "hr",
                "number": "H.R.4692",
                "bill_uri": "https://api.propublica.org/congress/v1/111/bills/hr4692.json",
                "title": "To require the President to prepare a quadrennial National Manufacturing Strategy, and for other purposes.",
                "short_title": "National Manufacturing Strategy Act of 2010",
                "sponsor_title": "Rep.",
                "sponsor_id": "L000563",
                "sponsor_name": "Daniel Lipinski",
                "sponsor_state": "IL",
                "sponsor_party": "D",
                "sponsor_uri": "https://api.propublica.org/congress/v1/members/L000563.json",
                "gpo_pdf_uri": null,
                "congressdotgov_url": "https://www.congress.gov/bill/111th-congress/house-bill/4692",
                "govtrack_url": "https://www.govtrack.us/congress/bills/111/hr4692",
                "introduced_date": "2010-02-25",
                "active": null,
                "last_vote": "2010-07-28",
                "house_passage": "2010-07-28",
                "senate_passage": null,
                "enacted": null,
                "vetoed": null,
                "cosponsors": 60,
                "cosponsors_by_party": {"D":53,"R":7},
                "committees": "House Energy and Commerce; House Budget; Senate Commerce, Science, and Transportation",
                "primary_subject": "Commerce",
                "summary": "National Manufacturing Strategy Act of 2010 - Expresses the sense of Congress that: (1) the U.S. government should promote policies related to the nation's manufacturing sector intended to promote growth, sustainability, and competitiveness, create well-paying jobs, enable innovation and investment, and support national security; and (2) the President and Congress should act promptly to pursue policies consistent with a National Manufacturing Strategy (Strategy). Directs the President, every four years, to submit to Congress, and publish on a public website, a Strategy. Requires the first Strategy to be submitted within one year after enactment of this Act. Directs the President to establish, within the Department of Commerce, the President's Manufacturing Strategy Board (consisting of both public and private sector members) to: (1) advise the President and Congress on issues affecting the nation's manufacturing sector; (2) conduct a comprehensive analysis of such sector; (3) develop a Strategy; and (4) report annually to the President and Congress on the current state of U.S. manufacturing. Directs the Comptroller General, in each of 2013, 2017, and 2021, to submit to Congress an assessment and analysis of the Strategy. Directs the President, in developing each Strategy, to enter into an agreement with the National Academy of Sciences (NAS) to conduct a study concerning U.S. manufacturing and related assessments and reviews. Requires the NAS to report each study's results to Congress and the President. Requires the President, in preparing each annual budget, to include information regarding that budget's consistency with the goals and recommendations included in the latest Strategy.",
                "summary_short": "National Manufacturing Strategy Act of 2010 - Expresses the sense of Congress that: (1) the U.S. government should promote policies related to the nation&#39;s manufacturing sector intended to promote growth, sustainability, and competitiveness, create well-paying jobs, enable innovation and investment, and support national security; and (2) the President and Congress should act promptly to pursue policies consistent with a National Manufacturing Strategy (Strategy). Directs the President, every ...",
                "latest_major_action_date": "2010-08-05",
                "latest_major_action": "Read twice and referred to the Committee on Commerce, Science, and Transportation."
              },
                           {
                "congress": "111",
                "bill_id": "hr4752-111",
                "bill_type": "hr",
                "number": "H.R.4752",
                "bill_uri": "https://api.propublica.org/congress/v1/111/bills/hr4752.json",
                "title": "To amend part D of title XVIII of the Social Security Act to require the Secretary of Health and Human Services to negotiate covered part D drug prices on behalf of Medicare beneficiaries.",
                "short_title": "Medicare Prescription Drug Price Negotiation Act of 2010",
                "sponsor_title": "Rep.",
                "sponsor_id": "W000800",
                "sponsor_name": "Peter Welch",
                "sponsor_state": "VT",
                "sponsor_party": "D",
                "sponsor_uri": "https://api.propublica.org/congress/v1/members/W000800.json",
                "gpo_pdf_uri": null,
                "congressdotgov_url": "https://www.congress.gov/bill/111th-congress/house-bill/4752",
                "govtrack_url": "https://www.govtrack.us/congress/bills/111/hr4752",
                "introduced_date": "2010-03-03",
                "active": null,
                "last_vote": null,
                "house_passage": null,
                "senate_passage": null,
                "enacted": null,
                "vetoed": null,
                "cosponsors": 81,
                "cosponsors_by_party": {"R":1,"D":80},
                "committees": "House Energy and Commerce; House Ways and Means",
                "primary_subject": "Health",
                "summary": "Medicare Prescription Drug Price Negotiation Act of 2010 - Amends part D (Voluntary Prescription Drug Benefit Program) of title XVIII (Medicare) of the Social Security Act to direct the Secretary of Health and Human Services (HHS) to negotiate with pharmaceutical manufacturers the prices that may be charged to Medicare part D prescription drug plan (PDP) sponsors and MedicareAdvantage (MA) organizations for covered part D drugs for part D eligible individuals who are enrolled under a PDP or under an MA-Prescription Drug (MA-PD) plan.",
                "summary_short": "Medicare Prescription Drug Price Negotiation Act of 2010 - Amends part D (Voluntary Prescription Drug Benefit Program) of title XVIII (Medicare) of the Social Security Act to direct the Secretary of Health and Human Services (HHS) to negotiate with pharmaceutical manufacturers the prices that may be charged to Medicare part D prescription drug plan (PDP) sponsors and MedicareAdvantage (MA) organizations for covered part D drugs for part D eligible individuals who are enrolled under a PDP or u...",
                "latest_major_action_date": "2010-03-08",
                "latest_major_action": "Referred to the Subcommittee on Health."
              },
                           {
                "congress": "111",
                "bill_id": "hr1826-111",
                "bill_type": "hr",
                "number": "H.R.1826",
                "bill_uri": "https://api.propublica.org/congress/v1/111/bills/hr1826.json",
                "title": "To reform the financing of House elections, and for other purposes.",
                "short_title": "Fair Elections Now Act",
                "sponsor_title": "Rep.",
                "sponsor_id": "L000557",
                "sponsor_name": "John B. Larson",
                "sponsor_state": "CT",
                "sponsor_party": "D",
                "sponsor_uri": "https://api.propublica.org/congress/v1/members/L000557.json",
                "gpo_pdf_uri": null,
                "congressdotgov_url": "https://www.congress.gov/bill/111th-congress/house-bill/1826",
                "govtrack_url": "https://www.govtrack.us/congress/bills/111/hr1826",
                "introduced_date": "2009-03-31",
                "active": null,
                "last_vote": null,
                "house_passage": null,
                "senate_passage": null,
                "enacted": null,
                "vetoed": null,
                "cosponsors": 165,
                "cosponsors_by_party": {"D":162,"R":3},
                "committees": "House Administration; House Energy and Commerce; House Ways and Means",
                "primary_subject": "Government operations and politics",
                "summary": "Fair Elections Now Act - Amends the Federal Election Campaign Act of 1971 (FECA) with respect to: (1) eligibility and qualifying contribution requirements and benefits of fair elections financing of House of Representatives election campaigns; (2) establishment of a Fair Elections Fund; (3) eligibility for Fund allocations; (4) contribution and expenditure requirements; (5) a public debate requirement; (6) certification of whether or not a federal election candidate is a participating candidate; (7) benefits for participating candidates; (8) matching payments for qualified small dollar contributions; (9) political advertising vouchers; (10) establishment of a Fair Elections Oversight Board; (11) civil penalties for violation of contribution and expenditure requirements; (12) prohibition of joint fundraising committees with any political committee other than a candidate's authorized committee; and (13) a specified limitation on coordinated expenditures by political party committees with participating candidates. Amends the Communications Act of 1934 to require the deposit into the Fair Elections Fund of 10% of the proceeds from competitive auctions for recovered analog spectrum. Amends the Internal Revenue Code to allow for designation of a certain amount of income tax liability to the Fair Elections Fund. Amends the Communications Act of 1934 to: (1) prohibit the preemption of the use of a broadcasting station by a legally qualified House candidate who has purchased and paid for such use; (2) revise Federal Communications Commission (FCC) authority to revoke licenses for broadcasting stations who fail to provide access to House candidates; and (3) revise the formula for determining reduced broadcast rates for participating candidates in certain circumstances. Directs the FCC to initiate a rulemaking proceeding to establish a standardized form to be used by broadcasting stations to record and report the purchase of advertising time by or on behalf of a candidate for nomination for election, or for election, to federal elective office. Amends FECA to: (1) empower the Federal Election Commission (FEC) to petition the U.S. Supreme Court for a writ of certiorari to appeal a civil action; (2) require all designations, statements, and reports required to be filed under FECA to be filed directly with the FEC, and in computer-accessible electronic form; and (3) reduce from 48 to 24 hours after their receipt the deadline for the FEC to make designations, statements, reports, or notifications available to the public in the FEC office and on the Internet.",
                "summary_short": "Fair Elections Now Act - Amends the Federal Election Campaign Act of 1971 (FECA) with respect to: (1) eligibility and qualifying contribution requirements and benefits of fair elections financing of House of Representatives election campaigns; (2) establishment of a Fair Elections Fund; (3) eligibility for Fund allocations; (4) contribution and expenditure requirements; (5) a public debate requirement; (6) certification of whether or not a federal election candidate is a participating candida...",
                "latest_major_action_date": "2009-07-30",
                "latest_major_action": "Committee Hearings Held."
              },
                           {
                "congress": "111",
                "bill_id": "hres1116-111",
                "bill_type": "hres",
                "number": "H.RES.1116",
                "bill_uri": "https://api.propublica.org/congress/v1/111/bills/hres1116.json",
                "title": "Supporting the goals and ideals of Multiple Sclerosis Awareness Week.",
                "short_title": null,
                "sponsor_title": "Rep.",
                "sponsor_id": "L000551",
                "sponsor_name": "Barbara Lee",
                "sponsor_state": "CA",
                "sponsor_party": "D",
                "sponsor_uri": "https://api.propublica.org/congress/v1/members/L000551.json",
                "gpo_pdf_uri": null,
                "congressdotgov_url": "https://www.congress.gov/bill/111th-congress/house-resolution/1116",
                "govtrack_url": "https://www.govtrack.us/congress/bills/111/hres1116",
                "introduced_date": "2010-02-25",
                "active": null,
                "last_vote": null,
                "house_passage": null,
                "senate_passage": null,
                "enacted": null,
                "vetoed": null,
                "cosponsors": 108,
                "cosponsors_by_party": {"D":80,"R":29},
                "committees": "House Energy and Commerce",
                "primary_subject": "Health",
                "summary": "Expresses support for the goals and ideals of Multiple Sclerosis Awareness Week. Reaffirms the nation's commitment to combating multiple sclerosis by promoting awareness about its causes and risks, promoting new education programs, supporting research, and expanding access to medical treatment.Recognizes people living with multiple sclerosis and salutes the health care professionals and medical researchers who assist those so afflicted and continue to work to find cures and improve treatments.",
                "summary_short": "Expresses support for the goals and ideals of Multiple Sclerosis Awareness Week. Reaffirms the nation&#39;s commitment to combating multiple sclerosis by promoting awareness about its causes and risks, promoting new education programs, supporting research, and expanding access to medical treatment.Recognizes people living with multiple sclerosis and salutes the health care professionals and medical researchers who assist those so afflicted and continue to work to find cures and improve treatments.",
                "latest_major_action_date": "2010-04-21",
                "latest_major_action": "Motion to reconsider laid on the table Agreed to without objection."
              },
                           {
                "congress": "111",
                "bill_id": "hr1079-111",
                "bill_type": "hr",
                "number": "H.R.1079",
                "bill_uri": "https://api.propublica.org/congress/v1/111/bills/hr1079.json",
                "title": "To expand the research, prevention, and awareness activities of the Centers for Disease Control and Prevention and the National Institutes of Health with respect to pulmonary fibrosis, and for other purposes.",
                "short_title": "Pulmonary Fibrosis Research Enhancement Act",
                "sponsor_title": "Rep.",
                "sponsor_id": "B001229",
                "sponsor_name": "Brian Baird",
                "sponsor_state": "WA",
                "sponsor_party": "D",
                "sponsor_uri": "https://api.propublica.org/congress/v1/members/B001229.json",
                "gpo_pdf_uri": null,
                "congressdotgov_url": "https://www.congress.gov/bill/111th-congress/house-bill/1079",
                "govtrack_url": "https://www.govtrack.us/congress/bills/111/hr1079",
                "introduced_date": "2009-02-13",
                "active": null,
                "last_vote": null,
                "house_passage": null,
                "senate_passage": null,
                "enacted": null,
                "vetoed": null,
                "cosponsors": 149,
                "cosponsors_by_party": {"R":47,"D":103},
                "committees": "House Energy and Commerce",
                "primary_subject": "Health",
                "summary": "Pulmonary Fibrosis Research Enhancement Act - Amends the Public Health Service Act to require the Secretary of Health and Human Services, acting through the Director of the Centers for Disease Control and Prevention (CDC), to: (1) develop a system to collect data on pulmonary fibrosis and other interstitial lung diseases; (2) establish the National PF Registry; and (3) establish the National Pulmonary Fibrosis Advisory Board.Allows the Secretary, acting through the Director of the CDC, to provide for the collection, analysis, and reporting of data on pulmonary fibrosis and other interstitial lung diseases that can be confused with, misdiagnosed as, and progress to pulmonary fibrosis.Requires the Secretary, in developing the Registry, to: (1) expand and coordinate existing data and surveillance systems, surveys, registries, and other federal public health and environmental infrastructure; and (2) provide for research access to pulmonary fibrosis data.Directs the Secretary to ensure that epidemiological and other types of information are made available to the National Institutes of Health (NIH) and the Department of Veterans Affairs (VA).Requires the Director of the National Heart, Lung, and Blood Institute to expand, intensify, and coordinate Institute pulmonary fibrosis research activities.Requires the Director of CDC to prepare the National Pulmonary Fibrosis Action Plan.Requires the Secretary to: (1) convene a summit of individuals with expertise in research and care of pulmonary fibrosis to provide a detailed overview of NIH research activities and discuss potential collaborations between NIH and other federal health agencies; and (2) make information about NIH activities relating to pulmonary fibrosis publicly available.",
                "summary_short": "Pulmonary Fibrosis Research Enhancement Act - Amends the Public Health Service Act to require the Secretary of Health and Human Services, acting through the Director of the Centers for Disease Control and Prevention (CDC), to: (1) develop a system to collect data on pulmonary fibrosis and other interstitial lung diseases; (2) establish the National PF Registry; and (3) establish the National Pulmonary Fibrosis Advisory Board.Allows the Secretary, acting through the Director of the CDC, to pro...",
                "latest_major_action_date": "2009-02-23",
                "latest_major_action": "Referred to the Subcommittee on Health."
              },
                           {
                "congress": "111",
                "bill_id": "hres1121-111",
                "bill_type": "hres",
                "number": "H.RES.1121",
                "bill_uri": "https://api.propublica.org/congress/v1/111/bills/hres1121.json",
                "title": "Congratulating Clinton County and the county seat of Wilmington, Ohio, on the occasion of their bicentennial anniversaries.",
                "short_title": null,
                "sponsor_title": "Rep.",
                "sponsor_id": "T000463",
                "sponsor_name": "Michael R. Turner",
                "sponsor_state": "OH",
                "sponsor_party": "R",
                "sponsor_uri": "https://api.propublica.org/congress/v1/members/T000463.json",
                "gpo_pdf_uri": null,
                "congressdotgov_url": "https://www.congress.gov/bill/111th-congress/house-resolution/1121",
                "govtrack_url": "https://www.govtrack.us/congress/bills/111/hres1121",
                "introduced_date": "2010-02-25",
                "active": null,
                "last_vote": null,
                "house_passage": null,
                "senate_passage": null,
                "enacted": null,
                "vetoed": null,
                "cosponsors": 50,
                "cosponsors_by_party": {"D":13,"R":37},
                "committees": "House Oversight and Government Reform",
                "primary_subject": "Government operations and politics",
                "summary": "Recognizes the significant history of Clinton County and the county seat of Wilmington, Ohio, on the occasion of their bicentennial anniversaries.",
                "summary_short": "Recognizes the significant history of Clinton County and the county seat of Wilmington, Ohio, on the occasion of their bicentennial anniversaries.",
                "latest_major_action_date": "2010-06-10",
                "latest_major_action": "Motion to reconsider laid on the table Agreed to without objection."
              },
                           {
                "congress": "111",
                "bill_id": "hres1107-111",
                "bill_type": "hres",
                "number": "H.RES.1107",
                "bill_uri": "https://api.propublica.org/congress/v1/111/bills/hres1107.json",
                "title": "Recognizing the 189th anniversary of the independence of Greece and celebrating Greek and American democracy.",
                "short_title": null,
                "sponsor_title": "Rep.",
                "sponsor_id": "R000435",
                "sponsor_name": "Ileana Ros-Lehtinen",
                "sponsor_state": "FL",
                "sponsor_party": "R",
                "sponsor_uri": "https://api.propublica.org/congress/v1/members/R000435.json",
                "gpo_pdf_uri": null,
                "congressdotgov_url": "https://www.congress.gov/bill/111th-congress/house-resolution/1107",
                "govtrack_url": "https://www.govtrack.us/congress/bills/111/hres1107",
                "introduced_date": "2010-02-24",
                "active": null,
                "last_vote": "2010-03-11",
                "house_passage": null,
                "senate_passage": null,
                "enacted": null,
                "vetoed": null,
                "cosponsors": 46,
                "cosponsors_by_party": {"D":34,"R":12},
                "committees": "House Foreign Affairs",
                "primary_subject": "International affairs",
                "summary": "Congratulates the people of Greece as they celebrate the 189th anniversary of the independence of Greece. Supports the principles of democratic governance to which the people of Greece are committed. Notes the important role that Greece has played in the wider European region and in the community of nations since gaining its independence.",
                "summary_short": "Congratulates the people of Greece as they celebrate the 189th anniversary of the independence of Greece. Supports the principles of democratic governance to which the people of Greece are committed. Notes the important role that Greece has played in the wider European region and in the community of nations since gaining its independence.",
                "latest_major_action_date": "2010-03-11",
                "latest_major_action": "Motion to reconsider laid on the table Agreed to without objection."
              },
                           {
                "congress": "111",
                "bill_id": "hr4684-111",
                "bill_type": "hr",
                "number": "H.R.4684",
                "bill_uri": "https://api.propublica.org/congress/v1/111/bills/hr4684.json",
                "title": "To require the Secretary of the Treasury to strike medals in commemoration of the 10th anniversary of the September 11, 2001, terrorist attacks on the United States and the establishment of the National September 11 Memorial & Museum at the World Trade Center.",
                "short_title": "National September 11 Memorial & Museum Commemorative Medal Act of 2010",
                "sponsor_title": "Rep.",
                "sponsor_id": "N000002",
                "sponsor_name": "Jerrold Nadler",
                "sponsor_state": "NY",
                "sponsor_party": "D",
                "sponsor_uri": "https://api.propublica.org/congress/v1/members/N000002.json",
                "gpo_pdf_uri": null,
                "congressdotgov_url": "https://www.congress.gov/bill/111th-congress/house-bill/4684",
                "govtrack_url": "https://www.govtrack.us/congress/bills/111/hr4684",
                "introduced_date": "2010-02-24",
                "active": null,
                "last_vote": null,
                "house_passage": "2010-07-20",
                "senate_passage": null,
                "enacted": null,
                "vetoed": null,
                "cosponsors": 314,
                "cosponsors_by_party": {"D":220,"R":94},
                "committees": "House Financial Services",
                "primary_subject": "Government operations and politics",
                "summary": "National September 11 Memorial &amp; Museum Commemorative Medal Act of 2010 - Directs the Secretary of the Treasury to strike and make available for sale not more than 2 million silver national medals, containing one ounce of silver each, in commemoration of the 10th anniversary of the September 11, 2001, terrorist attacks on the United States and the establishment of the National September 11 Memorial &amp; Museum at the World Trade Center. Declares that all sales of medals under this Act shall include a surcharge of $10 per medal, which shall be paid to the National September 11 Memorial &amp; Museum at the World Trade Center to support its operations and maintenance. Provides for compliance of the budgetary effects of this Act with the Statutory Pay-As-You-Go Act of 2010.",
                "summary_short": "National September 11 Memorial &amp;amp; Museum Commemorative Medal Act of 2010 - Directs the Secretary of the Treasury to strike and make available for sale not more than 2 million silver national medals, containing one ounce of silver each, in commemoration of the 10th anniversary of the September 11, 2001, terrorist attacks on the United States and the establishment of the National September 11 Memorial &amp;amp; Museum at the World Trade Center. Declares that all sales of medals under this Act sh...",
                "latest_major_action_date": "2010-08-06",
                "latest_major_action": "Became Public Law No: 111-221."
              },
                           {
                "congress": "111",
                "bill_id": "hr1897-111",
                "bill_type": "hr",
                "number": "H.R.1897",
                "bill_uri": "https://api.propublica.org/congress/v1/111/bills/hr1897.json",
                "title": "To amend the Internal Revenue Code of 1986 to provide a tax credit to employers for the costs of implementing wellness programs, and for other purposes.",
                "short_title": "Healthy Workforce Act of 2009",
                "sponsor_title": "Rep.",
                "sponsor_id": "B000574",
                "sponsor_name": "Earl Blumenauer",
                "sponsor_state": "OR",
                "sponsor_party": "D",
                "sponsor_uri": "https://api.propublica.org/congress/v1/members/B000574.json",
                "gpo_pdf_uri": null,
                "congressdotgov_url": "https://www.congress.gov/bill/111th-congress/house-bill/1897",
                "govtrack_url": "https://www.govtrack.us/congress/bills/111/hr1897",
                "introduced_date": "2009-04-02",
                "active": null,
                "last_vote": null,
                "house_passage": null,
                "senate_passage": null,
                "enacted": null,
                "vetoed": null,
                "cosponsors": 16,
                "cosponsors_by_party": {"R":7,"D":9},
                "committees": "House Ways and Means",
                "primary_subject": "Taxation",
                "summary": "Healthy Workforce Act of 2009 - Amends the Internal Revenue Code to allow employers a 50% tax credit for the costs of providing employees with a qualified wellness program. Defines \"qualified wellness program\" as a program that is certified by the Secretary of Health and Human Services and that consists of a health awareness and education component, a behavioral change component, and a supportive environment component. Terminates such credit after 2017. Requires the Secretary of the Treasury to institute an outreach program to inform businesses about the availability of such wellness program tax credit.",
                "summary_short": "Healthy Workforce Act of 2009 - Amends the Internal Revenue Code to allow employers a 50% tax credit for the costs of providing employees with a qualified wellness program. Defines &quot;qualified wellness program&quot; as a program that is certified by the Secretary of Health and Human Services and that consists of a health awareness and education component, a behavioral change component, and a supportive environment component. Terminates such credit after 2017. Requires the Secretary of the Treasury ...",
                "latest_major_action_date": "2009-04-02",
                "latest_major_action": "Referred to the House Committee on Ways and Means."
              },
                           {
                "congress": "111",
                "bill_id": "hr4626-111",
                "bill_type": "hr",
                "number": "H.R.4626",
                "bill_uri": "https://api.propublica.org/congress/v1/111/bills/hr4626.json",
                "title": "To restore the application of the Federal antitrust laws to the business of health insurance to protect competition and consumers.",
                "short_title": "Health Insurance Industry Fair Competition Act",
                "sponsor_title": "Rep.",
                "sponsor_id": "P000600",
                "sponsor_name": "Tom Perriello",
                "sponsor_state": "VA",
                "sponsor_party": "D",
                "sponsor_uri": "https://api.propublica.org/congress/v1/members/P000600.json",
                "gpo_pdf_uri": null,
                "congressdotgov_url": "https://www.congress.gov/bill/111th-congress/house-bill/4626",
                "govtrack_url": "https://www.govtrack.us/congress/bills/111/hr4626",
                "introduced_date": "2010-02-22",
                "active": null,
                "last_vote": "2010-02-24",
                "house_passage": "2010-02-24",
                "senate_passage": null,
                "enacted": null,
                "vetoed": null,
                "cosponsors": 73,
                "cosponsors_by_party": {"D":73},
                "committees": "House Judiciary",
                "primary_subject": "Health",
                "summary": "Health Insurance Industry Fair Competition Act - Amends the McCarran-Ferguson Act to provide that nothing in that Act shall modify, impair, or supersede the operation of any of the antitrust laws with respect to the business of health insurance. Applies prohibitions against using unfair methods of competition to the business of health insurance without regard to whether such business is carried on for profit.",
                "summary_short": "Health Insurance Industry Fair Competition Act - Amends the McCarran-Ferguson Act to provide that nothing in that Act shall modify, impair, or supersede the operation of any of the antitrust laws with respect to the business of health insurance. Applies prohibitions against using unfair methods of competition to the business of health insurance without regard to whether such business is carried on for profit.",
                "latest_major_action_date": "2010-03-01",
                "latest_major_action": "Read the second time. Placed on Senate Legislative Calendar under General Orders. Calendar No. 277."
              },
                           {
                "congress": "111",
                "bill_id": "hr4635-111",
                "bill_type": "hr",
                "number": "H.R.4635",
                "bill_uri": "https://api.propublica.org/congress/v1/111/bills/hr4635.json",
                "title": "To require lenders of loans with Federal guarantees or Federal insurance to consent to mandatory mediation.",
                "short_title": "Foreclosure Mandatory Mediation Act of 2010",
                "sponsor_title": "Rep.",
                "sponsor_id": "F000455",
                "sponsor_name": "Marcia L. Fudge",
                "sponsor_state": "OH",
                "sponsor_party": "D",
                "sponsor_uri": "https://api.propublica.org/congress/v1/members/F000455.json",
                "gpo_pdf_uri": null,
                "congressdotgov_url": "https://www.congress.gov/bill/111th-congress/house-bill/4635",
                "govtrack_url": "https://www.govtrack.us/congress/bills/111/hr4635",
                "introduced_date": "2010-02-22",
                "active": null,
                "last_vote": null,
                "house_passage": null,
                "senate_passage": null,
                "enacted": null,
                "vetoed": null,
                "cosponsors": 10,
                "cosponsors_by_party": {"D":10},
                "committees": "House Financial Services; House Veterans&#39; Affairs",
                "primary_subject": "Housing and community development",
                "summary": "Foreclosure Mandatory Mediation Act of 2010 - Amends the Helping Families Save Their Homes Act of 2009 to require the mortgagee of certain one- to four-family residences, as a prerequisite to a foreclosure proceeding or a sheriff sale, and at the mortgagee's expense, to conduct a one-time mediation with the affected mortgagor and a housing counseling agency.",
                "summary_short": "Foreclosure Mandatory Mediation Act of 2010 - Amends the Helping Families Save Their Homes Act of 2009 to require the mortgagee of certain one- to four-family residences, as a prerequisite to a foreclosure proceeding or a sheriff sale, and at the mortgagee&#39;s expense, to conduct a one-time mediation with the affected mortgagor and a housing counseling agency.",
                "latest_major_action_date": "2010-06-10",
                "latest_major_action": "Committee Hearings Held."
              },
                           {
                "congress": "111",
                "bill_id": "hr1706-111",
                "bill_type": "hr",
                "number": "H.R.1706",
                "bill_uri": "https://api.propublica.org/congress/v1/111/bills/hr1706.json",
                "title": "To prohibit brand name drug companies from compensating generic drug companies to delay the entry of a generic drug into the market, and for other purposes.",
                "short_title": "Protecting Consumer Access to Generic Drugs Act of 2009",
                "sponsor_title": "Rep.",
                "sponsor_id": "R000515",
                "sponsor_name": "Bobby L. Rush",
                "sponsor_state": "IL",
                "sponsor_party": "D",
                "sponsor_uri": "https://api.propublica.org/congress/v1/members/R000515.json",
                "gpo_pdf_uri": null,
                "congressdotgov_url": "https://www.congress.gov/bill/111th-congress/house-bill/1706",
                "govtrack_url": "https://www.govtrack.us/congress/bills/111/hr1706",
                "introduced_date": "2009-03-25",
                "active": null,
                "last_vote": null,
                "house_passage": null,
                "senate_passage": null,
                "enacted": null,
                "vetoed": null,
                "cosponsors": 9,
                "cosponsors_by_party": {"D":9},
                "committees": "House Energy and Commerce; House Judiciary",
                "primary_subject": "Commerce",
                "summary": "Protecting Consumer Access to Generic Drugs Act of 2009 - Prohibits, as an unfair and deceptive act or practice and an unfair method of competition in or affecting interstate commerce, any person from being a party to any agreement resolving or settling a patent infringement claim in which: (1) an abbreviated new drug (generic) application filer receives anything of value; and (2) such filer agrees not to research, develop, manufacture, market or sell the generic drug. Excludes a resolution or settlement that includes no more than: (1) the right to market the generic drug before the expiration of the patent or other exclusivity period; or (2) the waiver of a patent infringement claim for damages. Authorizes the Federal Trade Commission (FTC) to exempt agreements in furtherance of market competition and for the benefit of consumers. Amends the Federal Food, Drug, and Cosmetic Act to provide that a generic drug applicant forfeits market exclusivity for failing to market the drug 75 days after: (1) a court dismisses a declaratory judgment action for lack of subject matter jurisdiction; or (2) the applicant files with the Secretary of Health and Human Services a covenant that the patent owner will not sue the applicant for patent infringement. Deems an applicant to have forfeited market exclusivity if the applicant enters into an agreement that violates this Act. Amends the Medicare Prescription Drug, Improvement, and Modernization Act of 2003 to revise reporting requirements related to agreements between a generic drug applicant and a brand name drug company to include: (1) a description of the subject matter of other agreements between the parties; and (2) a certification that the materials filed represent the complete, final, and exclusive agreement between the parties.",
                "summary_short": "Protecting Consumer Access to Generic Drugs Act of 2009 - Prohibits, as an unfair and deceptive act or practice and an unfair method of competition in or affecting interstate commerce, any person from being a party to any agreement resolving or settling a patent infringement claim in which: (1) an abbreviated new drug (generic) application filer receives anything of value; and (2) such filer agrees not to research, develop, manufacture, market or sell the generic drug. Excludes a resolution o...",
                "latest_major_action_date": "2009-06-03",
                "latest_major_action": "Forwarded by Subcommittee to Full Committee (Amended) by the Yeas and Nays: 16 - 10 ."
              },
                           {
                "congress": "111",
                "bill_id": "hr2937-111",
                "bill_type": "hr",
                "number": "H.R.2937",
                "bill_uri": "https://api.propublica.org/congress/v1/111/bills/hr2937.json",
                "title": "To prevent health care facility-acquired infections.",
                "short_title": "MRSA Infection Prevention and Patient Protection Act",
                "sponsor_title": "Rep.",
                "sponsor_id": "S001175",
                "sponsor_name": "Jackie Speier",
                "sponsor_state": "CA",
                "sponsor_party": "D",
                "sponsor_uri": "https://api.propublica.org/congress/v1/members/S001175.json",
                "gpo_pdf_uri": null,
                "congressdotgov_url": "https://www.congress.gov/bill/111th-congress/house-bill/2937",
                "govtrack_url": "https://www.govtrack.us/congress/bills/111/hr2937",
                "introduced_date": "2009-06-18",
                "active": null,
                "last_vote": null,
                "house_passage": null,
                "senate_passage": null,
                "enacted": null,
                "vetoed": null,
                "cosponsors": 10,
                "cosponsors_by_party": {"D":9,"R":1},
                "committees": "House Energy and Commerce; House Ways and Means",
                "primary_subject": "Health",
                "summary": "MRSA Infection Prevention and Patient Protection Act - Directs the Secretary of Health and Human Services (HHS) to promulgate regulations relating to MRSA (methicillin-resistant Staphylococcus aureus), including regulations that provide a list of best practices for preventing MRSA infections and such other antibiotic resistant pathogens as the Secretary determines appropriate. Requires each acute care hospital to screen each patient entering an intensive care unit or other high-risk hospital department. Directs the Secretary to: (1) establish a process and a timetable for extending the screening requirements to patients admitted to all hospitals by January 1, 2014; and (2) report to Congress on whether payment adjustments should be made under Medicare to assist certain hospitals in defraying the cost of screening for, and the subsequent treatment of, MRSA or other infections. Requires all hospitals to: (1) comply with specified MRSA best practices, including contact precautions and patient notification; and (2) report hospital-acquired MRSA and other infections that occur in the facility. Requires the Secretary to: (1) establish systems for identifying infected transferred patients and for promptly informing any facility that has transferred an infected patient; and (2) publish the names of providers who fail to take steps to reduce the incidence of MRSA infections. Permits a hospital to apply to the Secretary for a one-year increase in the amount of the capital-related costs payment made to the hospital under the prospective payment system to provide for the rapid implementation of MRSA screening programs and initiatives. Requires the Director of the Centers for Disease Control and Prevention (CDC) to award a grant for a pilot program to develop a rapid, cost-effective method for testing for MRSA using a molecular testing method. .",
                "summary_short": "MRSA Infection Prevention and Patient Protection Act - Directs the Secretary of Health and Human Services (HHS) to promulgate regulations relating to MRSA (methicillin-resistant Staphylococcus aureus), including regulations that provide a list of best practices for preventing MRSA infections and such other antibiotic resistant pathogens as the Secretary determines appropriate. Requires each acute care hospital to screen each patient entering an intensive care unit or other high-risk hospital ...",
                "latest_major_action_date": "2009-06-19",
                "latest_major_action": "Referred to the Subcommittee on Health."
              },
                           {
                "congress": "111",
                "bill_id": "hres1046-111",
                "bill_type": "hres",
                "number": "H.RES.1046",
                "bill_uri": "https://api.propublica.org/congress/v1/111/bills/hres1046.json",
                "title": "Recognizing the significance of Black History Month.",
                "short_title": null,
                "sponsor_title": "Rep.",
                "sponsor_id": "G000553",
                "sponsor_name": "Al Green",
                "sponsor_state": "TX",
                "sponsor_party": "D",
                "sponsor_uri": "https://api.propublica.org/congress/v1/members/G000553.json",
                "gpo_pdf_uri": null,
                "congressdotgov_url": "https://www.congress.gov/bill/111th-congress/house-resolution/1046",
                "govtrack_url": "https://www.govtrack.us/congress/bills/111/hres1046",
                "introduced_date": "2010-01-27",
                "active": null,
                "last_vote": "2010-02-23",
                "house_passage": null,
                "senate_passage": null,
                "enacted": null,
                "vetoed": null,
                "cosponsors": 61,
                "cosponsors_by_party": {"D":60,"R":1},
                "committees": "House Oversight and Government Reform",
                "primary_subject": "Civil rights and liberties, minority issues",
                "summary": "Recognizes the significance of Black History Month as an important time to recognize the contributions of African-Americans in the nation's history.Encourages the continued celebration of this month to provide an opportunity for all peoples of the United States to learn more about the past and to better understand the experiences that have shaped the nation.Recognizes that the ethnic and racial diversity of the United States enriches and strengthens the nation.",
                "summary_short": "Recognizes the significance of Black History Month as an important time to recognize the contributions of African-Americans in the nation&#39;s history.Encourages the continued celebration of this month to provide an opportunity for all peoples of the United States to learn more about the past and to better understand the experiences that have shaped the nation.Recognizes that the ethnic and racial diversity of the United States enriches and strengthens the nation.",
                "latest_major_action_date": "2010-02-23",
                "latest_major_action": "Motion to reconsider laid on the table Agreed to without objection."
              },
                           {
                "congress": "111",
                "bill_id": "hres1048-111",
                "bill_type": "hres",
                "number": "H.RES.1048",
                "bill_uri": "https://api.propublica.org/congress/v1/111/bills/hres1048.json",
                "title": "Commending the efforts and honoring the work of the men and women of USNS Comfort and the United States Navy in the immediate response to those affected by the earthquake that struck Haiti on January 12, 2010.",
                "short_title": null,
                "sponsor_title": "Rep.",
                "sponsor_id": "M001151",
                "sponsor_name": "Tim Murphy",
                "sponsor_state": "PA",
                "sponsor_party": "R",
                "sponsor_uri": "https://api.propublica.org/congress/v1/members/M001151.json",
                "gpo_pdf_uri": null,
                "congressdotgov_url": "https://www.congress.gov/bill/111th-congress/house-resolution/1048",
                "govtrack_url": "https://www.govtrack.us/congress/bills/111/hres1048",
                "introduced_date": "2010-01-27",
                "active": null,
                "last_vote": null,
                "house_passage": null,
                "senate_passage": null,
                "enacted": null,
                "vetoed": null,
                "cosponsors": 106,
                "cosponsors_by_party": {"R":67,"D":40},
                "committees": "House Foreign Affairs; House Armed Services",
                "primary_subject": "International affairs",
                "summary": "Expresses: (1) condolences and sympathy for the horrific loss of life and the physical and psychological damage caused by the January 2010 earthquake in Haiti; and (2) solidarity with Haitians, Haitian-Americans, and all those who have lost loved ones or have otherwise been affected by the tragedy. Commends the assistance efforts of: (1) the people of the United States, including the Haitian-American community; and (2) the men and women of USNS Comfort and the U.S. Navy.",
                "summary_short": "Expresses: (1) condolences and sympathy for the horrific loss of life and the physical and psychological damage caused by the January 2010 earthquake in Haiti; and (2) solidarity with Haitians, Haitian-Americans, and all those who have lost loved ones or have otherwise been affected by the tragedy. Commends the assistance efforts of: (1) the people of the United States, including the Haitian-American community; and (2) the men and women of USNS Comfort and the U.S. Navy.",
                "latest_major_action_date": "2010-02-23",
                "latest_major_action": "Motion to reconsider laid on the table Agreed to without objection."
              },
                           {
                "congress": "111",
                "bill_id": "hr4573-111",
                "bill_type": "hr",
                "number": "H.R.4573",
                "bill_uri": "https://api.propublica.org/congress/v1/111/bills/hr4573.json",
                "title": "To urge the Secretary of the Treasury to instruct the United States Executive Directors at the International Monetary Fund, the World Bank, the Inter-American Development Bank, and other multilateral development institutions to use the voice, vote, and influence of the United States to cancel immediately and completely Haiti's debts to such institutions, and for other purposes.",
                "short_title": "Haiti Debt Relief and Earthquake Recovery Act of 2010",
                "sponsor_title": "Rep.",
                "sponsor_id": "W000187",
                "sponsor_name": "Maxine Waters",
                "sponsor_state": "CA",
                "sponsor_party": "D",
                "sponsor_uri": "https://api.propublica.org/congress/v1/members/W000187.json",
                "gpo_pdf_uri": null,
                "congressdotgov_url": "https://www.congress.gov/bill/111th-congress/house-bill/4573",
                "govtrack_url": "https://www.govtrack.us/congress/bills/111/hr4573",
                "introduced_date": "2010-02-02",
                "active": null,
                "last_vote": null,
                "house_passage": "2010-03-10",
                "senate_passage": null,
                "enacted": null,
                "vetoed": null,
                "cosponsors": 69,
                "cosponsors_by_party": {"D":67,"R":3},
                "committees": "House Financial Services",
                "primary_subject": "International affairs",
                "summary": "Haiti Debt Relief and Earthquake Recovery Act of 2010 - Amends the the International Financial Institutions Act to urge the Secretary of the Treasury to direct the U.S. Executive Director at the International Monetary Fund (IMF), the International Development Association, the Inter-American Development Bank, the International Fund for Agricultural Development, and other multilateral development institutions to use U.S. influence to seek: (1) cancellation of all remaining debts owed by Haiti to such institutions; (2) suspension of Haiti's debt service payments to such institutions; and (3) before February 1, 2015, provision of emergency, humanitarian and reconstruction assistance from such institutions to Haiti in the form of grants or other non-debt assistance. Urges the Secretary to: (1) instruct the U.S. Executive Director of the IMF to advocate the use of some of the windfall profits from the ongoing sale of certain gold to provide debt stock relief, debt service relief, and, before February 1, 2015, grants for Haiti; (2) support the creation and utilization of a multilateral trust fund for Haiti that would leverage potential U.S. contributions and promote bilateral donations for investments in Haiti's future, including efforts to combat soil degradation and promote reforestation and infrastructure investments; and (3) direct the U.S. Executive Director of the Inter-American Development Bank to seek to increase the transfer of its earnings to the Fund for Special Operations and to a trust fund or grant facility for Haiti. Urges the Secretary and the Secretary of State to use appropriate diplomatic influence to secure cancellation of all remaining bilateral, multilateral, and private creditor debt owed by Haiti.",
                "summary_short": "Haiti Debt Relief and Earthquake Recovery Act of 2010 - Amends the the International Financial Institutions Act to urge the Secretary of the Treasury to direct the U.S. Executive Director at the International Monetary Fund (IMF), the International Development Association, the Inter-American Development Bank, the International Fund for Agricultural Development, and other multilateral development institutions to use U.S. influence to seek: (1) cancellation of all remaining debts owed by Haiti t...",
                "latest_major_action_date": "2010-04-26",
                "latest_major_action": "Became Public Law No: 111-158."
              },
                           {
                "congress": "111",
                "bill_id": "hr417-111",
                "bill_type": "hr",
                "number": "H.R.417",
                "bill_uri": "https://api.propublica.org/congress/v1/111/bills/hr417.json",
                "title": "To provide for professional exchanges with Haiti, and for other purposes.",
                "short_title": "Next Steps for Haiti Act of 2009",
                "sponsor_title": "Rep.",
                "sponsor_id": "L000551",
                "sponsor_name": "Barbara Lee",
                "sponsor_state": "CA",
                "sponsor_party": "D",
                "sponsor_uri": "https://api.propublica.org/congress/v1/members/L000551.json",
                "gpo_pdf_uri": null,
                "congressdotgov_url": "https://www.congress.gov/bill/111th-congress/house-bill/417",
                "govtrack_url": "https://www.govtrack.us/congress/bills/111/hr417",
                "introduced_date": "2009-01-09",
                "active": null,
                "last_vote": null,
                "house_passage": null,
                "senate_passage": null,
                "enacted": null,
                "vetoed": null,
                "cosponsors": 46,
                "cosponsors_by_party": {"D":45,"I":1},
                "committees": "House Foreign Affairs",
                "primary_subject": "International affairs",
                "summary": "Next Steps for Haiti Act of 2009 - Authorizes the Director of Foreign Assistance, in consultation with the government of Haiti and Haitian civil society organizations, to establish the Haiti Professional Exchange Program whose purpose shall be to assign qualified Haitian Americans and others to provide technical assistance to help Haiti improve in areas vital to its growth and development, including education, energy, environment, health care, infrastructure, security, transportation, and disaster preparedness. Requires that the Director establish an outreach program to encourage Exchange Program participation. Sets forth Program provisions. Authorizes appropriations. Directs the Secretary of State to implement a student loan forgiveness program for Program participants.",
                "summary_short": "Next Steps for Haiti Act of 2009 - Authorizes the Director of Foreign Assistance, in consultation with the government of Haiti and Haitian civil society organizations, to establish the Haiti Professional Exchange Program whose purpose shall be to assign qualified Haitian Americans and others to provide technical assistance to help Haiti improve in areas vital to its growth and development, including education, energy, environment, health care, infrastructure, security, transportation, and dis...",
                "latest_major_action_date": "2009-01-09",
                "latest_major_action": "Referred to the House Committee on Foreign Affairs."
              },
                           {
                "congress": "111",
                "bill_id": "hres1059-111",
                "bill_type": "hres",
                "number": "H.RES.1059",
                "bill_uri": "https://api.propublica.org/congress/v1/111/bills/hres1059.json",
                "title": "Honoring the heroism of the seven United States Agency for International Development, Office of U.S. Foreign Disaster Assistance, and Federal Emergency Management Agency supported urban search and rescue teams deployed to Haiti from New York City, New York, Fairfax County, Virginia, Los Angeles County, California, the City of Miami, Florida, Miami-Dade County, Florida, and Virginia Beach, Virginia, and commending their dedication and assistance in the aftermath of the January 12, 2010, Haitian earthquake.",
                "short_title": null,
                "sponsor_title": "Rep.",
                "sponsor_id": "M001174",
                "sponsor_name": "Michael E. McMahon",
                "sponsor_state": "NY",
                "sponsor_party": "D",
                "sponsor_uri": "https://api.propublica.org/congress/v1/members/M001174.json",
                "gpo_pdf_uri": null,
                "congressdotgov_url": "https://www.congress.gov/bill/111th-congress/house-resolution/1059",
                "govtrack_url": "https://www.govtrack.us/congress/bills/111/hres1059",
                "introduced_date": "2010-02-02",
                "active": null,
                "last_vote": "2010-02-23",
                "house_passage": null,
                "senate_passage": null,
                "enacted": null,
                "vetoed": null,
                "cosponsors": 52,
                "cosponsors_by_party": {"D":45,"R":7},
                "committees": "House Foreign Affairs; House Transportation and Infrastructure",
                "primary_subject": "International affairs",
                "summary": "Honors the bravery and dedication of the United States Agency for International Development (USAID), Office of U.S. Foreign Disaster Assistance, and Federal Emergency Management Agency (FEMA) supported urban search and rescue teams. Congratulates U.S. urban search and rescue workers for the lives they helped save in Haiti. Recognizes the contribution of these teams in the lives they directly saved, to the international teams they trained, and to the people of Haiti. Expresses gratitude to the individuals and organizations that comprise the National Urban Search and Rescue System for their work as first responders to victims of disasters.",
                "summary_short": "Honors the bravery and dedication of the United States Agency for International Development (USAID), Office of U.S. Foreign Disaster Assistance, and Federal Emergency Management Agency (FEMA) supported urban search and rescue teams. Congratulates U.S. urban search and rescue workers for the lives they helped save in Haiti. Recognizes the contribution of these teams in the lives they directly saved, to the international teams they trained, and to the people of Haiti. Expresses gratitude to the...",
                "latest_major_action_date": "2010-02-23",
                "latest_major_action": "The title of the measure was amended. Agreed to without objection."
              }
             ]
      }
   ]
}
