{
   "status":"OK",
   "copyright":"Copyright (c) 2020 Pro Publica Inc. All Rights Reserved.",
   "results":[
      {
         "id": "K000372",
         "member_uri": "https://api.propublica.org/congress/v1/members/K000372.json",
         "name": "Mary Jo Kilroy",
         "num_results": 338,
         "offset": 240,
         "bills": [
              {
                "congress": "111",
                "bill_id": "hr517-111",
                "bill_type": "hr",
                "number": "H.R.517",
                "bill_uri": "https://api.propublica.org/congress/v1/111/bills/hr517.json",
                "title": "To amend the Internal Revenue Code of 1986 to modify the dependent care credit to take into account expenses for care of parents and grandparents who do not live with the taxpayer.",
                "short_title": "Elder Care Tax Credit Act of 2009",
                "sponsor_title": "Rep.",
                "sponsor_id": "I000057",
                "sponsor_name": "Steve Israel",
                "sponsor_state": "NY",
                "sponsor_party": "D",
                "sponsor_uri": "https://api.propublica.org/congress/v1/members/I000057.json",
                "gpo_pdf_uri": null,
                "congressdotgov_url": "https://www.congress.gov/bill/111th-congress/house-bill/517",
                "govtrack_url": "https://www.govtrack.us/congress/bills/111/hr517",
                "introduced_date": "2009-01-14",
                "active": null,
                "last_vote": null,
                "house_passage": null,
                "senate_passage": null,
                "enacted": null,
                "vetoed": null,
                "cosponsors": 19,
                "cosponsors_by_party": {"D":18,"R":1},
                "committees": "House Ways and Means",
                "primary_subject": "Taxation",
                "summary": "Elder Care Tax Credit Act of 2009 - Amends the Internal Revenue Code to allow the tax credit for dependent care expenses for parents (or ancestors of such parents) of the taxpayer who are physically or mentally incapable of self-care, regardless of whether such a parent has the same principal place of abode as the taxpayer for more than one-half of the taxable year.",
                "summary_short": "Elder Care Tax Credit Act of 2009 - Amends the Internal Revenue Code to allow the tax credit for dependent care expenses for parents (or ancestors of such parents) of the taxpayer who are physically or mentally incapable of self-care, regardless of whether such a parent has the same principal place of abode as the taxpayer for more than one-half of the taxable year.",
                "latest_major_action_date": "2009-01-14",
                "latest_major_action": "Referred to the House Committee on Ways and Means."
              },
                           {
                "congress": "111",
                "bill_id": "hr1210-111",
                "bill_type": "hr",
                "number": "H.R.1210",
                "bill_uri": "https://api.propublica.org/congress/v1/111/bills/hr1210.json",
                "title": "To amend the Public Health Service Act to provide for arthritis research and public health, and for other purposes.",
                "short_title": "Arthritis Prevention, Control, and Cure Act of 2010",
                "sponsor_title": "Rep.",
                "sponsor_id": "E000215",
                "sponsor_name": "Anna G. Eshoo",
                "sponsor_state": "CA",
                "sponsor_party": "D",
                "sponsor_uri": "https://api.propublica.org/congress/v1/members/E000215.json",
                "gpo_pdf_uri": null,
                "congressdotgov_url": "https://www.congress.gov/bill/111th-congress/house-bill/1210",
                "govtrack_url": "https://www.govtrack.us/congress/bills/111/hr1210",
                "introduced_date": "2009-02-26",
                "active": null,
                "last_vote": null,
                "house_passage": "2010-09-30",
                "senate_passage": null,
                "enacted": null,
                "vetoed": null,
                "cosponsors": 179,
                "cosponsors_by_party": {"R":49,"D":131},
                "committees": "House Energy and Commerce; Senate Health, Education, Labor, and Pensions",
                "primary_subject": "Health",
                "summary": "Arthritis Prevention, Control, and Cure Act of 2010 - (Sec. 2) Amends the Public Health Service Act to authorize the Secretary of Health and Human Services to develop and implement a National Arthritis Action Plan. Authorizes the Secretary, directly or through competitive grants, to conduct, support, and promote the coordination of research, investigations, demonstrations, training, and studies relating to the control, prevention, and surveillance of arthritis and other rheumatic diseases. Permits the Secretary, upon request of a grantee, to provide training, technical assistance, supplies, equipment, or services or detail any officer or employee of the Department of Health and Human Services (HHS) to aid the grantee in carrying out grant activities. Requires the Secretary to reduce the amount of payments under the grant by an amount equal to the costs of detailing personnel and the fair market value of any supplies, equipment, or services provided by the Secretary. Authorizes the Secretary to provide additional grant support to encourage the expansion of research related to the prevention and management of arthritis at the Centers for Disease Control and Prevention (CDC). Authorizes the Secretary to coordinate and carry out national education and outreach activities for arthritis and other rheumatic diseases, which may include public awareness campaigns, public service announcements, and community partnership workshops. Authorizes the Secretary to: (1) emphasize prevention, early diagnosis, and appropriate management of arthritis and opportunities for effective patient self-management; and (2) give priority to reaching high-risk or underserved populations. Authorizes the Secretary to award grants to a state or Indian tribe to provide support for comprehensive arthritis control and prevention programs and to enable such state or Indian tribe to provide public health surveillance, prevention, and control activities related to arthritis and other rheumatic diseases. Authorizes appropriations for FY2012-FY2016. (Sec. 3) Authorizes the Secretary to expand and intensify programs of the National Institutes of Health (NIH) with respect to research and related activities designed to improve the outcomes and quality of life for children with arthritis and other rheumatic diseases. (Sec. 4) Authorizes the Secretary to award institutional training grants to institutions to support pediatric rheumatology training to ensure an adequate future supply of pediatric rheumatologists.",
                "summary_short": "Arthritis Prevention, Control, and Cure Act of 2010 - (Sec. 2) Amends the Public Health Service Act to authorize the Secretary of Health and Human Services to develop and implement a National Arthritis Action Plan. Authorizes the Secretary, directly or through competitive grants, to conduct, support, and promote the coordination of research, investigations, demonstrations, training, and studies relating to the control, prevention, and surveillance of arthritis and other rheumatic diseases. Pe...",
                "latest_major_action_date": "2010-11-15",
                "latest_major_action": "Received in the Senate and Read twice and referred to the Committee on Health, Education, Labor, and Pensions."
              },
                           {
                "congress": "111",
                "bill_id": "hr2097-111",
                "bill_type": "hr",
                "number": "H.R.2097",
                "bill_uri": "https://api.propublica.org/congress/v1/111/bills/hr2097.json",
                "title": "To require the Secretary of the Treasury to mint coins in commemoration of the bicentennial of the writing of the Star-Spangled Banner, and for other purposes.",
                "short_title": "Star-Spangled Banner Commemorative Coin Act",
                "sponsor_title": "Rep.",
                "sponsor_id": "R000576",
                "sponsor_name": "C.A. Dutch Ruppersberger",
                "sponsor_state": "MD",
                "sponsor_party": "D",
                "sponsor_uri": "https://api.propublica.org/congress/v1/members/R000576.json",
                "gpo_pdf_uri": null,
                "congressdotgov_url": "https://www.congress.gov/bill/111th-congress/house-bill/2097",
                "govtrack_url": "https://www.govtrack.us/congress/bills/111/hr2097",
                "introduced_date": "2009-04-23",
                "active": null,
                "last_vote": "2009-09-09",
                "house_passage": "2009-09-09",
                "senate_passage": null,
                "enacted": null,
                "vetoed": null,
                "cosponsors": 296,
                "cosponsors_by_party": {"D":204,"R":92},
                "committees": "House Financial Services; Senate Banking, Housing, and Urban Affairs",
                "primary_subject": "Arts, culture, religion",
                "summary": "Star-Spangled Banner Commemorative Coin Act - (Sec. 3) Directs the Secretary of the Treasury to mint and issue $5 gold coins and $1 silver coins in commemoration of the bicentennial of the writing of the Star-Spangled Banner. (Sec. 4) Requires a coin design emblematic of the War of 1812, and in particular of, the Battle for Baltimore that formed the basis for the Star-Spangled Banner. (Sec. 5) Limits the period for coin issuance to calendar year 2012. (Sec. 7) Imposes a surcharge of $35 per coin for the $5 coins and $10 per coin for the $1 coins, which shall be distributed to the Maryland War of 1812 Bicentennial Commission for the purpose of supporting bicentennial activities, educational outreach activities, and preservation and improvement activities pertaining to the sites and structures relating to the War of 1812.",
                "summary_short": "Star-Spangled Banner Commemorative Coin Act - (Sec. 3) Directs the Secretary of the Treasury to mint and issue $5 gold coins and $1 silver coins in commemoration of the bicentennial of the writing of the Star-Spangled Banner. (Sec. 4) Requires a coin design emblematic of the War of 1812, and in particular of, the Battle for Baltimore that formed the basis for the Star-Spangled Banner. (Sec. 5) Limits the period for coin issuance to calendar year 2012. (Sec. 7) Imposes a surcharge of $35 per c...",
                "latest_major_action_date": "2010-08-16",
                "latest_major_action": "Became Public Law No: 111-232."
              },
                           {
                "congress": "111",
                "bill_id": "hr836-111",
                "bill_type": "hr",
                "number": "H.R.836",
                "bill_uri": "https://api.propublica.org/congress/v1/111/bills/hr836.json",
                "title": "To amend the Internal Revenue Code of 1986 to reduce the tax on beer to its pre-1991 level, and for other purposes.",
                "short_title": "Brewers Excise and Economic Relief Act of 2009",
                "sponsor_title": "Rep.",
                "sponsor_id": "P000422",
                "sponsor_name": "Earl Pomeroy",
                "sponsor_state": "ND",
                "sponsor_party": "D",
                "sponsor_uri": "https://api.propublica.org/congress/v1/members/P000422.json",
                "gpo_pdf_uri": null,
                "congressdotgov_url": "https://www.congress.gov/bill/111th-congress/house-bill/836",
                "govtrack_url": "https://www.govtrack.us/congress/bills/111/hr836",
                "introduced_date": "2009-02-03",
                "active": null,
                "last_vote": null,
                "house_passage": null,
                "senate_passage": null,
                "enacted": null,
                "vetoed": null,
                "cosponsors": 245,
                "cosponsors_by_party": {"R":134,"D":111},
                "committees": "House Ways and Means",
                "primary_subject": "Taxation",
                "summary": "Brewers Excise and Economic Relief Act of 2009 - Amends the Internal Revenue Code to: (1) reduce from $18 to $9 ( the pre-1991 level) the per-barrel tax on beer; and (2) allow a further reduction in such tax for brewers who produce not more than 2 million barrels annually.",
                "summary_short": "Brewers Excise and Economic Relief Act of 2009 - Amends the Internal Revenue Code to: (1) reduce from $18 to $9 ( the pre-1991 level) the per-barrel tax on beer; and (2) allow a further reduction in such tax for brewers who produce not more than 2 million barrels annually.",
                "latest_major_action_date": "2009-02-03",
                "latest_major_action": "Referred to the House Committee on Ways and Means."
              },
                           {
                "congress": "111",
                "bill_id": "hr2245-111",
                "bill_type": "hr",
                "number": "H.R.2245",
                "bill_uri": "https://api.propublica.org/congress/v1/111/bills/hr2245.json",
                "title": "To authorize the President, in conjunction with the 40th anniversary of the historic and first lunar landing by humans in 1969, to award gold medals on behalf of the United States Congress to Neil A. Armstrong, the first human to walk on the moon; Edwin E. 'Buzz' Aldrin, Jr., the pilot of the lunar module and second person to walk on the moon; Michael Collins, the pilot of their Apollo 11 mission's command module; and, the first American to orbit the Earth, John Herschel Glenn, Jr.",
                "short_title": "New Frontier Congressional Gold Medal Act",
                "sponsor_title": "Rep.",
                "sponsor_id": "G000556",
                "sponsor_name": "Alan Grayson",
                "sponsor_state": "FL",
                "sponsor_party": "D",
                "sponsor_uri": "https://api.propublica.org/congress/v1/members/G000556.json",
                "gpo_pdf_uri": null,
                "congressdotgov_url": "https://www.congress.gov/bill/111th-congress/house-bill/2245",
                "govtrack_url": "https://www.govtrack.us/congress/bills/111/hr2245",
                "introduced_date": "2009-05-05",
                "active": null,
                "last_vote": "2009-07-20",
                "house_passage": "2009-07-20",
                "senate_passage": null,
                "enacted": null,
                "vetoed": null,
                "cosponsors": 298,
                "cosponsors_by_party": {"D":235,"R":64},
                "committees": "House Financial Services",
                "primary_subject": "Science, technology, communications",
                "summary": "New Frontier Congressional Gold Medal Act - Authorizes the President to present gold medals, on behalf of Congress, to: (1) the astronauts of the Apollo 11 mission to the surface of the moon, Neil A. Armstrong (the first human to walk on the moon), Edwin E. \"Buzz\" Aldrin Jr. (pilot of the lunar module Eagle and second person to walk on the moon), and Michael Collins (pilot of their command module Columbia) in recognition of the first lunar landing, on July 20, 1969; and (2) John Herschel Glenn, the first American to orbit the Earth, on February 20, 1962.",
                "summary_short": "New Frontier Congressional Gold Medal Act - Authorizes the President to present gold medals, on behalf of Congress, to: (1) the astronauts of the Apollo 11 mission to the surface of the moon, Neil A. Armstrong (the first human to walk on the moon), Edwin E. &quot;Buzz&quot; Aldrin Jr. (pilot of the lunar module Eagle and second person to walk on the moon), and Michael Collins (pilot of their command module Columbia) in recognition of the first lunar landing, on July 20, 1969; and (2) John Herschel Glen...",
                "latest_major_action_date": "2009-08-07",
                "latest_major_action": "Became Public Law No: 111-44."
              },
                           {
                "congress": "111",
                "bill_id": "hres592-111",
                "bill_type": "hres",
                "number": "H.RES.592",
                "bill_uri": "https://api.propublica.org/congress/v1/111/bills/hres592.json",
                "title": "Supporting the goals and ideals of National Clinicians HIV/AIDS Testing and Awareness Day, and for other purposes.",
                "short_title": null,
                "sponsor_title": "Rep.",
                "sponsor_id": "W000187",
                "sponsor_name": "Maxine Waters",
                "sponsor_state": "CA",
                "sponsor_party": "D",
                "sponsor_uri": "https://api.propublica.org/congress/v1/members/W000187.json",
                "gpo_pdf_uri": null,
                "congressdotgov_url": "https://www.congress.gov/bill/111th-congress/house-resolution/592",
                "govtrack_url": "https://www.govtrack.us/congress/bills/111/hres592",
                "introduced_date": "2009-06-26",
                "active": null,
                "last_vote": null,
                "house_passage": null,
                "senate_passage": null,
                "enacted": null,
                "vetoed": null,
                "cosponsors": 22,
                "cosponsors_by_party": {"D":21,"R":1},
                "committees": "House Energy and Commerce",
                "primary_subject": "Health",
                "summary": "Expresses support for the goals and ideals of the second annual National Clinicians HIV/AIDS Testing and Awareness Day. Encourages: (1) primary care physicians and other clinicians nationwide to become actively involved in HIV/AIDS awareness, testing, treatment, and referral services; and (2) individuals to get tested for HIV and educate themselves about the prevention and treatment of HIV/AIDS.",
                "summary_short": "Expresses support for the goals and ideals of the second annual National Clinicians HIV/AIDS Testing and Awareness Day. Encourages: (1) primary care physicians and other clinicians nationwide to become actively involved in HIV/AIDS awareness, testing, treatment, and referral services; and (2) individuals to get tested for HIV and educate themselves about the prevention and treatment of HIV/AIDS.",
                "latest_major_action_date": "2009-07-07",
                "latest_major_action": "Referred to the Subcommittee on Health."
              },
                           {
                "congress": "111",
                "bill_id": "hres606-111",
                "bill_type": "hres",
                "number": "H.RES.606",
                "bill_uri": "https://api.propublica.org/congress/v1/111/bills/hres606.json",
                "title": "Congratulating the United States Men's National Soccer Team for its epic victory over Spain, for achieving one of the biggest upsets in the history of International Soccer, and for earning the first advancement to a FIFA tournament final in the history of United States Soccer.",
                "short_title": null,
                "sponsor_title": "Rep.",
                "sponsor_id": "R000462",
                "sponsor_name": "Steven R. Rothman",
                "sponsor_state": "NJ",
                "sponsor_party": "D",
                "sponsor_uri": "https://api.propublica.org/congress/v1/members/R000462.json",
                "gpo_pdf_uri": null,
                "congressdotgov_url": "https://www.congress.gov/bill/111th-congress/house-resolution/606",
                "govtrack_url": "https://www.govtrack.us/congress/bills/111/hres606",
                "introduced_date": "2009-06-26",
                "active": null,
                "last_vote": null,
                "house_passage": null,
                "senate_passage": null,
                "enacted": null,
                "vetoed": null,
                "cosponsors": 17,
                "cosponsors_by_party": {"D":15,"R":2},
                "committees": "House Oversight and Government Reform",
                "primary_subject": "Sports and recreation",
                "summary": "Congratulates the United States Men's National Soccer Team for its victory over Spain in the 2009 FIFA Confederations Cup Semi-final and for earning the first advancement to a FIFA tournament final in the history of U.S. soccer. .",
                "summary_short": "Congratulates the United States Men&#39;s National Soccer Team for its victory over Spain in the 2009 FIFA Confederations Cup Semi-final and for earning the first advancement to a FIFA tournament final in the history of U.S. soccer. .",
                "latest_major_action_date": "2009-06-26",
                "latest_major_action": "Referred to the House Committee on Oversight and Government Reform."
              },
                           {
                "congress": "111",
                "bill_id": "hr3083-111",
                "bill_type": "hr",
                "number": "H.R.3083",
                "bill_uri": "https://api.propublica.org/congress/v1/111/bills/hr3083.json",
                "title": "To require the Secretary of Commerce to establish a program for the award of grants to States to establish revolving loan funds for small and medium-sized manufacturers to improve energy efficiency and produce clean energy technology, and for other purposes.",
                "short_title": "IMPACT Act of 2009",
                "sponsor_title": "Rep.",
                "sponsor_id": "B001263",
                "sponsor_name": "John Boccieri",
                "sponsor_state": "OH",
                "sponsor_party": "D",
                "sponsor_uri": "https://api.propublica.org/congress/v1/members/B001263.json",
                "gpo_pdf_uri": null,
                "congressdotgov_url": "https://www.congress.gov/bill/111th-congress/house-bill/3083",
                "govtrack_url": "https://www.govtrack.us/congress/bills/111/hr3083",
                "introduced_date": "2009-06-26",
                "active": null,
                "last_vote": null,
                "house_passage": null,
                "senate_passage": null,
                "enacted": null,
                "vetoed": null,
                "cosponsors": 11,
                "cosponsors_by_party": {"D":11},
                "committees": "House Science and Technology",
                "primary_subject": "Science, technology, communications",
                "summary": "Investments for Manufacturing Progress and Clean Technology Act of 2009 or the IMPACT Act of 2009 - Amends the National Institute of Standards and Technology Act to: (1) direct the Secretary of Commerce to award grants to states to establish revolving loan funds to provide loans to small and medium-sized manufacturers for producing clean energy technology and energy efficient products and for reducing greenhouse gas emissions from manufacturing facilities; and (2) include within the activities of Regional Centers for the Transfer of Manufacturing Technology the establishment of a clean energy manufacturing supply chain initiative.",
                "summary_short": "Investments for Manufacturing Progress and Clean Technology Act of 2009 or the IMPACT Act of 2009 - Amends the National Institute of Standards and Technology Act to: (1) direct the Secretary of Commerce to award grants to states to establish revolving loan funds to provide loans to small and medium-sized manufacturers for producing clean energy technology and energy efficient products and for reducing greenhouse gas emissions from manufacturing facilities; and (2) include within the activitie...",
                "latest_major_action_date": "2009-07-07",
                "latest_major_action": "Referred to the Subcommittee on Technology and Innovation."
              },
                           {
                "congress": "111",
                "bill_id": "hr1884-111",
                "bill_type": "hr",
                "number": "H.R.1884",
                "bill_uri": "https://api.propublica.org/congress/v1/111/bills/hr1884.json",
                "title": "To amend the Public Health Service Act to provide for the participation of optometrists in the National Health Service Corps scholarship and loan repayment programs, and for other purposes.",
                "short_title": "National Health Service Corps Improvement Act of 2009",
                "sponsor_title": "Rep.",
                "sponsor_id": "G000309",
                "sponsor_name": "Bart Gordon",
                "sponsor_state": "TN",
                "sponsor_party": "D",
                "sponsor_uri": "https://api.propublica.org/congress/v1/members/G000309.json",
                "gpo_pdf_uri": null,
                "congressdotgov_url": "https://www.congress.gov/bill/111th-congress/house-bill/1884",
                "govtrack_url": "https://www.govtrack.us/congress/bills/111/hr1884",
                "introduced_date": "2009-04-02",
                "active": null,
                "last_vote": null,
                "house_passage": null,
                "senate_passage": null,
                "enacted": null,
                "vetoed": null,
                "cosponsors": 137,
                "cosponsors_by_party": {"R":43,"D":94},
                "committees": "House Energy and Commerce",
                "primary_subject": "Health",
                "summary": "National Health Service Corps Improvement Act of 2009 - Amends the Public Health Service Act to revise the definition of \"primary health services\" for purposes of the National Health Service Corps to include optometry health services. Includes optometrists within: (1) the fellowship program for the delivery of primary health services in health professional shortage areas; (2) the National Health Service Corps Scholarship Program; and (3) the National Health Service Corps Loan Repayment Program.",
                "summary_short": "National Health Service Corps Improvement Act of 2009 - Amends the Public Health Service Act to revise the definition of &quot;primary health services&quot; for purposes of the National Health Service Corps to include optometry health services. Includes optometrists within: (1) the fellowship program for the delivery of primary health services in health professional shortage areas; (2) the National Health Service Corps Scholarship Program; and (3) the National Health Service Corps Loan Repayment Program.",
                "latest_major_action_date": "2009-04-21",
                "latest_major_action": "Referred to the Subcommittee on Health."
              },
                           {
                "congress": "111",
                "bill_id": "hr3012-111",
                "bill_type": "hr",
                "number": "H.R.3012",
                "bill_uri": "https://api.propublica.org/congress/v1/111/bills/hr3012.json",
                "title": "To require a review of existing trade agreements and renegotiation of existing trade agreements based on the review, to set terms for future trade agreements, to express the sense of the Congress that the role of Congress in trade policymaking should be strengthened, and for other purposes.",
                "short_title": "TRADE Act of 2009",
                "sponsor_title": "Rep.",
                "sponsor_id": "M001149",
                "sponsor_name": "Michael H. Michaud",
                "sponsor_state": "ME",
                "sponsor_party": "D",
                "sponsor_uri": "https://api.propublica.org/congress/v1/members/M001149.json",
                "gpo_pdf_uri": null,
                "congressdotgov_url": "https://www.congress.gov/bill/111th-congress/house-bill/3012",
                "govtrack_url": "https://www.govtrack.us/congress/bills/111/hr3012",
                "introduced_date": "2009-06-24",
                "active": null,
                "last_vote": null,
                "house_passage": null,
                "senate_passage": null,
                "enacted": null,
                "vetoed": null,
                "cosponsors": 149,
                "cosponsors_by_party": {"D":147,"R":2},
                "committees": "House Ways and Means; House Rules",
                "primary_subject": "Foreign trade and international finance",
                "summary": "Trade Reform, Accountability, Development, and Employment Act of 2009 or the TRADE Act of 2009 - Directs the Comptroller General to: (1) review biennially certain free trade agreements (including Uruguay Round Agreements) between the United States and foreign countries to evaluate their economic, environmental, national security, health, safety, and other effects; and (2) report on them to the Congressional Trade Agreement Review Committee (established by this Act), including analyses of specified aspects of each agreement and certain information about agreement parties, such as whether the country has a democratic form of government, respects certain core labor rights and fundamental human rights, protects intellectual property rights, and enforces environmental laws. Declares that implementing bills of new trade agreements shall not be subject to expedited consideration or special procedures limiting amendment, unless such agreements include certain standards with respect to: (1) labor; (2) human rights; (3) environment and public safety; (4) food and product health and safety; (5) provision of services; (6) investment; (7) procurement; (8) intellectual property; (9) agriculture; (10) trade remedies and safeguards; (11) dispute resolution and enforcement; (12) technical assistance; (13) national security; and (14) taxation. Requires the President to submit to Congress a plan for the renegotiation of existing trade agreements to bring them into compliance with such standards. Establishes a Congressional Trade Agreement Review Committee. Expresses the sense of Congress that certain processes for U.S. trade negotiations should be followed when Congress considers legislation providing special procedures for implementing bills of trade agreements.",
                "summary_short": "Trade Reform, Accountability, Development, and Employment Act of 2009 or the TRADE Act of 2009 - Directs the Comptroller General to: (1) review biennially certain free trade agreements (including Uruguay Round Agreements) between the United States and foreign countries to evaluate their economic, environmental, national security, health, safety, and other effects; and (2) report on them to the Congressional Trade Agreement Review Committee (established by this Act), including analyses of spec...",
                "latest_major_action_date": "2009-06-24",
                "latest_major_action": "Referred to House Rules"
              },
                           {
                "congress": "111",
                "bill_id": "hr3017-111",
                "bill_type": "hr",
                "number": "H.R.3017",
                "bill_uri": "https://api.propublica.org/congress/v1/111/bills/hr3017.json",
                "title": "To prohibit employment discrimination on the basis of sexual orientation or gender identity.",
                "short_title": "Employment Non-Discrimination Act of 2009",
                "sponsor_title": "Rep.",
                "sponsor_id": "F000339",
                "sponsor_name": "Barney Frank",
                "sponsor_state": "MA",
                "sponsor_party": "D",
                "sponsor_uri": "https://api.propublica.org/congress/v1/members/F000339.json",
                "gpo_pdf_uri": null,
                "congressdotgov_url": "https://www.congress.gov/bill/111th-congress/house-bill/3017",
                "govtrack_url": "https://www.govtrack.us/congress/bills/111/hr3017",
                "introduced_date": "2009-06-24",
                "active": null,
                "last_vote": null,
                "house_passage": null,
                "senate_passage": null,
                "enacted": null,
                "vetoed": null,
                "cosponsors": 203,
                "cosponsors_by_party": {"D":196,"R":6,"I":1},
                "committees": "House Education and Labor; House Administration; House Oversight and Government Reform; House Judiciary",
                "primary_subject": "Labor and employment",
                "summary": "Employment Non-Discrimination Act of 2009 - Prohibits employment discrimination on the basis of actual or perceived sexual orientation or gender identity by covered entities (employers, employment agencies, labor organizations, or joint labor-management committees). Prohibits preferential treatment or quotas. Allows only disparate treatment claims. Prohibits related retaliation. Makes this Act inapplicable to: (1) religious organizations; and (2) the relationship between the United States and members of the Armed Forces. Declares that this Act does not repeal or modify any federal, state, territorial, or local law creating a special right or preference concerning employment for a veteran. Provides for the construction of this Act regarding: (1) enforcement by employers of rules and policies; (2) sexual harassment; (3) certain shared facilities such as showers or dressing facilities; (4) construction of new or additional facilities; (5) dress and grooming standards; and (6) provision of employee benefits to married vs. unmarried couples. Declares that, in this Act, \"married\" refers to a legal union between one man and one woman. Prohibits the Equal Employment Opportunity Commission (EEOC) from collecting statistics from covered entities on actual or perceived sexual orientation or gender identity or compelling the collection by covered entities of such statistics. Provides for enforcement, including giving the EEOC, the Librarian of Congress, the Attorney General, and U.S. courts the same enforcement powers as they have under specified provisions of the Civil Rights Act of 1964, the Government Employee Rights Act of 1991, and other specified laws. Allows actions and proceedings, subject to exception, against the United States and the states.",
                "summary_short": "Employment Non-Discrimination Act of 2009 - Prohibits employment discrimination on the basis of actual or perceived sexual orientation or gender identity by covered entities (employers, employment agencies, labor organizations, or joint labor-management committees). Prohibits preferential treatment or quotas. Allows only disparate treatment claims. Prohibits related retaliation. Makes this Act inapplicable to: (1) religious organizations; and (2) the relationship between the United States and...",
                "latest_major_action_date": "2009-09-23",
                "latest_major_action": "Committee Hearings Held."
              },
                           {
                "congress": "111",
                "bill_id": "hr1310-111",
                "bill_type": "hr",
                "number": "H.R.1310",
                "bill_uri": "https://api.propublica.org/congress/v1/111/bills/hr1310.json",
                "title": "To amend the Federal Water Pollution Control Act to clarify that fill material cannot be comprised of waste.",
                "short_title": "Clean Water Protection Act",
                "sponsor_title": "Rep.",
                "sponsor_id": "P000034",
                "sponsor_name": "Frank Pallone",
                "sponsor_state": "NJ",
                "sponsor_party": "D",
                "sponsor_uri": "https://api.propublica.org/congress/v1/members/P000034.json",
                "gpo_pdf_uri": null,
                "congressdotgov_url": "https://www.congress.gov/bill/111th-congress/house-bill/1310",
                "govtrack_url": "https://www.govtrack.us/congress/bills/111/hr1310",
                "introduced_date": "2009-03-04",
                "active": null,
                "last_vote": null,
                "house_passage": null,
                "senate_passage": null,
                "enacted": null,
                "vetoed": null,
                "cosponsors": 172,
                "cosponsors_by_party": {"R":9,"D":163},
                "committees": "House Transportation and Infrastructure",
                "primary_subject": "Environmental protection",
                "summary": "Clean Water Protection Act - Amends the Federal Water Pollution Control Act (commonly known as the Clean Water Act) to define \"fill material\" to mean any pollutant that replaces portions of waters of the United States with dry land or that changes the bottom elevation of a water body for any purpose and to exclude any pollutant discharged into the water primarily to dispose of waste.",
                "summary_short": "Clean Water Protection Act - Amends the Federal Water Pollution Control Act (commonly known as the Clean Water Act) to define &quot;fill material&quot; to mean any pollutant that replaces portions of waters of the United States with dry land or that changes the bottom elevation of a water body for any purpose and to exclude any pollutant discharged into the water primarily to dispose of waste.",
                "latest_major_action_date": "2009-03-06",
                "latest_major_action": "Referred to the Subcommittee on Water Resources and Environment."
              },
                           {
                "congress": "111",
                "bill_id": "hr1616-111",
                "bill_type": "hr",
                "number": "H.R.1616",
                "bill_uri": "https://api.propublica.org/congress/v1/111/bills/hr1616.json",
                "title": "To amend title XIX of the Social Security Act to permit States the option to provide Medicaid coverage for low-income individuals infected with HIV.",
                "short_title": "Early Treatment for HIV Act of 2009",
                "sponsor_title": "Rep.",
                "sponsor_id": "E000179",
                "sponsor_name": "Eliot L. Engel",
                "sponsor_state": "NY",
                "sponsor_party": "D",
                "sponsor_uri": "https://api.propublica.org/congress/v1/members/E000179.json",
                "gpo_pdf_uri": null,
                "congressdotgov_url": "https://www.congress.gov/bill/111th-congress/house-bill/1616",
                "govtrack_url": "https://www.govtrack.us/congress/bills/111/hr1616",
                "introduced_date": "2009-03-19",
                "active": null,
                "last_vote": null,
                "house_passage": null,
                "senate_passage": null,
                "enacted": null,
                "vetoed": null,
                "cosponsors": 187,
                "cosponsors_by_party": {"D":163,"R":24},
                "committees": "House Energy and Commerce",
                "primary_subject": "Health",
                "summary": "Early Treatment for HIV Act of 2009 - Amends title XIX (Medicaid) of the Social Security Act to give states the option of providing Medicaid coverage for certain low-income HIV-infected individuals. Provides states taking advantage of this option with an enhanced federal Medicaid match.",
                "summary_short": "Early Treatment for HIV Act of 2009 - Amends title XIX (Medicaid) of the Social Security Act to give states the option of providing Medicaid coverage for certain low-income HIV-infected individuals. Provides states taking advantage of this option with an enhanced federal Medicaid match.",
                "latest_major_action_date": "2009-03-23",
                "latest_major_action": "Referred to the Subcommittee on Health."
              },
                           {
                "congress": "111",
                "bill_id": "hr684-111",
                "bill_type": "hr",
                "number": "H.R.684",
                "bill_uri": "https://api.propublica.org/congress/v1/111/bills/hr684.json",
                "title": "To amend title XVIII of the Social Security Act to deliver a meaningful benefit and lower prescription drug prices under the Medicare Program.",
                "short_title": "Medicare Prescription Drug Savings and Choice Act of 2009",
                "sponsor_title": "Rep.",
                "sponsor_id": "B000420",
                "sponsor_name": "Marion Berry",
                "sponsor_state": "AR",
                "sponsor_party": "D",
                "sponsor_uri": "https://api.propublica.org/congress/v1/members/B000420.json",
                "gpo_pdf_uri": null,
                "congressdotgov_url": "https://www.congress.gov/bill/111th-congress/house-bill/684",
                "govtrack_url": "https://www.govtrack.us/congress/bills/111/hr684",
                "introduced_date": "2009-01-26",
                "active": null,
                "last_vote": null,
                "house_passage": null,
                "senate_passage": null,
                "enacted": null,
                "vetoed": null,
                "cosponsors": 28,
                "cosponsors_by_party": {"D":28},
                "committees": "House Energy and Commerce; House Ways and Means",
                "primary_subject": "Health",
                "summary": "Medicare Prescription Drug Savings and Choice Act of 2009 - Amends part D (Voluntary Prescription Drug Benefit Program) of title XVIII (Medicare) of the Social Security Act to provide for: (1) establishment of one or more Medicare operated prescription drug plan options; and (2) an appeals process for denials of benefits under a Medicare operated prescription drug plan.",
                "summary_short": "Medicare Prescription Drug Savings and Choice Act of 2009 - Amends part D (Voluntary Prescription Drug Benefit Program) of title XVIII (Medicare) of the Social Security Act to provide for: (1) establishment of one or more Medicare operated prescription drug plan options; and (2) an appeals process for denials of benefits under a Medicare operated prescription drug plan.",
                "latest_major_action_date": "2009-01-27",
                "latest_major_action": "Referred to the Subcommittee on Health."
              },
                           {
                "congress": "111",
                "bill_id": "hr1084-111",
                "bill_type": "hr",
                "number": "H.R.1084",
                "bill_uri": "https://api.propublica.org/congress/v1/111/bills/hr1084.json",
                "title": "To require the Federal Communications Commission to prescribe a standard to preclude commercials from being broadcast at louder volumes than the program material they accompany.",
                "short_title": "CALM Act",
                "sponsor_title": "Rep.",
                "sponsor_id": "E000215",
                "sponsor_name": "Anna G. Eshoo",
                "sponsor_state": "CA",
                "sponsor_party": "D",
                "sponsor_uri": "https://api.propublica.org/congress/v1/members/E000215.json",
                "gpo_pdf_uri": null,
                "congressdotgov_url": "https://www.congress.gov/bill/111th-congress/house-bill/1084",
                "govtrack_url": "https://www.govtrack.us/congress/bills/111/hr1084",
                "introduced_date": "2009-02-13",
                "active": null,
                "last_vote": null,
                "house_passage": "2009-12-15",
                "senate_passage": null,
                "enacted": null,
                "vetoed": null,
                "cosponsors": 90,
                "cosponsors_by_party": {"D":89,"R":1},
                "committees": "House Energy and Commerce; Senate Commerce, Science, and Transportation",
                "primary_subject": "Science, technology, communications",
                "summary": "Commercial Advertisement Loudness Mitigation Act or the CALM Act - Directs the Federal Communications Commission (FCC) to prescribe a regulation that is limited to incorporating by reference, and making mandatory, the Recommended Practice: Techniques for Establishing and Maintaining Audio Loudness for Digital Television approved by the Advanced Television Systems Committee, so far as the recommended practice concerns the transmission of commercial advertisements by a television broadcast station, cable operator, or other multichannel video programming distributor. Allows the FCC to waive the regulation if obtaining the equipment to comply would result in financial hardship.",
                "summary_short": "Commercial Advertisement Loudness Mitigation Act or the CALM Act - Directs the Federal Communications Commission (FCC) to prescribe a regulation that is limited to incorporating by reference, and making mandatory, the Recommended Practice: Techniques for Establishing and Maintaining Audio Loudness for Digital Television approved by the Advanced Television Systems Committee, so far as the recommended practice concerns the transmission of commercial advertisements by a television broadcast stat...",
                "latest_major_action_date": "2009-12-16",
                "latest_major_action": "Received in the Senate and Read twice and referred to the Committee on Commerce, Science, and Transportation."
              },
                           {
                "congress": "111",
                "bill_id": "hr1064-111",
                "bill_type": "hr",
                "number": "H.R.1064",
                "bill_uri": "https://api.propublica.org/congress/v1/111/bills/hr1064.json",
                "title": "To provide for evidence-based and promising practices related to juvenile delinquency and criminal street gang activity prevention and intervention to help build individual, family, and community strength and resiliency to ensure that youth lead productive, safe, healthy, gang-free, and law-abiding lives.",
                "short_title": "Youth Prison Reduction through Opportunities, Mentoring, Intervention, Support, and Education Act",
                "sponsor_title": "Rep.",
                "sponsor_id": "S000185",
                "sponsor_name": "Robert C. Scott",
                "sponsor_state": "VA",
                "sponsor_party": "D",
                "sponsor_uri": "https://api.propublica.org/congress/v1/members/S000185.json",
                "gpo_pdf_uri": null,
                "congressdotgov_url": "https://www.congress.gov/bill/111th-congress/house-bill/1064",
                "govtrack_url": "https://www.govtrack.us/congress/bills/111/hr1064",
                "introduced_date": "2009-02-13",
                "active": null,
                "last_vote": null,
                "house_passage": null,
                "senate_passage": null,
                "enacted": null,
                "vetoed": null,
                "cosponsors": 235,
                "cosponsors_by_party": {"D":216,"I":1,"R":19},
                "committees": "House Judiciary; House Education and Labor; House Energy and Commerce; House Financial Services",
                "primary_subject": "Crime and law enforcement",
                "summary": "Youth Prison Reduction through Opportunities, Monitoring, Intervention, Support, and Education Act or the Youth PROMISE Act - Title I: Federal Coordination of Local and Tribal Juvenile Justice Information and Efforts - (Sec. 101) Amends the Juvenile Justice and Delinquency Prevention Act of 1974 to establish a PROMISE Advisory Panel to assist the Office of Juvenile Justice and Delinquency Prevention in: (1) assessing successful evidence-based and promising practices related to juvenile delinquency and criminal street gang activity prevention and intervention carried out by PROMISE Coordinating Councils established by this Act; and (2) developing performance standards to be used to evaluate programs and activities carried out with grants under this Act. Requires such Panel to provide the Administrator of the Office of Juvenile Justice and Delinquency Prevention with a list of individuals who have experience in administering or evaluating practices that serve at-risk youth. Requires the PROMISE Advisory Panel, within 18 months after enactment of this Act and annually thereafter, to prepare a report on its assessment and submit such report to Congress, the President, the Attorney General, and the chief executive and chief law enforcement officer of each state, local government, and Indian tribe. Authorizes appropriations for the Office of Juvenile Justice and Delinquency Prevention for FY2010-FY2014. (Sec. 102) Directs the Administrator to award grants, on a competitive basis, to organizations for: (1) collecting and analyzing data related to the existing juvenile delinquency and criminal street gang activity prevention and intervention needs and resources in each designated geographic area; and (2) using such data to compile a list of areas that are in need of resources and rank such areas in descending order by the amount of need for resources to carry out juvenile delinquency and criminal street gang activity prevention and intervention. Authorizes appropriations. Title II: Promise Grants - Subtitle A: PROMISE Assessment and Planning Grants - (Sec. 201) Authorizes the Administrator to award grants to local governments and Indian tribes to assist PROMISE Coordinating Councils with planning and assessing evidence-based and promising practices relating to juvenile delinquency and criminal street gang activity prevention and intervention. Requires PROMISE Coordinating Councils to develop a PROMISE Plan based on such assessments. Limits such grants to a one year term and a maximum dollar amount of $300,000. (Sec. 202) Establishes eligibility requirements for PROMISE Coordinating Councils. (Sec. 203) Requires PROMISE Coordinating Councils to conduct an objective strengths and needs assessment of the resources of the community for which they were established and to identify the unmet needs of youth in the community with respect to evidence-based and promising practices related to juvenile delinquency and criminal street gang activity prevention and intervention. (Sec. 204) Sets forth the components which a PROMISE Plan must contain. (Sec. 205) Authorizes appropriations for this subtitle and for the geographic assessment of resource allocation. Subtitle B: PROMISE Implementation Grants - (Sec. 211) Authorizes the Administrator to award grants to local governments and Indian tribes to assist PROMISE Coordinating Councils with implementing PROMISE Plans. Limits such grants to a four-year term and a maximum dollar amount of $10 million for each year of the grant period. (Sec. 212) Sets forth eligibility requirements for a PROMISE implementation grant. (Sec. 213) Requires PROMISE implementation grants to be awarded on a competitive basis. Directs the Administrator to ensure that grants are awarded in areas with the highest concentration of at-risk youth. (Sec. 214) Sets forth reporting requirements for local governments and Indian tribes receiving PROMISE implementation grants. (Sec. 215) Authorizes appropriations for FY2010-FY2014. Subtitle C: General PROMISE Grant Provisions - (Sec. 221) Requires local governments and Indian tribes to use grants only to supplement, and not supplant, the funds that are available to address the needs of youth in the community with respect to practices related to juvenile delinquency and criminal street gang activity prevention and intervention. (Sec. 222) Directs the Administrator to: (1) establish and utilize a transparent, reliable, and valid system for evaluating applications for PROMISE Assessment and Planning grants and for PROMISE Implementation grants; and (2) provide for an evaluation of grant programs and activities carried out under this title. Sets forth criteria for such evaluation. Title III: Promise Research Centers - (Sec. 301) Directs the Administrator to award a grant to a nonprofit organization with expertise in operating or evaluating effective, evidence-based practices related to juvenile delinquency and criminal street gang activity prevention or intervention to develop a National Research Center for Proven Juvenile Justice Practices. Authorizes appropriations for FY2010-FY2014. (Sec. 302) Directs the Administrator to award grants to institutions of higher education to serve as regional research partners with PROMISE Coordinating Councils. Authorizes appropriations for FY2010-FY2012. Title IV: Youth-Oriented Policing Services - (Sec. 403) Requires the Director of the Office of Community Oriented Policing Services to award grants to state, local, and tribal law enforcement agencies: (1) to hire law enforcement officers as youth-oriented police to work collaboratively with PROMISE Coordinating Councils, other community-based organizations, and youth at high risk of becoming involved in delinquent activities; and (2) for training and capacity-building of law enforcement agencies relating to youth-oriented policing practices and efforts. Limits the term of any such grant to four years and the maximum grant dollar amount to $2 million. (Sec. 404) Requires the Director to award a grant, on a competitive basis, to an eligible organization to establish a Center for Youth-oriented Policing to: (1) develop a model youth-oriented policing service program; (2) support the adoption of new technologies related to the prioritization of risks related to juvenile delinquency and criminal street gang activities, the safety of juveniles in custody, and the prevention of gun violence; (3) develop, compile, and disseminate to youth-oriented police information about evidence based and promising practices and information about the \"stop snitching\" culture and tactics to counter such culture. Directs the Center to establish a Youth-oriented Policing Services Advisory Board to develop an annual work plan for the Center. (Sec. 405) Authorizes appropriations for FY2010-FY2014 for the Center for Youth-oriented Policing. Title V: Enhanced Federal Support of Local Law Enforcement - Subtitle A: Comprehensive Gang Prevention and Relief - Mynisha's Law - (Sec. 502) Authorizes local governments and Indian tribes to submit an application to the Administrator for designation as a Comprehensive Gang Prevention and Relief Area (Area). Directs the Administrator to establish criteria for reviewing an application and for evaluating and selecting areas for designation. (Sec. 503) Directs the Administrator to establish an Interagency Gang Prevention Task Force to coordinate federal assistance to Comprehensive Gang Prevention and Relief Areas. Requires the Task Force to: (1) coordinate the activities of the federal government to create a comprehensive gang prevention response; (2) prioritize the needs of Areas for funding under specified federal statutes and programs, including the Head Start Act and the Job Corps program; and (3) report to Congress and the Administrator on the funding needs and programmatic outcomes for each Area. (Sec. 504) Authorizes appropriations. Subtitle B: Community and Police Collaboration - (Sec. 511) Authorizes the Office of Community Oriented Policing Services of the Department of Justice (DOJ) to make grants to local governments and Indian tribes with a PROMISE Coordinating Counsel to develop community-based programs that provide crime prevention, research, and intervention services that are designed to prevent violence and gang involvement by youthful offenders and at-risk youth. Limits a grant amount to a maximum of $1 million. Authorizes appropriations for FY2010-FY2014. Subtitle C: City Youth Violence Recovery - (Sec. 521) Authorizes the Attorney General to award grants to prevent or alleviate the effects of youth violence in urban communities by providing violence-prevention education, mentoring, counseling, and mental health services to children and adolescents in such communities. Authorizes appropriations for FY2010-FY2014. Title VI: Precaution Act - Prevention Resources for Eliminating Criminal Activity Using Tailored Interventions in Our Neighborhoods Act of 2009 or the PRECAUTION Act of 2009 - ( Sec. 604) Establishes the National Commission on Public Safety Through Crime and Delinquency Prevention to study and report to specified federal and state officials on the effectiveness of certain crime and delinquency prevention and intervention strategies. Authorizes appropriations. (Sec. 605) Authorizes the Director of the National Institute of Justice to make three-year grants to public and private entities to fund the implementation and evaluation of innovative crime or delinquency prevention or intervention strategies. Authorizes appropriations. Title VII: Additional Improvements to Juvenile Justice - (Sec. 701) Amends the Violent Crime Control and Law Enforcement Act of 1994 to: (1) expand victim protection programs to include juvenile witnesses; and (2) authorize appropriations for such programs for FY2010-FY2014. (Sec. 702) Increases the number of sites receiving grants under the Mentoring Initiative for System-Involved Youth Program. Authorizes appropriations for such Program for FY2010-FY2014. (Sec. 703) Requires the United States Sentencing Commission to study and report to Congress on the appropriateness of sentences for minors in the federal system. Requires such study to: (1) incorporate the most recent research and expertise in the field of adolescent brain development and culpability; (2) evaluate the toll of juvenile crime, particularly violent juvenile crime, on communities; (3) consider the appropriateness of life sentences without possibility of parole for minors; and (4) evaluate issues of recidivism by juveniles. (Sec. 704) Authorizes the Attorney General, in collaboration with professional sports leagues and players, to establish a youth initiative to end youth violence and other youth crime. Requires the Attorney General to study and report to Congress on the potential for reducing youth violence and other youth crimes though such collaborations.",
                "summary_short": "Youth Prison Reduction through Opportunities, Monitoring, Intervention, Support, and Education Act or the Youth PROMISE Act - Title I: Federal Coordination of Local and Tribal Juvenile Justice Information and Efforts - (Sec. 101) Amends the Juvenile Justice and Delinquency Prevention Act of 1974 to establish a PROMISE Advisory Panel to assist the Office of Juvenile Justice and Delinquency Prevention in: (1) assessing successful evidence-based and promising practices related to juvenile delinq...",
                "latest_major_action_date": "2010-12-22",
                "latest_major_action": "Placed on the Union Calendar, Calendar No. 417."
              },
                           {
                "congress": "111",
                "bill_id": "hres538-111",
                "bill_type": "hres",
                "number": "H.RES.538",
                "bill_uri": "https://api.propublica.org/congress/v1/111/bills/hres538.json",
                "title": "Supporting Olympic Day and encouraging the International Olympic Committee to select Chicago, Illinois, as the host city for the 2016 Olympic and Paralympic Games.",
                "short_title": null,
                "sponsor_title": "Rep.",
                "sponsor_id": "S001145",
                "sponsor_name": "Jan Schakowsky",
                "sponsor_state": "IL",
                "sponsor_party": "D",
                "sponsor_uri": "https://api.propublica.org/congress/v1/members/S001145.json",
                "gpo_pdf_uri": null,
                "congressdotgov_url": "https://www.congress.gov/bill/111th-congress/house-resolution/538",
                "govtrack_url": "https://www.govtrack.us/congress/bills/111/hres538",
                "introduced_date": "2009-06-12",
                "active": null,
                "last_vote": null,
                "house_passage": null,
                "senate_passage": null,
                "enacted": null,
                "vetoed": null,
                "cosponsors": 122,
                "cosponsors_by_party": {"R":20,"D":102},
                "committees": "House Foreign Affairs",
                "primary_subject": "Sports and recreation",
                "summary": "Expresses support for Olympic Day.Encourages the International Olympic Committee to select Chicago, Illinois, as the host city for the 2016 Olympic and Paralympic Games.",
                "summary_short": "Expresses support for Olympic Day.Encourages the International Olympic Committee to select Chicago, Illinois, as the host city for the 2016 Olympic and Paralympic Games.",
                "latest_major_action_date": "2009-07-24",
                "latest_major_action": "The title of the measure was amended. Agreed to without objection."
              },
                           {
                "congress": "111",
                "bill_id": "hr2920-111",
                "bill_type": "hr",
                "number": "H.R.2920",
                "bill_uri": "https://api.propublica.org/congress/v1/111/bills/hr2920.json",
                "title": "To reinstitute and update the Pay-As-You-Go requirement of budget neutrality on new tax and mandatory spending legislation, enforced by the threat of annual, automatic sequestration.",
                "short_title": "Statutory Pay-As-You-Go Act of 2009",
                "sponsor_title": "Rep.",
                "sponsor_id": "H000874",
                "sponsor_name": "Steny H. Hoyer",
                "sponsor_state": "MD",
                "sponsor_party": "D",
                "sponsor_uri": "https://api.propublica.org/congress/v1/members/H000874.json",
                "gpo_pdf_uri": null,
                "congressdotgov_url": "https://www.congress.gov/bill/111th-congress/house-bill/2920",
                "govtrack_url": "https://www.govtrack.us/congress/bills/111/hr2920",
                "introduced_date": "2009-06-17",
                "active": null,
                "last_vote": "2009-07-22",
                "house_passage": "2009-07-22",
                "senate_passage": null,
                "enacted": null,
                "vetoed": null,
                "cosponsors": 169,
                "cosponsors_by_party": {"D":168,"I":1,"R":1},
                "committees": "House Budget; Senate Budget",
                "primary_subject": "Economics and public finance",
                "summary": "Statutory Pay-As-You-Go Act of 2009 - (Sec. 4) Requires a Pay-As-You-Go (PAYGO) Act to include by reference an estimate of its budgetary effects as determined by the Congressional Budget Act of 1974 (CBA), if timely submitted for printing in the Congressional Record by the chairs of the congressional budget committees (chairs) before the vote on it. Requires: (1) the Clerk of the House of Representatives or the Secretary of the Senate, as applicable, also to incorporate by reference such printed estimate into the enrollment of a PAYGO Act; and (2) budgetary effects that are not so included to be determined by the Office of Management and Budget (OMB) estimates. Amends the CBA to require the chairs to request from the Director of the Congressional Budget Office (CBO) an estimate of the budgetary effects of a PAYGO Act before a vote in either chamber on it that, if determined in the affirmative, would clear it for enrollment. Directs the chairs to post such estimate on their respective committee websites and cause it to be printed in the Congressional Record under \"PAYGO ESTIMATE.\" Requires CBO to make specified estimate adjustments when calculating budgetary effects of certain designated legislation affecting current policy, as detailed in Sec. 7 of this Act. Requires OMB to maintain and make publicly available a continuously updated document containing two PAYGO scorecards (the first for a five-year period and the second for a 10-year period for the beginning of each respective budget year) displaying the budgetary effects of PAYGO legislation, applying certain look-back and averaging requirements. Requires OMB to display as a separate addendum the cost estimates of provisions designated in statute as emergency requirements. (Sec. 5) Requires OMB to: (1) make an annual public PAYGO report, including a up-to-date document containing the PAYGO scorecards, within 14 business days after Congress adjourns to end a session; and (2) prepare for the President an offsetting sequestration order, which the President shall issue, if such report shows a debit on either PAYGO scorecard for the budget year. (Sec. 6) Prescribes requirements for calculating a sequestration for nonexempt direct spending programs, including Medicare payments and certain nonexempt mandatory programs. (Sec. 7) Prescribes requirements for CBO adjustments of estimates of budgetary effects of PAYGO legislation for legislation affecting current policy for: (1) payments made under title XVIII (Medicare) of the Social Security Act for physician services; (2) the Estate and Gift Tax under the Internal Revenue Code; and (3) the permanent extension of middle-class tax cuts and the Alternative Minimum Tax (AMT) relief under the Economic Growth and Tax Relief Reconciliation Act of 2001 or the Jobs and Growth Tax Relief and Reconciliation Act of 2003. (Sec. 8) Applies to this Act certain sequestration order requirements of the Balanced Budget and Emergency Deficit Control Act of 1985 (Gramm-Rudman-Hollings Act), as amended by this Act, including the authority of Members of Congress and certain individuals to request an expedited judicial review of a sequestration order. (Sec. 9) Makes technical and conforming amendments to the Gramm-Rudman-Hollings Act. (Sec. 10) Exempts from sequestration: (1) low-income subsidies and catastrophic subsidies under Part D (Voluntary Prescription Drug Benefit Program) of the Social Security Act (SSA); and (2) qualified individual (QI) premiums for Medicare cost-sharing for certain dual eligible low-income Medicare beneficiaries under SSA title XIX (Medicaid). (Sec. 11) Amends the Gramm-Rudman-Hollings Act to specify additional Social Security, veterans, Tier I Railroad Retirement benefits and other programs and activities exempt from a sequestration order as well as certain economic recovery programs.",
                "summary_short": "Statutory Pay-As-You-Go Act of 2009 - (Sec. 4) Requires a Pay-As-You-Go (PAYGO) Act to include by reference an estimate of its budgetary effects as determined by the Congressional Budget Act of 1974 (CBA), if timely submitted for printing in the Congressional Record by the chairs of the congressional budget committees (chairs) before the vote on it. Requires: (1) the Clerk of the House of Representatives or the Secretary of the Senate, as applicable, also to incorporate by reference such prin...",
                "latest_major_action_date": "2009-07-23",
                "latest_major_action": "Received in the Senate and Read twice and referred to the Committee on the Budget."
              },
                           {
                "congress": "111",
                "bill_id": "hr270-111",
                "bill_type": "hr",
                "number": "H.R.270",
                "bill_uri": "https://api.propublica.org/congress/v1/111/bills/hr270.json",
                "title": "To amend title 10, United States Code, to provide for continuity of TRICARE Standard coverage for certain members of the Retired Reserve.",
                "short_title": "TRICARE Continuity of Coverage for National Guard and Reserve Families Act of 2009",
                "sponsor_title": "Rep.",
                "sponsor_id": "L000566",
                "sponsor_name": "Robert E. Latta",
                "sponsor_state": "OH",
                "sponsor_party": "R",
                "sponsor_uri": "https://api.propublica.org/congress/v1/members/L000566.json",
                "gpo_pdf_uri": null,
                "congressdotgov_url": "https://www.congress.gov/bill/111th-congress/house-bill/270",
                "govtrack_url": "https://www.govtrack.us/congress/bills/111/hr270",
                "introduced_date": "2009-01-07",
                "active": null,
                "last_vote": null,
                "house_passage": null,
                "senate_passage": null,
                "enacted": null,
                "vetoed": null,
                "cosponsors": 72,
                "cosponsors_by_party": {"R":26,"D":46},
                "committees": "House Armed Services",
                "primary_subject": "Armed forces and national security",
                "summary": "TRICARE Continuity of Coverage for National Guard and Reserve Families Act of 2009 - Makes a member of the Retired Reserve who is qualified for a non-regular (reserve) retirement at age 60, but is not yet 60, eligible for health benefits under TRICARE Standard (a Department of Defense (DOD) managed health care program for members of the reserves). Terminates such eligibility when the member becomes eligible for TRICARE Standard at age 60. Includes immediate family members under such coverage. Requires members to pay a premium for such coverage.",
                "summary_short": "TRICARE Continuity of Coverage for National Guard and Reserve Families Act of 2009 - Makes a member of the Retired Reserve who is qualified for a non-regular (reserve) retirement at age 60, but is not yet 60, eligible for health benefits under TRICARE Standard (a Department of Defense (DOD) managed health care program for members of the reserves). Terminates such eligibility when the member becomes eligible for TRICARE Standard at age 60. Includes immediate family members under such coverage....",
                "latest_major_action_date": "2009-01-30",
                "latest_major_action": "Referred to the Subcommittee on Military Personnel."
              },
                           {
                "congress": "111",
                "bill_id": "hr2872-111",
                "bill_type": "hr",
                "number": "H.R.2872",
                "bill_uri": "https://api.propublica.org/congress/v1/111/bills/hr2872.json",
                "title": "To improve the quality and cost effectiveness of cancer care to Medicare beneficiaries by establishing a national demonstration project.",
                "short_title": "Medicare Quality Cancer Care Demonstration Project Act of 2009",
                "sponsor_title": "Rep.",
                "sponsor_id": "D000602",
                "sponsor_name": "Artur Davis",
                "sponsor_state": "AL",
                "sponsor_party": "D",
                "sponsor_uri": "https://api.propublica.org/congress/v1/members/D000602.json",
                "gpo_pdf_uri": null,
                "congressdotgov_url": "https://www.congress.gov/bill/111th-congress/house-bill/2872",
                "govtrack_url": "https://www.govtrack.us/congress/bills/111/hr2872",
                "introduced_date": "2009-06-15",
                "active": null,
                "last_vote": null,
                "house_passage": null,
                "senate_passage": null,
                "enacted": null,
                "vetoed": null,
                "cosponsors": 4,
                "cosponsors_by_party": {"D":4},
                "committees": "House Energy and Commerce; House Ways and Means",
                "primary_subject": "Health",
                "summary": "Medicare Quality Cancer Care Demonstration Project Act of 2009 - Directs the Secretary of Health and Human Services to establish a quality cancer care demonstration project for the purpose of establishing quality metrics and aligning payment incentives under title XVIII (Medicare) of the Social Security Act in the areas of treating planning and end-of-life care for Medicare beneficiaries with cancer.",
                "summary_short": "Medicare Quality Cancer Care Demonstration Project Act of 2009 - Directs the Secretary of Health and Human Services to establish a quality cancer care demonstration project for the purpose of establishing quality metrics and aligning payment incentives under title XVIII (Medicare) of the Social Security Act in the areas of treating planning and end-of-life care for Medicare beneficiaries with cancer.",
                "latest_major_action_date": "2009-06-16",
                "latest_major_action": "Referred to the Subcommittee on Health."
              }
             ]
      }
   ]
}
