<x:xmpmeta xmlns:x="adobe:ns:meta/" x:xmptk="Adobe XMP Core 5.4-c005 78.147326, 2012/08/23-13:03:03        ">
	<rdf:RDF xmlns:rdf="http://www.w3.org/1999/02/22-rdf-syntax-ns#">
		<rdf:Description rdf:about="" xmlns:xmp="http://ns.adobe.com/xap/1.0/" xmlns:dc="http://purl.org/dc/elements/1.1/" xmlns:xmpMM="http://ns.adobe.com/xap/1.0/mm/" xmlns:pdf="http://ns.adobe.com/pdf/1.3/" xmlns:pdfx="http://ns.adobe.com/pdfx/1.3/" xmlns:Olv="Olive" xmp:ModifyDate="2019-08-31T12:10:29+05:30" xmp:CreateDate="2018-09-26T22:01:48-04:00" xmp:MetadataDate="2019-08-31T12:10:29+05:30" xmp:CreatorTool="Adobe InDesign CC 13.0 (Macintosh)" dc:format="application/pdf" xmpMM:DocumentID="uuid:e748a21a-8ced-034e-aaa5-a7bba5a56f40" xmpMM:InstanceID="uuid:035ad01d-f8fc-445d-8b39-0bcd7e101c16" pdf:Producer="Adobe PDF Library 15.0" pdfx:OLV0_XMD_PAGE_COUNT="12" Olv:publication="OHI" Olv:issue_date="2018/ 9/27">
			<Olv:TimeTrack>
				<rdf:Seq>
					<rdf:li>
						<rdf:Description Olv:GUID="{E4C4FDB8-7C4B-4879-83F6-CA7D510C287C}" Olv:Status="Succeeded" Olv:File="060-OHI-2018-09-27-0001.pdf" Olv:Pages="12" Olv:Comp="SEG04" Olv:User="pipex" Olv:Start="2019-08-06T13:57:58+05:30" Olv:End="2019-08-06T13:58:13+05:30" Olv:TotalTime="00:00:15" Olv:IdleTime="00:00:00">
							<Olv:Operations>
								<rdf:Bag>
									<rdf:li>Auto Segmentation</rdf:li>
									<rdf:li>First session</rdf:li>
								</rdf:Bag>
							</Olv:Operations>
						</rdf:Description>
					</rdf:li>
					<rdf:li>
						<rdf:Description Olv:GUID="{8031D147-8273-4AFA-B6E8-CA09C37807E2}" Olv:Status="None" Olv:File="060-OHI-2018-09-27-0001.pdf" Olv:Pages="12" Olv:Comp="MDOPS-C15" Olv:User="001660" Olv:Start="2019-08-22T12:54:25+05:30" Olv:End="2019-08-22T13:42:33+05:30" Olv:TotalTime="00:48:08" Olv:IdleTime="00:11:37">
							<Olv:Operations>
								<rdf:Bag>
									<rdf:li>Edit Segmentation</rdf:li>
								</rdf:Bag>
							</Olv:Operations>
						</rdf:Description>
					</rdf:li>
					<rdf:li>
						<rdf:Description Olv:GUID="{A8288854-C9FA-42F2-88EC-A4C117ABE9AC}" Olv:Status="None" Olv:File="060-OHI-2018-09-27-0001.pdf" Olv:Pages="12" Olv:Comp="MDOPS-C13" Olv:User="000953" Olv:Start="2019-08-22T15:38:50+05:30" Olv:End="2019-08-22T15:41:21+05:30" Olv:TotalTime="00:02:31" Olv:IdleTime="00:01:16">
							<Olv:Operations>
								<rdf:Bag>
									<rdf:li>Edit Segmentation</rdf:li>
								</rdf:Bag>
							</Olv:Operations>
						</rdf:Description>
					</rdf:li>
					<rdf:li>
						<rdf:Description Olv:GUID="{935E383A-4366-4040-B66B-923D66BD4AA7}" Olv:Status="None" Olv:File="060-OHI-2018-09-27-0001.pdf" Olv:Pages="12" Olv:Comp="MDOPS-C13" Olv:User="000953" Olv:Start="2019-08-22T15:43:52+05:30" Olv:End="2019-08-22T15:44:08+05:30" Olv:TotalTime="00:00:16" Olv:IdleTime="00:00:00">
							<Olv:Operations>
								<rdf:Bag>
									<rdf:li>Edit Segmentation</rdf:li>
								</rdf:Bag>
							</Olv:Operations>
						</rdf:Description>
					</rdf:li>
					<rdf:li>
						<rdf:Description Olv:GUID="{09C89C2F-D39C-4FAC-A8DB-5D9D827E159B}" Olv:Status="None" Olv:File="060-OHI-2018-09-27-0001.pdf" Olv:Pages="12" Olv:Comp="MDOPS-C09" Olv:User="001128" Olv:Start="2019-08-29T09:56:25+05:30" Olv:End="2019-08-29T10:07:26+05:30" Olv:TotalTime="00:11:01" Olv:IdleTime="00:02:29">
							<Olv:Operations>
								<rdf:Bag>
									<rdf:li>Edit Segmentation</rdf:li>
								</rdf:Bag>
							</Olv:Operations>
						</rdf:Description>
					</rdf:li>
					<rdf:li>
						<rdf:Description Olv:GUID="{8ACF6ECD-3637-4A03-9C41-2E214C51D640}" Olv:Status="Succeeded" Olv:File="060-OHI-2018-09-27-0001.pdf" Olv:Pages="12" Olv:Comp="SEG07" Olv:User="pipex" Olv:Start="2019-08-31T12:10:31+05:30" Olv:End="2019-08-31T12:11:47+05:30" Olv:TotalTime="00:01:16" Olv:IdleTime="00:01:16">
							<Olv:Operations>
								<rdf:Bag>
									<rdf:li>Output</rdf:li>
								</rdf:Bag>
							</Olv:Operations>
						</rdf:Description>
					</rdf:li>
				</rdf:Seq>
			</Olv:TimeTrack>
		</rdf:Description>
	</rdf:RDF>
</x:xmpmeta>
