<x:xmpmeta xmlns:x="adobe:ns:meta/" x:xmptk="Adobe XMP Core 5.4-c005 78.147326, 2012/08/23-13:03:03        ">
	<rdf:RDF xmlns:rdf="http://www.w3.org/1999/02/22-rdf-syntax-ns#">
		<rdf:Description rdf:about="" xmlns:xmp="http://ns.adobe.com/xap/1.0/" xmlns:dc="http://purl.org/dc/elements/1.1/" xmlns:xmpMM="http://ns.adobe.com/xap/1.0/mm/" xmlns:pdf="http://ns.adobe.com/pdf/1.3/" xmlns:pdfx="http://ns.adobe.com/pdfx/1.3/" xmlns:Olv="Olive" xmp:ModifyDate="2019-08-31T11:59:26+05:30" xmp:CreateDate="2018-08-22T22:02:31-04:00" xmp:MetadataDate="2019-08-31T11:59:26+05:30" xmp:CreatorTool="Adobe InDesign CC 13.0 (Macintosh)" dc:format="application/pdf" xmpMM:DocumentID="uuid:bae8bd05-de3a-ac4a-a8b8-fe47c9035622" xmpMM:InstanceID="uuid:1a4c3930-e429-4209-ab2d-97e024fe797f" pdf:Producer="Adobe PDF Library 15.0" pdfx:OLV0_XMD_PAGE_COUNT="8" Olv:publication="OHI" Olv:issue_date="2018/ 8/23">
			<Olv:TimeTrack>
				<rdf:Seq>
					<rdf:li>
						<rdf:Description Olv:GUID="{EC55FDA3-941A-481E-9DDB-0054155AFDD4}" Olv:Status="Succeeded" Olv:File="060-OHI-2018-08-23-0001.pdf" Olv:Pages="8" Olv:Comp="SEG02" Olv:User="pipex" Olv:Start="2019-08-06T13:28:32+05:30" Olv:End="2019-08-06T13:28:44+05:30" Olv:TotalTime="00:00:12" Olv:IdleTime="00:00:00">
							<Olv:Operations>
								<rdf:Bag>
									<rdf:li>Auto Segmentation</rdf:li>
									<rdf:li>First session</rdf:li>
								</rdf:Bag>
							</Olv:Operations>
						</rdf:Description>
					</rdf:li>
					<rdf:li>
						<rdf:Description Olv:GUID="{0676B637-6A88-49AE-B2BD-37CA6CD4EC1E}" Olv:Status="None" Olv:File="060-OHI-2018-08-23-0001.pdf" Olv:Pages="8" Olv:Comp="MDOPS-C15" Olv:User="001660" Olv:Start="2019-08-22T11:22:03+05:30" Olv:End="2019-08-22T11:48:31+05:30" Olv:TotalTime="00:26:28" Olv:IdleTime="00:00:31">
							<Olv:Operations>
								<rdf:Bag>
									<rdf:li>Edit Segmentation</rdf:li>
								</rdf:Bag>
							</Olv:Operations>
						</rdf:Description>
					</rdf:li>
					<rdf:li>
						<rdf:Description Olv:GUID="{9CB8DEDF-9140-495D-AEFE-6FFD764EADED}" Olv:Status="None" Olv:File="060-OHI-2018-08-23-0001.pdf" Olv:Pages="8" Olv:Comp="MDOPS-C07" Olv:User="000675" Olv:Start="2019-08-29T09:42:26+05:30" Olv:End="2019-08-29T09:55:29+05:30" Olv:TotalTime="00:13:03" Olv:IdleTime="00:04:07">
							<Olv:Operations>
								<rdf:Bag>
									<rdf:li>Edit Segmentation</rdf:li>
								</rdf:Bag>
							</Olv:Operations>
						</rdf:Description>
					</rdf:li>
					<rdf:li>
						<rdf:Description Olv:GUID="{287C75D9-1635-4867-93E5-1394785A56B6}" Olv:Status="Succeeded" Olv:File="060-OHI-2018-08-23-0001.pdf" Olv:Pages="8" Olv:Comp="SEG07" Olv:User="pipex" Olv:Start="2019-08-31T11:59:26+05:30" Olv:End="2019-08-31T12:00:29+05:30" Olv:TotalTime="00:01:03" Olv:IdleTime="00:01:03">
							<Olv:Operations>
								<rdf:Bag>
									<rdf:li>Output</rdf:li>
								</rdf:Bag>
							</Olv:Operations>
						</rdf:Description>
					</rdf:li>
				</rdf:Seq>
			</Olv:TimeTrack>
		</rdf:Description>
	</rdf:RDF>
</x:xmpmeta>
