<x:xmpmeta xmlns:x="adobe:ns:meta/" x:xmptk="Adobe XMP Core 5.4-c005 78.147326, 2012/08/23-13:03:03        ">
	<rdf:RDF xmlns:rdf="http://www.w3.org/1999/02/22-rdf-syntax-ns#">
		<rdf:Description rdf:about="" xmlns:xmp="http://ns.adobe.com/xap/1.0/" xmlns:dc="http://purl.org/dc/elements/1.1/" xmlns:xmpMM="http://ns.adobe.com/xap/1.0/mm/" xmlns:pdf="http://ns.adobe.com/pdf/1.3/" xmlns:pdfx="http://ns.adobe.com/pdfx/1.3/" xmlns:Olv="Olive" xmp:ModifyDate="2019-08-31T11:51:35+05:30" xmp:CreateDate="2018-03-05T21:45:14-05:00" xmp:MetadataDate="2019-08-31T11:51:35+05:30" xmp:CreatorTool="Adobe InDesign CC 13.0 (Macintosh)" dc:format="application/pdf" xmpMM:DocumentID="uuid:8f9bc39e-a95b-1e45-8711-70963e67ac94" xmpMM:InstanceID="uuid:5982b9d6-aebf-45e6-81c4-0424986e5863" pdf:Producer="Adobe PDF Library 15.0" pdfx:OLV0_XMD_PAGE_COUNT="8" Olv:publication="OHI" Olv:issue_date="2018/ 3/ 6">
			<Olv:TimeTrack>
				<rdf:Seq>
					<rdf:li>
						<rdf:Description Olv:GUID="{41170503-4893-4345-A812-86EE89FB49BA}" Olv:Status="Succeeded" Olv:File="060-OHI-2018-03-06-0001.pdf" Olv:Pages="8" Olv:Comp="SEG02" Olv:User="pipex" Olv:Start="2019-08-06T13:27:57+05:30" Olv:End="2019-08-06T13:28:10+05:30" Olv:TotalTime="00:00:13" Olv:IdleTime="00:00:00">
							<Olv:Operations>
								<rdf:Bag>
									<rdf:li>Auto Segmentation</rdf:li>
									<rdf:li>First session</rdf:li>
								</rdf:Bag>
							</Olv:Operations>
						</rdf:Description>
					</rdf:li>
					<rdf:li>
						<rdf:Description Olv:GUID="{F477032C-86E8-40A3-9B46-2DBFC19034CC}" Olv:Status="None" Olv:File="060-OHI-2018-03-06-0001.pdf" Olv:Pages="8" Olv:Comp="MDOPS-C15" Olv:User="001660" Olv:Start="2019-08-22T09:05:16+05:30" Olv:End="2019-08-22T09:43:37+05:30" Olv:TotalTime="00:38:21" Olv:IdleTime="00:00:00">
							<Olv:Operations>
								<rdf:Bag>
									<rdf:li>Edit Segmentation</rdf:li>
								</rdf:Bag>
							</Olv:Operations>
						</rdf:Description>
					</rdf:li>
					<rdf:li>
						<rdf:Description Olv:GUID="{0C93E1B8-79BF-4B0A-A6D6-7D45B6E2435B}" Olv:Status="None" Olv:File="060-OHI-2018-03-06-0001.pdf" Olv:Pages="8" Olv:Comp="MDOPS-C09" Olv:User="001128" Olv:Start="2019-08-29T08:40:54+05:30" Olv:End="2019-08-29T08:51:57+05:30" Olv:TotalTime="00:11:03" Olv:IdleTime="00:01:19">
							<Olv:Operations>
								<rdf:Bag>
									<rdf:li>Edit Segmentation</rdf:li>
								</rdf:Bag>
							</Olv:Operations>
						</rdf:Description>
					</rdf:li>
					<rdf:li>
						<rdf:Description Olv:GUID="{9FA6741E-037A-47B2-8D32-87C46327603E}" Olv:Status="Succeeded" Olv:File="060-OHI-2018-03-06-0001.pdf" Olv:Pages="8" Olv:Comp="SEG06" Olv:User="pipex" Olv:Start="2019-08-31T11:51:35+05:30" Olv:End="2019-08-31T11:52:19+05:30" Olv:TotalTime="00:00:44" Olv:IdleTime="00:00:44">
							<Olv:Operations>
								<rdf:Bag>
									<rdf:li>Output</rdf:li>
								</rdf:Bag>
							</Olv:Operations>
						</rdf:Description>
					</rdf:li>
				</rdf:Seq>
			</Olv:TimeTrack>
		</rdf:Description>
	</rdf:RDF>
</x:xmpmeta>
