<x:xmpmeta xmlns:x="adobe:ns:meta/" x:xmptk="Adobe XMP Core 5.4-c005 78.147326, 2012/08/23-13:03:03        ">
	<rdf:RDF xmlns:rdf="http://www.w3.org/1999/02/22-rdf-syntax-ns#">
		<rdf:Description rdf:about="" xmlns:xmp="http://ns.adobe.com/xap/1.0/" xmlns:dc="http://purl.org/dc/elements/1.1/" xmlns:xmpMM="http://ns.adobe.com/xap/1.0/mm/" xmlns:pdf="http://ns.adobe.com/pdf/1.3/" xmlns:pdfx="http://ns.adobe.com/pdfx/1.3/" xmlns:Olv="Olive" xmp:ModifyDate="2019-08-31T10:21:34+05:30" xmp:CreateDate="2016-04-19T22:38:33-04:00" xmp:MetadataDate="2019-08-31T10:21:34+05:30" xmp:CreatorTool="Adobe InDesign CC 2015 (Macintosh)" dc:format="application/pdf" xmpMM:DocumentID="uuid:d7db28bf-28e8-c147-beb1-0ade2b21757a" xmpMM:InstanceID="uuid:7072cea8-201a-41f1-966e-f0c0df0b81d3" pdf:Producer="Adobe PDF Library 15.0" pdfx:OLV0_XMD_PAGE_COUNT="12" Olv:publication="OHI" Olv:issue_date="2016/ 4/20">
			<Olv:TimeTrack>
				<rdf:Seq>
					<rdf:li>
						<rdf:Description Olv:GUID="{C69F4547-410A-4E1B-9152-5DB6C26DE0A3}" Olv:Status="Succeeded" Olv:File="060-OHI-2016-04-20-0001.pdf" Olv:Pages="12" Olv:Comp="SEG06" Olv:User="pipex" Olv:Start="2019-08-06T13:21:11+05:30" Olv:End="2019-08-06T13:21:25+05:30" Olv:TotalTime="00:00:14" Olv:IdleTime="00:00:00">
							<Olv:Operations>
								<rdf:Bag>
									<rdf:li>Auto Segmentation</rdf:li>
									<rdf:li>First session</rdf:li>
								</rdf:Bag>
							</Olv:Operations>
						</rdf:Description>
					</rdf:li>
					<rdf:li>
						<rdf:Description Olv:GUID="{2B28C742-E609-4432-B370-631E4281F048}" Olv:Status="None" Olv:File="060-OHI-2016-04-20-0001.pdf" Olv:Pages="12" Olv:Comp="MDOPS-C18" Olv:User="001662" Olv:Start="2019-08-18T13:30:34+05:30" Olv:End="2019-08-18T14:32:11+05:30" Olv:TotalTime="01:01:37" Olv:IdleTime="00:03:20">
							<Olv:Operations>
								<rdf:Bag>
									<rdf:li>Edit Segmentation</rdf:li>
								</rdf:Bag>
							</Olv:Operations>
						</rdf:Description>
					</rdf:li>
					<rdf:li>
						<rdf:Description Olv:GUID="{46E89245-310B-48AB-8E76-B1B43F0F79EB}" Olv:Status="None" Olv:File="060-OHI-2016-04-20-0001.pdf" Olv:Pages="12" Olv:Comp="MDOPS-C20" Olv:User="000678" Olv:Start="2019-08-28T13:55:34+05:30" Olv:End="2019-08-28T14:09:47+05:30" Olv:TotalTime="00:14:13" Olv:IdleTime="00:04:49">
							<Olv:Operations>
								<rdf:Bag>
									<rdf:li>Edit Segmentation</rdf:li>
								</rdf:Bag>
							</Olv:Operations>
						</rdf:Description>
					</rdf:li>
					<rdf:li>
						<rdf:Description Olv:GUID="{588AE38F-72A0-4096-82C1-ACC38ADD626F}" Olv:Status="Succeeded" Olv:File="060-OHI-2016-04-20-0001.pdf" Olv:Pages="12" Olv:Comp="SEG03" Olv:User="pipex" Olv:Start="2019-08-31T10:21:36+05:30" Olv:End="2019-08-31T10:23:07+05:30" Olv:TotalTime="00:01:31" Olv:IdleTime="00:01:31">
							<Olv:Operations>
								<rdf:Bag>
									<rdf:li>Output</rdf:li>
								</rdf:Bag>
							</Olv:Operations>
						</rdf:Description>
					</rdf:li>
				</rdf:Seq>
			</Olv:TimeTrack>
		</rdf:Description>
	</rdf:RDF>
</x:xmpmeta>
