<x:xmpmeta xmlns:x="adobe:ns:meta/" x:xmptk="Adobe XMP Core 5.4-c005 78.147326, 2012/08/23-13:03:03        ">
	<rdf:RDF xmlns:rdf="http://www.w3.org/1999/02/22-rdf-syntax-ns#">
		<rdf:Description rdf:about="" xmlns:xmp="http://ns.adobe.com/xap/1.0/" xmlns:pdf="http://ns.adobe.com/pdf/1.3/" xmlns:dc="http://purl.org/dc/elements/1.1/" xmlns:pdfx="http://ns.adobe.com/pdfx/1.3/" xmlns:xmpMM="http://ns.adobe.com/xap/1.0/mm/" xmlns:Olv="Olive" xmp:CreateDate="2018-02-01T03:53:01Z" xmp:CreatorTool="Preview" xmp:ModifyDate="2019-08-31T11:41:22+05:30" xmp:MetadataDate="2019-08-31T11:41:22+05:30" pdf:Keywords="" pdf:Producer="Mac OS X 10.13.3 Quartz PDFContext" dc:format="application/pdf" pdfx:OLV0_XMD_PAGE_COUNT="20" xmpMM:DocumentID="uuid:da540079-f95c-4f2d-abf2-65fad07b6b6b" xmpMM:InstanceID="uuid:fb368cff-fd39-48fc-80f2-d114fbda8e25" Olv:publication="OHI" Olv:issue_date="2018/ 2/ 1">
			<Olv:TimeTrack>
				<rdf:Seq>
					<rdf:li>
						<rdf:Description Olv:GUID="{A9707C13-365E-4767-BE33-7910185D575C}" Olv:Status="Succeeded" Olv:File="060-OHI-2018-02-01-0001.pdf" Olv:Pages="20" Olv:Comp="SEG04" Olv:User="pipex" Olv:Start="2019-08-06T13:27:17+05:30" Olv:End="2019-08-06T13:27:40+05:30" Olv:TotalTime="00:00:23" Olv:IdleTime="00:00:00">
							<Olv:Operations>
								<rdf:Bag>
									<rdf:li>Auto Segmentation</rdf:li>
									<rdf:li>First session</rdf:li>
								</rdf:Bag>
							</Olv:Operations>
						</rdf:Description>
					</rdf:li>
					<rdf:li>
						<rdf:Description Olv:GUID="{90FB8B74-128C-4C09-AD52-730407195572}" Olv:Status="None" Olv:File="060-OHI-2018-02-01-0001.pdf" Olv:Pages="20" Olv:Comp="MDOPS-C15" Olv:User="001660" Olv:Start="2019-08-20T16:19:57+05:30" Olv:End="2019-08-20T17:05:41+05:30" Olv:TotalTime="00:45:44" Olv:IdleTime="00:03:54">
							<Olv:Operations>
								<rdf:Bag>
									<rdf:li>Edit Segmentation</rdf:li>
								</rdf:Bag>
							</Olv:Operations>
						</rdf:Description>
					</rdf:li>
					<rdf:li>
						<rdf:Description Olv:GUID="{5370A9C5-A549-485F-9AAF-593CDC4B9E3A}" Olv:Status="None" Olv:File="060-OHI-2018-02-01-0001.pdf" Olv:Pages="20" Olv:Comp="MDOPS-C08" Olv:User="000949" Olv:Start="2019-08-29T08:20:31+05:30" Olv:End="2019-08-29T08:36:33+05:30" Olv:TotalTime="00:16:02" Olv:IdleTime="00:05:45">
							<Olv:Operations>
								<rdf:Bag>
									<rdf:li>Edit Segmentation</rdf:li>
								</rdf:Bag>
							</Olv:Operations>
						</rdf:Description>
					</rdf:li>
					<rdf:li>
						<rdf:Description Olv:GUID="{CCE2E548-CFDB-447A-9BFF-F6351826F51A}" Olv:Status="Succeeded" Olv:File="060-OHI-2018-02-01-0001.pdf" Olv:Pages="20" Olv:Comp="SEG03" Olv:User="pipex" Olv:Start="2019-08-31T11:41:23+05:30" Olv:End="2019-08-31T11:43:17+05:30" Olv:TotalTime="00:01:54" Olv:IdleTime="00:01:54">
							<Olv:Operations>
								<rdf:Bag>
									<rdf:li>Output</rdf:li>
								</rdf:Bag>
							</Olv:Operations>
						</rdf:Description>
					</rdf:li>
				</rdf:Seq>
			</Olv:TimeTrack>
		</rdf:Description>
	</rdf:RDF>
</x:xmpmeta>
