<x:xmpmeta xmlns:x="adobe:ns:meta/" x:xmptk="Adobe XMP Core 5.4-c005 78.147326, 2012/08/23-13:03:03        ">
	<rdf:RDF xmlns:rdf="http://www.w3.org/1999/02/22-rdf-syntax-ns#">
		<rdf:Description rdf:about="" xmlns:xmp="http://ns.adobe.com/xap/1.0/" xmlns:dc="http://purl.org/dc/elements/1.1/" xmlns:xmpMM="http://ns.adobe.com/xap/1.0/mm/" xmlns:pdf="http://ns.adobe.com/pdf/1.3/" xmlns:pdfx="http://ns.adobe.com/pdfx/1.3/" xmlns:Olv="Olive" xmp:ModifyDate="2019-08-31T09:49:09+05:30" xmp:CreateDate="2016-11-14T22:02:16-05:00" xmp:MetadataDate="2019-08-31T09:49:09+05:30" xmp:CreatorTool="Adobe InDesign CC 2015 (Macintosh)" dc:format="application/pdf" xmpMM:DocumentID="uuid:a9b9ddbf-a413-d644-a530-b42224494555" xmpMM:InstanceID="uuid:1c77af00-15ae-4e98-b570-7f8e7e65ee10" pdf:Producer="Adobe PDF Library 15.0" pdfx:OLV0_XMD_PAGE_COUNT="8" Olv:publication="OHI" Olv:issue_date="2016/11/15">
			<Olv:TimeTrack>
				<rdf:Seq>
					<rdf:li>
						<rdf:Description Olv:GUID="{5DE1B8E6-375D-4266-9329-45B23F576B17}" Olv:Status="Succeeded" Olv:File="060-OHI-2016-11-15-0001.pdf" Olv:Pages="8" Olv:Comp="SEG04" Olv:User="pipex" Olv:Start="2019-08-06T13:18:53+05:30" Olv:End="2019-08-06T13:19:08+05:30" Olv:TotalTime="00:00:15" Olv:IdleTime="00:00:00">
							<Olv:Operations>
								<rdf:Bag>
									<rdf:li>Auto Segmentation</rdf:li>
									<rdf:li>First session</rdf:li>
								</rdf:Bag>
							</Olv:Operations>
						</rdf:Description>
					</rdf:li>
					<rdf:li>
						<rdf:Description Olv:GUID="{D6BC0D9C-A28F-40D8-A9CD-45CD9DE917E2}" Olv:Status="None" Olv:File="060-OHI-2016-11-15-0001.pdf" Olv:Pages="8" Olv:Comp="MDOPS-C17" Olv:User="001664" Olv:Start="2019-08-19T11:02:21+05:30" Olv:End="2019-08-19T12:01:00+05:30" Olv:TotalTime="00:58:39" Olv:IdleTime="00:03:29">
							<Olv:Operations>
								<rdf:Bag>
									<rdf:li>Edit Segmentation</rdf:li>
								</rdf:Bag>
							</Olv:Operations>
						</rdf:Description>
					</rdf:li>
					<rdf:li>
						<rdf:Description Olv:GUID="{A797B4EE-CDF1-4A39-8208-727806EFDDCE}" Olv:Status="None" Olv:File="060-OHI-2016-11-15-0001.pdf" Olv:Pages="8" Olv:Comp="MDOPS-C13" Olv:User="000953" Olv:Start="2019-08-28T14:46:05+05:30" Olv:End="2019-08-28T14:48:46+05:30" Olv:TotalTime="00:02:41" Olv:IdleTime="00:01:37">
							<Olv:Operations>
								<rdf:Bag>
									<rdf:li>Edit Segmentation</rdf:li>
								</rdf:Bag>
							</Olv:Operations>
						</rdf:Description>
					</rdf:li>
					<rdf:li>
						<rdf:Description Olv:GUID="{E693A864-09EA-47EE-B9BC-09157F42E265}" Olv:Status="None" Olv:File="060-OHI-2016-11-15-0001.pdf" Olv:Pages="8" Olv:Comp="MDOPS-C13" Olv:User="000953" Olv:Start="2019-08-28T14:57:26+05:30" Olv:End="2019-08-28T14:57:36+05:30" Olv:TotalTime="00:00:10" Olv:IdleTime="00:00:00">
							<Olv:Operations>
								<rdf:Bag>
									<rdf:li>Edit Segmentation</rdf:li>
								</rdf:Bag>
							</Olv:Operations>
						</rdf:Description>
					</rdf:li>
					<rdf:li>
						<rdf:Description Olv:GUID="{2FE3B8EA-05F0-4FDC-AE9B-A6A9C064DBCB}" Olv:Status="None" Olv:File="060-OHI-2016-11-15-0001.pdf" Olv:Pages="8" Olv:Comp="MDOPS-C13" Olv:User="000953" Olv:Start="2019-08-28T15:08:00+05:30" Olv:End="2019-08-28T15:08:07+05:30" Olv:TotalTime="00:00:07" Olv:IdleTime="00:00:00">
							<Olv:Operations>
								<rdf:Bag>
									<rdf:li>Edit Segmentation</rdf:li>
								</rdf:Bag>
							</Olv:Operations>
						</rdf:Description>
					</rdf:li>
					<rdf:li>
						<rdf:Description Olv:GUID="{807D6931-7A9A-435B-B31C-B93754B6842C}" Olv:Status="Succeeded" Olv:File="060-OHI-2016-11-15-0001.pdf" Olv:Pages="8" Olv:Comp="SEG06" Olv:User="pipex" Olv:Start="2019-08-31T09:49:10+05:30" Olv:End="2019-08-31T09:49:57+05:30" Olv:TotalTime="00:00:47" Olv:IdleTime="00:00:47">
							<Olv:Operations>
								<rdf:Bag>
									<rdf:li>Output</rdf:li>
								</rdf:Bag>
							</Olv:Operations>
						</rdf:Description>
					</rdf:li>
				</rdf:Seq>
			</Olv:TimeTrack>
		</rdf:Description>
	</rdf:RDF>
</x:xmpmeta>
