<x:xmpmeta xmlns:x="adobe:ns:meta/" x:xmptk="Adobe XMP Core 5.4-c005 78.147326, 2012/08/23-13:03:03        ">
	<rdf:RDF xmlns:rdf="http://www.w3.org/1999/02/22-rdf-syntax-ns#">
		<rdf:Description rdf:about="" xmlns:xmp="http://ns.adobe.com/xap/1.0/" xmlns:dc="http://purl.org/dc/elements/1.1/" xmlns:xmpMM="http://ns.adobe.com/xap/1.0/mm/" xmlns:pdf="http://ns.adobe.com/pdf/1.3/" xmlns:pdfx="http://ns.adobe.com/pdfx/1.3/" xmlns:Olv="Olive" xmp:ModifyDate="2019-08-31T10:04:18+05:30" xmp:CreateDate="2016-02-03T21:36:27-05:00" xmp:MetadataDate="2019-08-31T10:04:18+05:30" xmp:CreatorTool="Adobe InDesign CC 2015 (Macintosh)" dc:format="application/pdf" xmpMM:DocumentID="uuid:eeb196c4-e119-2f48-9814-6f00b07ae2a8" xmpMM:InstanceID="uuid:1636c8f1-edd1-43b1-9751-cce15b89160f" pdf:Producer="Adobe PDF Library 15.0" pdfx:OLV0_XMD_PAGE_COUNT="12" Olv:publication="OHI" Olv:issue_date="2016/ 2/ 4">
			<Olv:TimeTrack>
				<rdf:Seq>
					<rdf:li>
						<rdf:Description Olv:GUID="{F1CA31E1-0BD5-4637-B1E3-5F95958497F5}" Olv:Status="Succeeded" Olv:File="060-OHI-2016-02-04-0001.pdf" Olv:Pages="12" Olv:Comp="SEG07" Olv:User="pipex" Olv:Start="2019-08-06T13:20:33+05:30" Olv:End="2019-08-06T13:20:47+05:30" Olv:TotalTime="00:00:14" Olv:IdleTime="00:00:00">
							<Olv:Operations>
								<rdf:Bag>
									<rdf:li>Auto Segmentation</rdf:li>
									<rdf:li>First session</rdf:li>
								</rdf:Bag>
							</Olv:Operations>
						</rdf:Description>
					</rdf:li>
					<rdf:li>
						<rdf:Description Olv:GUID="{91A810C6-3D4F-4273-B771-0DBB97A5516C}" Olv:Status="None" Olv:File="060-OHI-2016-02-04-0001.pdf" Olv:Pages="12" Olv:Comp="MDOPS-C16" Olv:User="001661" Olv:Start="2019-08-18T09:04:20+05:30" Olv:End="2019-08-18T10:09:01+05:30" Olv:TotalTime="01:04:41" Olv:IdleTime="00:03:09">
							<Olv:Operations>
								<rdf:Bag>
									<rdf:li>Edit Segmentation</rdf:li>
								</rdf:Bag>
							</Olv:Operations>
						</rdf:Description>
					</rdf:li>
					<rdf:li>
						<rdf:Description Olv:GUID="{03C43E61-AD1E-4E27-875D-589D55B85328}" Olv:Status="None" Olv:File="060-OHI-2016-02-04-0001.pdf" Olv:Pages="12" Olv:Comp="MDOPS-C08" Olv:User="000949" Olv:Start="2019-08-28T13:23:22+05:30" Olv:End="2019-08-28T13:32:07+05:30" Olv:TotalTime="00:08:45" Olv:IdleTime="00:00:37">
							<Olv:Operations>
								<rdf:Bag>
									<rdf:li>Edit Segmentation</rdf:li>
								</rdf:Bag>
							</Olv:Operations>
						</rdf:Description>
					</rdf:li>
					<rdf:li>
						<rdf:Description Olv:GUID="{F2E82EF9-7F6D-4B39-AECD-E3F58C8BD93F}" Olv:Status="None" Olv:File="060-OHI-2016-02-04-0001.pdf" Olv:Pages="12" Olv:Comp="MDOPS-C08" Olv:User="000949" Olv:Start="2019-08-28T13:33:19+05:30" Olv:End="2019-08-28T13:33:46+05:30" Olv:TotalTime="00:00:27" Olv:IdleTime="00:00:00">
							<Olv:Operations>
								<rdf:Bag>
									<rdf:li>Edit Segmentation</rdf:li>
								</rdf:Bag>
							</Olv:Operations>
						</rdf:Description>
					</rdf:li>
					<rdf:li>
						<rdf:Description Olv:GUID="{46A968B4-97B6-4CA2-99E2-A5F89572179D}" Olv:Status="Succeeded" Olv:File="060-OHI-2016-02-04-0001.pdf" Olv:Pages="12" Olv:Comp="SEG04" Olv:User="pipex" Olv:Start="2019-08-31T10:04:19+05:30" Olv:End="2019-08-31T10:05:34+05:30" Olv:TotalTime="00:01:15" Olv:IdleTime="00:01:15">
							<Olv:Operations>
								<rdf:Bag>
									<rdf:li>Output</rdf:li>
								</rdf:Bag>
							</Olv:Operations>
						</rdf:Description>
					</rdf:li>
				</rdf:Seq>
			</Olv:TimeTrack>
		</rdf:Description>
	</rdf:RDF>
</x:xmpmeta>
