<x:xmpmeta xmlns:x="adobe:ns:meta/" x:xmptk="Adobe XMP Core 5.4-c005 78.147326, 2012/08/23-13:03:03        ">
	<rdf:RDF xmlns:rdf="http://www.w3.org/1999/02/22-rdf-syntax-ns#">
		<rdf:Description rdf:about="" xmlns:xmp="http://ns.adobe.com/xap/1.0/" xmlns:dc="http://purl.org/dc/elements/1.1/" xmlns:xmpMM="http://ns.adobe.com/xap/1.0/mm/" xmlns:pdf="http://ns.adobe.com/pdf/1.3/" xmlns:pdfx="http://ns.adobe.com/pdfx/1.3/" xmlns:Olv="Olive" xmp:ModifyDate="2019-08-31T11:13:33+05:30" xmp:CreateDate="2017-08-23T22:14:15-04:00" xmp:MetadataDate="2019-08-31T11:13:33+05:30" xmp:CreatorTool="Adobe InDesign CC 2017 (Macintosh)" dc:format="application/pdf" xmpMM:DocumentID="uuid:5cae3c39-03dc-5341-a0e3-6d8a9131b53e" xmpMM:InstanceID="uuid:8bf99e7a-01b4-4a8c-85f0-99fe85d093e3" pdf:Producer="Adobe PDF Library 15.0" pdfx:OLV0_XMD_PAGE_COUNT="8" Olv:publication="OHI" Olv:issue_date="2017/ 8/24">
			<Olv:TimeTrack>
				<rdf:Seq>
					<rdf:li>
						<rdf:Description Olv:GUID="{868C51E6-DB0A-4910-B3B3-320CF8427EF1}" Olv:Status="Succeeded" Olv:File="060-OHI-2017-08-24-0001.pdf" Olv:Pages="8" Olv:Comp="SEG06" Olv:User="pipex" Olv:Start="2019-08-06T13:25:06+05:30" Olv:End="2019-08-06T13:25:18+05:30" Olv:TotalTime="00:00:12" Olv:IdleTime="00:00:00">
							<Olv:Operations>
								<rdf:Bag>
									<rdf:li>Auto Segmentation</rdf:li>
									<rdf:li>First session</rdf:li>
								</rdf:Bag>
							</Olv:Operations>
						</rdf:Description>
					</rdf:li>
					<rdf:li>
						<rdf:Description Olv:GUID="{4155B336-490A-4E1C-A488-B9A4F6CD054B}" Olv:Status="None" Olv:File="060-OHI-2017-08-24-0001.pdf" Olv:Pages="8" Olv:Comp="MDOPS-C17" Olv:User="001664" Olv:Start="2019-08-20T10:18:35+05:30" Olv:End="2019-08-20T11:13:08+05:30" Olv:TotalTime="00:54:33" Olv:IdleTime="00:13:06">
							<Olv:Operations>
								<rdf:Bag>
									<rdf:li>Edit Segmentation</rdf:li>
								</rdf:Bag>
							</Olv:Operations>
						</rdf:Description>
					</rdf:li>
					<rdf:li>
						<rdf:Description Olv:GUID="{395CA4A1-69C4-43DE-B907-5747AFD8F88A}" Olv:Status="None" Olv:File="060-OHI-2017-08-24-0001.pdf" Olv:Pages="8" Olv:Comp="MDOPS-C2" Olv:User="001086" Olv:Start="2019-08-28T15:59:19+05:30" Olv:End="2019-08-28T16:02:25+05:30" Olv:TotalTime="00:03:06" Olv:IdleTime="00:00:00">
							<Olv:Operations>
								<rdf:Bag>
									<rdf:li>Edit Segmentation</rdf:li>
								</rdf:Bag>
							</Olv:Operations>
						</rdf:Description>
					</rdf:li>
					<rdf:li>
						<rdf:Description Olv:GUID="{E209B8CD-42B8-42AE-88C1-D61B35AF89C9}" Olv:Status="Succeeded" Olv:File="060-OHI-2017-08-24-0001.pdf" Olv:Pages="8" Olv:Comp="SEG03" Olv:User="pipex" Olv:Start="2019-08-31T11:13:34+05:30" Olv:End="2019-08-31T11:14:11+05:30" Olv:TotalTime="00:00:37" Olv:IdleTime="00:00:37">
							<Olv:Operations>
								<rdf:Bag>
									<rdf:li>Output</rdf:li>
								</rdf:Bag>
							</Olv:Operations>
						</rdf:Description>
					</rdf:li>
				</rdf:Seq>
			</Olv:TimeTrack>
		</rdf:Description>
	</rdf:RDF>
</x:xmpmeta>
