<x:xmpmeta xmlns:x="adobe:ns:meta/" x:xmptk="Adobe XMP Core 5.4-c005 78.147326, 2012/08/23-13:03:03        ">
	<rdf:RDF xmlns:rdf="http://www.w3.org/1999/02/22-rdf-syntax-ns#">
		<rdf:Description rdf:about="" xmlns:xmp="http://ns.adobe.com/xap/1.0/" xmlns:dc="http://purl.org/dc/elements/1.1/" xmlns:xmpMM="http://ns.adobe.com/xap/1.0/mm/" xmlns:pdf="http://ns.adobe.com/pdf/1.3/" xmlns:pdfx="http://ns.adobe.com/pdfx/1.3/" xmlns:Olv="Olive" xmp:ModifyDate="2019-08-31T10:45:23+05:30" xmp:CreateDate="2017-11-20T22:00:59-05:00" xmp:MetadataDate="2019-08-31T10:45:23+05:30" xmp:CreatorTool="Adobe InDesign CC 2017 (Macintosh)" dc:format="application/pdf" xmpMM:DocumentID="uuid:826c5c43-7efa-5e49-b98d-c470b5da0cc0" xmpMM:InstanceID="uuid:57b150f3-040e-43c0-9542-8e2134f00e57" pdf:Producer="Adobe PDF Library 15.0" pdfx:OLV0_XMD_PAGE_COUNT="12" Olv:publication="OHI" Olv:issue_date="2017/11/21">
			<Olv:TimeTrack>
				<rdf:Seq>
					<rdf:li>
						<rdf:Description Olv:GUID="{4DF557B2-BF09-447C-B876-70FF6BE6254B}" Olv:Status="Succeeded" Olv:File="060-OHI-2017-11-21-0001.pdf" Olv:Pages="12" Olv:Comp="SEG04" Olv:User="pipex" Olv:Start="2019-08-06T13:22:45+05:30" Olv:End="2019-08-06T13:22:58+05:30" Olv:TotalTime="00:00:13" Olv:IdleTime="00:00:00">
							<Olv:Operations>
								<rdf:Bag>
									<rdf:li>Auto Segmentation</rdf:li>
									<rdf:li>First session</rdf:li>
								</rdf:Bag>
							</Olv:Operations>
						</rdf:Description>
					</rdf:li>
					<rdf:li>
						<rdf:Description Olv:GUID="{6A776BA5-F592-47AD-89C2-6128C34962CF}" Olv:Status="None" Olv:File="060-OHI-2017-11-21-0001.pdf" Olv:Pages="12" Olv:Comp="MDOPS-C15" Olv:User="001660" Olv:Start="2019-08-20T14:33:40+05:30" Olv:End="2019-08-20T15:33:00+05:30" Olv:TotalTime="00:59:20" Olv:IdleTime="00:03:35">
							<Olv:Operations>
								<rdf:Bag>
									<rdf:li>Edit Segmentation</rdf:li>
								</rdf:Bag>
							</Olv:Operations>
						</rdf:Description>
					</rdf:li>
					<rdf:li>
						<rdf:Description Olv:GUID="{5AE1168E-B609-4DB4-9C1A-234FBAA9F20C}" Olv:Status="None" Olv:File="060-OHI-2017-11-21-0001.pdf" Olv:Pages="12" Olv:Comp="MDOPS-C13" Olv:User="000953" Olv:Start="2019-08-29T07:47:22+05:30" Olv:End="2019-08-29T08:01:10+05:30" Olv:TotalTime="00:13:48" Olv:IdleTime="00:04:54">
							<Olv:Operations>
								<rdf:Bag>
									<rdf:li>Edit Segmentation</rdf:li>
								</rdf:Bag>
							</Olv:Operations>
						</rdf:Description>
					</rdf:li>
					<rdf:li>
						<rdf:Description Olv:GUID="{518FEA3E-669F-4E77-8F71-E4189A6799FE}" Olv:Status="Succeeded" Olv:File="060-OHI-2017-11-21-0001.pdf" Olv:Pages="12" Olv:Comp="SEG03" Olv:User="pipex" Olv:Start="2019-08-31T10:45:24+05:30" Olv:End="2019-08-31T10:46:36+05:30" Olv:TotalTime="00:01:12" Olv:IdleTime="00:01:12">
							<Olv:Operations>
								<rdf:Bag>
									<rdf:li>Output</rdf:li>
								</rdf:Bag>
							</Olv:Operations>
						</rdf:Description>
					</rdf:li>
				</rdf:Seq>
			</Olv:TimeTrack>
		</rdf:Description>
	</rdf:RDF>
</x:xmpmeta>
