<x:xmpmeta xmlns:x="adobe:ns:meta/" x:xmptk="Adobe XMP Core 5.4-c005 78.147326, 2012/08/23-13:03:03        ">
	<rdf:RDF xmlns:rdf="http://www.w3.org/1999/02/22-rdf-syntax-ns#">
		<rdf:Description rdf:about="" xmlns:xmp="http://ns.adobe.com/xap/1.0/" xmlns:dc="http://purl.org/dc/elements/1.1/" xmlns:xmpMM="http://ns.adobe.com/xap/1.0/mm/" xmlns:pdf="http://ns.adobe.com/pdf/1.3/" xmlns:pdfx="http://ns.adobe.com/pdfx/1.3/" xmlns:Olv="Olive" xmp:ModifyDate="2019-08-31T10:44:36+05:30" xmp:CreateDate="2017-11-29T22:02:43-05:00" xmp:MetadataDate="2019-08-31T10:44:36+05:30" xmp:CreatorTool="Adobe InDesign CC 2017 (Macintosh)" dc:format="application/pdf" xmpMM:DocumentID="uuid:2c8b3c2b-f778-8745-9642-8946004dadad" xmpMM:InstanceID="uuid:95572ea9-258c-49cf-a364-f0707bac1263" pdf:Producer="Adobe PDF Library 15.0" pdfx:OLV0_XMD_PAGE_COUNT="12" Olv:publication="OHI" Olv:issue_date="2017/11/30">
			<Olv:TimeTrack>
				<rdf:Seq>
					<rdf:li>
						<rdf:Description Olv:GUID="{956A1ABC-3988-4BF8-AC4E-7BF809DE4126}" Olv:Status="Succeeded" Olv:File="060-OHI-2017-11-30-0001.pdf" Olv:Pages="12" Olv:Comp="SEG02" Olv:User="pipex" Olv:Start="2019-08-06T13:22:57+05:30" Olv:End="2019-08-06T13:23:13+05:30" Olv:TotalTime="00:00:16" Olv:IdleTime="00:00:00">
							<Olv:Operations>
								<rdf:Bag>
									<rdf:li>Auto Segmentation</rdf:li>
									<rdf:li>First session</rdf:li>
								</rdf:Bag>
							</Olv:Operations>
						</rdf:Description>
					</rdf:li>
					<rdf:li>
						<rdf:Description Olv:GUID="{9E87E6A4-5C31-4109-B7EC-C45E99022C35}" Olv:Status="None" Olv:File="060-OHI-2017-11-30-0001.pdf" Olv:Pages="12" Olv:Comp="MDOPS-C18" Olv:User="001662" Olv:Start="2019-08-20T14:54:12+05:30" Olv:End="2019-08-20T16:11:56+05:30" Olv:TotalTime="01:17:44" Olv:IdleTime="00:22:08">
							<Olv:Operations>
								<rdf:Bag>
									<rdf:li>Edit Segmentation</rdf:li>
								</rdf:Bag>
							</Olv:Operations>
						</rdf:Description>
					</rdf:li>
					<rdf:li>
						<rdf:Description Olv:GUID="{38E47FE9-7854-464D-87F2-DCB1EFE9676F}" Olv:Status="None" Olv:File="060-OHI-2017-11-30-0001.pdf" Olv:Pages="12" Olv:Comp="MDOPS-C07" Olv:User="000675" Olv:Start="2019-08-29T07:42:02+05:30" Olv:End="2019-08-29T07:55:18+05:30" Olv:TotalTime="00:13:16" Olv:IdleTime="00:05:11">
							<Olv:Operations>
								<rdf:Bag>
									<rdf:li>Edit Segmentation</rdf:li>
								</rdf:Bag>
							</Olv:Operations>
						</rdf:Description>
					</rdf:li>
					<rdf:li>
						<rdf:Description Olv:GUID="{11990C13-5D2C-4A1C-B06B-F5B1DF5DB5BD}" Olv:Status="Succeeded" Olv:File="060-OHI-2017-11-30-0001.pdf" Olv:Pages="12" Olv:Comp="SEG07" Olv:User="pipex" Olv:Start="2019-08-31T10:44:38+05:30" Olv:End="2019-08-31T10:45:46+05:30" Olv:TotalTime="00:01:08" Olv:IdleTime="00:01:08">
							<Olv:Operations>
								<rdf:Bag>
									<rdf:li>Output</rdf:li>
								</rdf:Bag>
							</Olv:Operations>
						</rdf:Description>
					</rdf:li>
				</rdf:Seq>
			</Olv:TimeTrack>
		</rdf:Description>
	</rdf:RDF>
</x:xmpmeta>
