<x:xmpmeta xmlns:x="adobe:ns:meta/" x:xmptk="Adobe XMP Core 5.4-c005 78.147326, 2012/08/23-13:03:03        ">
	<rdf:RDF xmlns:rdf="http://www.w3.org/1999/02/22-rdf-syntax-ns#">
		<rdf:Description rdf:about="" xmlns:xmp="http://ns.adobe.com/xap/1.0/" xmlns:dc="http://purl.org/dc/elements/1.1/" xmlns:xmpMM="http://ns.adobe.com/xap/1.0/mm/" xmlns:pdf="http://ns.adobe.com/pdf/1.3/" xmlns:pdfx="http://ns.adobe.com/pdfx/1.3/" xmlns:Olv="Olive" xmp:ModifyDate="2019-08-31T11:22:10+05:30" xmp:CreateDate="2017-09-06T22:04:05-04:00" xmp:MetadataDate="2019-08-31T11:22:10+05:30" xmp:CreatorTool="Adobe InDesign CC 2017 (Macintosh)" dc:format="application/pdf" xmpMM:DocumentID="uuid:02526387-d8be-ee47-9a07-f621118e90ab" xmpMM:InstanceID="uuid:a719a688-5ba6-44db-a6d9-d7b9d10dea91" pdf:Producer="Adobe PDF Library 15.0" pdfx:OLV0_XMD_PAGE_COUNT="8" Olv:publication="OHI" Olv:issue_date="2017/ 9/ 7">
			<Olv:TimeTrack>
				<rdf:Seq>
					<rdf:li>
						<rdf:Description Olv:GUID="{DEBC8D41-923F-4B01-A441-238FAFCD9EBC}" Olv:Status="Succeeded" Olv:File="060-OHI-2017-09-07-0001.pdf" Olv:Pages="8" Olv:Comp="SEG06" Olv:User="pipex" Olv:Start="2019-08-06T13:25:45+05:30" Olv:End="2019-08-06T13:25:56+05:30" Olv:TotalTime="00:00:11" Olv:IdleTime="00:00:00">
							<Olv:Operations>
								<rdf:Bag>
									<rdf:li>Auto Segmentation</rdf:li>
									<rdf:li>First session</rdf:li>
								</rdf:Bag>
							</Olv:Operations>
						</rdf:Description>
					</rdf:li>
					<rdf:li>
						<rdf:Description Olv:GUID="{E63C58CC-12D5-43B8-B344-69092575E0E5}" Olv:Status="None" Olv:File="060-OHI-2017-09-07-0001.pdf" Olv:Pages="8" Olv:Comp="MDOPS-C15" Olv:User="001660" Olv:Start="2019-08-20T11:07:20+05:30" Olv:End="2019-08-20T11:37:35+05:30" Olv:TotalTime="00:30:15" Olv:IdleTime="00:00:42">
							<Olv:Operations>
								<rdf:Bag>
									<rdf:li>Edit Segmentation</rdf:li>
								</rdf:Bag>
							</Olv:Operations>
						</rdf:Description>
					</rdf:li>
					<rdf:li>
						<rdf:Description Olv:GUID="{7D2188D4-EBAA-443D-A04A-C188EAA3B526}" Olv:Status="None" Olv:File="060-OHI-2017-09-07-0001.pdf" Olv:Pages="8" Olv:Comp="MDOPS-B41" Olv:User="001090" Olv:Start="2019-08-28T16:25:23+05:30" Olv:End="2019-08-28T16:32:35+05:30" Olv:TotalTime="00:07:12" Olv:IdleTime="00:00:00">
							<Olv:Operations>
								<rdf:Bag>
									<rdf:li>Edit Segmentation</rdf:li>
								</rdf:Bag>
							</Olv:Operations>
						</rdf:Description>
					</rdf:li>
					<rdf:li>
						<rdf:Description Olv:GUID="{FCC14D40-51A9-4DC1-A078-24342054542D}" Olv:Status="Succeeded" Olv:File="060-OHI-2017-09-07-0001.pdf" Olv:Pages="8" Olv:Comp="SEG06" Olv:User="pipex" Olv:Start="2019-08-31T11:22:11+05:30" Olv:End="2019-08-31T11:22:54+05:30" Olv:TotalTime="00:00:43" Olv:IdleTime="00:00:43">
							<Olv:Operations>
								<rdf:Bag>
									<rdf:li>Output</rdf:li>
								</rdf:Bag>
							</Olv:Operations>
						</rdf:Description>
					</rdf:li>
				</rdf:Seq>
			</Olv:TimeTrack>
		</rdf:Description>
	</rdf:RDF>
</x:xmpmeta>
