<x:xmpmeta xmlns:x="adobe:ns:meta/" x:xmptk="Adobe XMP Core 5.4-c005 78.147326, 2012/08/23-13:03:03        ">
	<rdf:RDF xmlns:rdf="http://www.w3.org/1999/02/22-rdf-syntax-ns#">
		<rdf:Description rdf:about="" xmlns:xmp="http://ns.adobe.com/xap/1.0/" xmlns:dc="http://purl.org/dc/elements/1.1/" xmlns:xmpMM="http://ns.adobe.com/xap/1.0/mm/" xmlns:pdf="http://ns.adobe.com/pdf/1.3/" xmlns:pdfx="http://ns.adobe.com/pdfx/1.3/" xmlns:Olv="Olive" xmp:ModifyDate="2019-08-31T10:29:54+05:30" xmp:CreateDate="2016-09-19T21:54:48-04:00" xmp:MetadataDate="2019-08-31T10:29:54+05:30" xmp:CreatorTool="Adobe InDesign CC 2015 (Macintosh)" dc:format="application/pdf" xmpMM:DocumentID="uuid:7ea772e7-b5c9-9945-819b-8a6fc7fe1456" xmpMM:InstanceID="uuid:f5b92eb2-f751-448c-a78a-3249d0393739" pdf:Producer="Adobe PDF Library 15.0" pdfx:OLV0_XMD_PAGE_COUNT="8" Olv:publication="OHI" Olv:issue_date="2016/ 9/20">
			<Olv:TimeTrack>
				<rdf:Seq>
					<rdf:li>
						<rdf:Description Olv:GUID="{E7EFDCCB-B3FF-4C39-ACAB-07478853A5AF}" Olv:Status="Succeeded" Olv:File="060-OHI-2016-09-20-0001.pdf" Olv:Pages="8" Olv:Comp="SEG02" Olv:User="pipex" Olv:Start="2019-08-06T13:21:53+05:30" Olv:End="2019-08-06T13:22:07+05:30" Olv:TotalTime="00:00:14" Olv:IdleTime="00:00:00">
							<Olv:Operations>
								<rdf:Bag>
									<rdf:li>Auto Segmentation</rdf:li>
									<rdf:li>First session</rdf:li>
								</rdf:Bag>
							</Olv:Operations>
						</rdf:Description>
					</rdf:li>
					<rdf:li>
						<rdf:Description Olv:GUID="{6F22989A-8FA4-49CC-B3FB-5F7345C1BE32}" Olv:Status="None" Olv:File="060-OHI-2016-09-20-0001.pdf" Olv:Pages="8" Olv:Comp="MDOPS-C18" Olv:User="001662" Olv:Start="2019-08-18T16:25:30+05:30" Olv:End="2019-08-18T17:00:10+05:30" Olv:TotalTime="00:34:40" Olv:IdleTime="00:00:00">
							<Olv:Operations>
								<rdf:Bag>
									<rdf:li>Edit Segmentation</rdf:li>
								</rdf:Bag>
							</Olv:Operations>
						</rdf:Description>
					</rdf:li>
					<rdf:li>
						<rdf:Description Olv:GUID="{284EC131-03C9-4B73-9050-1A736CB76500}" Olv:Status="None" Olv:File="060-OHI-2016-09-20-0001.pdf" Olv:Pages="8" Olv:Comp="MDOPS-C2" Olv:User="001086" Olv:Start="2019-08-28T14:16:45+05:30" Olv:End="2019-08-28T14:21:24+05:30" Olv:TotalTime="00:04:39" Olv:IdleTime="00:00:35">
							<Olv:Operations>
								<rdf:Bag>
									<rdf:li>Edit Segmentation</rdf:li>
								</rdf:Bag>
							</Olv:Operations>
						</rdf:Description>
					</rdf:li>
					<rdf:li>
						<rdf:Description Olv:GUID="{46FF638C-EA14-43D5-9A84-FBE0E9019F76}" Olv:Status="Succeeded" Olv:File="060-OHI-2016-09-20-0001.pdf" Olv:Pages="8" Olv:Comp="SEG06" Olv:User="pipex" Olv:Start="2019-08-31T10:29:55+05:30" Olv:End="2019-08-31T10:30:48+05:30" Olv:TotalTime="00:00:53" Olv:IdleTime="00:00:53">
							<Olv:Operations>
								<rdf:Bag>
									<rdf:li>Output</rdf:li>
								</rdf:Bag>
							</Olv:Operations>
						</rdf:Description>
					</rdf:li>
				</rdf:Seq>
			</Olv:TimeTrack>
		</rdf:Description>
	</rdf:RDF>
</x:xmpmeta>
