<x:xmpmeta xmlns:x="adobe:ns:meta/" x:xmptk="Adobe XMP Core 5.4-c005 78.147326, 2012/08/23-13:03:03        ">
	<rdf:RDF xmlns:rdf="http://www.w3.org/1999/02/22-rdf-syntax-ns#">
		<rdf:Description rdf:about="" xmlns:xmp="http://ns.adobe.com/xap/1.0/" xmlns:dc="http://purl.org/dc/elements/1.1/" xmlns:xmpMM="http://ns.adobe.com/xap/1.0/mm/" xmlns:pdf="http://ns.adobe.com/pdf/1.3/" xmlns:pdfx="http://ns.adobe.com/pdfx/1.3/" xmlns:Olv="Olive" xmp:ModifyDate="2019-08-31T10:25:46+05:30" xmp:CreateDate="2016-08-31T22:01:15-04:00" xmp:MetadataDate="2019-08-31T10:25:46+05:30" xmp:CreatorTool="Adobe InDesign CC 2015 (Macintosh)" dc:format="application/pdf" xmpMM:DocumentID="uuid:990c6fca-2de7-4d44-bc90-19ae8b5ff695" xmpMM:InstanceID="uuid:d7a5effb-7e5d-4315-adc3-7be344fa67f2" pdf:Producer="Adobe PDF Library 15.0" pdfx:OLV0_XMD_PAGE_COUNT="8" Olv:publication="OHI" Olv:issue_date="2016/ 9/ 1">
			<Olv:TimeTrack>
				<rdf:Seq>
					<rdf:li>
						<rdf:Description Olv:GUID="{5A4BF9D5-3719-4F62-8489-5F966870BC57}" Olv:Status="Succeeded" Olv:File="060-OHI-2016-09-01-0001.pdf" Olv:Pages="8" Olv:Comp="SEG06" Olv:User="pipex" Olv:Start="2019-08-06T13:21:31+05:30" Olv:End="2019-08-06T13:21:46+05:30" Olv:TotalTime="00:00:15" Olv:IdleTime="00:00:00">
							<Olv:Operations>
								<rdf:Bag>
									<rdf:li>Auto Segmentation</rdf:li>
									<rdf:li>First session</rdf:li>
								</rdf:Bag>
							</Olv:Operations>
						</rdf:Description>
					</rdf:li>
					<rdf:li>
						<rdf:Description Olv:GUID="{AFD0F151-5DD0-4CF5-8963-9D195963998A}" Olv:Status="None" Olv:File="060-OHI-2016-09-01-0001.pdf" Olv:Pages="8" Olv:Comp="MDOPS-C15" Olv:User="001660" Olv:Start="2019-08-18T15:14:08+05:30" Olv:End="2019-08-18T15:51:41+05:30" Olv:TotalTime="00:37:33" Olv:IdleTime="00:01:54">
							<Olv:Operations>
								<rdf:Bag>
									<rdf:li>Edit Segmentation</rdf:li>
								</rdf:Bag>
							</Olv:Operations>
						</rdf:Description>
					</rdf:li>
					<rdf:li>
						<rdf:Description Olv:GUID="{54C27901-CA0D-42FA-9E98-96A765C2D151}" Olv:Status="None" Olv:File="060-OHI-2016-09-01-0001.pdf" Olv:Pages="8" Olv:Comp="MDOPS-C20" Olv:User="000678" Olv:Start="2019-08-28T14:10:15+05:30" Olv:End="2019-08-28T14:17:52+05:30" Olv:TotalTime="00:07:37" Olv:IdleTime="00:00:47">
							<Olv:Operations>
								<rdf:Bag>
									<rdf:li>Edit Segmentation</rdf:li>
								</rdf:Bag>
							</Olv:Operations>
						</rdf:Description>
					</rdf:li>
					<rdf:li>
						<rdf:Description Olv:GUID="{B536C617-E347-45CF-B3D7-AC9079962243}" Olv:Status="Succeeded" Olv:File="060-OHI-2016-09-01-0001.pdf" Olv:Pages="8" Olv:Comp="SEG03" Olv:User="pipex" Olv:Start="2019-08-31T10:25:47+05:30" Olv:End="2019-08-31T10:26:31+05:30" Olv:TotalTime="00:00:44" Olv:IdleTime="00:00:44">
							<Olv:Operations>
								<rdf:Bag>
									<rdf:li>Output</rdf:li>
								</rdf:Bag>
							</Olv:Operations>
						</rdf:Description>
					</rdf:li>
				</rdf:Seq>
			</Olv:TimeTrack>
		</rdf:Description>
	</rdf:RDF>
</x:xmpmeta>
