<x:xmpmeta xmlns:x="adobe:ns:meta/" x:xmptk="Adobe XMP Core 5.4-c005 78.147326, 2012/08/23-13:03:03        ">
	<rdf:RDF xmlns:rdf="http://www.w3.org/1999/02/22-rdf-syntax-ns#">
		<rdf:Description rdf:about="" xmlns:xmp="http://ns.adobe.com/xap/1.0/" xmlns:dc="http://purl.org/dc/elements/1.1/" xmlns:xmpMM="http://ns.adobe.com/xap/1.0/mm/" xmlns:pdf="http://ns.adobe.com/pdf/1.3/" xmlns:pdfx="http://ns.adobe.com/pdfx/1.3/" xmlns:Olv="Olive" xmp:ModifyDate="2019-08-31T11:44:30+05:30" xmp:CreateDate="2018-02-05T21:58:56-05:00" xmp:MetadataDate="2019-08-31T11:44:30+05:30" xmp:CreatorTool="Adobe InDesign CC 13.0 (Macintosh)" dc:format="application/pdf" xmpMM:DocumentID="uuid:e0b1559e-3364-144a-8173-845fc185f44c" xmpMM:InstanceID="uuid:20150d54-b305-41f7-9c79-694dbf537d00" pdf:Producer="Adobe PDF Library 15.0" pdfx:OLV0_XMD_PAGE_COUNT="8" Olv:publication="OHI" Olv:issue_date="2018/ 2/ 6">
			<Olv:TimeTrack>
				<rdf:Seq>
					<rdf:li>
						<rdf:Description Olv:GUID="{673EE767-40B5-4223-B59B-5FE5CF7B7352}" Olv:Status="Succeeded" Olv:File="060-OHI-2018-02-06-0001.pdf" Olv:Pages="8" Olv:Comp="SEG02" Olv:User="pipex" Olv:Start="2019-08-06T13:27:26+05:30" Olv:End="2019-08-06T13:27:39+05:30" Olv:TotalTime="00:00:13" Olv:IdleTime="00:00:00">
							<Olv:Operations>
								<rdf:Bag>
									<rdf:li>Auto Segmentation</rdf:li>
									<rdf:li>First session</rdf:li>
								</rdf:Bag>
							</Olv:Operations>
						</rdf:Description>
					</rdf:li>
					<rdf:li>
						<rdf:Description Olv:GUID="{20292405-8414-4174-9BFB-635969BD9CF6}" Olv:Status="None" Olv:File="060-OHI-2018-02-06-0001.pdf" Olv:Pages="8" Olv:Comp="MDOPS-C18" Olv:User="001662" Olv:Start="2019-08-20T16:20:54+05:30" Olv:End="2019-08-20T17:17:57+05:30" Olv:TotalTime="00:57:03" Olv:IdleTime="00:15:56">
							<Olv:Operations>
								<rdf:Bag>
									<rdf:li>Edit Segmentation</rdf:li>
								</rdf:Bag>
							</Olv:Operations>
						</rdf:Description>
					</rdf:li>
					<rdf:li>
						<rdf:Description Olv:GUID="{669F029A-F8F1-49AB-8CD1-87509F89BAD2}" Olv:Status="None" Olv:File="060-OHI-2018-02-06-0001.pdf" Olv:Pages="8" Olv:Comp="MDOPS-C09" Olv:User="001128" Olv:Start="2019-08-29T08:19:03+05:30" Olv:End="2019-08-29T08:29:02+05:30" Olv:TotalTime="00:09:59" Olv:IdleTime="00:03:49">
							<Olv:Operations>
								<rdf:Bag>
									<rdf:li>Edit Segmentation</rdf:li>
								</rdf:Bag>
							</Olv:Operations>
						</rdf:Description>
					</rdf:li>
					<rdf:li>
						<rdf:Description Olv:GUID="{FB90F4BD-E61F-4A7B-931F-2D9479CAE604}" Olv:Status="Succeeded" Olv:File="060-OHI-2018-02-06-0001.pdf" Olv:Pages="8" Olv:Comp="SEG04" Olv:User="pipex" Olv:Start="2019-08-31T11:44:30+05:30" Olv:End="2019-08-31T11:45:09+05:30" Olv:TotalTime="00:00:39" Olv:IdleTime="00:00:39">
							<Olv:Operations>
								<rdf:Bag>
									<rdf:li>Output</rdf:li>
								</rdf:Bag>
							</Olv:Operations>
						</rdf:Description>
					</rdf:li>
				</rdf:Seq>
			</Olv:TimeTrack>
		</rdf:Description>
	</rdf:RDF>
</x:xmpmeta>
