<x:xmpmeta xmlns:x="adobe:ns:meta/" x:xmptk="Adobe XMP Core 5.4-c005 78.147326, 2012/08/23-13:03:03        ">
	<rdf:RDF xmlns:rdf="http://www.w3.org/1999/02/22-rdf-syntax-ns#">
		<rdf:Description rdf:about="" xmlns:xmp="http://ns.adobe.com/xap/1.0/" xmlns:dc="http://purl.org/dc/elements/1.1/" xmlns:xmpMM="http://ns.adobe.com/xap/1.0/mm/" xmlns:pdf="http://ns.adobe.com/pdf/1.3/" xmlns:pdfx="http://ns.adobe.com/pdfx/1.3/" xmlns:Olv="Olive" xmp:ModifyDate="2019-08-31T10:48:26+05:30" xmp:CreateDate="2017-01-18T21:54:18-05:00" xmp:MetadataDate="2019-08-31T10:48:26+05:30" xmp:CreatorTool="Adobe InDesign CC 2015 (Macintosh)" dc:format="application/pdf" xmpMM:DocumentID="uuid:e2dec9c2-e62a-5643-85aa-96b3fa7545c0" xmpMM:InstanceID="uuid:6bd1e12c-1b2c-43cf-90c8-a92c1b91bec5" pdf:Producer="Adobe PDF Library 15.0" pdfx:OLV0_XMD_PAGE_COUNT="8" Olv:publication="OHI" Olv:issue_date="2017/ 1/17">
			<Olv:TimeTrack>
				<rdf:Seq>
					<rdf:li>
						<rdf:Description Olv:GUID="{B45ED179-8729-46F3-A6C4-8221AD4B039D}" Olv:Status="Succeeded" Olv:File="060-OHI-2017-01-17-0001.pdf" Olv:Pages="8" Olv:Comp="SEG03" Olv:User="pipex" Olv:Start="2019-08-06T13:23:30+05:30" Olv:End="2019-08-06T13:23:47+05:30" Olv:TotalTime="00:00:17" Olv:IdleTime="00:00:00">
							<Olv:Operations>
								<rdf:Bag>
									<rdf:li>Auto Segmentation</rdf:li>
									<rdf:li>First session</rdf:li>
								</rdf:Bag>
							</Olv:Operations>
						</rdf:Description>
					</rdf:li>
					<rdf:li>
						<rdf:Description Olv:GUID="{B0FABBAC-453C-4D8B-858A-C9250F793328}" Olv:Status="None" Olv:File="060-OHI-2017-01-17-0001.pdf" Olv:Pages="8" Olv:Comp="MDOPS-C16" Olv:User="001661" Olv:Start="2019-08-19T12:13:41+05:30" Olv:End="2019-08-19T12:57:42+05:30" Olv:TotalTime="00:44:01" Olv:IdleTime="00:00:00">
							<Olv:Operations>
								<rdf:Bag>
									<rdf:li>Edit Segmentation</rdf:li>
								</rdf:Bag>
							</Olv:Operations>
						</rdf:Description>
					</rdf:li>
					<rdf:li>
						<rdf:Description Olv:GUID="{9C7B029E-551E-46DB-B64C-B6D155ADF610}" Olv:Status="None" Olv:File="060-OHI-2017-01-17-0001.pdf" Olv:Pages="8" Olv:Comp="MDOPS-C20" Olv:User="000678" Olv:Start="2019-08-28T14:47:45+05:30" Olv:End="2019-08-28T14:53:05+05:30" Olv:TotalTime="00:05:20" Olv:IdleTime="00:00:32">
							<Olv:Operations>
								<rdf:Bag>
									<rdf:li>Edit Segmentation</rdf:li>
								</rdf:Bag>
							</Olv:Operations>
						</rdf:Description>
					</rdf:li>
					<rdf:li>
						<rdf:Description Olv:GUID="{6AE4FEB4-F9CD-4160-ACD5-C7AAAC37EA5A}" Olv:Status="Succeeded" Olv:File="060-OHI-2017-01-17-0001.pdf" Olv:Pages="8" Olv:Comp="SEG07" Olv:User="pipex" Olv:Start="2019-08-31T10:48:27+05:30" Olv:End="2019-08-31T10:49:29+05:30" Olv:TotalTime="00:01:02" Olv:IdleTime="00:01:02">
							<Olv:Operations>
								<rdf:Bag>
									<rdf:li>Output</rdf:li>
								</rdf:Bag>
							</Olv:Operations>
						</rdf:Description>
					</rdf:li>
				</rdf:Seq>
			</Olv:TimeTrack>
		</rdf:Description>
	</rdf:RDF>
</x:xmpmeta>
