<x:xmpmeta xmlns:x="adobe:ns:meta/" x:xmptk="Adobe XMP Core 5.4-c005 78.147326, 2012/08/23-13:03:03        ">
	<rdf:RDF xmlns:rdf="http://www.w3.org/1999/02/22-rdf-syntax-ns#">
		<rdf:Description rdf:about="" xmlns:xmp="http://ns.adobe.com/xap/1.0/" xmlns:dc="http://purl.org/dc/elements/1.1/" xmlns:xmpMM="http://ns.adobe.com/xap/1.0/mm/" xmlns:pdf="http://ns.adobe.com/pdf/1.3/" xmlns:pdfx="http://ns.adobe.com/pdfx/1.3/" xmlns:Olv="Olive" xmp:ModifyDate="2019-08-31T10:14:16+05:30" xmp:CreateDate="2016-04-11T21:56:52-04:00" xmp:MetadataDate="2019-08-31T10:14:16+05:30" xmp:CreatorTool="Adobe InDesign CC 2015 (Macintosh)" dc:format="application/pdf" xmpMM:DocumentID="uuid:4eaafaa3-42bf-ec4a-a385-26c26e629474" xmpMM:InstanceID="uuid:a34b1d0d-8a5f-4c0f-99c4-20c82b57ba11" pdf:Producer="Adobe PDF Library 15.0" pdfx:OLV0_XMD_PAGE_COUNT="8" Olv:publication="OHI" Olv:issue_date="2016/ 4/12">
			<Olv:TimeTrack>
				<rdf:Seq>
					<rdf:li>
						<rdf:Description Olv:GUID="{3E49363F-AC0C-44DC-A18A-B39E65C380FB}" Olv:Status="Succeeded" Olv:File="060-OHI-2016-04-12-0001.pdf" Olv:Pages="8" Olv:Comp="SEG04" Olv:User="pipex" Olv:Start="2019-08-06T13:20:55+05:30" Olv:End="2019-08-06T13:21:06+05:30" Olv:TotalTime="00:00:11" Olv:IdleTime="00:00:00">
							<Olv:Operations>
								<rdf:Bag>
									<rdf:li>Auto Segmentation</rdf:li>
									<rdf:li>First session</rdf:li>
								</rdf:Bag>
							</Olv:Operations>
						</rdf:Description>
					</rdf:li>
					<rdf:li>
						<rdf:Description Olv:GUID="{F7459616-3A66-4D7D-954D-1FE4960AE7A4}" Olv:Status="None" Olv:File="060-OHI-2016-04-12-0001.pdf" Olv:Pages="8" Olv:Comp="MDOPS-C17" Olv:User="001664" Olv:Start="2019-08-18T12:39:58+05:30" Olv:End="2019-08-18T13:02:01+05:30" Olv:TotalTime="00:22:03" Olv:IdleTime="00:00:50">
							<Olv:Operations>
								<rdf:Bag>
									<rdf:li>Edit Segmentation</rdf:li>
								</rdf:Bag>
							</Olv:Operations>
						</rdf:Description>
					</rdf:li>
					<rdf:li>
						<rdf:Description Olv:GUID="{DCBB5C81-B63B-4AED-BF55-B0313151EFE0}" Olv:Status="None" Olv:File="060-OHI-2016-04-12-0001.pdf" Olv:Pages="8" Olv:Comp="MDOPS-C17" Olv:User="001664" Olv:Start="2019-08-18T13:31:43+05:30" Olv:End="2019-08-18T14:03:51+05:30" Olv:TotalTime="00:32:08" Olv:IdleTime="00:01:50">
							<Olv:Operations>
								<rdf:Bag>
									<rdf:li>Edit Segmentation</rdf:li>
								</rdf:Bag>
							</Olv:Operations>
						</rdf:Description>
					</rdf:li>
					<rdf:li>
						<rdf:Description Olv:GUID="{9238A01C-9CBE-4BF4-B7A0-618C8C8D7A6C}" Olv:Status="None" Olv:File="060-OHI-2016-04-12-0001.pdf" Olv:Pages="8" Olv:Comp="MDOPS-C07" Olv:User="000675" Olv:Start="2019-08-28T13:49:29+05:30" Olv:End="2019-08-28T14:00:22+05:30" Olv:TotalTime="00:10:53" Olv:IdleTime="00:07:09">
							<Olv:Operations>
								<rdf:Bag>
									<rdf:li>Edit Segmentation</rdf:li>
								</rdf:Bag>
							</Olv:Operations>
						</rdf:Description>
					</rdf:li>
					<rdf:li>
						<rdf:Description Olv:GUID="{7FD8E534-0350-450F-A0AF-A87E93F59484}" Olv:Status="None" Olv:File="060-OHI-2016-04-12-0001.pdf" Olv:Pages="8" Olv:Comp="MDOPS-C07" Olv:User="000675" Olv:Start="2019-08-28T14:01:00+05:30" Olv:End="2019-08-28T14:02:02+05:30" Olv:TotalTime="00:01:02" Olv:IdleTime="00:00:39">
							<Olv:Operations>
								<rdf:Bag>
									<rdf:li>Edit Segmentation</rdf:li>
								</rdf:Bag>
							</Olv:Operations>
						</rdf:Description>
					</rdf:li>
					<rdf:li>
						<rdf:Description Olv:GUID="{2A23884A-CFA7-421F-803B-C869F4127936}" Olv:Status="None" Olv:File="060-OHI-2016-04-12-0001.pdf" Olv:Pages="8" Olv:Comp="MDOPS-C07" Olv:User="000675" Olv:Start="2019-08-28T14:49:40+05:30" Olv:End="2019-08-28T14:50:02+05:30" Olv:TotalTime="00:00:22" Olv:IdleTime="00:00:00">
							<Olv:Operations>
								<rdf:Bag>
									<rdf:li>Edit Segmentation</rdf:li>
								</rdf:Bag>
							</Olv:Operations>
						</rdf:Description>
					</rdf:li>
					<rdf:li>
						<rdf:Description Olv:GUID="{3F45BF19-24FC-4E7F-9E45-2F901EC569F3}" Olv:Status="Succeeded" Olv:File="060-OHI-2016-04-12-0001.pdf" Olv:Pages="8" Olv:Comp="SEG03" Olv:User="pipex" Olv:Start="2019-08-31T10:14:17+05:30" Olv:End="2019-08-31T10:15:11+05:30" Olv:TotalTime="00:00:54" Olv:IdleTime="00:00:54">
							<Olv:Operations>
								<rdf:Bag>
									<rdf:li>Output</rdf:li>
								</rdf:Bag>
							</Olv:Operations>
						</rdf:Description>
					</rdf:li>
				</rdf:Seq>
			</Olv:TimeTrack>
		</rdf:Description>
	</rdf:RDF>
</x:xmpmeta>
