<x:xmpmeta xmlns:x="adobe:ns:meta/" x:xmptk="Adobe XMP Core 5.4-c005 78.147326, 2012/08/23-13:03:03        ">
	<rdf:RDF xmlns:rdf="http://www.w3.org/1999/02/22-rdf-syntax-ns#">
		<rdf:Description rdf:about="" xmlns:xmp="http://ns.adobe.com/xap/1.0/" xmlns:dc="http://purl.org/dc/elements/1.1/" xmlns:xmpMM="http://ns.adobe.com/xap/1.0/mm/" xmlns:pdf="http://ns.adobe.com/pdf/1.3/" xmlns:pdfx="http://ns.adobe.com/pdfx/1.3/" xmlns:Olv="Olive" xmp:ModifyDate="2019-08-31T11:19:59+05:30" xmp:CreateDate="2017-09-18T22:02:55-04:00" xmp:MetadataDate="2019-08-31T11:19:59+05:30" xmp:CreatorTool="Adobe InDesign CC 2017 (Macintosh)" dc:format="application/pdf" xmpMM:DocumentID="uuid:19389429-3e2b-a846-8373-8527ee95d995" xmpMM:InstanceID="uuid:fa9252c4-30bc-4aa1-9395-d594c21fbea7" pdf:Producer="Adobe PDF Library 15.0" pdfx:OLV0_XMD_PAGE_COUNT="8" Olv:publication="OHI" Olv:issue_date="2017/ 9/19">
			<Olv:TimeTrack>
				<rdf:Seq>
					<rdf:li>
						<rdf:Description Olv:GUID="{7BBA4B7E-C15E-49D7-AA88-3CFBB5A0BD9B}" Olv:Status="Succeeded" Olv:File="060-OHI-2017-09-19-0001.pdf" Olv:Pages="8" Olv:Comp="SEG03" Olv:User="pipex" Olv:Start="2019-08-06T13:25:37+05:30" Olv:End="2019-08-06T13:25:48+05:30" Olv:TotalTime="00:00:11" Olv:IdleTime="00:00:00">
							<Olv:Operations>
								<rdf:Bag>
									<rdf:li>Auto Segmentation</rdf:li>
									<rdf:li>First session</rdf:li>
								</rdf:Bag>
							</Olv:Operations>
						</rdf:Description>
					</rdf:li>
					<rdf:li>
						<rdf:Description Olv:GUID="{7453A552-8B76-49AA-B30B-B4237C8B8AFD}" Olv:Status="None" Olv:File="060-OHI-2017-09-19-0001.pdf" Olv:Pages="8" Olv:Comp="MDOPS-C14" Olv:User="001663" Olv:Start="2019-08-20T11:29:42+05:30" Olv:End="2019-08-20T12:43:00+05:30" Olv:TotalTime="01:13:18" Olv:IdleTime="00:01:53">
							<Olv:Operations>
								<rdf:Bag>
									<rdf:li>Edit Segmentation</rdf:li>
								</rdf:Bag>
							</Olv:Operations>
						</rdf:Description>
					</rdf:li>
					<rdf:li>
						<rdf:Description Olv:GUID="{0BF698CF-39FD-4884-95C1-0FDF24362F56}" Olv:Status="None" Olv:File="060-OHI-2017-09-19-0001.pdf" Olv:Pages="8" Olv:Comp="MDOPS-C2" Olv:User="001086" Olv:Start="2019-08-28T16:39:56+05:30" Olv:End="2019-08-28T16:54:36+05:30" Olv:TotalTime="00:14:40" Olv:IdleTime="00:05:23">
							<Olv:Operations>
								<rdf:Bag>
									<rdf:li>Edit Segmentation</rdf:li>
								</rdf:Bag>
							</Olv:Operations>
						</rdf:Description>
					</rdf:li>
					<rdf:li>
						<rdf:Description Olv:GUID="{70D7DC8B-F0BC-46B2-A4A7-13190AA89561}" Olv:Status="Succeeded" Olv:File="060-OHI-2017-09-19-0001.pdf" Olv:Pages="8" Olv:Comp="SEG07" Olv:User="pipex" Olv:Start="2019-08-31T11:19:59+05:30" Olv:End="2019-08-31T11:20:36+05:30" Olv:TotalTime="00:00:37" Olv:IdleTime="00:00:37">
							<Olv:Operations>
								<rdf:Bag>
									<rdf:li>Output</rdf:li>
								</rdf:Bag>
							</Olv:Operations>
						</rdf:Description>
					</rdf:li>
				</rdf:Seq>
			</Olv:TimeTrack>
		</rdf:Description>
	</rdf:RDF>
</x:xmpmeta>
