<x:xmpmeta xmlns:x="adobe:ns:meta/" x:xmptk="Adobe XMP Core 5.4-c005 78.147326, 2012/08/23-13:03:03        ">
	<rdf:RDF xmlns:rdf="http://www.w3.org/1999/02/22-rdf-syntax-ns#">
		<rdf:Description rdf:about="" xmlns:xmp="http://ns.adobe.com/xap/1.0/" xmlns:dc="http://purl.org/dc/elements/1.1/" xmlns:xmpMM="http://ns.adobe.com/xap/1.0/mm/" xmlns:pdf="http://ns.adobe.com/pdf/1.3/" xmlns:pdfx="http://ns.adobe.com/pdfx/1.3/" xmlns:Olv="Olive" xmp:ModifyDate="2019-08-31T10:13:42+05:30" xmp:CreateDate="2016-03-02T20:58:09-05:00" xmp:MetadataDate="2019-08-31T10:13:42+05:30" xmp:CreatorTool="Adobe InDesign CC 2015 (Macintosh)" dc:format="application/pdf" xmpMM:DocumentID="uuid:23a50c86-b59c-f144-949d-d8c06edd075e" xmpMM:InstanceID="uuid:22faaafa-0c39-4ac1-8116-3512f4ce47f3" pdf:Producer="Adobe PDF Library 15.0" pdfx:OLV0_XMD_PAGE_COUNT="8" Olv:publication="OHI" Olv:issue_date="2016/ 3/ 3">
			<Olv:TimeTrack>
				<rdf:Seq>
					<rdf:li>
						<rdf:Description Olv:GUID="{47A1AAE0-8C0F-4E56-98E7-D22094A3612D}" Olv:Status="Succeeded" Olv:File="060-OHI-2016-03-03-0001.pdf" Olv:Pages="8" Olv:Comp="SEG03" Olv:User="pipex" Olv:Start="2019-08-06T13:21:02+05:30" Olv:End="2019-08-06T13:21:18+05:30" Olv:TotalTime="00:00:16" Olv:IdleTime="00:00:00">
							<Olv:Operations>
								<rdf:Bag>
									<rdf:li>Auto Segmentation</rdf:li>
									<rdf:li>First session</rdf:li>
								</rdf:Bag>
							</Olv:Operations>
						</rdf:Description>
					</rdf:li>
					<rdf:li>
						<rdf:Description Olv:GUID="{EE91A1DE-BE59-4955-8210-4DC889D33D54}" Olv:Status="None" Olv:File="060-OHI-2016-03-03-0001.pdf" Olv:Pages="8" Olv:Comp="MDOPS-C17" Olv:User="001664" Olv:Start="2019-08-18T10:55:10+05:30" Olv:End="2019-08-18T11:44:41+05:30" Olv:TotalTime="00:49:31" Olv:IdleTime="00:00:31">
							<Olv:Operations>
								<rdf:Bag>
									<rdf:li>Edit Segmentation</rdf:li>
								</rdf:Bag>
							</Olv:Operations>
						</rdf:Description>
					</rdf:li>
					<rdf:li>
						<rdf:Description Olv:GUID="{595E51AF-0A0C-4497-8622-A11239E9EB53}" Olv:Status="None" Olv:File="060-OHI-2016-03-03-0001.pdf" Olv:Pages="8" Olv:Comp="MDOPS-C07" Olv:User="000675" Olv:Start="2019-08-28T13:32:21+05:30" Olv:End="2019-08-28T13:49:10+05:30" Olv:TotalTime="00:16:49" Olv:IdleTime="00:12:34">
							<Olv:Operations>
								<rdf:Bag>
									<rdf:li>Edit Segmentation</rdf:li>
								</rdf:Bag>
							</Olv:Operations>
						</rdf:Description>
					</rdf:li>
					<rdf:li>
						<rdf:Description Olv:GUID="{54EB9F7C-4528-4120-BD3E-2D1133432BC0}" Olv:Status="Succeeded" Olv:File="060-OHI-2016-03-03-0001.pdf" Olv:Pages="8" Olv:Comp="SEG06" Olv:User="pipex" Olv:Start="2019-08-31T10:13:43+05:30" Olv:End="2019-08-31T10:14:43+05:30" Olv:TotalTime="00:01:00" Olv:IdleTime="00:01:00">
							<Olv:Operations>
								<rdf:Bag>
									<rdf:li>Output</rdf:li>
								</rdf:Bag>
							</Olv:Operations>
						</rdf:Description>
					</rdf:li>
				</rdf:Seq>
			</Olv:TimeTrack>
		</rdf:Description>
	</rdf:RDF>
</x:xmpmeta>
