<x:xmpmeta xmlns:x="adobe:ns:meta/" x:xmptk="Adobe XMP Core 5.4-c005 78.147326, 2012/08/23-13:03:03        ">
	<rdf:RDF xmlns:rdf="http://www.w3.org/1999/02/22-rdf-syntax-ns#">
		<rdf:Description rdf:about="" xmlns:xmp="http://ns.adobe.com/xap/1.0/" xmlns:dc="http://purl.org/dc/elements/1.1/" xmlns:xmpMM="http://ns.adobe.com/xap/1.0/mm/" xmlns:pdf="http://ns.adobe.com/pdf/1.3/" xmlns:pdfx="http://ns.adobe.com/pdfx/1.3/" xmlns:Olv="Olive" xmp:ModifyDate="2019-08-31T09:59:16+05:30" xmp:CreateDate="2016-02-01T22:15:07-05:00" xmp:MetadataDate="2019-08-31T09:59:16+05:30" xmp:CreatorTool="Adobe InDesign CC 2015 (Macintosh)" dc:format="application/pdf" xmpMM:DocumentID="uuid:2a51aaab-ba37-d940-810a-beec301c72de" xmpMM:InstanceID="uuid:316a9a1d-878c-4421-a1cc-8bb582738d64" pdf:Producer="Adobe PDF Library 15.0" pdfx:OLV0_XMD_PAGE_COUNT="8" Olv:publication="OHI" Olv:issue_date="2016/ 2/ 2">
			<Olv:TimeTrack>
				<rdf:Seq>
					<rdf:li>
						<rdf:Description Olv:GUID="{6D94465D-892D-45D2-9B4F-3A8F0AB6DC38}" Olv:Status="Succeeded" Olv:File="060-OHI-2016-02-02-0001.pdf" Olv:Pages="8" Olv:Comp="SEG03" Olv:User="pipex" Olv:Start="2019-08-06T13:20:06+05:30" Olv:End="2019-08-06T13:20:19+05:30" Olv:TotalTime="00:00:13" Olv:IdleTime="00:00:00">
							<Olv:Operations>
								<rdf:Bag>
									<rdf:li>Auto Segmentation</rdf:li>
									<rdf:li>First session</rdf:li>
								</rdf:Bag>
							</Olv:Operations>
						</rdf:Description>
					</rdf:li>
					<rdf:li>
						<rdf:Description Olv:GUID="{1015389F-FE2D-4C5F-9E93-1D2B38E6EB75}" Olv:Status="None" Olv:File="060-OHI-2016-02-02-0001.pdf" Olv:Pages="8" Olv:Comp="MDOPS-C18" Olv:User="001660" Olv:Start="2019-08-17T16:32:38+05:30" Olv:End="2019-08-17T16:59:40+05:30" Olv:TotalTime="00:27:02" Olv:IdleTime="00:00:00">
							<Olv:Operations>
								<rdf:Bag>
									<rdf:li>Edit Segmentation</rdf:li>
								</rdf:Bag>
							</Olv:Operations>
						</rdf:Description>
					</rdf:li>
					<rdf:li>
						<rdf:Description Olv:GUID="{2A077DCF-BCB0-46E7-9162-990D03B7B397}" Olv:Status="None" Olv:File="060-OHI-2016-02-02-0001.pdf" Olv:Pages="8" Olv:Comp="MDOPS-C15" Olv:User="001660" Olv:Start="2019-08-18T16:50:05+05:30" Olv:End="2019-08-18T16:58:03+05:30" Olv:TotalTime="00:07:58" Olv:IdleTime="00:00:00">
							<Olv:Operations>
								<rdf:Bag>
									<rdf:li>Edit Segmentation</rdf:li>
								</rdf:Bag>
							</Olv:Operations>
						</rdf:Description>
					</rdf:li>
					<rdf:li>
						<rdf:Description Olv:GUID="{E0E14A49-2FBF-46C9-AEA5-721E54472F34}" Olv:Status="None" Olv:File="060-OHI-2016-02-02-0001.pdf" Olv:Pages="8" Olv:Comp="MDOPS-B41" Olv:User="001090" Olv:Start="2019-08-28T13:06:29+05:30" Olv:End="2019-08-28T13:15:17+05:30" Olv:TotalTime="00:08:48" Olv:IdleTime="00:01:33">
							<Olv:Operations>
								<rdf:Bag>
									<rdf:li>Edit Segmentation</rdf:li>
								</rdf:Bag>
							</Olv:Operations>
						</rdf:Description>
					</rdf:li>
					<rdf:li>
						<rdf:Description Olv:GUID="{8F5FD528-1359-4B41-B56C-2063665997B6}" Olv:Status="Succeeded" Olv:File="060-OHI-2016-02-02-0001.pdf" Olv:Pages="8" Olv:Comp="SEG03" Olv:User="pipex" Olv:Start="2019-08-31T09:59:16+05:30" Olv:End="2019-08-31T10:00:09+05:30" Olv:TotalTime="00:00:53" Olv:IdleTime="00:00:53">
							<Olv:Operations>
								<rdf:Bag>
									<rdf:li>Output</rdf:li>
								</rdf:Bag>
							</Olv:Operations>
						</rdf:Description>
					</rdf:li>
				</rdf:Seq>
			</Olv:TimeTrack>
		</rdf:Description>
	</rdf:RDF>
</x:xmpmeta>
