<x:xmpmeta xmlns:x="adobe:ns:meta/" x:xmptk="Adobe XMP Core 5.4-c005 78.147326, 2012/08/23-13:03:03        ">
	<rdf:RDF xmlns:rdf="http://www.w3.org/1999/02/22-rdf-syntax-ns#">
		<rdf:Description rdf:about="" xmlns:xmp="http://ns.adobe.com/xap/1.0/" xmlns:dc="http://purl.org/dc/elements/1.1/" xmlns:xmpMM="http://ns.adobe.com/xap/1.0/mm/" xmlns:pdf="http://ns.adobe.com/pdf/1.3/" xmlns:pdfx="http://ns.adobe.com/pdfx/1.3/" xmlns:Olv="Olive" xmp:ModifyDate="2019-08-31T10:29:55+05:30" xmp:CreateDate="2016-09-21T22:14:48-04:00" xmp:MetadataDate="2019-08-31T10:29:55+05:30" xmp:CreatorTool="Adobe InDesign CC 2015 (Macintosh)" dc:format="application/pdf" xmpMM:DocumentID="uuid:8e7b4993-4e6a-0c4c-b1d1-5ab0c4f89e94" xmpMM:InstanceID="uuid:417734d8-b4dc-4071-bb3b-018536196a7b" pdf:Producer="Adobe PDF Library 15.0" pdfx:OLV0_XMD_PAGE_COUNT="8" Olv:publication="OHI" Olv:issue_date="2016/ 9/22">
			<Olv:TimeTrack>
				<rdf:Seq>
					<rdf:li>
						<rdf:Description Olv:GUID="{6B8F2167-E2B3-4700-8D39-937D60086EC8}" Olv:Status="Succeeded" Olv:File="060-OHI-2016-09-22-0001.pdf" Olv:Pages="8" Olv:Comp="SEG02" Olv:User="pipex" Olv:Start="2019-08-06T13:22:11+05:30" Olv:End="2019-08-06T13:22:24+05:30" Olv:TotalTime="00:00:13" Olv:IdleTime="00:00:00">
							<Olv:Operations>
								<rdf:Bag>
									<rdf:li>Auto Segmentation</rdf:li>
									<rdf:li>First session</rdf:li>
								</rdf:Bag>
							</Olv:Operations>
						</rdf:Description>
					</rdf:li>
					<rdf:li>
						<rdf:Description Olv:GUID="{20E6E378-5349-48F6-A1A0-700CFE47AF78}" Olv:Status="None" Olv:File="060-OHI-2016-09-22-0001.pdf" Olv:Pages="8" Olv:Comp="MDOPS-C16" Olv:User="001661" Olv:Start="2019-08-18T16:27:22+05:30" Olv:End="2019-08-18T17:16:58+05:30" Olv:TotalTime="00:49:36" Olv:IdleTime="00:02:59">
							<Olv:Operations>
								<rdf:Bag>
									<rdf:li>Edit Segmentation</rdf:li>
								</rdf:Bag>
							</Olv:Operations>
						</rdf:Description>
					</rdf:li>
					<rdf:li>
						<rdf:Description Olv:GUID="{A3539B85-374C-491D-9C6F-6CA43D290070}" Olv:Status="None" Olv:File="060-OHI-2016-09-22-0001.pdf" Olv:Pages="8" Olv:Comp="MDOPS-C13" Olv:User="000953" Olv:Start="2019-08-28T14:17:07+05:30" Olv:End="2019-08-28T14:24:20+05:30" Olv:TotalTime="00:07:13" Olv:IdleTime="00:02:07">
							<Olv:Operations>
								<rdf:Bag>
									<rdf:li>Edit Segmentation</rdf:li>
								</rdf:Bag>
							</Olv:Operations>
						</rdf:Description>
					</rdf:li>
					<rdf:li>
						<rdf:Description Olv:GUID="{C0F3BF13-8084-4023-9C2C-E7C6EB4F5181}" Olv:Status="None" Olv:File="060-OHI-2016-09-22-0001.pdf" Olv:Pages="8" Olv:Comp="MDOPS-C13" Olv:User="000953" Olv:Start="2019-08-29T07:44:10+05:30" Olv:End="2019-08-29T07:44:23+05:30" Olv:TotalTime="00:00:13" Olv:IdleTime="00:00:00">
							<Olv:Operations>
								<rdf:Bag>
									<rdf:li>Edit Segmentation</rdf:li>
								</rdf:Bag>
							</Olv:Operations>
						</rdf:Description>
					</rdf:li>
					<rdf:li>
						<rdf:Description Olv:GUID="{699B3428-73C1-4F58-B663-3B706BC81A69}" Olv:Status="Succeeded" Olv:File="060-OHI-2016-09-22-0001.pdf" Olv:Pages="8" Olv:Comp="SEG07" Olv:User="pipex" Olv:Start="2019-08-31T10:29:55+05:30" Olv:End="2019-08-31T10:30:47+05:30" Olv:TotalTime="00:00:52" Olv:IdleTime="00:00:52">
							<Olv:Operations>
								<rdf:Bag>
									<rdf:li>Output</rdf:li>
								</rdf:Bag>
							</Olv:Operations>
						</rdf:Description>
					</rdf:li>
				</rdf:Seq>
			</Olv:TimeTrack>
		</rdf:Description>
	</rdf:RDF>
</x:xmpmeta>
