<x:xmpmeta xmlns:x="adobe:ns:meta/" x:xmptk="Adobe XMP Core 5.4-c005 78.147326, 2012/08/23-13:03:03        ">
	<rdf:RDF xmlns:rdf="http://www.w3.org/1999/02/22-rdf-syntax-ns#">
		<rdf:Description rdf:about="" xmlns:xmp="http://ns.adobe.com/xap/1.0/" xmlns:dc="http://purl.org/dc/elements/1.1/" xmlns:xmpMM="http://ns.adobe.com/xap/1.0/mm/" xmlns:pdf="http://ns.adobe.com/pdf/1.3/" xmlns:pdfx="http://ns.adobe.com/pdfx/1.3/" xmlns:Olv="Olive" xmp:ModifyDate="2019-08-31T10:04:51+05:30" xmp:CreateDate="2016-02-02T21:48:20-05:00" xmp:MetadataDate="2019-08-31T10:04:51+05:30" xmp:CreatorTool="Adobe InDesign CC 2015 (Macintosh)" dc:format="application/pdf" xmpMM:DocumentID="uuid:92db3148-0ae9-b847-a6dd-a6c5d371e222" xmpMM:InstanceID="uuid:41021ed9-4e01-4eca-8a41-b9a72f9816ce" pdf:Producer="Adobe PDF Library 15.0" pdfx:OLV0_XMD_PAGE_COUNT="8" Olv:publication="OHI" Olv:issue_date="2016/ 2/ 3">
			<Olv:TimeTrack>
				<rdf:Seq>
					<rdf:li>
						<rdf:Description Olv:GUID="{35F5BFB9-53FB-47C3-8E39-C7DBABC2BC80}" Olv:Status="Succeeded" Olv:File="060-OHI-2016-02-03-0001.pdf" Olv:Pages="8" Olv:Comp="SEG04" Olv:User="pipex" Olv:Start="2019-08-06T13:20:19+05:30" Olv:End="2019-08-06T13:20:34+05:30" Olv:TotalTime="00:00:15" Olv:IdleTime="00:00:00">
							<Olv:Operations>
								<rdf:Bag>
									<rdf:li>Auto Segmentation</rdf:li>
									<rdf:li>First session</rdf:li>
								</rdf:Bag>
							</Olv:Operations>
						</rdf:Description>
					</rdf:li>
					<rdf:li>
						<rdf:Description Olv:GUID="{235C89BE-58C3-4461-8951-B50F51271610}" Olv:Status="None" Olv:File="060-OHI-2016-02-03-0001.pdf" Olv:Pages="8" Olv:Comp="MDOPS-C17" Olv:User="001664" Olv:Start="2019-08-17T16:57:07+05:30" Olv:End="2019-08-17T17:16:57+05:30" Olv:TotalTime="00:19:50" Olv:IdleTime="00:01:40">
							<Olv:Operations>
								<rdf:Bag>
									<rdf:li>Edit Segmentation</rdf:li>
								</rdf:Bag>
							</Olv:Operations>
						</rdf:Description>
					</rdf:li>
					<rdf:li>
						<rdf:Description Olv:GUID="{B771262B-D69F-41B9-BD1C-1C6FD1F374C5}" Olv:Status="None" Olv:File="060-OHI-2016-02-03-0001.pdf" Olv:Pages="8" Olv:Comp="MDOPS-C17" Olv:User="001664" Olv:Start="2019-08-18T09:04:44+05:30" Olv:End="2019-08-18T09:45:04+05:30" Olv:TotalTime="00:40:20" Olv:IdleTime="00:03:14">
							<Olv:Operations>
								<rdf:Bag>
									<rdf:li>Edit Segmentation</rdf:li>
								</rdf:Bag>
							</Olv:Operations>
						</rdf:Description>
					</rdf:li>
					<rdf:li>
						<rdf:Description Olv:GUID="{72D7CF0F-442F-48C5-91DC-CCA852301B56}" Olv:Status="None" Olv:File="060-OHI-2016-02-03-0001.pdf" Olv:Pages="8" Olv:Comp="MDOPS-C09" Olv:User="001128" Olv:Start="2019-08-28T13:07:48+05:30" Olv:End="2019-08-28T13:14:39+05:30" Olv:TotalTime="00:06:51" Olv:IdleTime="00:00:33">
							<Olv:Operations>
								<rdf:Bag>
									<rdf:li>Edit Segmentation</rdf:li>
								</rdf:Bag>
							</Olv:Operations>
						</rdf:Description>
					</rdf:li>
					<rdf:li>
						<rdf:Description Olv:GUID="{55C7C586-7795-4E2E-83CC-9214158BAE8D}" Olv:Status="Succeeded" Olv:File="060-OHI-2016-02-03-0001.pdf" Olv:Pages="8" Olv:Comp="SEG07" Olv:User="pipex" Olv:Start="2019-08-31T10:04:51+05:30" Olv:End="2019-08-31T10:05:47+05:30" Olv:TotalTime="00:00:56" Olv:IdleTime="00:00:56">
							<Olv:Operations>
								<rdf:Bag>
									<rdf:li>Output</rdf:li>
								</rdf:Bag>
							</Olv:Operations>
						</rdf:Description>
					</rdf:li>
				</rdf:Seq>
			</Olv:TimeTrack>
		</rdf:Description>
	</rdf:RDF>
</x:xmpmeta>
