<x:xmpmeta xmlns:x="adobe:ns:meta/" x:xmptk="Adobe XMP Core 5.4-c005 78.147326, 2012/08/23-13:03:03        ">
	<rdf:RDF xmlns:rdf="http://www.w3.org/1999/02/22-rdf-syntax-ns#">
		<rdf:Description rdf:about="" xmlns:xmp="http://ns.adobe.com/xap/1.0/" xmlns:dc="http://purl.org/dc/elements/1.1/" xmlns:xmpMM="http://ns.adobe.com/xap/1.0/mm/" xmlns:pdf="http://ns.adobe.com/pdf/1.3/" xmlns:pdfx="http://ns.adobe.com/pdfx/1.3/" xmlns:Olv="Olive" xmp:ModifyDate="2019-08-31T10:08:22+05:30" xmp:CreateDate="2016-02-29T21:37:07-05:00" xmp:MetadataDate="2019-08-31T10:08:22+05:30" xmp:CreatorTool="Adobe InDesign CC 2015 (Macintosh)" dc:format="application/pdf" xmpMM:DocumentID="uuid:0d42b3fb-60f3-ae48-8d83-91fe99ef8ad7" xmpMM:InstanceID="uuid:4d8f2eb1-91ba-45ac-adac-a45a6274e8e7" pdf:Producer="Adobe PDF Library 15.0" pdfx:OLV0_XMD_PAGE_COUNT="8" Olv:publication="OHI" Olv:issue_date="2016/ 3/ 1">
			<Olv:TimeTrack>
				<rdf:Seq>
					<rdf:li>
						<rdf:Description Olv:GUID="{1B6623F1-ABF6-419F-9B4E-ADC0F28C9BA3}" Olv:Status="Succeeded" Olv:File="060-OHI-2016-03-01-0001.pdf" Olv:Pages="8" Olv:Comp="SEG06" Olv:User="pipex" Olv:Start="2019-08-06T13:20:20+05:30" Olv:End="2019-08-06T13:20:34+05:30" Olv:TotalTime="00:00:14" Olv:IdleTime="00:00:00">
							<Olv:Operations>
								<rdf:Bag>
									<rdf:li>Auto Segmentation</rdf:li>
									<rdf:li>First session</rdf:li>
								</rdf:Bag>
							</Olv:Operations>
						</rdf:Description>
					</rdf:li>
					<rdf:li>
						<rdf:Description Olv:GUID="{0CC86DA4-C6FA-4F9B-BEC4-6DAB8D4EC1AB}" Olv:Status="None" Olv:File="060-OHI-2016-03-01-0001.pdf" Olv:Pages="8" Olv:Comp="MDOPS-C15" Olv:User="001660" Olv:Start="2019-08-18T10:21:32+05:30" Olv:End="2019-08-18T10:58:24+05:30" Olv:TotalTime="00:36:52" Olv:IdleTime="00:05:00">
							<Olv:Operations>
								<rdf:Bag>
									<rdf:li>Edit Segmentation</rdf:li>
								</rdf:Bag>
							</Olv:Operations>
						</rdf:Description>
					</rdf:li>
					<rdf:li>
						<rdf:Description Olv:GUID="{23DACCE3-1B11-40CD-8766-96FA5C253116}" Olv:Status="None" Olv:File="060-OHI-2016-03-01-0001.pdf" Olv:Pages="8" Olv:Comp="MDOPS-C09" Olv:User="001128" Olv:Start="2019-08-28T13:30:47+05:30" Olv:End="2019-08-28T13:36:13+05:30" Olv:TotalTime="00:05:26" Olv:IdleTime="00:00:00">
							<Olv:Operations>
								<rdf:Bag>
									<rdf:li>Edit Segmentation</rdf:li>
								</rdf:Bag>
							</Olv:Operations>
						</rdf:Description>
					</rdf:li>
					<rdf:li>
						<rdf:Description Olv:GUID="{6D9A90A1-0804-4564-887C-5815720B21CF}" Olv:Status="Succeeded" Olv:File="060-OHI-2016-03-01-0001.pdf" Olv:Pages="8" Olv:Comp="SEG07" Olv:User="pipex" Olv:Start="2019-08-31T10:08:23+05:30" Olv:End="2019-08-31T10:09:28+05:30" Olv:TotalTime="00:01:05" Olv:IdleTime="00:01:05">
							<Olv:Operations>
								<rdf:Bag>
									<rdf:li>Output</rdf:li>
								</rdf:Bag>
							</Olv:Operations>
						</rdf:Description>
					</rdf:li>
				</rdf:Seq>
			</Olv:TimeTrack>
		</rdf:Description>
	</rdf:RDF>
</x:xmpmeta>
