<?xml version="1.0" encoding="windows-1252" standalone="no"?>
<Xmd_toc REPOSITORY_FORMAT="1.0" PRXML_VER="2.5" PUBLICATION="OHI" PUBLICATION_DESCRIPTION="" ISSUE_DATE="12/04/2016" RELEASE_NO="060-OHI-2016-04-12-0001" LANGUAGE="English">
	<Head_np>
		<Meta SOURCE_RESOLUTION="72" PDF_DESTINATION_MAPPED="OLV0_Page_0001" TITLE_SNP_EXT="png" AD_SNP_EXT="png" IMAGE_SNP_EXT="jpg" IS_SOLID="false" DOC_DATE="12/04/2016" DOC_UID="OHI_12/04/2016" DOC_VER="1" TOTAL_CHARS_COUNT="42660" SUSPICIOUS_CHARS_COUNT="0" IS_CROSS_ORDERED="false" MULTI_LAYER_PAGE_IMG="true" DEFAULT_PREVIEW_IMG_EXT="png" DEFAULT_IMG_EXT="png" DEFAULT_PRIM_IMG_EXT="jpg" PAGE_PREVIEW_RESOLUTION="15" PAGE_THUMBNAIL_RESOLUTION="150" IMAGES_RESOLUTION="140" PAGES_NUMBER="8" SOURCE_TYPE="TIFF" BASE_HREF="OHI/2016/04/12">
			<Publisher XMD_VER="2.8.201.103" ACROBAT_VER="11.012" PUBLISHER="Olive" PROFILE_ID="OHI-2016-04-12.ini">
				<PublishDate>Sat, 31 Aug 2019 04:45:11 UTC</PublishDate>
				<PublishSWFCompatible>false</PublishSWFCompatible>
			</Publisher>
			<Resolutions>
				<Resolution DEFAULT="true">150</Resolution>
			</Resolutions>
			<LayerResolutions>
				<Resolution GRAPHIC_IMG_EXT="jpg">110</Resolution>
				<Resolution GRAPHIC_IMG_EXT="jpg">140</Resolution>
			</LayerResolutions>
		</Meta>
		<Link SOURCE="060-OHI-2016-04-12-0001.pdf"/>
		<DataFiles>
			<Files TYPE="DOC_PDF" PRESENT="1"/>
			<Files TYPE="PAGE_PDF" PRESENT="0"/>
			<Files TYPE="DOC_IMG" PRESENT="0"/>
			<Files TYPE="PAGE_IMG" PRESENT="0"/>
			<Files TYPE="PAGE_VIEW_IMG" PRESENT="1"/>
			<Files TYPE="PAGE_LAYERS_IMG" PRESENT="1"/>
			<Files TYPE="PAGE_PREVIEW_IMG" PRESENT="1"/>
			<Files TYPE="PRIMITIVE_IMG" PRESENT="1"/>
			<Files TYPE="SNIPPET_IMG" PRESENT="1"/>
			<Files TYPE="SEGMENTATION" PRESENT="0"/>
			<Files TYPE="PAGINATION_TEMPLATE_BACKGROUND" PRESENT="0"/>
			<Files TYPE="EXTERNAL_FONTS" PRESENT="0"/>
			<Files TYPE="PROFILE" PRESENT="1"/>
			<Files TYPE="FOOTNOTES" PRESENT="0"/>
		</DataFiles>
	</Head_np>
	<Body_np>
		<Section NAME="Front Page">
			<Page ID="Pg001" CROP_BOX="0 0 1706 2549" MEDIA_BOX="0 0 1706 2549" HREF="/1/Pg001" TOTAL_CHARS_COUNT="6589" SUSPICIOUS_CHARS_COUNT="0" PAGE_HEIGHT="2550" PAGE_WIDTH="1707" PAGE_TYPE="Single" PAGE_LABEL="1" PAGE_NO="1">
				<Entity FIRST_TOC_ENTRY_ID="4" DEPTH_LEVEL="1" PAGE_NO="1" HREF="/1/Ar00100" WORDCNT="738" IMAGES_RESOLUTION="140" INDEX_IN_DOC="4" SIZE="Large" CONTINUATION_TO="Ar00304" NAME="#RECLAIMOSU SUPPORT SWELLS" ENTITY_TYPE="Article" ID="Ar00100"/>
				<Entity FIRST_TOC_ENTRY_ID="14" DEPTH_LEVEL="1" PAGE_NO="1" HREF="/1/Ar00101" WORDCNT="366" IMAGES_RESOLUTION="140" INDEX_IN_DOC="14" SIZE="Medium" CONTINUATION_TO="Ar00201" NAME="USG to host safety town hall on Tuesday" ENTITY_TYPE="Article" ID="Ar00101"/>
				<Entity FIRST_TOC_ENTRY_ID="5" DEPTH_LEVEL="2" PAGE_NO="1" LOGICAL_NAME="true" HREF="/1/Pc00102" WORDCNT="0" IMAGES_RESOLUTION="140" INDEX_IN_DOC="5" SIZE="Small" EMBEDDED_AFTER="Ar0010000" EMBEDDED_BELOW="1" EMBEDDED_INTO="Ar00100" NAME="" ENTITY_TYPE="Picture" ID="Pc00102">
					<Image EXT="jpg" H="387" W="553" ID="Pc0010200"/>
				</Entity>
				<Entity FIRST_TOC_ENTRY_ID="6" DEPTH_LEVEL="2" PAGE_NO="1" LOGICAL_NAME="true" HREF="/1/Pc00103" WORDCNT="0" IMAGES_RESOLUTION="140" INDEX_IN_DOC="6" SIZE="Small" EMBEDDED_AFTER="Ar0010000" EMBEDDED_BELOW="1" EMBEDDED_INTO="Ar00100" NAME="" ENTITY_TYPE="Picture" ID="Pc00103">
					<Image EXT="jpg" H="386" W="553" ID="Pc0010300"/>
				</Entity>
				<Entity FIRST_TOC_ENTRY_ID="15" DEPTH_LEVEL="2" PAGE_NO="1" LOGICAL_NAME="true" HREF="/1/Pc00104" WORDCNT="0" IMAGES_RESOLUTION="140" INDEX_IN_DOC="15" SIZE="Small" EMBEDDED_AFTER="Ar0010100" EMBEDDED_LEFT="1" EMBEDDED_INTO="Ar00101" NAME="" ENTITY_TYPE="Picture" ID="Pc00104">
					<Image EXT="jpg" H="366" W="337" ID="Pc0010400"/>
				</Entity>
				<Entity FIRST_TOC_ENTRY_ID="10" DEPTH_LEVEL="1" PAGE_NO="1" HREF="/1/Ar00105" WORDCNT="260" IMAGES_RESOLUTION="140" INDEX_IN_DOC="10" SIZE="Medium" CONTINUATION_TO="Ar00202" NAME="Trustees pass tuition freeze, construction contracts" ENTITY_TYPE="Article" ID="Ar00105"/>
				<Entity FIRST_TOC_ENTRY_ID="2" DEPTH_LEVEL="1" PAGE_NO="1" HREF="/1/Ar00106" WORDCNT="15" IMAGES_RESOLUTION="140" INDEX_IN_DOC="2" SIZE="Small" NAME="OPINION" ENTITY_TYPE="Article" ID="Ar00106"/>
				<Entity FIRST_TOC_ENTRY_ID="1" DEPTH_LEVEL="1" PAGE_NO="1" HREF="/1/Ar00107" WORDCNT="23" IMAGES_RESOLUTION="140" INDEX_IN_DOC="1" SIZE="Small" NAME="CAMPUS" ENTITY_TYPE="Article" ID="Ar00107"/>
				<Entity FIRST_TOC_ENTRY_ID="9" DEPTH_LEVEL="1" PAGE_NO="1" HREF="/1/Ar00108" WORDCNT="22" IMAGES_RESOLUTION="140" INDEX_IN_DOC="9" SIZE="Small" NAME="SPORTS" ENTITY_TYPE="Article" ID="Ar00108"/>
				<Entity FIRST_TOC_ENTRY_ID="3" DEPTH_LEVEL="1" PAGE_NO="1" HREF="/1/Ar00109" WORDCNT="22" IMAGES_RESOLUTION="140" INDEX_IN_DOC="3" SIZE="Small" NAME="ARTS&amp;LIFE" ENTITY_TYPE="Article" ID="Ar00109"/>
			</Page>
			<Page ID="Pg002" CROP_BOX="0 0 1706 2549" MEDIA_BOX="0 0 1706 2549" HREF="/2/Pg002" TOTAL_CHARS_COUNT="6550" SUSPICIOUS_CHARS_COUNT="0" PAGE_HEIGHT="2550" PAGE_WIDTH="1707" PAGE_TYPE="Single" PAGE_LABEL="2" PAGE_NO="2">
				<Entity FIRST_TOC_ENTRY_ID="18" DEPTH_LEVEL="1" PAGE_NO="2" HREF="/2/Ar00200" WORDCNT="402" IMAGES_RESOLUTION="140" INDEX_IN_DOC="18" SIZE="Medium" NAME="Crime map for the week of April 4-11" ENTITY_TYPE="Article" ID="Ar00200"/>
				<Entity FIRST_TOC_ENTRY_ID="16" DEPTH_LEVEL="1" PAGE_NO="2" HREF="/2/Ar00201" WORDCNT="542" IMAGES_RESOLUTION="140" INDEX_IN_DOC="16" SIZE="Large" CONTINUATION_FROM="Ar00101" NAME="SAFETY" ENTITY_TYPE="Article" ID="Ar00201"/>
				<Entity FIRST_TOC_ENTRY_ID="11" DEPTH_LEVEL="1" PAGE_NO="2" HREF="/2/Ar00202" WORDCNT="534" IMAGES_RESOLUTION="140" INDEX_IN_DOC="11" SIZE="Large" CONTINUATION_FROM="Ar00105" NAME="BOARD" ENTITY_TYPE="Article" ID="Ar00202"/>
				<Entity FIRST_TOC_ENTRY_ID="19" DEPTH_LEVEL="2" PAGE_NO="2" LOGICAL_NAME="true" HREF="/2/Pc00203" WORDCNT="0" IMAGES_RESOLUTION="140" INDEX_IN_DOC="19" SIZE="Large" EMBEDDED_AFTER="Ar0020000" EMBEDDED_BELOW="1" EMBEDDED_INTO="Ar00200" NAME="" ENTITY_TYPE="Picture" ID="Pc00203">
					<Image EXT="jpg" H="767" W="841" ID="Pc0020300"/>
				</Entity>
				<Entity FIRST_TOC_ENTRY_ID="12" DEPTH_LEVEL="2" PAGE_NO="2" LOGICAL_NAME="true" HREF="/2/Pc00204" WORDCNT="0" IMAGES_RESOLUTION="140" INDEX_IN_DOC="12" SIZE="Small" EMBEDDED_AFTER="Ar0020200" EMBEDDED_BELOW="1" EMBEDDED_RIGHT="1" EMBEDDED_INTO="Ar00202" NAME="" ENTITY_TYPE="Picture" ID="Pc00204">
					<Image EXT="jpg" H="346" W="552" ID="Pc0020400"/>
				</Entity>
				<Entity FIRST_TOC_ENTRY_ID="20" DEPTH_LEVEL="2" PAGE_NO="2" LOGICAL_NAME="true" HREF="/2/Pc00205" WORDCNT="0" IMAGES_RESOLUTION="140" INDEX_IN_DOC="20" SIZE="Small" EMBEDDED_AFTER="Ar0020000" EMBEDDED_BELOW="1" EMBEDDED_INTO="Ar00200" NAME="" ENTITY_TYPE="Picture" ID="Pc00205">
					<Image EXT="jpg" H="68" W="285" ID="Pc0020500"/>
				</Entity>
				<Entity FIRST_TOC_ENTRY_ID="13" DEPTH_LEVEL="2" PAGE_NO="2" LOGICAL_NAME="true" HREF="/2/Pc00206" WORDCNT="0" IMAGES_RESOLUTION="140" INDEX_IN_DOC="13" SIZE="Small" EMBEDDED_AFTER="Ar0020200" EMBEDDED_BELOW="1" EMBEDDED_RIGHT="1" EMBEDDED_INTO="Ar00202" NAME="" ENTITY_TYPE="Picture" ID="Pc00206">
					<Image EXT="jpg" H="209" W="285" ID="Pc0020600"/>
				</Entity>
				<Entity FIRST_TOC_ENTRY_ID="17" DEPTH_LEVEL="1" PAGE_NO="2" HREF="/2/Ar00207" WORDCNT="14" IMAGES_RESOLUTION="140" INDEX_IN_DOC="17" SIZE="Small" NAME="THE LANTERN" ENTITY_TYPE="Article" ID="Ar00207"/>
			</Page>
			<Page ID="Pg003" CROP_BOX="0 0 1706 2549" MEDIA_BOX="0 0 1706 2549" HREF="/3/Pg003" TOTAL_CHARS_COUNT="7924" SUSPICIOUS_CHARS_COUNT="0" PAGE_HEIGHT="2550" PAGE_WIDTH="1707" PAGE_TYPE="Single" PAGE_LABEL="3" PAGE_NO="3">
				<Entity FIRST_TOC_ENTRY_ID="22" DEPTH_LEVEL="2" PAGE_NO="3" LOGICAL_NAME="true" HREF="/3/Ar00300" WORDCNT="2" IMAGES_RESOLUTION="140" INDEX_IN_DOC="22" SIZE="Small" EMBEDDED_AFTER="Ar0030300" EMBEDDED_INTO="Ar00303" NAME="PLEASE RECYCLE" ENTITY_TYPE="Article" ID="Ar00300"/>
				<Entity FIRST_TOC_ENTRY_ID="25" DEPTH_LEVEL="1" PAGE_NO="3" HREF="/3/Ar00301" WORDCNT="16" IMAGES_RESOLUTION="140" INDEX_IN_DOC="25" SIZE="Small" NAME="FOLLOW US" ENTITY_TYPE="Article" ID="Ar00301"/>
				<Entity FIRST_TOC_ENTRY_ID="23" DEPTH_LEVEL="2" PAGE_NO="3" LOGICAL_NAME="true" HREF="/3/Pc00302" WORDCNT="0" IMAGES_RESOLUTION="140" INDEX_IN_DOC="23" SIZE="Medium" EMBEDDED_AFTER="Ar0030300" EMBEDDED_BELOW="1" EMBEDDED_INTO="Ar00303" NAME="" ENTITY_TYPE="Picture" ID="Pc00302">
					<Image EXT="jpg" H="498" W="697" ID="Pc0030200"/>
				</Entity>
				<Entity FIRST_TOC_ENTRY_ID="21" DEPTH_LEVEL="1" PAGE_NO="3" HREF="/3/Ar00303" WORDCNT="786" IMAGES_RESOLUTION="140" INDEX_IN_DOC="21" SIZE="Large" NAME="An open (thank you) letter to USG" ENTITY_TYPE="Article" ID="Ar00303"/>
				<Entity FIRST_TOC_ENTRY_ID="7" DEPTH_LEVEL="1" PAGE_NO="3" HREF="/3/Ar00304" WORDCNT="449" IMAGES_RESOLUTION="140" INDEX_IN_DOC="7" SIZE="Large" CONTINUATION_FROM="Ar00100" NAME="#RECLAIMOSU" ENTITY_TYPE="Article" ID="Ar00304"/>
				<Entity FIRST_TOC_ENTRY_ID="8" DEPTH_LEVEL="2" PAGE_NO="3" LOGICAL_NAME="true" HREF="/3/Pc00305" WORDCNT="0" IMAGES_RESOLUTION="140" INDEX_IN_DOC="8" SIZE="Small" EMBEDDED_AFTER="Ar0030400" EMBEDDED_BELOW="1" EMBEDDED_RIGHT="1" EMBEDDED_INTO="Ar00304" NAME="" ENTITY_TYPE="Picture" ID="Pc00305">
					<Image EXT="jpg" H="98" W="341" ID="Pc0030500"/>
				</Entity>
				<Entity FIRST_TOC_ENTRY_ID="26" DEPTH_LEVEL="1" PAGE_NO="3" LOGICAL_NAME="true" HREF="/3/Ad00306" WORDCNT="116" IMAGES_RESOLUTION="140" INDEX_IN_DOC="26" SIZE="Small" NAME="" ENTITY_TYPE="Ad" ID="Ad00306">
					<Image H="630" W="378" ID="Ad0030601"/>
				</Entity>
				<Entity FIRST_TOC_ENTRY_ID="24" DEPTH_LEVEL="1" PAGE_NO="3" LOGICAL_NAME="true" HREF="/3/Ar00307" WORDCNT="235" IMAGES_RESOLUTION="140" INDEX_IN_DOC="24" SIZE="Small" NAME="" ENTITY_TYPE="Article" ID="Ar00307"/>
				<Entity FIRST_TOC_ENTRY_ID="27" DEPTH_LEVEL="1" PAGE_NO="3" HREF="/3/Ar00308" WORDCNT="88" IMAGES_RESOLUTION="140" INDEX_IN_DOC="27" SIZE="Small" NAME="Letters to the Editor" ENTITY_TYPE="Article" ID="Ar00308"/>
				<Entity FIRST_TOC_ENTRY_ID="28" DEPTH_LEVEL="1" PAGE_NO="3" HREF="/3/Ar00309" WORDCNT="73" IMAGES_RESOLUTION="140" INDEX_IN_DOC="28" SIZE="Small" NAME="Corrections" ENTITY_TYPE="Article" ID="Ar00309"/>
			</Page>
			<Page ID="Pg004" CROP_BOX="0 0 1706 2549" MEDIA_BOX="0 0 1706 2549" HREF="/4/Pg004" TOTAL_CHARS_COUNT="5000" SUSPICIOUS_CHARS_COUNT="0" PAGE_HEIGHT="2550" PAGE_WIDTH="1707" PAGE_TYPE="Single" PAGE_LABEL="4" PAGE_NO="4">
				<Entity FIRST_TOC_ENTRY_ID="34" DEPTH_LEVEL="1" PAGE_NO="4" HREF="/4/Ar00400" WORDCNT="479" IMAGES_RESOLUTION="140" INDEX_IN_DOC="34" SIZE="Large" CONTINUATION_TO="Ar00604" NAME="Punk and Drake help beat early senioritis" ENTITY_TYPE="Article" ID="Ar00400"/>
				<Entity FIRST_TOC_ENTRY_ID="31" DEPTH_LEVEL="2" PAGE_NO="4" LOGICAL_NAME="true" HREF="/4/Pc00401" WORDCNT="0" IMAGES_RESOLUTION="140" INDEX_IN_DOC="31" SIZE="Small" EMBEDDED_AFTER="Ar0040400" EMBEDDED_BELOW="1" EMBEDDED_INTO="Ar00404" NAME="" ENTITY_TYPE="Picture" ID="Pc00401">
					<Image EXT="jpg" H="426" W="425" ID="Pc0040100"/>
				</Entity>
				<Entity FIRST_TOC_ENTRY_ID="32" DEPTH_LEVEL="2" PAGE_NO="4" LOGICAL_NAME="true" HREF="/4/Pc00402" WORDCNT="0" IMAGES_RESOLUTION="140" INDEX_IN_DOC="32" SIZE="Small" EMBEDDED_AFTER="Ar0040400" EMBEDDED_BELOW="1" EMBEDDED_INTO="Ar00404" NAME="" ENTITY_TYPE="Picture" ID="Pc00402">
					<Image EXT="jpg" H="426" W="425" ID="Pc0040200"/>
				</Entity>
				<Entity FIRST_TOC_ENTRY_ID="35" DEPTH_LEVEL="2" PAGE_NO="4" LOGICAL_NAME="true" HREF="/4/Pc00403" WORDCNT="0" IMAGES_RESOLUTION="140" INDEX_IN_DOC="35" SIZE="Medium" EMBEDDED_AFTER="Ar0040000" EMBEDDED_ABOVE="1" EMBEDDED_INTO="Ar00400" NAME="" ENTITY_TYPE="Picture" ID="Pc00403">
					<Image EXT="jpg" H="803" W="553" ID="Pc0040300"/>
				</Entity>
				<Entity FIRST_TOC_ENTRY_ID="30" DEPTH_LEVEL="1" PAGE_NO="4" HREF="/4/Ar00404" WORDCNT="684" IMAGES_RESOLUTION="140" INDEX_IN_DOC="30" SIZE="Large" NAME="SO FINE" ENTITY_TYPE="Article" ID="Ar00404"/>
				<Entity FIRST_TOC_ENTRY_ID="33" DEPTH_LEVEL="1" PAGE_NO="4" LOGICAL_NAME="true" HREF="/4/Ad00405" WORDCNT="13" IMAGES_RESOLUTION="140" INDEX_IN_DOC="33" SIZE="Small" NAME="" ENTITY_TYPE="Ad" ID="Ad00405">
					<Image H="258" W="842" ID="Ad0040501"/>
				</Entity>
				<Entity FIRST_TOC_ENTRY_ID="29" DEPTH_LEVEL="1" PAGE_NO="4" HREF="/4/Ar00406" WORDCNT="18" IMAGES_RESOLUTION="140" INDEX_IN_DOC="29" SIZE="Small" NAME="SCHOOL OF HIP-HOP" ENTITY_TYPE="Article" ID="Ar00406"/>
			</Page>
			<Page ID="Pg005" CROP_BOX="0 0 1706 2549" MEDIA_BOX="0 0 1706 2549" HREF="/5/Pg005" TOTAL_CHARS_COUNT="2238" SUSPICIOUS_CHARS_COUNT="0" PAGE_HEIGHT="2550" PAGE_WIDTH="1707" PAGE_TYPE="Single" PAGE_LABEL="5" PAGE_NO="5">
				<Entity FIRST_TOC_ENTRY_ID="38" DEPTH_LEVEL="1" PAGE_NO="5" HREF="/5/Ar00500" WORDCNT="514" IMAGES_RESOLUTION="140" INDEX_IN_DOC="38" SIZE="Large" CONTINUATION_TO="Ar00600" NAME="Hip-hop goes from the streets to OSU classrooms" ENTITY_TYPE="Article" ID="Ar00500"/>
				<Entity FIRST_TOC_ENTRY_ID="39" DEPTH_LEVEL="2" PAGE_NO="5" LOGICAL_NAME="true" HREF="/5/Pc00501" WORDCNT="0" IMAGES_RESOLUTION="140" INDEX_IN_DOC="39" SIZE="Medium" EMBEDDED_AFTER="Ar0050000" EMBEDDED_BELOW="1" EMBEDDED_INTO="Ar00500" NAME="" ENTITY_TYPE="Picture" ID="Pc00501">
					<Image EXT="jpg" H="428" W="689" ID="Pc0050100"/>
				</Entity>
				<Entity FIRST_TOC_ENTRY_ID="42" DEPTH_LEVEL="1" PAGE_NO="5" LOGICAL_NAME="true" HREF="/5/Ad00502" WORDCNT="93" IMAGES_RESOLUTION="140" INDEX_IN_DOC="42" SIZE="Large" NAME="" ENTITY_TYPE="Ad" ID="Ad00502">
					<Image H="1117" W="699" ID="Ad0050201"/>
				</Entity>
				<Entity FIRST_TOC_ENTRY_ID="43" DEPTH_LEVEL="1" PAGE_NO="5" LOGICAL_NAME="true" HREF="/5/Ad00503" WORDCNT="8" IMAGES_RESOLUTION="140" INDEX_IN_DOC="43" SIZE="Small" NAME="" ENTITY_TYPE="Ad" ID="Ad00503">
					<Image H="315" W="708" ID="Ad0050301"/>
				</Entity>
				<Entity FIRST_TOC_ENTRY_ID="44" DEPTH_LEVEL="1" PAGE_NO="5" LOGICAL_NAME="true" HREF="/5/Ad00504" WORDCNT="0" IMAGES_RESOLUTION="140" INDEX_IN_DOC="44" SIZE="Large" NAME="" ENTITY_TYPE="Ad" ID="Ad00504">
					<Image H="644" W="1417" ID="Ad0050401"/>
				</Entity>
			</Page>
			<Page ID="Pg006" CROP_BOX="0 0 1706 2549" MEDIA_BOX="0 0 1706 2549" HREF="/6/Pg006" TOTAL_CHARS_COUNT="1145" SUSPICIOUS_CHARS_COUNT="0" PAGE_HEIGHT="2550" PAGE_WIDTH="1707" PAGE_TYPE="Single" PAGE_LABEL="6" PAGE_NO="6">
				<Entity FIRST_TOC_ENTRY_ID="40" DEPTH_LEVEL="1" PAGE_NO="6" HREF="/6/Ar00600" WORDCNT="51" IMAGES_RESOLUTION="140" INDEX_IN_DOC="40" SIZE="Small" CONTINUATION_FROM="Ar00500" NAME="HIP-HOP" ENTITY_TYPE="Article" ID="Ar00600"/>
				<Entity FIRST_TOC_ENTRY_ID="37" DEPTH_LEVEL="2" PAGE_NO="6" LOGICAL_NAME="true" HREF="/6/Pc00601" WORDCNT="0" IMAGES_RESOLUTION="140" INDEX_IN_DOC="37" SIZE="Medium" EMBEDDED_AFTER="Ar0060400" EMBEDDED_RIGHT="1" EMBEDDED_INTO="Ar00604" NAME="" ENTITY_TYPE="Picture" ID="Pc00601">
					<Image EXT="jpg" H="560" W="569" ID="Pc0060100"/>
				</Entity>
				<Entity FIRST_TOC_ENTRY_ID="45" DEPTH_LEVEL="1" PAGE_NO="6" LOGICAL_NAME="true" HREF="/6/Ad00602" WORDCNT="0" IMAGES_RESOLUTION="140" INDEX_IN_DOC="45" SIZE="XLarge" NAME="" ENTITY_TYPE="Ad" ID="Ad00602">
					<Image H="1470" W="1435" ID="Ad0060201"/>
				</Entity>
				<Entity FIRST_TOC_ENTRY_ID="41" DEPTH_LEVEL="2" PAGE_NO="6" LOGICAL_NAME="true" HREF="/6/Pc00603" WORDCNT="0" IMAGES_RESOLUTION="140" INDEX_IN_DOC="41" SIZE="Small" EMBEDDED_AFTER="Ar0060000" EMBEDDED_BELOW="1" EMBEDDED_INTO="Ar00600" NAME="" ENTITY_TYPE="Picture" ID="Pc00603">
					<Image EXT="jpg" H="201" W="267" ID="Pc0060300"/>
				</Entity>
				<Entity FIRST_TOC_ENTRY_ID="36" DEPTH_LEVEL="1" PAGE_NO="6" HREF="/6/Ar00604" WORDCNT="241" IMAGES_RESOLUTION="140" INDEX_IN_DOC="36" SIZE="Small" CONTINUATION_FROM="Ar00400" NAME="LISTEN UP" ENTITY_TYPE="Article" ID="Ar00604"/>
			</Page>
			<Page ID="Pg007" CROP_BOX="0 0 1706 2549" MEDIA_BOX="0 0 1706 2549" HREF="/7/Pg007" TOTAL_CHARS_COUNT="6403" SUSPICIOUS_CHARS_COUNT="0" PAGE_HEIGHT="2550" PAGE_WIDTH="1707" PAGE_TYPE="Single" PAGE_LABEL="7" PAGE_NO="7">
				<Entity FIRST_TOC_ENTRY_ID="60" DEPTH_LEVEL="1" PAGE_NO="7" HREF="/7/Ar00700" WORDCNT="445" IMAGES_RESOLUTION="140" INDEX_IN_DOC="60" SIZE="Medium" CONTINUATION_FROM="Ar00804" NAME="MEYER" ENTITY_TYPE="Article" ID="Ar00700"/>
				<Entity FIRST_TOC_ENTRY_ID="47" DEPTH_LEVEL="2" PAGE_NO="7" LOGICAL_NAME="true" HREF="/7/Pc00701" WORDCNT="0" IMAGES_RESOLUTION="140" INDEX_IN_DOC="47" SIZE="Medium" EMBEDDED_AFTER="Ar0070400" EMBEDDED_BELOW="1" EMBEDDED_INTO="Ar00704" NAME="" ENTITY_TYPE="Picture" ID="Pc00701">
					<Image EXT="jpg" H="432" W="840" ID="Pc0070100"/>
				</Entity>
				<Entity FIRST_TOC_ENTRY_ID="48" DEPTH_LEVEL="2" PAGE_NO="7" LOGICAL_NAME="true" HREF="/7/Pc00702" WORDCNT="0" IMAGES_RESOLUTION="140" INDEX_IN_DOC="48" SIZE="Medium" EMBEDDED_AFTER="Ar0070400" EMBEDDED_BELOW="1" EMBEDDED_INTO="Ar00704" NAME="" ENTITY_TYPE="Picture" ID="Pc00702">
					<Image EXT="jpg" H="413" W="840" ID="Pc0070200"/>
				</Entity>
				<Entity FIRST_TOC_ENTRY_ID="58" DEPTH_LEVEL="2" PAGE_NO="7" LOGICAL_NAME="true" HREF="/7/Pc00703" WORDCNT="0" IMAGES_RESOLUTION="140" INDEX_IN_DOC="58" SIZE="Small" EMBEDDED_AFTER="Ar0071000" EMBEDDED_ABOVE="1" EMBEDDED_INTO="Ar00710" NAME="" ENTITY_TYPE="Picture" ID="Pc00703">
					<Image EXT="jpg" H="391" W="273" ID="Pc0070300"/>
				</Entity>
				<Entity FIRST_TOC_ENTRY_ID="46" DEPTH_LEVEL="1" PAGE_NO="7" HREF="/7/Ar00704" WORDCNT="555" IMAGES_RESOLUTION="140" INDEX_IN_DOC="46" SIZE="Large" NAME="Kyle Snyder earns trip to Rio after Olympic trials victory" ENTITY_TYPE="Article" ID="Ar00704"/>
				<Entity FIRST_TOC_ENTRY_ID="49" DEPTH_LEVEL="2" PAGE_NO="7" LOGICAL_NAME="true" HREF="/7/Pc00705" WORDCNT="0" IMAGES_RESOLUTION="140" INDEX_IN_DOC="49" SIZE="Small" EMBEDDED_AFTER="Ar0070400" EMBEDDED_BELOW="1" EMBEDDED_INTO="Ar00704" NAME="" ENTITY_TYPE="Picture" ID="Pc00705">
					<Image EXT="jpg" H="135" W="281" ID="Pc0070500"/>
				</Entity>
				<Entity FIRST_TOC_ENTRY_ID="54" DEPTH_LEVEL="1" PAGE_NO="7" HREF="/7/Ar00706" WORDCNT="292" IMAGES_RESOLUTION="140" INDEX_IN_DOC="54" SIZE="Medium" CONTINUATION_FROM="Ar00800" NAME="BASEBALL" ENTITY_TYPE="Article" ID="Ar00706"/>
				<Entity FIRST_TOC_ENTRY_ID="61" DEPTH_LEVEL="2" PAGE_NO="7" LOGICAL_NAME="true" HREF="/7/Pc00707" WORDCNT="0" IMAGES_RESOLUTION="140" INDEX_IN_DOC="61" SIZE="Small" EMBEDDED_AFTER="Ar0070000" EMBEDDED_BELOW="1" EMBEDDED_RIGHT="1" EMBEDDED_INTO="Ar00700" NAME="" ENTITY_TYPE="Picture" ID="Pc00707">
					<Image EXT="jpg" H="53" W="280" ID="Pc0070700"/>
				</Entity>
				<Entity FIRST_TOC_ENTRY_ID="62" DEPTH_LEVEL="2" PAGE_NO="7" LOGICAL_NAME="true" HREF="/7/Pc00708" WORDCNT="0" IMAGES_RESOLUTION="140" INDEX_IN_DOC="62" SIZE="Small" EMBEDDED_AFTER="Ar0070000" EMBEDDED_BELOW="1" EMBEDDED_RIGHT="1" EMBEDDED_INTO="Ar00700" NAME="" ENTITY_TYPE="Picture" ID="Pc00708">
					<Image EXT="jpg" H="142" W="280" ID="Pc0070800"/>
				</Entity>
				<Entity FIRST_TOC_ENTRY_ID="50" DEPTH_LEVEL="1" PAGE_NO="7" LOGICAL_NAME="true" HREF="/7/Ad00709" WORDCNT="2" IMAGES_RESOLUTION="140" INDEX_IN_DOC="50" SIZE="Small" NAME="" ENTITY_TYPE="Ad" ID="Ad00709">
					<Image H="482" W="261" ID="Ad0070901"/>
				</Entity>
				<Entity FIRST_TOC_ENTRY_ID="57" DEPTH_LEVEL="1" PAGE_NO="7" HREF="/7/Ar00710" WORDCNT="312" IMAGES_RESOLUTION="140" INDEX_IN_DOC="57" SIZE="Medium" CONTINUATION_FROM="Ar00801" NAME="LACROSSE" ENTITY_TYPE="Article" ID="Ar00710"/>
			</Page>
			<Page ID="Pg008" CROP_BOX="0 0 1706 2549" MEDIA_BOX="0 0 1706 2549" HREF="/8/Pg008" TOTAL_CHARS_COUNT="6811" SUSPICIOUS_CHARS_COUNT="0" PAGE_HEIGHT="2550" PAGE_WIDTH="1707" PAGE_TYPE="Single" PAGE_LABEL="8" PAGE_NO="8">
				<Entity FIRST_TOC_ENTRY_ID="52" DEPTH_LEVEL="1" PAGE_NO="8" HREF="/8/Ar00800" WORDCNT="635" IMAGES_RESOLUTION="140" INDEX_IN_DOC="52" SIZE="Large" CONTINUATION_TO="Ar00706" NAME=", . HOME SWEET HOME" ENTITY_TYPE="Article" ID="Ar00800"/>
				<Entity FIRST_TOC_ENTRY_ID="55" DEPTH_LEVEL="1" PAGE_NO="8" HREF="/8/Ar00801" WORDCNT="491" IMAGES_RESOLUTION="140" INDEX_IN_DOC="55" SIZE="Large" CONTINUATION_TO="Ar00710" NAME="Austin Shanks making his mark after transfer" ENTITY_TYPE="Article" ID="Ar00801"/>
				<Entity FIRST_TOC_ENTRY_ID="53" DEPTH_LEVEL="2" PAGE_NO="8" LOGICAL_NAME="true" HREF="/8/Pc00802" WORDCNT="0" IMAGES_RESOLUTION="140" INDEX_IN_DOC="53" SIZE="Medium" EMBEDDED_AFTER="Ar0080000" EMBEDDED_BELOW="1" EMBEDDED_INTO="Ar00800" NAME="" ENTITY_TYPE="Picture" ID="Pc00802">
					<Image EXT="jpg" H="460" W="841" ID="Pc0080200"/>
				</Entity>
				<Entity FIRST_TOC_ENTRY_ID="56" DEPTH_LEVEL="2" PAGE_NO="8" LOGICAL_NAME="true" HREF="/8/Pc00803" WORDCNT="0" IMAGES_RESOLUTION="140" INDEX_IN_DOC="56" SIZE="Small" EMBEDDED_AFTER="Ar0080100" EMBEDDED_BELOW="1" EMBEDDED_INTO="Ar00801" NAME="" ENTITY_TYPE="Picture" ID="Pc00803">
					<Image EXT="jpg" H="313" W="551" ID="Pc0080300"/>
				</Entity>
				<Entity FIRST_TOC_ENTRY_ID="59" DEPTH_LEVEL="1" PAGE_NO="8" HREF="/8/Ar00804" WORDCNT="432" IMAGES_RESOLUTION="140" INDEX_IN_DOC="59" SIZE="Large" CONTINUATION_TO="Ar00700" NAME="3 notes from Meyer�s Monday press conference" ENTITY_TYPE="Article" ID="Ar00804"/>
				<Entity FIRST_TOC_ENTRY_ID="51" DEPTH_LEVEL="1" PAGE_NO="8" HREF="/8/Ar00805" WORDCNT="27" IMAGES_RESOLUTION="140" INDEX_IN_DOC="51" SIZE="Small" NAME="WRESTLING" ENTITY_TYPE="Article" ID="Ar00805"/>
			</Page>
		</Section>
	</Body_np>
	<Logic_np><TOC_Entries><TOC_Entry TOC_ENTRY_ID="1" TITLE="CAMPUS" ENTITY_ID_REF="Ar00107" PAGE_NO="1" PAGE_LABEL="1" PRIM_ID_REF="Ar0010700" IS_IC="true"/><TOC_Entry TOC_ENTRY_ID="2" TITLE="OPINION" ENTITY_ID_REF="Ar00106" PAGE_NO="1" PAGE_LABEL="1" PRIM_ID_REF="Ar0010600" IS_IC="true"/><TOC_Entry TOC_ENTRY_ID="3" TITLE="ARTS&amp;LIFE" ENTITY_ID_REF="Ar00109" PAGE_NO="1" PAGE_LABEL="1" PRIM_ID_REF="Ar0010900" IS_IC="true"/><TOC_Entry TOC_ENTRY_ID="4" TITLE="#RECLAIMOSU SUPPORT SWELLS" ENTITY_ID_REF="Ar00100" PAGE_NO="1" PAGE_LABEL="1" PRIM_ID_REF="Ar0010000" IS_IC="true"><TOC_Entry TOC_ENTRY_ID="5" TITLE="" ENTITY_ID_REF="Pc00102" PAGE_NO="1" PAGE_LABEL="1" PRIM_ID_REF="Pc0010200" IS_IC="true"/><TOC_Entry TOC_ENTRY_ID="6" TITLE="" ENTITY_ID_REF="Pc00103" PAGE_NO="1" PAGE_LABEL="1" PRIM_ID_REF="Pc0010300" IS_IC="true"/></TOC_Entry><TOC_Entry TOC_ENTRY_ID="7" TITLE="#RECLAIMOSU" ENTITY_ID_REF="Ar00304" PAGE_NO="3" PAGE_LABEL="3" PRIM_ID_REF="Ar0030400"><TOC_Entry TOC_ENTRY_ID="8" TITLE="" ENTITY_ID_REF="Pc00305" PAGE_NO="3" PAGE_LABEL="3" PRIM_ID_REF="Pc0030500" IS_IC="true"/></TOC_Entry><TOC_Entry TOC_ENTRY_ID="9" TITLE="SPORTS" ENTITY_ID_REF="Ar00108" PAGE_NO="1" PAGE_LABEL="1" PRIM_ID_REF="Ar0010800" IS_IC="true"/><TOC_Entry TOC_ENTRY_ID="10" TITLE="Trustees pass tuition freeze, construction contracts" ENTITY_ID_REF="Ar00105" PAGE_NO="1" PAGE_LABEL="1" PRIM_ID_REF="Ar0010500" IS_IC="true"/><TOC_Entry TOC_ENTRY_ID="11" TITLE="BOARD" ENTITY_ID_REF="Ar00202" PAGE_NO="2" PAGE_LABEL="2" PRIM_ID_REF="Ar0020200"><TOC_Entry TOC_ENTRY_ID="12" TITLE="" ENTITY_ID_REF="Pc00204" PAGE_NO="2" PAGE_LABEL="2" PRIM_ID_REF="Pc0020400" IS_IC="true"/><TOC_Entry TOC_ENTRY_ID="13" TITLE="" ENTITY_ID_REF="Pc00206" PAGE_NO="2" PAGE_LABEL="2" PRIM_ID_REF="Pc0020600" IS_IC="true"/></TOC_Entry><TOC_Entry TOC_ENTRY_ID="14" TITLE="USG to host safety town hall on Tuesday" ENTITY_ID_REF="Ar00101" PAGE_NO="1" PAGE_LABEL="1" PRIM_ID_REF="Ar0010100" IS_IC="true"><TOC_Entry TOC_ENTRY_ID="15" TITLE="" ENTITY_ID_REF="Pc00104" PAGE_NO="1" PAGE_LABEL="1" PRIM_ID_REF="Pc0010400" IS_IC="true"/></TOC_Entry><TOC_Entry TOC_ENTRY_ID="16" TITLE="SAFETY" ENTITY_ID_REF="Ar00201" PAGE_NO="2" PAGE_LABEL="2" PRIM_ID_REF="Ar0020100"/><TOC_Entry TOC_ENTRY_ID="17" TITLE="THE LANTERN" ENTITY_ID_REF="Ar00207" PAGE_NO="2" PAGE_LABEL="2" PRIM_ID_REF="Ar0020700" IS_IC="true"/><TOC_Entry TOC_ENTRY_ID="18" TITLE="Crime map for the week of April 4-11" ENTITY_ID_REF="Ar00200" PAGE_NO="2" PAGE_LABEL="2" PRIM_ID_REF="Ar0020000" IS_IC="true"><TOC_Entry TOC_ENTRY_ID="19" TITLE="" ENTITY_ID_REF="Pc00203" PAGE_NO="2" PAGE_LABEL="2" PRIM_ID_REF="Pc0020300" IS_IC="true"/><TOC_Entry TOC_ENTRY_ID="20" TITLE="" ENTITY_ID_REF="Pc00205" PAGE_NO="2" PAGE_LABEL="2" PRIM_ID_REF="Pc0020500" IS_IC="true"/></TOC_Entry><TOC_Entry TOC_ENTRY_ID="21" TITLE="An open (thank you) letter to USG" ENTITY_ID_REF="Ar00303" PAGE_NO="3" PAGE_LABEL="3" PRIM_ID_REF="Ar0030300" IS_IC="true"><TOC_Entry TOC_ENTRY_ID="22" TITLE="PLEASE RECYCLE" ENTITY_ID_REF="Ar00300" PAGE_NO="3" PAGE_LABEL="3" PRIM_ID_REF="Ar0030000" IS_IC="true"/><TOC_Entry TOC_ENTRY_ID="23" TITLE="" ENTITY_ID_REF="Pc00302" PAGE_NO="3" PAGE_LABEL="3" PRIM_ID_REF="Pc0030200" IS_IC="true"/></TOC_Entry><TOC_Entry TOC_ENTRY_ID="24" TITLE="" ENTITY_ID_REF="Ar00307" PAGE_NO="3" PAGE_LABEL="3" PRIM_ID_REF="Ar0030700" IS_IC="true"/><TOC_Entry TOC_ENTRY_ID="25" TITLE="FOLLOW US" ENTITY_ID_REF="Ar00301" PAGE_NO="3" PAGE_LABEL="3" PRIM_ID_REF="Ar0030100" IS_IC="true"/><TOC_Entry TOC_ENTRY_ID="26" TITLE="" ENTITY_ID_REF="Ad00306" PAGE_NO="3" PAGE_LABEL="3" PRIM_ID_REF="Ad0030601" IS_IC="true"/><TOC_Entry TOC_ENTRY_ID="27" TITLE="Letters to the Editor" ENTITY_ID_REF="Ar00308" PAGE_NO="3" PAGE_LABEL="3" PRIM_ID_REF="Ar0030800" IS_IC="true"/><TOC_Entry TOC_ENTRY_ID="28" TITLE="Corrections" ENTITY_ID_REF="Ar00309" PAGE_NO="3" PAGE_LABEL="3" PRIM_ID_REF="Ar0030900" IS_IC="true"/><TOC_Entry TOC_ENTRY_ID="29" TITLE="SCHOOL OF HIP-HOP" ENTITY_ID_REF="Ar00406" PAGE_NO="4" PAGE_LABEL="4" PRIM_ID_REF="Ar0040600" IS_IC="true"/><TOC_Entry TOC_ENTRY_ID="30" TITLE="SO FINE" ENTITY_ID_REF="Ar00404" PAGE_NO="4" PAGE_LABEL="4" PRIM_ID_REF="Ar0040400" IS_IC="true"><TOC_Entry TOC_ENTRY_ID="31" TITLE="" ENTITY_ID_REF="Pc00401" PAGE_NO="4" PAGE_LABEL="4" PRIM_ID_REF="Pc0040100" IS_IC="true"/><TOC_Entry TOC_ENTRY_ID="32" TITLE="" ENTITY_ID_REF="Pc00402" PAGE_NO="4" PAGE_LABEL="4" PRIM_ID_REF="Pc0040200" IS_IC="true"/></TOC_Entry><TOC_Entry TOC_ENTRY_ID="33" TITLE="" ENTITY_ID_REF="Ad00405" PAGE_NO="4" PAGE_LABEL="4" PRIM_ID_REF="Ad0040501" IS_IC="true"/><TOC_Entry TOC_ENTRY_ID="34" TITLE="Punk and Drake help beat early senioritis" ENTITY_ID_REF="Ar00400" PAGE_NO="4" PAGE_LABEL="4" PRIM_ID_REF="Ar0040000" IS_IC="true"><TOC_Entry TOC_ENTRY_ID="35" TITLE="" ENTITY_ID_REF="Pc00403" PAGE_NO="4" PAGE_LABEL="4" PRIM_ID_REF="Pc0040300" IS_IC="true"/></TOC_Entry><TOC_Entry TOC_ENTRY_ID="36" TITLE="LISTEN UP" ENTITY_ID_REF="Ar00604" PAGE_NO="6" PAGE_LABEL="6" PRIM_ID_REF="Ar0060400"><TOC_Entry TOC_ENTRY_ID="37" TITLE="" ENTITY_ID_REF="Pc00601" PAGE_NO="6" PAGE_LABEL="6" PRIM_ID_REF="Pc0060100" IS_IC="true"/></TOC_Entry><TOC_Entry TOC_ENTRY_ID="38" TITLE="Hip-hop goes from the streets to OSU classrooms" ENTITY_ID_REF="Ar00500" PAGE_NO="5" PAGE_LABEL="5" PRIM_ID_REF="Ar0050000" IS_IC="true"><TOC_Entry TOC_ENTRY_ID="39" TITLE="" ENTITY_ID_REF="Pc00501" PAGE_NO="5" PAGE_LABEL="5" PRIM_ID_REF="Pc0050100" IS_IC="true"/></TOC_Entry><TOC_Entry TOC_ENTRY_ID="40" TITLE="HIP-HOP" ENTITY_ID_REF="Ar00600" PAGE_NO="6" PAGE_LABEL="6" PRIM_ID_REF="Ar0060000"><TOC_Entry TOC_ENTRY_ID="41" TITLE="" ENTITY_ID_REF="Pc00603" PAGE_NO="6" PAGE_LABEL="6" PRIM_ID_REF="Pc0060300" IS_IC="true"/></TOC_Entry><TOC_Entry TOC_ENTRY_ID="42" TITLE="" ENTITY_ID_REF="Ad00502" PAGE_NO="5" PAGE_LABEL="5" PRIM_ID_REF="Ad0050201" IS_IC="true"/><TOC_Entry TOC_ENTRY_ID="43" TITLE="" ENTITY_ID_REF="Ad00503" PAGE_NO="5" PAGE_LABEL="5" PRIM_ID_REF="Ad0050301" IS_IC="true"/><TOC_Entry TOC_ENTRY_ID="44" TITLE="" ENTITY_ID_REF="Ad00504" PAGE_NO="5" PAGE_LABEL="5" PRIM_ID_REF="Ad0050401" IS_IC="true"/><TOC_Entry TOC_ENTRY_ID="45" TITLE="" ENTITY_ID_REF="Ad00602" PAGE_NO="6" PAGE_LABEL="6" PRIM_ID_REF="Ad0060201" IS_IC="true"/><TOC_Entry TOC_ENTRY_ID="46" TITLE="Kyle Snyder earns trip to Rio after Olympic trials victory" ENTITY_ID_REF="Ar00704" PAGE_NO="7" PAGE_LABEL="7" PRIM_ID_REF="Ar0070400" IS_IC="true"><TOC_Entry TOC_ENTRY_ID="47" TITLE="" ENTITY_ID_REF="Pc00701" PAGE_NO="7" PAGE_LABEL="7" PRIM_ID_REF="Pc0070100" IS_IC="true"/><TOC_Entry TOC_ENTRY_ID="48" TITLE="" ENTITY_ID_REF="Pc00702" PAGE_NO="7" PAGE_LABEL="7" PRIM_ID_REF="Pc0070200" IS_IC="true"/><TOC_Entry TOC_ENTRY_ID="49" TITLE="" ENTITY_ID_REF="Pc00705" PAGE_NO="7" PAGE_LABEL="7" PRIM_ID_REF="Pc0070500" IS_IC="true"/></TOC_Entry><TOC_Entry TOC_ENTRY_ID="50" TITLE="" ENTITY_ID_REF="Ad00709" PAGE_NO="7" PAGE_LABEL="7" PRIM_ID_REF="Ad0070901" IS_IC="true"/><TOC_Entry TOC_ENTRY_ID="51" TITLE="WRESTLING" ENTITY_ID_REF="Ar00805" PAGE_NO="8" PAGE_LABEL="8" PRIM_ID_REF="Ar0080500" IS_IC="true"/><TOC_Entry TOC_ENTRY_ID="52" TITLE=", . HOME SWEET HOME" ENTITY_ID_REF="Ar00800" PAGE_NO="8" PAGE_LABEL="8" PRIM_ID_REF="Ar0080000" IS_IC="true"><TOC_Entry TOC_ENTRY_ID="53" TITLE="" ENTITY_ID_REF="Pc00802" PAGE_NO="8" PAGE_LABEL="8" PRIM_ID_REF="Pc0080200" IS_IC="true"/></TOC_Entry><TOC_Entry TOC_ENTRY_ID="54" TITLE="BASEBALL" ENTITY_ID_REF="Ar00706" PAGE_NO="7" PAGE_LABEL="7" PRIM_ID_REF="Ar0070600"/><TOC_Entry TOC_ENTRY_ID="55" TITLE="Austin Shanks making his mark after transfer" ENTITY_ID_REF="Ar00801" PAGE_NO="8" PAGE_LABEL="8" PRIM_ID_REF="Ar0080100" IS_IC="true"><TOC_Entry TOC_ENTRY_ID="56" TITLE="" ENTITY_ID_REF="Pc00803" PAGE_NO="8" PAGE_LABEL="8" PRIM_ID_REF="Pc0080300" IS_IC="true"/></TOC_Entry><TOC_Entry TOC_ENTRY_ID="57" TITLE="LACROSSE" ENTITY_ID_REF="Ar00710" PAGE_NO="7" PAGE_LABEL="7" PRIM_ID_REF="Ar0071000"><TOC_Entry TOC_ENTRY_ID="58" TITLE="" ENTITY_ID_REF="Pc00703" PAGE_NO="7" PAGE_LABEL="7" PRIM_ID_REF="Pc0070300" IS_IC="true"/></TOC_Entry><TOC_Entry TOC_ENTRY_ID="59" TITLE="3 notes from Meyer�s Monday press conference" ENTITY_ID_REF="Ar00804" PAGE_NO="8" PAGE_LABEL="8" PRIM_ID_REF="Ar0080400" IS_IC="true"/><TOC_Entry TOC_ENTRY_ID="60" TITLE="MEYER" ENTITY_ID_REF="Ar00700" PAGE_NO="7" PAGE_LABEL="7" PRIM_ID_REF="Ar0070000"><TOC_Entry TOC_ENTRY_ID="61" TITLE="" ENTITY_ID_REF="Pc00707" PAGE_NO="7" PAGE_LABEL="7" PRIM_ID_REF="Pc0070700" IS_IC="true"/><TOC_Entry TOC_ENTRY_ID="62" TITLE="" ENTITY_ID_REF="Pc00708" PAGE_NO="7" PAGE_LABEL="7" PRIM_ID_REF="Pc0070800" IS_IC="true"/></TOC_Entry></TOC_Entries></Logic_np></Xmd_toc>
