<x:xmpmeta xmlns:x="adobe:ns:meta/" x:xmptk="Adobe XMP Core 5.4-c005 78.147326, 2012/08/23-13:03:03        ">
	<rdf:RDF xmlns:rdf="http://www.w3.org/1999/02/22-rdf-syntax-ns#">
		<rdf:Description rdf:about="" xmlns:xmp="http://ns.adobe.com/xap/1.0/" xmlns:dc="http://purl.org/dc/elements/1.1/" xmlns:xmpMM="http://ns.adobe.com/xap/1.0/mm/" xmlns:pdf="http://ns.adobe.com/pdf/1.3/" xmlns:pdfx="http://ns.adobe.com/pdfx/1.3/" xmlns:Olv="Olive" xmp:ModifyDate="2019-08-31T10:59:45+05:30" xmp:CreateDate="2017-02-08T21:56:49-05:00" xmp:MetadataDate="2019-08-31T10:59:45+05:30" xmp:CreatorTool="Acrobat 11.0.17" dc:format="application/pdf" xmpMM:DocumentID="uuid:1cf14d7e-5ebc-c044-8ca3-7186a02d0505" xmpMM:InstanceID="uuid:443ad656-1d32-4ed2-81d9-780e97f20cdf" pdf:Producer="Adobe PDF Library 15.0" pdfx:OLV0_XMD_PAGE_COUNT="8" Olv:publication="OHI" Olv:issue_date="2017/ 2/ 9">
			<Olv:TimeTrack>
				<rdf:Seq>
					<rdf:li>
						<rdf:Description Olv:GUID="{38BE767A-2905-4EF0-BC10-956E31EAC5FE}" Olv:Status="Succeeded" Olv:File="060-OHI-2017-02-09-0001.pdf" Olv:Pages="8" Olv:Comp="SEG04" Olv:User="pipex" Olv:Start="2019-08-06T13:23:52+05:30" Olv:End="2019-08-06T13:24:07+05:30" Olv:TotalTime="00:00:15" Olv:IdleTime="00:00:00">
							<Olv:Operations>
								<rdf:Bag>
									<rdf:li>Auto Segmentation</rdf:li>
									<rdf:li>First session</rdf:li>
								</rdf:Bag>
							</Olv:Operations>
						</rdf:Description>
					</rdf:li>
					<rdf:li>
						<rdf:Description Olv:GUID="{517A4C53-47AC-4B73-91FE-741980755718}" Olv:Status="None" Olv:File="060-OHI-2017-02-09-0001.pdf" Olv:Pages="8" Olv:Comp="MDOPS-C15" Olv:User="001660" Olv:Start="2019-08-19T13:29:31+05:30" Olv:End="2019-08-19T14:03:43+05:30" Olv:TotalTime="00:34:12" Olv:IdleTime="00:00:40">
							<Olv:Operations>
								<rdf:Bag>
									<rdf:li>Edit Segmentation</rdf:li>
								</rdf:Bag>
							</Olv:Operations>
						</rdf:Description>
					</rdf:li>
					<rdf:li>
						<rdf:Description Olv:GUID="{CA8EAEC3-0EA0-4462-B99F-572DE518E917}" Olv:Status="None" Olv:File="060-OHI-2017-02-09-0001.pdf" Olv:Pages="8" Olv:Comp="MDOPS-B41" Olv:User="001090" Olv:Start="2019-08-28T14:57:15+05:30" Olv:End="2019-08-28T15:03:25+05:30" Olv:TotalTime="00:06:10" Olv:IdleTime="00:00:00">
							<Olv:Operations>
								<rdf:Bag>
									<rdf:li>Edit Segmentation</rdf:li>
								</rdf:Bag>
							</Olv:Operations>
						</rdf:Description>
					</rdf:li>
					<rdf:li>
						<rdf:Description Olv:GUID="{AD69A95D-4865-4956-8588-C919F9F6BCB0}" Olv:Status="Succeeded" Olv:File="060-OHI-2017-02-09-0001.pdf" Olv:Pages="8" Olv:Comp="SEG03" Olv:User="pipex" Olv:Start="2019-08-31T10:59:46+05:30" Olv:End="2019-08-31T11:00:29+05:30" Olv:TotalTime="00:00:43" Olv:IdleTime="00:00:43">
							<Olv:Operations>
								<rdf:Bag>
									<rdf:li>Output</rdf:li>
								</rdf:Bag>
							</Olv:Operations>
						</rdf:Description>
					</rdf:li>
				</rdf:Seq>
			</Olv:TimeTrack>
		</rdf:Description>
	</rdf:RDF>
</x:xmpmeta>
