<x:xmpmeta xmlns:x="adobe:ns:meta/" x:xmptk="Adobe XMP Core 5.4-c005 78.147326, 2012/08/23-13:03:03        ">
	<rdf:RDF xmlns:rdf="http://www.w3.org/1999/02/22-rdf-syntax-ns#">
		<rdf:Description rdf:about="" xmlns:xmp="http://ns.adobe.com/xap/1.0/" xmlns:dc="http://purl.org/dc/elements/1.1/" xmlns:xmpMM="http://ns.adobe.com/xap/1.0/mm/" xmlns:pdf="http://ns.adobe.com/pdf/1.3/" xmlns:pdfx="http://ns.adobe.com/pdfx/1.3/" xmlns:Olv="Olive" xmp:ModifyDate="2019-08-31T10:00:25+05:30" xmp:CreateDate="2016-02-09T22:40:41-05:00" xmp:MetadataDate="2019-08-31T10:00:25+05:30" xmp:CreatorTool="Adobe InDesign CC 2015 (Macintosh)" dc:format="application/pdf" xmpMM:DocumentID="uuid:697498e9-2d8e-f344-ae0b-ca5dedcc2815" xmpMM:InstanceID="uuid:e12b3e40-28db-49cf-8da9-b36da7360fd0" pdf:Producer="Adobe PDF Library 15.0" pdfx:OLV0_XMD_PAGE_COUNT="8" Olv:publication="OHI" Olv:issue_date="2016/ 2/10">
			<Olv:TimeTrack>
				<rdf:Seq>
					<rdf:li>
						<rdf:Description Olv:GUID="{5CEBBCEA-A6D8-46BB-A50D-CEED734CDBBA}" Olv:Status="Succeeded" Olv:File="060-OHI-2016-02-10-0001.pdf" Olv:Pages="8" Olv:Comp="SEG07" Olv:User="pipex" Olv:Start="2019-08-06T13:19:53+05:30" Olv:End="2019-08-06T13:20:10+05:30" Olv:TotalTime="00:00:17" Olv:IdleTime="00:00:00">
							<Olv:Operations>
								<rdf:Bag>
									<rdf:li>Auto Segmentation</rdf:li>
									<rdf:li>First session</rdf:li>
								</rdf:Bag>
							</Olv:Operations>
						</rdf:Description>
					</rdf:li>
					<rdf:li>
						<rdf:Description Olv:GUID="{53F9F2D7-DACE-4777-8616-785628C4D373}" Olv:Status="None" Olv:File="060-OHI-2016-02-10-0001.pdf" Olv:Pages="8" Olv:Comp="MDOPS-C15" Olv:User="001660" Olv:Start="2019-08-18T09:06:00+05:30" Olv:End="2019-08-18T09:51:39+05:30" Olv:TotalTime="00:45:39" Olv:IdleTime="00:03:54">
							<Olv:Operations>
								<rdf:Bag>
									<rdf:li>Edit Segmentation</rdf:li>
								</rdf:Bag>
							</Olv:Operations>
						</rdf:Description>
					</rdf:li>
					<rdf:li>
						<rdf:Description Olv:GUID="{FEA6CEA7-5496-44C2-A630-A4147126A71F}" Olv:Status="None" Olv:File="060-OHI-2016-02-10-0001.pdf" Olv:Pages="8" Olv:Comp="MDOPS-C09" Olv:User="001128" Olv:Start="2019-08-28T13:15:05+05:30" Olv:End="2019-08-28T13:24:41+05:30" Olv:TotalTime="00:09:36" Olv:IdleTime="00:02:00">
							<Olv:Operations>
								<rdf:Bag>
									<rdf:li>Edit Segmentation</rdf:li>
								</rdf:Bag>
							</Olv:Operations>
						</rdf:Description>
					</rdf:li>
					<rdf:li>
						<rdf:Description Olv:GUID="{A551AAB7-11CF-418A-8276-1084CAD7AB48}" Olv:Status="Succeeded" Olv:File="060-OHI-2016-02-10-0001.pdf" Olv:Pages="8" Olv:Comp="SEG04" Olv:User="pipex" Olv:Start="2019-08-31T10:00:25+05:30" Olv:End="2019-08-31T10:01:13+05:30" Olv:TotalTime="00:00:48" Olv:IdleTime="00:00:48">
							<Olv:Operations>
								<rdf:Bag>
									<rdf:li>Output</rdf:li>
								</rdf:Bag>
							</Olv:Operations>
						</rdf:Description>
					</rdf:li>
				</rdf:Seq>
			</Olv:TimeTrack>
		</rdf:Description>
	</rdf:RDF>
</x:xmpmeta>
