<x:xmpmeta xmlns:x="adobe:ns:meta/" x:xmptk="Adobe XMP Core 5.4-c005 78.147326, 2012/08/23-13:03:03        ">
	<rdf:RDF xmlns:rdf="http://www.w3.org/1999/02/22-rdf-syntax-ns#">
		<rdf:Description rdf:about="" xmlns:xmp="http://ns.adobe.com/xap/1.0/" xmlns:dc="http://purl.org/dc/elements/1.1/" xmlns:xmpMM="http://ns.adobe.com/xap/1.0/mm/" xmlns:pdf="http://ns.adobe.com/pdf/1.3/" xmlns:pdfx="http://ns.adobe.com/pdfx/1.3/" xmlns:Olv="Olive" xmp:ModifyDate="2019-08-31T11:53:05+05:30" xmp:CreateDate="2018-04-16T21:56:11-04:00" xmp:MetadataDate="2019-08-31T11:53:05+05:30" xmp:CreatorTool="Adobe InDesign CC 13.0 (Macintosh)" dc:format="application/pdf" xmpMM:DocumentID="uuid:ce21b8d2-8ae9-fd48-a299-2bb80d574198" xmpMM:InstanceID="uuid:dc55b54f-0a96-4c1b-9ef9-6680c6d46425" pdf:Producer="Adobe PDF Library 15.0" pdfx:OLV0_XMD_PAGE_COUNT="8" Olv:publication="OHI" Olv:issue_date="2018/ 4/17">
			<Olv:TimeTrack>
				<rdf:Seq>
					<rdf:li>
						<rdf:Description Olv:GUID="{13E6850C-EECD-4FAE-A606-D436450FCBE3}" Olv:Status="Succeeded" Olv:File="060-OHI-2018-04-17-0001.pdf" Olv:Pages="8" Olv:Comp="SEG07" Olv:User="pipex" Olv:Start="2019-08-06T13:28:06+05:30" Olv:End="2019-08-06T13:28:22+05:30" Olv:TotalTime="00:00:16" Olv:IdleTime="00:00:00">
							<Olv:Operations>
								<rdf:Bag>
									<rdf:li>Auto Segmentation</rdf:li>
									<rdf:li>First session</rdf:li>
								</rdf:Bag>
							</Olv:Operations>
						</rdf:Description>
					</rdf:li>
					<rdf:li>
						<rdf:Description Olv:GUID="{53B50FB9-F5C6-4EDC-8A6D-96182E2BD9C2}" Olv:Status="None" Olv:File="060-OHI-2018-04-17-0001.pdf" Olv:Pages="8" Olv:Comp="MDOPS-C15" Olv:User="001660" Olv:Start="2019-08-22T10:24:22+05:30" Olv:End="2019-08-22T10:54:31+05:30" Olv:TotalTime="00:30:09" Olv:IdleTime="00:01:44">
							<Olv:Operations>
								<rdf:Bag>
									<rdf:li>Edit Segmentation</rdf:li>
								</rdf:Bag>
							</Olv:Operations>
						</rdf:Description>
					</rdf:li>
					<rdf:li>
						<rdf:Description Olv:GUID="{7C8E87DB-E82D-40D4-A33E-21BC37C9E516}" Olv:Status="None" Olv:File="060-OHI-2018-04-17-0001.pdf" Olv:Pages="8" Olv:Comp="MDOPS-C08" Olv:User="000949" Olv:Start="2019-08-29T09:10:28+05:30" Olv:End="2019-08-29T09:37:07+05:30" Olv:TotalTime="00:26:39" Olv:IdleTime="00:12:40">
							<Olv:Operations>
								<rdf:Bag>
									<rdf:li>Edit Segmentation</rdf:li>
								</rdf:Bag>
							</Olv:Operations>
						</rdf:Description>
					</rdf:li>
					<rdf:li>
						<rdf:Description Olv:GUID="{73E302A3-8340-48D3-8CB9-6755EB70CE92}" Olv:Status="Succeeded" Olv:File="060-OHI-2018-04-17-0001.pdf" Olv:Pages="8" Olv:Comp="SEG03" Olv:User="pipex" Olv:Start="2019-08-31T11:53:07+05:30" Olv:End="2019-08-31T11:53:57+05:30" Olv:TotalTime="00:00:50" Olv:IdleTime="00:00:50">
							<Olv:Operations>
								<rdf:Bag>
									<rdf:li>Output</rdf:li>
								</rdf:Bag>
							</Olv:Operations>
						</rdf:Description>
					</rdf:li>
				</rdf:Seq>
			</Olv:TimeTrack>
		</rdf:Description>
	</rdf:RDF>
</x:xmpmeta>
