<x:xmpmeta xmlns:x="adobe:ns:meta/" x:xmptk="Adobe XMP Core 5.4-c005 78.147326, 2012/08/23-13:03:03        ">
	<rdf:RDF xmlns:rdf="http://www.w3.org/1999/02/22-rdf-syntax-ns#">
		<rdf:Description rdf:about="" xmlns:xmp="http://ns.adobe.com/xap/1.0/" xmlns:dc="http://purl.org/dc/elements/1.1/" xmlns:xmpMM="http://ns.adobe.com/xap/1.0/mm/" xmlns:pdf="http://ns.adobe.com/pdf/1.3/" xmlns:pdfx="http://ns.adobe.com/pdfx/1.3/" xmlns:Olv="Olive" xmp:ModifyDate="2019-08-31T11:16:12+05:30" xmp:CreateDate="2017-09-13T21:58:54-04:00" xmp:MetadataDate="2019-08-31T11:16:12+05:30" xmp:CreatorTool="Adobe InDesign CC 2017 (Macintosh)" dc:format="application/pdf" xmpMM:DocumentID="uuid:0c8281ac-f651-884a-9b43-1d273d9d839b" xmpMM:InstanceID="uuid:f0d9079f-ec34-4be0-aaff-390c7086ca75" pdf:Producer="Adobe PDF Library 15.0" pdfx:OLV0_XMD_PAGE_COUNT="12" Olv:publication="OHI" Olv:issue_date="2017/ 9/14">
			<Olv:TimeTrack>
				<rdf:Seq>
					<rdf:li>
						<rdf:Description Olv:GUID="{55524272-1EB9-4170-8E4A-6954527B44F9}" Olv:Status="Succeeded" Olv:File="060-OHI-2017-09-14-0001.pdf" Olv:Pages="12" Olv:Comp="SEG03" Olv:User="pipex" Olv:Start="2019-08-06T13:25:19+05:30" Olv:End="2019-08-06T13:25:34+05:30" Olv:TotalTime="00:00:15" Olv:IdleTime="00:00:00">
							<Olv:Operations>
								<rdf:Bag>
									<rdf:li>Auto Segmentation</rdf:li>
									<rdf:li>First session</rdf:li>
								</rdf:Bag>
							</Olv:Operations>
						</rdf:Description>
					</rdf:li>
					<rdf:li>
						<rdf:Description Olv:GUID="{34391EE7-B7E7-4807-8E8D-057C7A3E4288}" Olv:Status="None" Olv:File="060-OHI-2017-09-14-0001.pdf" Olv:Pages="12" Olv:Comp="MDOPS-C16" Olv:User="001661" Olv:Start="2019-08-20T11:22:46+05:30" Olv:End="2019-08-20T12:33:45+05:30" Olv:TotalTime="01:10:59" Olv:IdleTime="00:05:29">
							<Olv:Operations>
								<rdf:Bag>
									<rdf:li>Edit Segmentation</rdf:li>
								</rdf:Bag>
							</Olv:Operations>
						</rdf:Description>
					</rdf:li>
					<rdf:li>
						<rdf:Description Olv:GUID="{AA4AD11A-577D-4F67-AE42-8A391D453723}" Olv:Status="None" Olv:File="060-OHI-2017-09-14-0001.pdf" Olv:Pages="12" Olv:Comp="MDOPS-B41" Olv:User="001090" Olv:Start="2019-08-28T16:36:49+05:30" Olv:End="2019-08-28T16:44:20+05:30" Olv:TotalTime="00:07:31" Olv:IdleTime="00:00:31">
							<Olv:Operations>
								<rdf:Bag>
									<rdf:li>Edit Segmentation</rdf:li>
								</rdf:Bag>
							</Olv:Operations>
						</rdf:Description>
					</rdf:li>
					<rdf:li>
						<rdf:Description Olv:GUID="{8E3CB979-A51B-4F91-B6A5-2E454F16F79B}" Olv:Status="Succeeded" Olv:File="060-OHI-2017-09-14-0001.pdf" Olv:Pages="12" Olv:Comp="SEG07" Olv:User="pipex" Olv:Start="2019-08-31T11:16:13+05:30" Olv:End="2019-08-31T11:17:24+05:30" Olv:TotalTime="00:01:11" Olv:IdleTime="00:01:11">
							<Olv:Operations>
								<rdf:Bag>
									<rdf:li>Output</rdf:li>
								</rdf:Bag>
							</Olv:Operations>
						</rdf:Description>
					</rdf:li>
				</rdf:Seq>
			</Olv:TimeTrack>
		</rdf:Description>
	</rdf:RDF>
</x:xmpmeta>
