<x:xmpmeta xmlns:x="adobe:ns:meta/" x:xmptk="Adobe XMP Core 5.4-c005 78.147326, 2012/08/23-13:03:03        ">
	<rdf:RDF xmlns:rdf="http://www.w3.org/1999/02/22-rdf-syntax-ns#">
		<rdf:Description rdf:about="" xmlns:xmp="http://ns.adobe.com/xap/1.0/" xmlns:dc="http://purl.org/dc/elements/1.1/" xmlns:xmpMM="http://ns.adobe.com/xap/1.0/mm/" xmlns:pdf="http://ns.adobe.com/pdf/1.3/" xmlns:pdfx="http://ns.adobe.com/pdfx/1.3/" xmlns:Olv="Olive" xmp:ModifyDate="2019-08-31T10:52:34+05:30" xmp:CreateDate="2017-02-13T21:33:14-05:00" xmp:MetadataDate="2019-08-31T10:52:34+05:30" xmp:CreatorTool="Acrobat 11.0.17" dc:format="application/pdf" xmpMM:DocumentID="uuid:3cb102ba-0e8d-f64d-9d1f-614c43175a71" xmpMM:InstanceID="uuid:3a69c99f-8705-4058-ad66-a7c771d083f5" pdf:Producer="Adobe PDF Library 15.0" pdfx:OLV0_XMD_PAGE_COUNT="8" Olv:publication="OHI" Olv:issue_date="2017/ 2/14">
			<Olv:TimeTrack>
				<rdf:Seq>
					<rdf:li>
						<rdf:Description Olv:GUID="{03876088-29AE-4B41-A8EF-122521B6CDE0}" Olv:Status="Succeeded" Olv:File="060-OHI-2017-02-14-0001.pdf" Olv:Pages="8" Olv:Comp="SEG04" Olv:User="pipex" Olv:Start="2019-08-06T13:23:34+05:30" Olv:End="2019-08-06T13:23:48+05:30" Olv:TotalTime="00:00:14" Olv:IdleTime="00:00:00">
							<Olv:Operations>
								<rdf:Bag>
									<rdf:li>Auto Segmentation</rdf:li>
									<rdf:li>First session</rdf:li>
								</rdf:Bag>
							</Olv:Operations>
						</rdf:Description>
					</rdf:li>
					<rdf:li>
						<rdf:Description Olv:GUID="{14DE194B-EBAD-486E-88F1-61C0AD65B987}" Olv:Status="None" Olv:File="060-OHI-2017-02-14-0001.pdf" Olv:Pages="8" Olv:Comp="MDOPS-C15" Olv:User="001660" Olv:Start="2019-08-19T14:03:57+05:30" Olv:End="2019-08-19T14:36:23+05:30" Olv:TotalTime="00:32:26" Olv:IdleTime="00:00:31">
							<Olv:Operations>
								<rdf:Bag>
									<rdf:li>Edit Segmentation</rdf:li>
								</rdf:Bag>
							</Olv:Operations>
						</rdf:Description>
					</rdf:li>
					<rdf:li>
						<rdf:Description Olv:GUID="{970EF8DA-0E30-4E69-A09A-EF51677ABC32}" Olv:Status="None" Olv:File="060-OHI-2017-02-14-0001.pdf" Olv:Pages="8" Olv:Comp="MDOPS-C2" Olv:User="001086" Olv:Start="2019-08-28T15:00:00+05:30" Olv:End="2019-08-28T15:09:08+05:30" Olv:TotalTime="00:09:08" Olv:IdleTime="00:02:30">
							<Olv:Operations>
								<rdf:Bag>
									<rdf:li>Edit Segmentation</rdf:li>
								</rdf:Bag>
							</Olv:Operations>
						</rdf:Description>
					</rdf:li>
					<rdf:li>
						<rdf:Description Olv:GUID="{200EC91E-776D-485D-B25B-36FDF654B03D}" Olv:Status="Succeeded" Olv:File="060-OHI-2017-02-14-0001.pdf" Olv:Pages="8" Olv:Comp="SEG04" Olv:User="pipex" Olv:Start="2019-08-31T10:52:35+05:30" Olv:End="2019-08-31T10:53:23+05:30" Olv:TotalTime="00:00:48" Olv:IdleTime="00:00:48">
							<Olv:Operations>
								<rdf:Bag>
									<rdf:li>Output</rdf:li>
								</rdf:Bag>
							</Olv:Operations>
						</rdf:Description>
					</rdf:li>
				</rdf:Seq>
			</Olv:TimeTrack>
		</rdf:Description>
	</rdf:RDF>
</x:xmpmeta>
