<x:xmpmeta xmlns:x="adobe:ns:meta/" x:xmptk="Adobe XMP Core 5.4-c005 78.147326, 2012/08/23-13:03:03        ">
	<rdf:RDF xmlns:rdf="http://www.w3.org/1999/02/22-rdf-syntax-ns#">
		<rdf:Description rdf:about="" xmlns:xmp="http://ns.adobe.com/xap/1.0/" xmlns:dc="http://purl.org/dc/elements/1.1/" xmlns:xmpMM="http://ns.adobe.com/xap/1.0/mm/" xmlns:pdf="http://ns.adobe.com/pdf/1.3/" xmlns:pdfx="http://ns.adobe.com/pdfx/1.3/" xmlns:Olv="Olive" xmp:ModifyDate="2019-08-10T12:18:41+05:30" xmp:CreateDate="2016-01-12T22:19:59-05:00" xmp:MetadataDate="2019-08-10T12:18:41+05:30" xmp:CreatorTool="Adobe InDesign CC 2015 (Macintosh)" dc:format="application/pdf" xmpMM:DocumentID="uuid:d2fcc184-beae-514f-b7ea-b67252539baf" xmpMM:InstanceID="uuid:bfe97942-e111-490b-88f3-fd84c2ad7c4d" pdf:Producer="Adobe PDF Library 15.0" pdfx:OLV0_XMD_PAGE_COUNT="8" Olv:publication="OHI" Olv:issue_date="2016/ 1/13">
			<Olv:TimeTrack>
				<rdf:Seq>
					<rdf:li>
						<rdf:Description Olv:GUID="{9E9E76C8-FD76-4A74-B204-E2888195742D}" Olv:Status="Succeeded" Olv:File="060-OHI-2016-01-13-0001.pdf" Olv:Pages="8" Olv:Comp="SEG07" Olv:User="pipex" Olv:Start="2019-08-06T13:19:34+05:30" Olv:End="2019-08-06T13:19:49+05:30" Olv:TotalTime="00:00:15" Olv:IdleTime="00:00:00">
							<Olv:Operations>
								<rdf:Bag>
									<rdf:li>Auto Segmentation</rdf:li>
									<rdf:li>First session</rdf:li>
								</rdf:Bag>
							</Olv:Operations>
						</rdf:Description>
					</rdf:li>
					<rdf:li>
						<rdf:Description Olv:GUID="{0E3542E3-88FB-4D7C-98DA-353DFAC0C139}" Olv:Status="None" Olv:File="060-OHI-2016-01-13-0001.pdf" Olv:Pages="8" Olv:Comp="MDOPS-D32" Olv:User="000678" Olv:Start="2019-08-07T14:06:34+05:30" Olv:End="2019-08-07T14:25:51+05:30" Olv:TotalTime="00:19:17" Olv:IdleTime="00:00:00">
							<Olv:Operations>
								<rdf:Bag>
									<rdf:li>Edit Segmentation</rdf:li>
								</rdf:Bag>
							</Olv:Operations>
						</rdf:Description>
					</rdf:li>
					<rdf:li>
						<rdf:Description Olv:GUID="{CFF395BD-6387-4E8C-96AB-A365B5E035DE}" Olv:Status="Succeeded" Olv:File="060-OHI-2016-01-13-0001.pdf" Olv:Pages="8" Olv:Comp="SEG04" Olv:User="pipex" Olv:Start="2019-08-10T12:18:41+05:30" Olv:End="2019-08-10T12:19:16+05:30" Olv:TotalTime="00:00:35" Olv:IdleTime="00:00:35">
							<Olv:Operations>
								<rdf:Bag>
									<rdf:li>Output</rdf:li>
								</rdf:Bag>
							</Olv:Operations>
						</rdf:Description>
					</rdf:li>
				</rdf:Seq>
			</Olv:TimeTrack>
		</rdf:Description>
	</rdf:RDF>
</x:xmpmeta>
