<x:xmpmeta xmlns:x="adobe:ns:meta/" x:xmptk="Adobe XMP Core 5.4-c005 78.147326, 2012/08/23-13:03:03        ">
	<rdf:RDF xmlns:rdf="http://www.w3.org/1999/02/22-rdf-syntax-ns#">
		<rdf:Description rdf:about="" xmlns:xmp="http://ns.adobe.com/xap/1.0/" xmlns:dc="http://purl.org/dc/elements/1.1/" xmlns:xmpMM="http://ns.adobe.com/xap/1.0/mm/" xmlns:pdf="http://ns.adobe.com/pdf/1.3/" xmlns:pdfx="http://ns.adobe.com/pdfx/1.3/" xmlns:Olv="Olive" xmp:ModifyDate="2019-08-31T14:18:21+05:30" xmp:CreateDate="2016-08-22T22:09:25-04:00" xmp:MetadataDate="2019-08-31T14:18:21+05:30" xmp:CreatorTool="Adobe InDesign CC 2015 (Macintosh)" dc:format="application/pdf" xmpMM:DocumentID="uuid:55974bf7-32a7-af4b-9106-de7497563f14" xmpMM:InstanceID="uuid:cd0dd229-a200-459f-a640-441cfb5d194f" pdf:Producer="Adobe PDF Library 15.0" pdfx:OLV0_XMD_PAGE_COUNT="12" Olv:publication="OHI" Olv:issue_date="2016/ 8/23">
			<Olv:TimeTrack>
				<rdf:Seq>
					<rdf:li>
						<rdf:Description Olv:GUID="{06D98BA4-C30C-45EA-B613-887049A4A7C8}" Olv:Status="Succeeded" Olv:File="060-OHI-2016-08-23-0001.pdf" Olv:Pages="12" Olv:Comp="SEG03" Olv:User="pipex" Olv:Start="2019-08-06T13:21:36+05:30" Olv:End="2019-08-06T13:21:51+05:30" Olv:TotalTime="00:00:15" Olv:IdleTime="00:00:00">
							<Olv:Operations>
								<rdf:Bag>
									<rdf:li>Auto Segmentation</rdf:li>
									<rdf:li>First session</rdf:li>
								</rdf:Bag>
							</Olv:Operations>
						</rdf:Description>
					</rdf:li>
					<rdf:li>
						<rdf:Description Olv:GUID="{6144F54F-11D3-4B58-94BF-CD83A3498CC2}" Olv:Status="None" Olv:File="060-OHI-2016-08-23-0001.pdf" Olv:Pages="12" Olv:Comp="MDOPS-C16" Olv:User="001661" Olv:Start="2019-08-18T14:13:16+05:30" Olv:End="2019-08-18T15:16:17+05:30" Olv:TotalTime="01:03:01" Olv:IdleTime="00:05:32">
							<Olv:Operations>
								<rdf:Bag>
									<rdf:li>Edit Segmentation</rdf:li>
								</rdf:Bag>
							</Olv:Operations>
						</rdf:Description>
					</rdf:li>
					<rdf:li>
						<rdf:Description Olv:GUID="{B151B4A4-ADA4-4AB1-A464-DCF28B4CA539}" Olv:Status="None" Olv:File="060-OHI-2016-08-23-0001.pdf" Olv:Pages="12" Olv:Comp="MDOPS-C09" Olv:User="001128" Olv:Start="2019-08-28T14:03:45+05:30" Olv:End="2019-08-28T14:10:09+05:30" Olv:TotalTime="00:06:24" Olv:IdleTime="00:00:00">
							<Olv:Operations>
								<rdf:Bag>
									<rdf:li>Edit Segmentation</rdf:li>
								</rdf:Bag>
							</Olv:Operations>
						</rdf:Description>
					</rdf:li>
					<rdf:li>
						<rdf:Description Olv:GUID="{7AAC1F15-42A1-4C5A-8139-61B2C200F399}" Olv:Status="Succeeded" Olv:File="060-OHI-2016-08-23-0001.pdf" Olv:Pages="12" Olv:Comp="CONTROLLER" Olv:User="pipex" Olv:Start="2019-08-31T14:18:22+05:30" Olv:End="2019-08-31T14:19:44+05:30" Olv:TotalTime="00:01:22" Olv:IdleTime="00:01:22">
							<Olv:Operations>
								<rdf:Bag>
									<rdf:li>Output</rdf:li>
								</rdf:Bag>
							</Olv:Operations>
						</rdf:Description>
					</rdf:li>
				</rdf:Seq>
			</Olv:TimeTrack>
		</rdf:Description>
	</rdf:RDF>
</x:xmpmeta>
