<x:xmpmeta xmlns:x="adobe:ns:meta/" x:xmptk="Adobe XMP Core 5.4-c005 78.147326, 2012/08/23-13:03:03        ">
	<rdf:RDF xmlns:rdf="http://www.w3.org/1999/02/22-rdf-syntax-ns#">
		<rdf:Description rdf:about="" xmlns:xmp="http://ns.adobe.com/xap/1.0/" xmlns:dc="http://purl.org/dc/elements/1.1/" xmlns:xmpMM="http://ns.adobe.com/xap/1.0/mm/" xmlns:pdf="http://ns.adobe.com/pdf/1.3/" xmlns:pdfx="http://ns.adobe.com/pdfx/1.3/" xmlns:Olv="Olive" xmp:ModifyDate="2019-08-31T10:41:59+05:30" xmp:CreateDate="2017-11-13T21:56:06-05:00" xmp:MetadataDate="2019-08-31T10:41:59+05:30" xmp:CreatorTool="Adobe InDesign CC 2017 (Macintosh)" dc:format="application/pdf" xmpMM:DocumentID="uuid:946fdd9c-270c-5740-a938-24c861177303" xmpMM:InstanceID="uuid:a1809ea0-8043-47bc-befd-3bcee04ddde0" pdf:Producer="Adobe PDF Library 15.0" pdfx:OLV0_XMD_PAGE_COUNT="8" Olv:publication="OHI" Olv:issue_date="2017/11/14">
			<Olv:TimeTrack>
				<rdf:Seq>
					<rdf:li>
						<rdf:Description Olv:GUID="{14DE78AC-A969-4BBC-A46F-F3D72AC99793}" Olv:Status="Succeeded" Olv:File="060-OHI-2017-11-14-0001.pdf" Olv:Pages="8" Olv:Comp="SEG03" Olv:User="pipex" Olv:Start="2019-08-06T13:22:53+05:30" Olv:End="2019-08-06T13:23:05+05:30" Olv:TotalTime="00:00:12" Olv:IdleTime="00:00:00">
							<Olv:Operations>
								<rdf:Bag>
									<rdf:li>Auto Segmentation</rdf:li>
									<rdf:li>First session</rdf:li>
								</rdf:Bag>
							</Olv:Operations>
						</rdf:Description>
					</rdf:li>
					<rdf:li>
						<rdf:Description Olv:GUID="{F7721AB9-D850-465F-BBA3-6730093FFBF6}" Olv:Status="None" Olv:File="060-OHI-2017-11-14-0001.pdf" Olv:Pages="8" Olv:Comp="MDOPS-C16" Olv:User="001661" Olv:Start="2019-08-20T14:05:12+05:30" Olv:End="2019-08-20T15:00:21+05:30" Olv:TotalTime="00:55:09" Olv:IdleTime="00:06:13">
							<Olv:Operations>
								<rdf:Bag>
									<rdf:li>Edit Segmentation</rdf:li>
								</rdf:Bag>
							</Olv:Operations>
						</rdf:Description>
					</rdf:li>
					<rdf:li>
						<rdf:Description Olv:GUID="{8F8EA4AA-BE32-4E9B-A61D-CB9610EC03F1}" Olv:Status="None" Olv:File="060-OHI-2017-11-14-0001.pdf" Olv:Pages="8" Olv:Comp="MDOPS-C20" Olv:User="000678" Olv:Start="2019-08-29T07:34:31+05:30" Olv:End="2019-08-29T07:41:11+05:30" Olv:TotalTime="00:06:40" Olv:IdleTime="00:01:09">
							<Olv:Operations>
								<rdf:Bag>
									<rdf:li>Edit Segmentation</rdf:li>
								</rdf:Bag>
							</Olv:Operations>
						</rdf:Description>
					</rdf:li>
					<rdf:li>
						<rdf:Description Olv:GUID="{63BD03CD-8BA9-4597-B08B-1F4ACB7D3E2D}" Olv:Status="Succeeded" Olv:File="060-OHI-2017-11-14-0001.pdf" Olv:Pages="8" Olv:Comp="SEG04" Olv:User="pipex" Olv:Start="2019-08-31T10:42:00+05:30" Olv:End="2019-08-31T10:42:37+05:30" Olv:TotalTime="00:00:37" Olv:IdleTime="00:00:37">
							<Olv:Operations>
								<rdf:Bag>
									<rdf:li>Output</rdf:li>
								</rdf:Bag>
							</Olv:Operations>
						</rdf:Description>
					</rdf:li>
				</rdf:Seq>
			</Olv:TimeTrack>
		</rdf:Description>
	</rdf:RDF>
</x:xmpmeta>
