<x:xmpmeta xmlns:x="adobe:ns:meta/" x:xmptk="Adobe XMP Core 5.4-c005 78.147326, 2012/08/23-13:03:03        ">
	<rdf:RDF xmlns:rdf="http://www.w3.org/1999/02/22-rdf-syntax-ns#">
		<rdf:Description rdf:about="" xmlns:xmp="http://ns.adobe.com/xap/1.0/" xmlns:dc="http://purl.org/dc/elements/1.1/" xmlns:xmpMM="http://ns.adobe.com/xap/1.0/mm/" xmlns:pdf="http://ns.adobe.com/pdf/1.3/" xmlns:pdfx="http://ns.adobe.com/pdfx/1.3/" xmlns:Olv="Olive" xmp:ModifyDate="2019-08-31T11:54:56+05:30" xmp:CreateDate="2018-04-02T21:39:41-04:00" xmp:MetadataDate="2019-08-31T11:54:56+05:30" xmp:CreatorTool="Adobe InDesign CC 13.0 (Macintosh)" dc:format="application/pdf" xmpMM:DocumentID="uuid:06a5e5eb-d178-134d-90ed-5fface8294bf" xmpMM:InstanceID="uuid:33f3cd34-29d3-420f-82cd-e0906db1dbb8" pdf:Producer="Adobe PDF Library 15.0" pdfx:OLV0_XMD_PAGE_COUNT="8" Olv:publication="OHI" Olv:issue_date="2018/ 4/ 3">
			<Olv:TimeTrack>
				<rdf:Seq>
					<rdf:li>
						<rdf:Description Olv:GUID="{13C82F89-91CC-482A-BDF9-444206A5E8FD}" Olv:Status="Succeeded" Olv:File="060-OHI-2018-04-03-0001.pdf" Olv:Pages="8" Olv:Comp="SEG04" Olv:User="pipex" Olv:Start="2019-08-06T13:28:04+05:30" Olv:End="2019-08-06T13:28:20+05:30" Olv:TotalTime="00:00:16" Olv:IdleTime="00:00:00">
							<Olv:Operations>
								<rdf:Bag>
									<rdf:li>Auto Segmentation</rdf:li>
									<rdf:li>First session</rdf:li>
								</rdf:Bag>
							</Olv:Operations>
						</rdf:Description>
					</rdf:li>
					<rdf:li>
						<rdf:Description Olv:GUID="{ADBA6FAB-D3BC-4C04-90BB-4018F9FF093F}" Olv:Status="None" Olv:File="060-OHI-2018-04-03-0001.pdf" Olv:Pages="8" Olv:Comp="MDOPS-C17" Olv:User="001664" Olv:Start="2019-08-22T09:55:47+05:30" Olv:End="2019-08-22T10:37:50+05:30" Olv:TotalTime="00:42:03" Olv:IdleTime="00:00:51">
							<Olv:Operations>
								<rdf:Bag>
									<rdf:li>Edit Segmentation</rdf:li>
								</rdf:Bag>
							</Olv:Operations>
						</rdf:Description>
					</rdf:li>
					<rdf:li>
						<rdf:Description Olv:GUID="{37C65B82-1FD1-42C0-8B11-C787535F67D9}" Olv:Status="None" Olv:File="060-OHI-2018-04-03-0001.pdf" Olv:Pages="8" Olv:Comp="MDOPS-C07" Olv:User="000675" Olv:Start="2019-08-29T08:54:14+05:30" Olv:End="2019-08-29T09:05:38+05:30" Olv:TotalTime="00:11:24" Olv:IdleTime="00:07:34">
							<Olv:Operations>
								<rdf:Bag>
									<rdf:li>Edit Segmentation</rdf:li>
								</rdf:Bag>
							</Olv:Operations>
						</rdf:Description>
					</rdf:li>
					<rdf:li>
						<rdf:Description Olv:GUID="{BD6BB065-F4B1-4A21-9B26-5435F5AD67CF}" Olv:Status="Succeeded" Olv:File="060-OHI-2018-04-03-0001.pdf" Olv:Pages="8" Olv:Comp="SEG06" Olv:User="pipex" Olv:Start="2019-08-31T11:54:57+05:30" Olv:End="2019-08-31T11:55:44+05:30" Olv:TotalTime="00:00:47" Olv:IdleTime="00:00:47">
							<Olv:Operations>
								<rdf:Bag>
									<rdf:li>Output</rdf:li>
								</rdf:Bag>
							</Olv:Operations>
						</rdf:Description>
					</rdf:li>
				</rdf:Seq>
			</Olv:TimeTrack>
		</rdf:Description>
	</rdf:RDF>
</x:xmpmeta>
