<x:xmpmeta xmlns:x="adobe:ns:meta/" x:xmptk="Adobe XMP Core 5.4-c005 78.147326, 2012/08/23-13:03:03        ">
	<rdf:RDF xmlns:rdf="http://www.w3.org/1999/02/22-rdf-syntax-ns#">
		<rdf:Description rdf:about="" xmlns:xmp="http://ns.adobe.com/xap/1.0/" xmlns:dc="http://purl.org/dc/elements/1.1/" xmlns:xmpMM="http://ns.adobe.com/xap/1.0/mm/" xmlns:pdf="http://ns.adobe.com/pdf/1.3/" xmlns:pdfx="http://ns.adobe.com/pdfx/1.3/" xmlns:Olv="Olive" xmp:ModifyDate="2019-08-31T10:18+05:30" xmp:CreateDate="2016-04-06T23:43:43-04:00" xmp:MetadataDate="2019-08-31T10:18+05:30" xmp:CreatorTool="Adobe InDesign CC 2015 (Macintosh)" dc:format="application/pdf" xmpMM:DocumentID="uuid:74c7a1b8-86da-3947-954e-dbc6e65f9d8d" xmpMM:InstanceID="uuid:c2509b31-5090-47eb-afb5-b9089018169c" pdf:Producer="Adobe PDF Library 15.0" pdfx:OLV0_XMD_PAGE_COUNT="7" Olv:publication="OHI" Olv:issue_date="2016/ 4/ 7">
			<Olv:TimeTrack>
				<rdf:Seq>
					<rdf:li>
						<rdf:Description Olv:GUID="{32E786F3-7EE5-44FC-B9B9-160F2BD2B007}" Olv:Status="Succeeded" Olv:File="060-OHI-2016-04-07-0001.pdf" Olv:Pages="8" Olv:Comp="SEG02" Olv:User="pipex" Olv:Start="2019-08-06T13:21:33+05:30" Olv:End="2019-08-06T13:21:47+05:30" Olv:TotalTime="00:00:14" Olv:IdleTime="00:00:00">
							<Olv:Operations>
								<rdf:Bag>
									<rdf:li>Auto Segmentation</rdf:li>
									<rdf:li>First session</rdf:li>
								</rdf:Bag>
							</Olv:Operations>
						</rdf:Description>
					</rdf:li>
					<rdf:li>
						<rdf:Description Olv:GUID="{DE2BA5C4-10B2-4E17-9536-7CBB70A8D556}" Olv:Status="None" Olv:File="060-OHI-2016-04-07-0001.pdf" Olv:Pages="8" Olv:Comp="MDOPS-C16" Olv:User="001661" Olv:Start="2019-08-18T12:33:33+05:30" Olv:End="2019-08-18T13:00:51+05:30" Olv:TotalTime="00:27:18" Olv:IdleTime="00:03:28">
							<Olv:Operations>
								<rdf:Bag>
									<rdf:li>Edit Segmentation</rdf:li>
								</rdf:Bag>
							</Olv:Operations>
						</rdf:Description>
					</rdf:li>
					<rdf:li>
						<rdf:Description Olv:GUID="{0D189577-6D46-4623-AA9C-7C7E0B6970B7}" Olv:Status="None" Olv:File="060-OHI-2016-04-07-0001.pdf" Olv:Pages="8" Olv:Comp="MDOPS-C16" Olv:User="001661" Olv:Start="2019-08-18T13:31:03+05:30" Olv:End="2019-08-18T14:09:12+05:30" Olv:TotalTime="00:38:09" Olv:IdleTime="00:04:32">
							<Olv:Operations>
								<rdf:Bag>
									<rdf:li>Edit Segmentation</rdf:li>
								</rdf:Bag>
							</Olv:Operations>
						</rdf:Description>
					</rdf:li>
					<rdf:li>
						<rdf:Description Olv:GUID="{0BCE7332-D5B1-40BD-9376-095404F307D5}" Olv:Status="None" Olv:File="060-OHI-2016-04-07-0001.pdf" Olv:Pages="8" Olv:Comp="MDOPS-B41" Olv:User="001090" Olv:Start="2019-08-28T13:45:47+05:30" Olv:End="2019-08-28T13:57:09+05:30" Olv:TotalTime="00:11:22" Olv:IdleTime="00:02:22">
							<Olv:Operations>
								<rdf:Bag>
									<rdf:li>Annotations (Links)</rdf:li>
									<rdf:li>Edit Segmentation</rdf:li>
								</rdf:Bag>
							</Olv:Operations>
						</rdf:Description>
					</rdf:li>
					<rdf:li>
						<rdf:Description Olv:GUID="{5C5DEA82-1422-4BD1-A597-78EE7B87DF9A}" Olv:Status="Succeeded" Olv:File="060-OHI-2016-04-07-0001.pdf" Olv:Pages="7" Olv:Comp="SEG04" Olv:User="pipex" Olv:Start="2019-08-31T10:18:01+05:30" Olv:End="2019-08-31T10:18:50+05:30" Olv:TotalTime="00:00:49" Olv:IdleTime="00:00:49">
							<Olv:Operations>
								<rdf:Bag>
									<rdf:li>Output</rdf:li>
								</rdf:Bag>
							</Olv:Operations>
						</rdf:Description>
					</rdf:li>
				</rdf:Seq>
			</Olv:TimeTrack>
		</rdf:Description>
	</rdf:RDF>
</x:xmpmeta>
