<x:xmpmeta xmlns:x="adobe:ns:meta/" x:xmptk="Adobe XMP Core 5.4-c005 78.147326, 2012/08/23-13:03:03        ">
	<rdf:RDF xmlns:rdf="http://www.w3.org/1999/02/22-rdf-syntax-ns#">
		<rdf:Description rdf:about="" xmlns:xmp="http://ns.adobe.com/xap/1.0/" xmlns:dc="http://purl.org/dc/elements/1.1/" xmlns:xmpMM="http://ns.adobe.com/xap/1.0/mm/" xmlns:pdf="http://ns.adobe.com/pdf/1.3/" xmlns:pdfx="http://ns.adobe.com/pdfx/1.3/" xmlns:Olv="Olive" xmp:ModifyDate="2019-08-31T11:02:01+05:30" xmp:CreateDate="2017-03-06T21:53:04-05:00" xmp:MetadataDate="2019-08-31T11:02:01+05:30" xmp:CreatorTool="Acrobat 11.0.17" dc:format="application/pdf" xmpMM:DocumentID="uuid:4f745b14-3397-404d-9630-40676789d19d" xmpMM:InstanceID="uuid:758053de-b435-4ea4-8f0b-286b1f3cc9be" pdf:Producer="Adobe PDF Library 15.0" pdfx:OLV0_XMD_PAGE_COUNT="8" Olv:publication="OHI" Olv:issue_date="2017/ 3/ 7">
			<Olv:TimeTrack>
				<rdf:Seq>
					<rdf:li>
						<rdf:Description Olv:GUID="{803993A8-C345-4F45-9406-B8F1F3B6E8E8}" Olv:Status="Succeeded" Olv:File="060-OHI-2017-03-07-0001.pdf" Olv:Pages="8" Olv:Comp="SEG04" Olv:User="pipex" Olv:Start="2019-08-06T13:24:28+05:30" Olv:End="2019-08-06T13:24:42+05:30" Olv:TotalTime="00:00:14" Olv:IdleTime="00:00:00">
							<Olv:Operations>
								<rdf:Bag>
									<rdf:li>Auto Segmentation</rdf:li>
									<rdf:li>First session</rdf:li>
								</rdf:Bag>
							</Olv:Operations>
						</rdf:Description>
					</rdf:li>
					<rdf:li>
						<rdf:Description Olv:GUID="{44FCB8B4-7DCE-44D0-91FF-DBB6A7FBB19F}" Olv:Status="None" Olv:File="060-OHI-2017-03-07-0001.pdf" Olv:Pages="8" Olv:Comp="MDOPS-C18" Olv:User="001662" Olv:Start="2019-08-19T15:09:21+05:30" Olv:End="2019-08-19T15:44:31+05:30" Olv:TotalTime="00:35:10" Olv:IdleTime="00:01:21">
							<Olv:Operations>
								<rdf:Bag>
									<rdf:li>Edit Segmentation</rdf:li>
								</rdf:Bag>
							</Olv:Operations>
						</rdf:Description>
					</rdf:li>
					<rdf:li>
						<rdf:Description Olv:GUID="{465B89B3-953D-45CB-90F8-33944B7B67CF}" Olv:Status="None" Olv:File="060-OHI-2017-03-07-0001.pdf" Olv:Pages="8" Olv:Comp="MDOPS-C07" Olv:User="000675" Olv:Start="2019-08-28T15:14:23+05:30" Olv:End="2019-08-28T15:18:43+05:30" Olv:TotalTime="00:04:20" Olv:IdleTime="00:00:36">
							<Olv:Operations>
								<rdf:Bag>
									<rdf:li>Edit Segmentation</rdf:li>
								</rdf:Bag>
							</Olv:Operations>
						</rdf:Description>
					</rdf:li>
					<rdf:li>
						<rdf:Description Olv:GUID="{536EFD74-AFFA-4263-B7EB-FCA1F285B881}" Olv:Status="None" Olv:File="060-OHI-2017-03-07-0001.pdf" Olv:Pages="8" Olv:Comp="MDOPS-C07" Olv:User="000675" Olv:Start="2019-08-29T07:00:42+05:30" Olv:End="2019-08-29T07:07:49+05:30" Olv:TotalTime="00:07:07" Olv:IdleTime="00:02:11">
							<Olv:Operations>
								<rdf:Bag>
									<rdf:li>Edit Segmentation</rdf:li>
								</rdf:Bag>
							</Olv:Operations>
						</rdf:Description>
					</rdf:li>
					<rdf:li>
						<rdf:Description Olv:GUID="{EDE1672B-27B8-4806-8C8C-F63C66DAA23D}" Olv:Status="Succeeded" Olv:File="060-OHI-2017-03-07-0001.pdf" Olv:Pages="8" Olv:Comp="SEG07" Olv:User="pipex" Olv:Start="2019-08-31T11:02:02+05:30" Olv:End="2019-08-31T11:02:51+05:30" Olv:TotalTime="00:00:49" Olv:IdleTime="00:00:49">
							<Olv:Operations>
								<rdf:Bag>
									<rdf:li>Output</rdf:li>
								</rdf:Bag>
							</Olv:Operations>
						</rdf:Description>
					</rdf:li>
				</rdf:Seq>
			</Olv:TimeTrack>
		</rdf:Description>
	</rdf:RDF>
</x:xmpmeta>
