<x:xmpmeta xmlns:x="adobe:ns:meta/" x:xmptk="Adobe XMP Core 5.4-c005 78.147326, 2012/08/23-13:03:03        ">
	<rdf:RDF xmlns:rdf="http://www.w3.org/1999/02/22-rdf-syntax-ns#">
		<rdf:Description rdf:about="" xmlns:xmp="http://ns.adobe.com/xap/1.0/" xmlns:dc="http://purl.org/dc/elements/1.1/" xmlns:xmpMM="http://ns.adobe.com/xap/1.0/mm/" xmlns:pdf="http://ns.adobe.com/pdf/1.3/" xmlns:pdfx="http://ns.adobe.com/pdfx/1.3/" xmlns:Olv="Olive" xmp:ModifyDate="2019-08-31T10:26:02+05:30" xmp:CreateDate="2016-09-14T22:03:55-04:00" xmp:MetadataDate="2019-08-31T10:26:02+05:30" xmp:CreatorTool="Adobe InDesign CC 2015 (Macintosh)" dc:format="application/pdf" xmpMM:DocumentID="uuid:f501358f-4350-e244-9be9-466adc3611d6" xmpMM:InstanceID="uuid:4200bdf4-5b02-4f04-ae3d-355db4295085" pdf:Producer="Adobe PDF Library 15.0" pdfx:OLV0_XMD_PAGE_COUNT="12" Olv:publication="OHI" Olv:issue_date="2016/ 9/15">
			<Olv:TimeTrack>
				<rdf:Seq>
					<rdf:li>
						<rdf:Description Olv:GUID="{5A46CEF8-9CF9-4082-9385-9F4B6C3E511F}" Olv:Status="Succeeded" Olv:File="060-OHI-2016-09-15-0001.pdf" Olv:Pages="12" Olv:Comp="SEG06" Olv:User="pipex" Olv:Start="2019-08-06T13:21:49+05:30" Olv:End="2019-08-06T13:22:10+05:30" Olv:TotalTime="00:00:21" Olv:IdleTime="00:00:00">
							<Olv:Operations>
								<rdf:Bag>
									<rdf:li>Auto Segmentation</rdf:li>
									<rdf:li>First session</rdf:li>
								</rdf:Bag>
							</Olv:Operations>
						</rdf:Description>
					</rdf:li>
					<rdf:li>
						<rdf:Description Olv:GUID="{4024960F-0E47-4BF6-9CD3-4AB4265F4B45}" Olv:Status="None" Olv:File="060-OHI-2016-09-15-0001.pdf" Olv:Pages="12" Olv:Comp="MDOPS-C15" Olv:User="001660" Olv:Start="2019-08-18T15:52:48+05:30" Olv:End="2019-08-18T16:49:00+05:30" Olv:TotalTime="00:56:12" Olv:IdleTime="00:08:59">
							<Olv:Operations>
								<rdf:Bag>
									<rdf:li>Edit Segmentation</rdf:li>
								</rdf:Bag>
							</Olv:Operations>
						</rdf:Description>
					</rdf:li>
					<rdf:li>
						<rdf:Description Olv:GUID="{DC10BF11-5E13-4788-8E29-D07929F09754}" Olv:Status="None" Olv:File="060-OHI-2016-09-15-0001.pdf" Olv:Pages="12" Olv:Comp="MDOPS-C09" Olv:User="001128" Olv:Start="2019-08-28T14:16:36+05:30" Olv:End="2019-08-28T14:24:24+05:30" Olv:TotalTime="00:07:48" Olv:IdleTime="00:00:00">
							<Olv:Operations>
								<rdf:Bag>
									<rdf:li>Edit Segmentation</rdf:li>
								</rdf:Bag>
							</Olv:Operations>
						</rdf:Description>
					</rdf:li>
					<rdf:li>
						<rdf:Description Olv:GUID="{DFA05F62-6BB9-4D0B-A96B-2937CCFE4230}" Olv:Status="Succeeded" Olv:File="060-OHI-2016-09-15-0001.pdf" Olv:Pages="12" Olv:Comp="SEG06" Olv:User="pipex" Olv:Start="2019-08-31T10:26:03+05:30" Olv:End="2019-08-31T10:27:18+05:30" Olv:TotalTime="00:01:15" Olv:IdleTime="00:01:15">
							<Olv:Operations>
								<rdf:Bag>
									<rdf:li>Output</rdf:li>
								</rdf:Bag>
							</Olv:Operations>
						</rdf:Description>
					</rdf:li>
				</rdf:Seq>
			</Olv:TimeTrack>
		</rdf:Description>
	</rdf:RDF>
</x:xmpmeta>
