<x:xmpmeta xmlns:x="adobe:ns:meta/" x:xmptk="Adobe XMP Core 5.4-c005 78.147326, 2012/08/23-13:03:03        ">
	<rdf:RDF xmlns:rdf="http://www.w3.org/1999/02/22-rdf-syntax-ns#">
		<rdf:Description rdf:about="" xmlns:xmp="http://ns.adobe.com/xap/1.0/" xmlns:dc="http://purl.org/dc/elements/1.1/" xmlns:xmpMM="http://ns.adobe.com/xap/1.0/mm/" xmlns:pdf="http://ns.adobe.com/pdf/1.3/" xmlns:pdfx="http://ns.adobe.com/pdfx/1.3/" xmlns:Olv="Olive" xmp:ModifyDate="2019-08-31T11:12:26+05:30" xmp:CreateDate="2017-08-21T21:57:12-04:00" xmp:MetadataDate="2019-08-31T11:12:26+05:30" xmp:CreatorTool="Adobe InDesign CC 2017 (Macintosh)" dc:format="application/pdf" xmpMM:DocumentID="uuid:fbfdf349-a0e2-274b-b9e3-e3e83dac6b61" xmpMM:InstanceID="uuid:e2823a96-005b-4fd3-851f-7a5bb98798fe" pdf:Producer="Adobe PDF Library 15.0" pdfx:OLV0_XMD_PAGE_COUNT="12" Olv:publication="OHI" Olv:issue_date="2017/ 8/22">
			<Olv:TimeTrack>
				<rdf:Seq>
					<rdf:li>
						<rdf:Description Olv:GUID="{A7EAC3D0-0492-4607-B877-83F7E10412D9}" Olv:Status="Succeeded" Olv:File="060-OHI-2017-08-22-0001.pdf" Olv:Pages="12" Olv:Comp="SEG04" Olv:User="pipex" Olv:Start="2019-08-06T13:25:05+05:30" Olv:End="2019-08-06T13:25:19+05:30" Olv:TotalTime="00:00:14" Olv:IdleTime="00:00:00">
							<Olv:Operations>
								<rdf:Bag>
									<rdf:li>Auto Segmentation</rdf:li>
									<rdf:li>First session</rdf:li>
								</rdf:Bag>
							</Olv:Operations>
						</rdf:Description>
					</rdf:li>
					<rdf:li>
						<rdf:Description Olv:GUID="{D397B737-663A-4BF5-9040-9AB61EDD73E4}" Olv:Status="None" Olv:File="060-OHI-2017-08-22-0001.pdf" Olv:Pages="12" Olv:Comp="MDOPS-C14" Olv:User="001663" Olv:Start="2019-08-20T10:17:59+05:30" Olv:End="2019-08-20T11:25:12+05:30" Olv:TotalTime="01:07:13" Olv:IdleTime="00:09:41">
							<Olv:Operations>
								<rdf:Bag>
									<rdf:li>Edit Segmentation</rdf:li>
								</rdf:Bag>
							</Olv:Operations>
						</rdf:Description>
					</rdf:li>
					<rdf:li>
						<rdf:Description Olv:GUID="{4312AD9F-FB47-4E9F-B9EC-E2285289C93D}" Olv:Status="None" Olv:File="060-OHI-2017-08-22-0001.pdf" Olv:Pages="12" Olv:Comp="MDOPS-C08" Olv:User="000949" Olv:Start="2019-08-28T15:53:31+05:30" Olv:End="2019-08-28T16:02:45+05:30" Olv:TotalTime="00:09:14" Olv:IdleTime="00:00:00">
							<Olv:Operations>
								<rdf:Bag>
									<rdf:li>Edit Segmentation</rdf:li>
								</rdf:Bag>
							</Olv:Operations>
						</rdf:Description>
					</rdf:li>
					<rdf:li>
						<rdf:Description Olv:GUID="{94D96BC4-6EF6-402F-89DC-55E6E81DE17E}" Olv:Status="Succeeded" Olv:File="060-OHI-2017-08-22-0001.pdf" Olv:Pages="12" Olv:Comp="SEG07" Olv:User="pipex" Olv:Start="2019-08-31T11:12:26+05:30" Olv:End="2019-08-31T11:13:34+05:30" Olv:TotalTime="00:01:08" Olv:IdleTime="00:01:08">
							<Olv:Operations>
								<rdf:Bag>
									<rdf:li>Output</rdf:li>
								</rdf:Bag>
							</Olv:Operations>
						</rdf:Description>
					</rdf:li>
				</rdf:Seq>
			</Olv:TimeTrack>
		</rdf:Description>
	</rdf:RDF>
</x:xmpmeta>
