<x:xmpmeta xmlns:x="adobe:ns:meta/" x:xmptk="Adobe XMP Core 5.4-c005 78.147326, 2012/08/23-13:03:03        ">
	<rdf:RDF xmlns:rdf="http://www.w3.org/1999/02/22-rdf-syntax-ns#">
		<rdf:Description rdf:about="" xmlns:xmp="http://ns.adobe.com/xap/1.0/" xmlns:dc="http://purl.org/dc/elements/1.1/" xmlns:xmpMM="http://ns.adobe.com/xap/1.0/mm/" xmlns:pdf="http://ns.adobe.com/pdf/1.3/" xmlns:pdfx="http://ns.adobe.com/pdfx/1.3/" xmlns:Olv="Olive" xmp:ModifyDate="2019-08-31T10:31:51+05:30" xmp:CreateDate="2016-09-28T21:53:54-04:00" xmp:MetadataDate="2019-08-31T10:31:51+05:30" xmp:CreatorTool="Adobe InDesign CC 2015 (Macintosh)" dc:format="application/pdf" xmpMM:DocumentID="uuid:aeab8a33-b9fb-cb47-9cd4-c2b30362298c" xmpMM:InstanceID="uuid:aac8ac3d-0f2d-4664-b648-f32cc3d98b72" pdf:Producer="Adobe PDF Library 15.0" pdfx:OLV0_XMD_PAGE_COUNT="8" Olv:publication="OHI" Olv:issue_date="2016/ 9/29">
			<Olv:TimeTrack>
				<rdf:Seq>
					<rdf:li>
						<rdf:Description Olv:GUID="{BC08EEE2-DA5C-415B-8633-5C6125115689}" Olv:Status="Succeeded" Olv:File="060-OHI-2016-09-29-0001.pdf" Olv:Pages="8" Olv:Comp="SEG03" Olv:User="pipex" Olv:Start="2019-08-06T13:22:17+05:30" Olv:End="2019-08-06T13:22:35+05:30" Olv:TotalTime="00:00:18" Olv:IdleTime="00:00:00">
							<Olv:Operations>
								<rdf:Bag>
									<rdf:li>Auto Segmentation</rdf:li>
									<rdf:li>First session</rdf:li>
								</rdf:Bag>
							</Olv:Operations>
						</rdf:Description>
					</rdf:li>
					<rdf:li>
						<rdf:Description Olv:GUID="{ACDF5F48-2CA3-42BC-B9A5-5B089F90E0B8}" Olv:Status="None" Olv:File="060-OHI-2016-09-29-0001.pdf" Olv:Pages="8" Olv:Comp="MDOPS-C17" Olv:User="001664" Olv:Start="2019-08-19T09:04:44+05:30" Olv:End="2019-08-19T10:07:34+05:30" Olv:TotalTime="01:02:50" Olv:IdleTime="00:01:49">
							<Olv:Operations>
								<rdf:Bag>
									<rdf:li>Edit Segmentation</rdf:li>
								</rdf:Bag>
							</Olv:Operations>
						</rdf:Description>
					</rdf:li>
					<rdf:li>
						<rdf:Description Olv:GUID="{CC250341-3A25-439D-817C-A6740DC175D9}" Olv:Status="None" Olv:File="060-OHI-2016-09-29-0001.pdf" Olv:Pages="8" Olv:Comp="MDOPS-B41" Olv:User="001090" Olv:Start="2019-08-28T14:21:20+05:30" Olv:End="2019-08-28T14:26:20+05:30" Olv:TotalTime="00:05:00" Olv:IdleTime="00:00:35">
							<Olv:Operations>
								<rdf:Bag>
									<rdf:li>Edit Segmentation</rdf:li>
								</rdf:Bag>
							</Olv:Operations>
						</rdf:Description>
					</rdf:li>
					<rdf:li>
						<rdf:Description Olv:GUID="{55CFF201-FB27-4605-A4B6-4F8C0498DD6E}" Olv:Status="Succeeded" Olv:File="060-OHI-2016-09-29-0001.pdf" Olv:Pages="8" Olv:Comp="SEG04" Olv:User="pipex" Olv:Start="2019-08-31T10:31:52+05:30" Olv:End="2019-08-31T10:32:38+05:30" Olv:TotalTime="00:00:46" Olv:IdleTime="00:00:46">
							<Olv:Operations>
								<rdf:Bag>
									<rdf:li>Output</rdf:li>
								</rdf:Bag>
							</Olv:Operations>
						</rdf:Description>
					</rdf:li>
				</rdf:Seq>
			</Olv:TimeTrack>
		</rdf:Description>
	</rdf:RDF>
</x:xmpmeta>
