<x:xmpmeta xmlns:x="adobe:ns:meta/" x:xmptk="Adobe XMP Core 5.4-c005 78.147326, 2012/08/23-13:03:03        ">
	<rdf:RDF xmlns:rdf="http://www.w3.org/1999/02/22-rdf-syntax-ns#">
		<rdf:Description rdf:about="" xmlns:xmp="http://ns.adobe.com/xap/1.0/" xmlns:dc="http://purl.org/dc/elements/1.1/" xmlns:xmpMM="http://ns.adobe.com/xap/1.0/mm/" xmlns:pdf="http://ns.adobe.com/pdf/1.3/" xmlns:pdfx="http://ns.adobe.com/pdfx/1.3/" xmlns:Olv="Olive" xmp:ModifyDate="2019-08-31T11:30:43+05:30" xmp:CreateDate="2018-11-14T21:23:06-05:00" xmp:MetadataDate="2019-08-31T11:30:43+05:30" xmp:CreatorTool="Adobe InDesign CC 13.0 (Macintosh)" dc:format="application/pdf" xmpMM:DocumentID="uuid:2660039d-a95e-b140-8d49-c3b6d56f50d6" xmpMM:InstanceID="uuid:12e99fdd-645c-44a5-9cae-70c10bfe0618" pdf:Producer="Adobe PDF Library 15.0" pdfx:OLV0_XMD_PAGE_COUNT="8" Olv:publication="OHI" Olv:issue_date="2018/11/15">
			<Olv:TimeTrack>
				<rdf:Seq>
					<rdf:li>
						<rdf:Description Olv:GUID="{317705A8-6A14-4226-B9A5-E4D5C75ECABC}" Olv:Status="Succeeded" Olv:File="060-OHI-2018-11-15-0001.pdf" Olv:Pages="8" Olv:Comp="SEG02" Olv:User="pipex" Olv:Start="2019-08-06T13:26:22+05:30" Olv:End="2019-08-06T13:26:34+05:30" Olv:TotalTime="00:00:12" Olv:IdleTime="00:00:00">
							<Olv:Operations>
								<rdf:Bag>
									<rdf:li>Auto Segmentation</rdf:li>
									<rdf:li>First session</rdf:li>
								</rdf:Bag>
							</Olv:Operations>
						</rdf:Description>
					</rdf:li>
					<rdf:li>
						<rdf:Description Olv:GUID="{F9EE923A-B1D1-4633-AF51-564803326D48}" Olv:Status="None" Olv:File="060-OHI-2018-11-15-0001.pdf" Olv:Pages="8" Olv:Comp="MDOPS-C16" Olv:User="001661" Olv:Start="2019-08-22T15:07:22+05:30" Olv:End="2019-08-22T15:47:42+05:30" Olv:TotalTime="00:40:20" Olv:IdleTime="00:00:41">
							<Olv:Operations>
								<rdf:Bag>
									<rdf:li>Edit Segmentation</rdf:li>
								</rdf:Bag>
							</Olv:Operations>
						</rdf:Description>
					</rdf:li>
					<rdf:li>
						<rdf:Description Olv:GUID="{6188E02A-BE0E-40D5-82F0-8E67045CACAB}" Olv:Status="None" Olv:File="060-OHI-2018-11-15-0001.pdf" Olv:Pages="8" Olv:Comp="MDOPS-C13" Olv:User="000953" Olv:Start="2019-08-29T10:40:56+05:30" Olv:End="2019-08-29T11:06:54+05:30" Olv:TotalTime="00:25:58" Olv:IdleTime="00:20:16">
							<Olv:Operations>
								<rdf:Bag>
									<rdf:li>Edit Segmentation</rdf:li>
								</rdf:Bag>
							</Olv:Operations>
						</rdf:Description>
					</rdf:li>
					<rdf:li>
						<rdf:Description Olv:GUID="{6F141F11-2F6E-4FF4-9D0C-D078718B0C83}" Olv:Status="None" Olv:File="060-OHI-2018-11-15-0001.pdf" Olv:Pages="8" Olv:Comp="MDOPS-C13" Olv:User="000953" Olv:Start="2019-08-29T11:10:07+05:30" Olv:End="2019-08-29T11:10:41+05:30" Olv:TotalTime="00:00:34" Olv:IdleTime="00:00:00">
							<Olv:Operations>
								<rdf:Bag>
									<rdf:li>Edit Segmentation</rdf:li>
								</rdf:Bag>
							</Olv:Operations>
						</rdf:Description>
					</rdf:li>
					<rdf:li>
						<rdf:Description Olv:GUID="{8710BB7B-4FFE-4364-939B-C34B2020ACD8}" Olv:Status="Succeeded" Olv:File="060-OHI-2018-11-15-0001.pdf" Olv:Pages="8" Olv:Comp="SEG04" Olv:User="pipex" Olv:Start="2019-08-31T11:30:44+05:30" Olv:End="2019-08-31T11:31:41+05:30" Olv:TotalTime="00:00:57" Olv:IdleTime="00:00:57">
							<Olv:Operations>
								<rdf:Bag>
									<rdf:li>Output</rdf:li>
								</rdf:Bag>
							</Olv:Operations>
						</rdf:Description>
					</rdf:li>
				</rdf:Seq>
			</Olv:TimeTrack>
		</rdf:Description>
	</rdf:RDF>
</x:xmpmeta>
