<?xml version="1.0" encoding="windows-1252" standalone="no"?>
<Xmd_toc REPOSITORY_FORMAT="1.0" PRXML_VER="2.5" PUBLICATION="OHI" PUBLICATION_DESCRIPTION="" ISSUE_DATE="04/02/2016" RELEASE_NO="060-OHI-2016-02-04-0001" LANGUAGE="English">
	<Head_np>
		<Meta SOURCE_RESOLUTION="72" PDF_DESTINATION_MAPPED="OLV0_Page_0001" TITLE_SNP_EXT="png" AD_SNP_EXT="png" IMAGE_SNP_EXT="jpg" IS_SOLID="false" DOC_DATE="04/02/2016" DOC_UID="OHI_04/02/2016" DOC_VER="1" TOTAL_CHARS_COUNT="33294" SUSPICIOUS_CHARS_COUNT="0" IS_CROSS_ORDERED="false" MULTI_LAYER_PAGE_IMG="true" DEFAULT_PREVIEW_IMG_EXT="png" DEFAULT_IMG_EXT="png" DEFAULT_PRIM_IMG_EXT="jpg" PAGE_PREVIEW_RESOLUTION="15" PAGE_THUMBNAIL_RESOLUTION="150" IMAGES_RESOLUTION="140" PAGES_NUMBER="12" SOURCE_TYPE="TIFF" BASE_HREF="OHI/2016/02/04">
			<Publisher XMD_VER="2.8.201.103" ACROBAT_VER="11.012" PUBLISHER="Olive" PROFILE_ID="OHI-2016-02-04.ini">
				<PublishDate>Sat, 31 Aug 2019 04:35:34 UTC</PublishDate>
				<PublishSWFCompatible>false</PublishSWFCompatible>
			</Publisher>
			<Resolutions>
				<Resolution DEFAULT="true">150</Resolution>
			</Resolutions>
			<LayerResolutions>
				<Resolution GRAPHIC_IMG_EXT="jpg">110</Resolution>
				<Resolution GRAPHIC_IMG_EXT="jpg">140</Resolution>
			</LayerResolutions>
		</Meta>
		<Link SOURCE="060-OHI-2016-02-04-0001.pdf"/>
		<DataFiles>
			<Files TYPE="DOC_PDF" PRESENT="1"/>
			<Files TYPE="PAGE_PDF" PRESENT="0"/>
			<Files TYPE="DOC_IMG" PRESENT="0"/>
			<Files TYPE="PAGE_IMG" PRESENT="0"/>
			<Files TYPE="PAGE_VIEW_IMG" PRESENT="1"/>
			<Files TYPE="PAGE_LAYERS_IMG" PRESENT="1"/>
			<Files TYPE="PAGE_PREVIEW_IMG" PRESENT="1"/>
			<Files TYPE="PRIMITIVE_IMG" PRESENT="1"/>
			<Files TYPE="SNIPPET_IMG" PRESENT="1"/>
			<Files TYPE="SEGMENTATION" PRESENT="0"/>
			<Files TYPE="PAGINATION_TEMPLATE_BACKGROUND" PRESENT="0"/>
			<Files TYPE="EXTERNAL_FONTS" PRESENT="0"/>
			<Files TYPE="PROFILE" PRESENT="1"/>
			<Files TYPE="FOOTNOTES" PRESENT="0"/>
		</DataFiles>
	</Head_np>
	<Body_np>
		<Section NAME="Front Page">
			<Page ID="Pg001" CROP_BOX="0 0 1612 2474" MEDIA_BOX="0 0 1612 2474" HREF="/1/Pg001" TOTAL_CHARS_COUNT="5047" SUSPICIOUS_CHARS_COUNT="0" PAGE_HEIGHT="2475" PAGE_WIDTH="1613" PAGE_TYPE="Single" PAGE_LABEL="1" PAGE_NO="1">
				<Entity FIRST_TOC_ENTRY_ID="4" DEPTH_LEVEL="1" PAGE_NO="1" HREF="/1/Ar00100" WORDCNT="485" IMAGES_RESOLUTION="140" INDEX_IN_DOC="4" SIZE="Large" CONTINUATION_TO="Ar00201" NAME="Fisher celebrates centennial" ENTITY_TYPE="Article" ID="Ar00100"/>
				<Entity FIRST_TOC_ENTRY_ID="8" DEPTH_LEVEL="1" PAGE_NO="1" HREF="/1/Ar00101" WORDCNT="244" IMAGES_RESOLUTION="140" INDEX_IN_DOC="8" SIZE="Medium" CONTINUATION_TO="Ar01001" NAME="Buckeyes add 18 on signing day" ENTITY_TYPE="Article" ID="Ar00101"/>
				<Entity FIRST_TOC_ENTRY_ID="12" DEPTH_LEVEL="1" PAGE_NO="1" HREF="/1/Ar00102" WORDCNT="369" IMAGES_RESOLUTION="140" INDEX_IN_DOC="12" SIZE="Large" CONTINUATION_TO="Ar00200" NAME="Advocate discusses gay rights in Israel" ENTITY_TYPE="Article" ID="Ar00102"/>
				<Entity FIRST_TOC_ENTRY_ID="7" DEPTH_LEVEL="1" PAGE_NO="1" HREF="/1/Ar00103" WORDCNT="35" IMAGES_RESOLUTION="140" INDEX_IN_DOC="7" SIZE="Small" NAME="SPORTS" ENTITY_TYPE="Article" ID="Ar00103"/>
				<Entity FIRST_TOC_ENTRY_ID="5" DEPTH_LEVEL="2" PAGE_NO="1" LOGICAL_NAME="true" HREF="/1/Pc00104" WORDCNT="0" IMAGES_RESOLUTION="140" INDEX_IN_DOC="5" SIZE="Large" EMBEDDED_AFTER="Ar0010000" EMBEDDED_BELOW="1" EMBEDDED_INTO="Ar00100" NAME="" ENTITY_TYPE="Picture" ID="Pc00104">
					<Image EXT="jpg" H="621" W="866" ID="Pc0010400"/>
				</Entity>
				<Entity FIRST_TOC_ENTRY_ID="13" DEPTH_LEVEL="2" PAGE_NO="1" LOGICAL_NAME="true" HREF="/1/Pc00105" WORDCNT="0" IMAGES_RESOLUTION="140" INDEX_IN_DOC="13" SIZE="Small" EMBEDDED_AFTER="Ar0010200" EMBEDDED_BELOW="1" EMBEDDED_INTO="Ar00102" NAME="" ENTITY_TYPE="Picture" ID="Pc00105">
					<Image EXT="jpg" H="419" W="562" ID="Pc0010500"/>
				</Entity>
				<Entity FIRST_TOC_ENTRY_ID="1" DEPTH_LEVEL="1" PAGE_NO="1" HREF="/1/Ar00106" WORDCNT="26" IMAGES_RESOLUTION="140" INDEX_IN_DOC="1" SIZE="Small" NAME="ARTS&amp;LIFE" ENTITY_TYPE="Article" ID="Ar00106"/>
				<Entity FIRST_TOC_ENTRY_ID="2" DEPTH_LEVEL="1" PAGE_NO="1" LOGICAL_NAME="true" HREF="/1/Ar00107" WORDCNT="0" IMAGES_RESOLUTION="140" INDEX_IN_DOC="2" SIZE="Small" NAME="" ENTITY_TYPE="Article" ID="Ar00107"/>
				<Entity FIRST_TOC_ENTRY_ID="3" DEPTH_LEVEL="2" PAGE_NO="1" LOGICAL_NAME="true" HREF="/1/Pc00108" WORDCNT="0" IMAGES_RESOLUTION="140" INDEX_IN_DOC="3" SIZE="Small" EMBEDDED_AFTER="Ar0010700" EMBEDDED_INTERSECT="1" EMBEDDED_INTO="Ar00107" NAME="" ENTITY_TYPE="Picture" ID="Pc00108">
					<Image EXT="jpg" H="134" W="872" ID="Pc0010800"/>
				</Entity>
			</Page>
			<Page ID="Pg002" CROP_BOX="0 0 1612 2474" MEDIA_BOX="0 0 1612 2474" HREF="/2/Pg002" TOTAL_CHARS_COUNT="3276" SUSPICIOUS_CHARS_COUNT="0" PAGE_HEIGHT="2475" PAGE_WIDTH="1613" PAGE_TYPE="Single" PAGE_LABEL="2" PAGE_NO="2">
				<Entity FIRST_TOC_ENTRY_ID="14" DEPTH_LEVEL="1" PAGE_NO="2" HREF="/2/Ar00200" WORDCNT="166" IMAGES_RESOLUTION="140" INDEX_IN_DOC="14" SIZE="Small" CONTINUATION_FROM="Ar00102" NAME="ISRAEL" ENTITY_TYPE="Article" ID="Ar00200"/>
				<Entity FIRST_TOC_ENTRY_ID="6" DEPTH_LEVEL="1" PAGE_NO="2" HREF="/2/Ar00201" WORDCNT="174" IMAGES_RESOLUTION="140" INDEX_IN_DOC="6" SIZE="Small" CONTINUATION_FROM="Ar00100" NAME="FISHER" ENTITY_TYPE="Article" ID="Ar00201"/>
				<Entity FIRST_TOC_ENTRY_ID="16" DEPTH_LEVEL="1" PAGE_NO="2" LOGICAL_NAME="true" HREF="/2/Ad00202" WORDCNT="210" IMAGES_RESOLUTION="140" INDEX_IN_DOC="16" SIZE="Medium" NAME="" ENTITY_TYPE="Ad" ID="Ad00202">
					<Image H="509" W="776" ID="Ad0020201"/>
				</Entity>
				<Entity FIRST_TOC_ENTRY_ID="17" DEPTH_LEVEL="1" PAGE_NO="2" LOGICAL_NAME="true" HREF="/2/Ad00203" WORDCNT="12" IMAGES_RESOLUTION="140" INDEX_IN_DOC="17" SIZE="Small" NAME="" ENTITY_TYPE="Ad" ID="Ad00203">
					<Image H="177" W="1121" ID="Ad0020301"/>
				</Entity>
				<Entity FIRST_TOC_ENTRY_ID="15" DEPTH_LEVEL="1" PAGE_NO="2" HREF="/2/Ar00204" WORDCNT="231" IMAGES_RESOLUTION="140" INDEX_IN_DOC="15" SIZE="Small" NAME="thelantern" ENTITY_TYPE="Article" ID="Ar00204"/>
				<Entity FIRST_TOC_ENTRY_ID="18" DEPTH_LEVEL="1" PAGE_NO="2" HREF="/2/Ar00205" WORDCNT="16" IMAGES_RESOLUTION="140" INDEX_IN_DOC="18" SIZE="Small" NAME="FOLLOW US" ENTITY_TYPE="Article" ID="Ar00205"/>
				<Entity FIRST_TOC_ENTRY_ID="19" DEPTH_LEVEL="1" PAGE_NO="2" HREF="/2/Ar00206" WORDCNT="88" IMAGES_RESOLUTION="140" INDEX_IN_DOC="19" SIZE="Small" NAME="Letters to the Editor" ENTITY_TYPE="Article" ID="Ar00206"/>
				<Entity FIRST_TOC_ENTRY_ID="20" DEPTH_LEVEL="1" PAGE_NO="2" HREF="/2/Ar00207" WORDCNT="30" IMAGES_RESOLUTION="140" INDEX_IN_DOC="20" SIZE="Small" NAME="Corrections" ENTITY_TYPE="Article" ID="Ar00207"/>
				<Entity FIRST_TOC_ENTRY_ID="21" DEPTH_LEVEL="1" PAGE_NO="2" LOGICAL_NAME="true" HREF="/2/Ad00208" WORDCNT="90" IMAGES_RESOLUTION="140" INDEX_IN_DOC="21" SIZE="XLarge" NAME="" ENTITY_TYPE="Ad" ID="Ad00208">
					<Image H="1131" W="1459" ID="Ad0020801"/>
				</Entity>
			</Page>
			<Page ID="Pg003" CROP_BOX="0 0 1612 2474" MEDIA_BOX="0 0 1612 2474" HREF="/3/Pg003" TOTAL_CHARS_COUNT="0" SUSPICIOUS_CHARS_COUNT="0" PAGE_HEIGHT="2475" PAGE_WIDTH="1613" PAGE_TYPE="Single" PAGE_LABEL="3" PAGE_NO="3">
				<Entity FIRST_TOC_ENTRY_ID="22" DEPTH_LEVEL="1" PAGE_NO="3" LOGICAL_NAME="true" HREF="/3/Ad00300" WORDCNT="1031" IMAGES_RESOLUTION="140" INDEX_IN_DOC="22" SIZE="XLarge" NAME="" ENTITY_TYPE="Ad" ID="Ad00300">
					<Image H="2262" W="1434" ID="Ad0030001"/>
				</Entity>
			</Page>
			<Page ID="Pg004" CROP_BOX="0 0 1612 2474" MEDIA_BOX="0 0 1612 2474" HREF="/4/Pg004" TOTAL_CHARS_COUNT="0" SUSPICIOUS_CHARS_COUNT="0" PAGE_HEIGHT="2475" PAGE_WIDTH="1613" PAGE_TYPE="Single" PAGE_LABEL="4" PAGE_NO="4">
				<Entity FIRST_TOC_ENTRY_ID="23" DEPTH_LEVEL="1" PAGE_NO="4" LOGICAL_NAME="true" HREF="/4/Ad00400" WORDCNT="19" IMAGES_RESOLUTION="140" INDEX_IN_DOC="23" SIZE="XLarge" NAME="" ENTITY_TYPE="Ad" ID="Ad00400">
					<Image H="2244" W="1439" ID="Ad0040001"/>
				</Entity>
			</Page>
			<Page ID="Pg005" CROP_BOX="0 0 1612 2474" MEDIA_BOX="0 0 1612 2474" HREF="/5/Pg005" TOTAL_CHARS_COUNT="2605" SUSPICIOUS_CHARS_COUNT="0" PAGE_HEIGHT="2475" PAGE_WIDTH="1613" PAGE_TYPE="Single" PAGE_LABEL="5" PAGE_NO="5">
				<Entity FIRST_TOC_ENTRY_ID="25" DEPTH_LEVEL="1" PAGE_NO="5" HREF="/5/Ar00500" WORDCNT="547" IMAGES_RESOLUTION="140" INDEX_IN_DOC="25" SIZE="Large" CONTINUATION_TO="Ar00604" NAME="A new store joins the off-campus pizza scene" ENTITY_TYPE="Article" ID="Ar00500"/>
				<Entity FIRST_TOC_ENTRY_ID="26" DEPTH_LEVEL="2" PAGE_NO="5" LOGICAL_NAME="true" HREF="/5/Pc00501" WORDCNT="0" IMAGES_RESOLUTION="140" INDEX_IN_DOC="26" SIZE="Small" EMBEDDED_AFTER="Ar0050000" EMBEDDED_BELOW="1" EMBEDDED_INTO="Ar00500" NAME="" ENTITY_TYPE="Picture" ID="Pc00501">
					<Image EXT="jpg" H="356" W="291" ID="Pc0050100"/>
				</Entity>
				<Entity FIRST_TOC_ENTRY_ID="27" DEPTH_LEVEL="2" PAGE_NO="5" LOGICAL_NAME="true" HREF="/5/Pc00502" WORDCNT="0" IMAGES_RESOLUTION="140" INDEX_IN_DOC="27" SIZE="Medium" EMBEDDED_AFTER="Ar0050000" EMBEDDED_BELOW="1" EMBEDDED_INTO="Ar00500" NAME="" ENTITY_TYPE="Picture" ID="Pc00502">
					<Image EXT="jpg" H="516" W="854" ID="Pc0050200"/>
				</Entity>
				<Entity FIRST_TOC_ENTRY_ID="30" DEPTH_LEVEL="1" PAGE_NO="5" LOGICAL_NAME="true" HREF="/5/Ad00503" WORDCNT="0" IMAGES_RESOLUTION="140" INDEX_IN_DOC="30" SIZE="XLarge" NAME="" ENTITY_TYPE="Ad" ID="Ad00503">
					<Image H="1139" W="1445" ID="Ad0050301"/>
				</Entity>
				<Entity FIRST_TOC_ENTRY_ID="24" DEPTH_LEVEL="1" PAGE_NO="5" HREF="/5/Ar00504" WORDCNT="24" IMAGES_RESOLUTION="140" INDEX_IN_DOC="24" SIZE="Small" NAME="JAZZ SERIES" ENTITY_TYPE="Article" ID="Ar00504"/>
			</Page>
			<Page ID="Pg006" CROP_BOX="0 0 1612 2474" MEDIA_BOX="0 0 1612 2474" HREF="/6/Pg006" TOTAL_CHARS_COUNT="3758" SUSPICIOUS_CHARS_COUNT="0" PAGE_HEIGHT="2475" PAGE_WIDTH="1613" PAGE_TYPE="Single" PAGE_LABEL="6" PAGE_NO="6">
				<Entity FIRST_TOC_ENTRY_ID="33" DEPTH_LEVEL="1" PAGE_NO="6" HREF="/6/Ar00600" WORDCNT="467" IMAGES_RESOLUTION="140" INDEX_IN_DOC="33" SIZE="Large" NAME="Wexner Center to bring premier jazz artists to campus" ENTITY_TYPE="Article" ID="Ar00600"/>
				<Entity FIRST_TOC_ENTRY_ID="34" DEPTH_LEVEL="2" PAGE_NO="6" LOGICAL_NAME="true" HREF="/6/Pc00601" WORDCNT="0" IMAGES_RESOLUTION="140" INDEX_IN_DOC="34" SIZE="Medium" EMBEDDED_AFTER="Ar0060000" EMBEDDED_BELOW="1" EMBEDDED_INTO="Ar00600" NAME="" ENTITY_TYPE="Picture" ID="Pc00601">
					<Image EXT="jpg" H="614" W="723" ID="Pc0060100"/>
				</Entity>
				<Entity FIRST_TOC_ENTRY_ID="31" DEPTH_LEVEL="1" PAGE_NO="6" LOGICAL_NAME="true" HREF="/6/Ad00602" WORDCNT="31" IMAGES_RESOLUTION="140" INDEX_IN_DOC="31" SIZE="Large" NAME="" ENTITY_TYPE="Ad" ID="Ad00602">
					<Image H="1105" W="736" ID="Ad0060201"/>
				</Entity>
				<Entity FIRST_TOC_ENTRY_ID="32" DEPTH_LEVEL="1" PAGE_NO="6" LOGICAL_NAME="true" HREF="/6/Ad00603" WORDCNT="24" IMAGES_RESOLUTION="140" INDEX_IN_DOC="32" SIZE="Large" NAME="" ENTITY_TYPE="Ad" ID="Ad00603">
					<Image H="1124" W="733" ID="Ad0060301"/>
				</Entity>
				<Entity FIRST_TOC_ENTRY_ID="28" DEPTH_LEVEL="1" PAGE_NO="6" HREF="/6/Ar00604" WORDCNT="395" IMAGES_RESOLUTION="140" INDEX_IN_DOC="28" SIZE="Medium" CONTINUATION_FROM="Ar00500" NAME="PIZZA" ENTITY_TYPE="Article" ID="Ar00604"/>
				<Entity FIRST_TOC_ENTRY_ID="29" DEPTH_LEVEL="2" PAGE_NO="6" LOGICAL_NAME="true" HREF="/6/Pc00605" WORDCNT="0" IMAGES_RESOLUTION="140" INDEX_IN_DOC="29" SIZE="Small" EMBEDDED_AFTER="Ar0060400" EMBEDDED_BELOW="1" EMBEDDED_RIGHT="1" EMBEDDED_INTO="Ar00604" NAME="" ENTITY_TYPE="Picture" ID="Pc00605">
					<Image EXT="jpg" H="63" W="373" ID="Pc0060500"/>
				</Entity>
			</Page>
			<Page ID="Pg007" CROP_BOX="0 0 1612 2474" MEDIA_BOX="0 0 1612 2474" HREF="/7/Pg007" TOTAL_CHARS_COUNT="0" SUSPICIOUS_CHARS_COUNT="0" PAGE_HEIGHT="2475" PAGE_WIDTH="1613" PAGE_TYPE="Single" PAGE_LABEL="7" PAGE_NO="7">
				<Entity FIRST_TOC_ENTRY_ID="35" DEPTH_LEVEL="1" PAGE_NO="7" LOGICAL_NAME="true" HREF="/7/Ad00700" WORDCNT="81" IMAGES_RESOLUTION="140" INDEX_IN_DOC="35" SIZE="Large" NAME="" ENTITY_TYPE="Ad" ID="Ad00700">
					<Image H="1102" W="710" ID="Ad0070001"/>
				</Entity>
				<Entity FIRST_TOC_ENTRY_ID="37" DEPTH_LEVEL="1" PAGE_NO="7" LOGICAL_NAME="true" HREF="/7/Ad00701" WORDCNT="78" IMAGES_RESOLUTION="140" INDEX_IN_DOC="37" SIZE="XLarge" NAME="" ENTITY_TYPE="Ad" ID="Ad00701">
					<Image H="1135" W="1444" ID="Ad0070101"/>
				</Entity>
				<Entity FIRST_TOC_ENTRY_ID="36" DEPTH_LEVEL="1" PAGE_NO="7" LOGICAL_NAME="true" HREF="/7/Ad00702" WORDCNT="728" IMAGES_RESOLUTION="140" INDEX_IN_DOC="36" SIZE="Large" NAME="" ENTITY_TYPE="Ad" ID="Ad00702">
					<Image H="1120" W="716" ID="Ad0070201"/>
				</Entity>
			</Page>
			<Page ID="Pg008" CROP_BOX="0 0 1612 2474" MEDIA_BOX="0 0 1612 2474" HREF="/8/Pg008" TOTAL_CHARS_COUNT="4626" SUSPICIOUS_CHARS_COUNT="0" PAGE_HEIGHT="2475" PAGE_WIDTH="1613" PAGE_TYPE="Single" PAGE_LABEL="8" PAGE_NO="8">
				<Entity FIRST_TOC_ENTRY_ID="38" DEPTH_LEVEL="1" PAGE_NO="8" HREF="/8/Ar00800" WORDCNT="598" IMAGES_RESOLUTION="140" INDEX_IN_DOC="38" SIZE="Large" CONTINUATION_TO="Ar00901" NAME="ROOMMATE RANTS:" ENTITY_TYPE="Article" ID="Ar00800"/>
				<Entity FIRST_TOC_ENTRY_ID="45" DEPTH_LEVEL="1" PAGE_NO="8" HREF="/8/Ar00801" WORDCNT="246" IMAGES_RESOLUTION="140" INDEX_IN_DOC="45" SIZE="Medium" CONTINUATION_TO="Ar00900" NAME="Keeping furniture out of the dumpster" ENTITY_TYPE="Article" ID="Ar00801"/>
				<Entity FIRST_TOC_ENTRY_ID="41" DEPTH_LEVEL="1" PAGE_NO="8" HREF="/8/Ar00802" WORDCNT="261" IMAGES_RESOLUTION="140" INDEX_IN_DOC="41" SIZE="Medium" CONTINUATION_TO="Ar00903" NAME="Don�t let the bedbugs bite" ENTITY_TYPE="Article" ID="Ar00802"/>
				<Entity FIRST_TOC_ENTRY_ID="42" DEPTH_LEVEL="2" PAGE_NO="8" LOGICAL_NAME="true" HREF="/8/Pc00803" WORDCNT="0" IMAGES_RESOLUTION="140" INDEX_IN_DOC="42" SIZE="Medium" EMBEDDED_AFTER="Ar0080200" EMBEDDED_ABOVE="1" EMBEDDED_INTO="Ar00802" NAME="" ENTITY_TYPE="Picture" ID="Pc00803">
					<Image EXT="jpg" H="430" W="601" ID="Pc0080300"/>
				</Entity>
				<Entity FIRST_TOC_ENTRY_ID="46" DEPTH_LEVEL="2" PAGE_NO="8" LOGICAL_NAME="true" HREF="/8/Pc00804" WORDCNT="0" IMAGES_RESOLUTION="140" INDEX_IN_DOC="46" SIZE="Medium" EMBEDDED_AFTER="Ar0080100" EMBEDDED_BELOW="1" EMBEDDED_INTO="Ar00801" NAME="" ENTITY_TYPE="Picture" ID="Pc00804">
					<Image EXT="jpg" H="442" W="708" ID="Pc0080400"/>
				</Entity>
				<Entity FIRST_TOC_ENTRY_ID="48" DEPTH_LEVEL="1" PAGE_NO="8" LOGICAL_NAME="true" HREF="/8/Ad00805" WORDCNT="34" IMAGES_RESOLUTION="140" INDEX_IN_DOC="48" SIZE="Large" NAME="" ENTITY_TYPE="Ad" ID="Ad00805">
					<Image H="560" W="1441" ID="Ad0080501"/>
				</Entity>
			</Page>
			<Page ID="Pg009" CROP_BOX="0 0 1612 2474" MEDIA_BOX="0 0 1612 2474" HREF="/9/Pg009" TOTAL_CHARS_COUNT="4593" SUSPICIOUS_CHARS_COUNT="0" PAGE_HEIGHT="2475" PAGE_WIDTH="1613" PAGE_TYPE="Single" PAGE_LABEL="9" PAGE_NO="9">
				<Entity FIRST_TOC_ENTRY_ID="47" DEPTH_LEVEL="1" PAGE_NO="9" HREF="/9/Ar00900" WORDCNT="393" IMAGES_RESOLUTION="140" INDEX_IN_DOC="47" SIZE="Medium" CONTINUATION_FROM="Ar00801" NAME="TRASH" ENTITY_TYPE="Article" ID="Ar00900"/>
				<Entity FIRST_TOC_ENTRY_ID="39" DEPTH_LEVEL="1" PAGE_NO="9" HREF="/9/Ar00901" WORDCNT="351" IMAGES_RESOLUTION="140" INDEX_IN_DOC="39" SIZE="Medium" CONTINUATION_FROM="Ar00800" NAME="ROOMMATES" ENTITY_TYPE="Article" ID="Ar00901"/>
				<Entity FIRST_TOC_ENTRY_ID="40" DEPTH_LEVEL="2" PAGE_NO="9" LOGICAL_NAME="true" HREF="/9/Pc00902" WORDCNT="0" IMAGES_RESOLUTION="140" INDEX_IN_DOC="40" SIZE="Small" EMBEDDED_AFTER="Ar0090100" EMBEDDED_BELOW="1" EMBEDDED_RIGHT="1" EMBEDDED_INTO="Ar00901" NAME="" ENTITY_TYPE="Picture" ID="Pc00902">
					<Image EXT="jpg" H="243" W="293" ID="Pc0090200"/>
				</Entity>
				<Entity FIRST_TOC_ENTRY_ID="43" DEPTH_LEVEL="1" PAGE_NO="9" HREF="/9/Ar00903" WORDCNT="351" IMAGES_RESOLUTION="140" INDEX_IN_DOC="43" SIZE="Medium" CONTINUATION_FROM="Ar00802" NAME="BEDBUGS" ENTITY_TYPE="Article" ID="Ar00903"/>
				<Entity FIRST_TOC_ENTRY_ID="44" DEPTH_LEVEL="2" PAGE_NO="9" LOGICAL_NAME="true" HREF="/9/Pc00904" WORDCNT="0" IMAGES_RESOLUTION="140" INDEX_IN_DOC="44" SIZE="Small" EMBEDDED_AFTER="Ar0090300" EMBEDDED_BELOW="1" EMBEDDED_RIGHT="1" EMBEDDED_INTO="Ar00903" NAME="" ENTITY_TYPE="Picture" ID="Pc00904">
					<Image EXT="jpg" H="176" W="298" ID="Pc0090400"/>
				</Entity>
				<Entity FIRST_TOC_ENTRY_ID="49" DEPTH_LEVEL="1" PAGE_NO="9" LOGICAL_NAME="true" HREF="/9/Ad00905" WORDCNT="0" IMAGES_RESOLUTION="140" INDEX_IN_DOC="49" SIZE="XLarge" NAME="" ENTITY_TYPE="Ad" ID="Ad00905">
					<Image H="1098" W="1415" ID="Ad0090501"/>
				</Entity>
			</Page>
			<Page ID="Pg010" CROP_BOX="0 0 1612 2474" MEDIA_BOX="0 0 1612 2474" HREF="/10/Pg010" TOTAL_CHARS_COUNT="4335" SUSPICIOUS_CHARS_COUNT="0" PAGE_HEIGHT="2475" PAGE_WIDTH="1613" PAGE_TYPE="Single" PAGE_LABEL="10" PAGE_NO="10">
				<Entity FIRST_TOC_ENTRY_ID="59" DEPTH_LEVEL="1" PAGE_NO="10" HREF="/10/Ar01000" WORDCNT="182" IMAGES_RESOLUTION="140" INDEX_IN_DOC="59" SIZE="Small" CONTINUATION_FROM="Ar01201" NAME="BASKETBALL" ENTITY_TYPE="Article" ID="Ar01000"/>
				<Entity FIRST_TOC_ENTRY_ID="9" DEPTH_LEVEL="1" PAGE_NO="10" HREF="/10/Ar01001" WORDCNT="696" IMAGES_RESOLUTION="140" INDEX_IN_DOC="9" SIZE="Large" CONTINUATION_FROM="Ar00101" NAME="SIGNING" ENTITY_TYPE="Article" ID="Ar01001"/>
				<Entity FIRST_TOC_ENTRY_ID="10" DEPTH_LEVEL="2" PAGE_NO="10" LOGICAL_NAME="true" HREF="/10/Pc01002" WORDCNT="0" IMAGES_RESOLUTION="140" INDEX_IN_DOC="10" SIZE="Small" EMBEDDED_AFTER="Ar0100100" EMBEDDED_BELOW="1" EMBEDDED_RIGHT="1" EMBEDDED_INTO="Ar01001" NAME="" ENTITY_TYPE="Picture" ID="Pc01002">
					<Image EXT="jpg" H="288" W="270" ID="Pc0100200"/>
				</Entity>
				<Entity FIRST_TOC_ENTRY_ID="11" DEPTH_LEVEL="2" PAGE_NO="10" LOGICAL_NAME="true" HREF="/10/Pc01003" WORDCNT="0" IMAGES_RESOLUTION="140" INDEX_IN_DOC="11" SIZE="Small" EMBEDDED_AFTER="Ar0100100" EMBEDDED_BELOW="1" EMBEDDED_RIGHT="1" EMBEDDED_INTO="Ar01001" NAME="" ENTITY_TYPE="Picture" ID="Pc01003">
					<Image EXT="jpg" H="114" W="287" ID="Pc0100300"/>
				</Entity>
				<Entity FIRST_TOC_ENTRY_ID="56" DEPTH_LEVEL="1" PAGE_NO="10" HREF="/10/Ar01004" WORDCNT="169" IMAGES_RESOLUTION="140" INDEX_IN_DOC="56" SIZE="Small" CONTINUATION_FROM="Ar01200" NAME="LACROSSE" ENTITY_TYPE="Article" ID="Ar01004"/>
				<Entity FIRST_TOC_ENTRY_ID="60" DEPTH_LEVEL="2" PAGE_NO="10" LOGICAL_NAME="true" HREF="/10/Pc01005" WORDCNT="0" IMAGES_RESOLUTION="140" INDEX_IN_DOC="60" SIZE="Small" EMBEDDED_AFTER="Ar0100000" EMBEDDED_BELOW="1" EMBEDDED_INTO="Ar01000" NAME="" ENTITY_TYPE="Picture" ID="Pc01005">
					<Image EXT="jpg" H="60" W="291" ID="Pc0100500"/>
				</Entity>
				<Entity FIRST_TOC_ENTRY_ID="50" DEPTH_LEVEL="1" PAGE_NO="10" LOGICAL_NAME="true" HREF="/10/Ad01006" WORDCNT="4" IMAGES_RESOLUTION="140" INDEX_IN_DOC="50" SIZE="Small" NAME="" ENTITY_TYPE="Ad" ID="Ad01006">
					<Image H="245" W="567" ID="Ad0100601"/>
				</Entity>
				<Entity FIRST_TOC_ENTRY_ID="51" DEPTH_LEVEL="1" PAGE_NO="10" LOGICAL_NAME="true" HREF="/10/Ad01007" WORDCNT="73" IMAGES_RESOLUTION="140" INDEX_IN_DOC="51" SIZE="XLarge" NAME="" ENTITY_TYPE="Ad" ID="Ad01007">
					<Image H="1123" W="1439" ID="Ad0100701"/>
				</Entity>
			</Page>
			<Page ID="Pg011" CROP_BOX="0 0 1612 2474" MEDIA_BOX="0 0 1612 2474" HREF="/11/Pg011" TOTAL_CHARS_COUNT="0" SUSPICIOUS_CHARS_COUNT="0" PAGE_HEIGHT="2475" PAGE_WIDTH="1613" PAGE_TYPE="Single" PAGE_LABEL="11" PAGE_NO="11">
				<Entity FIRST_TOC_ENTRY_ID="52" DEPTH_LEVEL="1" PAGE_NO="11" LOGICAL_NAME="true" HREF="/11/Ad01100" WORDCNT="219" IMAGES_RESOLUTION="140" INDEX_IN_DOC="52" SIZE="XLarge" NAME="" ENTITY_TYPE="Ad" ID="Ad01100">
					<Image H="2272" W="1438" ID="Ad0110001"/>
				</Entity>
			</Page>
			<Page ID="Pg012" CROP_BOX="0 0 1612 2474" MEDIA_BOX="0 0 1612 2474" HREF="/12/Pg012" TOTAL_CHARS_COUNT="5054" SUSPICIOUS_CHARS_COUNT="0" PAGE_HEIGHT="2475" PAGE_WIDTH="1613" PAGE_TYPE="Single" PAGE_LABEL="12" PAGE_NO="12">
				<Entity FIRST_TOC_ENTRY_ID="53" DEPTH_LEVEL="1" PAGE_NO="12" HREF="/12/Ar01200" WORDCNT="691" IMAGES_RESOLUTION="140" INDEX_IN_DOC="53" SIZE="XLarge" CONTINUATION_TO="Ar01004" NAME="Lacrosse season arrives" ENTITY_TYPE="Article" ID="Ar01200"/>
				<Entity FIRST_TOC_ENTRY_ID="57" DEPTH_LEVEL="1" PAGE_NO="12" HREF="/12/Ar01201" WORDCNT="538" IMAGES_RESOLUTION="140" INDEX_IN_DOC="57" SIZE="Large" CONTINUATION_TO="Ar01000" NAME="Buckeyes learning from their mistakes" ENTITY_TYPE="Article" ID="Ar01201"/>
				<Entity FIRST_TOC_ENTRY_ID="54" DEPTH_LEVEL="2" PAGE_NO="12" LOGICAL_NAME="true" HREF="/12/Pc01202" WORDCNT="0" IMAGES_RESOLUTION="140" INDEX_IN_DOC="54" SIZE="Medium" EMBEDDED_AFTER="Ar0120000" EMBEDDED_BELOW="1" EMBEDDED_INTO="Ar01200" NAME="" ENTITY_TYPE="Picture" ID="Pc01202">
					<Image EXT="jpg" H="587" W="563" ID="Pc0120200"/>
				</Entity>
				<Entity FIRST_TOC_ENTRY_ID="55" DEPTH_LEVEL="2" PAGE_NO="12" LOGICAL_NAME="true" HREF="/12/Pc01203" WORDCNT="0" IMAGES_RESOLUTION="140" INDEX_IN_DOC="55" SIZE="Medium" EMBEDDED_AFTER="Ar0120000" EMBEDDED_BELOW="1" EMBEDDED_INTO="Ar01200" NAME="" ENTITY_TYPE="Picture" ID="Pc01203">
					<Image EXT="jpg" H="610" W="563" ID="Pc0120300"/>
				</Entity>
				<Entity FIRST_TOC_ENTRY_ID="58" DEPTH_LEVEL="2" PAGE_NO="12" LOGICAL_NAME="true" HREF="/12/Pc01204" WORDCNT="0" IMAGES_RESOLUTION="140" INDEX_IN_DOC="58" SIZE="Medium" EMBEDDED_AFTER="Ar0120100" EMBEDDED_BELOW="1" EMBEDDED_INTO="Ar01201" NAME="" ENTITY_TYPE="Picture" ID="Pc01204">
					<Image EXT="jpg" H="657" W="417" ID="Pc0120400"/>
				</Entity>
			</Page>
		</Section>
	</Body_np>
	<Logic_np><TOC_Entries><TOC_Entry TOC_ENTRY_ID="1" TITLE="ARTS&amp;LIFE" ENTITY_ID_REF="Ar00106" PAGE_NO="1" PAGE_LABEL="1" PRIM_ID_REF="Ar0010600" IS_IC="true"/><TOC_Entry TOC_ENTRY_ID="2" TITLE="" ENTITY_ID_REF="Ar00107" PAGE_NO="1" PAGE_LABEL="1" PRIM_ID_REF="Ar0010700" IS_IC="true"><TOC_Entry TOC_ENTRY_ID="3" TITLE="" ENTITY_ID_REF="Pc00108" PAGE_NO="1" PAGE_LABEL="1" PRIM_ID_REF="Pc0010800" IS_IC="true"/></TOC_Entry><TOC_Entry TOC_ENTRY_ID="4" TITLE="Fisher celebrates centennial" ENTITY_ID_REF="Ar00100" PAGE_NO="1" PAGE_LABEL="1" PRIM_ID_REF="Ar0010000" IS_IC="true"><TOC_Entry TOC_ENTRY_ID="5" TITLE="" ENTITY_ID_REF="Pc00104" PAGE_NO="1" PAGE_LABEL="1" PRIM_ID_REF="Pc0010400" IS_IC="true"/></TOC_Entry><TOC_Entry TOC_ENTRY_ID="6" TITLE="FISHER" ENTITY_ID_REF="Ar00201" PAGE_NO="2" PAGE_LABEL="2" PRIM_ID_REF="Ar0020100"/><TOC_Entry TOC_ENTRY_ID="7" TITLE="SPORTS" ENTITY_ID_REF="Ar00103" PAGE_NO="1" PAGE_LABEL="1" PRIM_ID_REF="Ar0010300" IS_IC="true"/><TOC_Entry TOC_ENTRY_ID="8" TITLE="Buckeyes add 18 on signing day" ENTITY_ID_REF="Ar00101" PAGE_NO="1" PAGE_LABEL="1" PRIM_ID_REF="Ar0010100" IS_IC="true"/><TOC_Entry TOC_ENTRY_ID="9" TITLE="SIGNING" ENTITY_ID_REF="Ar01001" PAGE_NO="10" PAGE_LABEL="10" PRIM_ID_REF="Ar0100100"><TOC_Entry TOC_ENTRY_ID="10" TITLE="" ENTITY_ID_REF="Pc01002" PAGE_NO="10" PAGE_LABEL="10" PRIM_ID_REF="Pc0100200" IS_IC="true"/><TOC_Entry TOC_ENTRY_ID="11" TITLE="" ENTITY_ID_REF="Pc01003" PAGE_NO="10" PAGE_LABEL="10" PRIM_ID_REF="Pc0100300" IS_IC="true"/></TOC_Entry><TOC_Entry TOC_ENTRY_ID="12" TITLE="Advocate discusses gay rights in Israel" ENTITY_ID_REF="Ar00102" PAGE_NO="1" PAGE_LABEL="1" PRIM_ID_REF="Ar0010200" IS_IC="true"><TOC_Entry TOC_ENTRY_ID="13" TITLE="" ENTITY_ID_REF="Pc00105" PAGE_NO="1" PAGE_LABEL="1" PRIM_ID_REF="Pc0010500" IS_IC="true"/></TOC_Entry><TOC_Entry TOC_ENTRY_ID="14" TITLE="ISRAEL" ENTITY_ID_REF="Ar00200" PAGE_NO="2" PAGE_LABEL="2" PRIM_ID_REF="Ar0020000"/><TOC_Entry TOC_ENTRY_ID="15" TITLE="thelantern" ENTITY_ID_REF="Ar00204" PAGE_NO="2" PAGE_LABEL="2" PRIM_ID_REF="Ar0020400" IS_IC="true"/><TOC_Entry TOC_ENTRY_ID="16" TITLE="" ENTITY_ID_REF="Ad00202" PAGE_NO="2" PAGE_LABEL="2" PRIM_ID_REF="Ad0020201" IS_IC="true"/><TOC_Entry TOC_ENTRY_ID="17" TITLE="" ENTITY_ID_REF="Ad00203" PAGE_NO="2" PAGE_LABEL="2" PRIM_ID_REF="Ad0020301" IS_IC="true"/><TOC_Entry TOC_ENTRY_ID="18" TITLE="FOLLOW US" ENTITY_ID_REF="Ar00205" PAGE_NO="2" PAGE_LABEL="2" PRIM_ID_REF="Ar0020500" IS_IC="true"/><TOC_Entry TOC_ENTRY_ID="19" TITLE="Letters to the Editor" ENTITY_ID_REF="Ar00206" PAGE_NO="2" PAGE_LABEL="2" PRIM_ID_REF="Ar0020600" IS_IC="true"/><TOC_Entry TOC_ENTRY_ID="20" TITLE="Corrections" ENTITY_ID_REF="Ar00207" PAGE_NO="2" PAGE_LABEL="2" PRIM_ID_REF="Ar0020700" IS_IC="true"/><TOC_Entry TOC_ENTRY_ID="21" TITLE="" ENTITY_ID_REF="Ad00208" PAGE_NO="2" PAGE_LABEL="2" PRIM_ID_REF="Ad0020801" IS_IC="true"/><TOC_Entry TOC_ENTRY_ID="22" TITLE="" ENTITY_ID_REF="Ad00300" PAGE_NO="3" PAGE_LABEL="3" PRIM_ID_REF="Ad0030001" IS_IC="true"/><TOC_Entry TOC_ENTRY_ID="23" TITLE="" ENTITY_ID_REF="Ad00400" PAGE_NO="4" PAGE_LABEL="4" PRIM_ID_REF="Ad0040001" IS_IC="true"/><TOC_Entry TOC_ENTRY_ID="24" TITLE="JAZZ SERIES" ENTITY_ID_REF="Ar00504" PAGE_NO="5" PAGE_LABEL="5" PRIM_ID_REF="Ar0050400" IS_IC="true"/><TOC_Entry TOC_ENTRY_ID="25" TITLE="A new store joins the off-campus pizza scene" ENTITY_ID_REF="Ar00500" PAGE_NO="5" PAGE_LABEL="5" PRIM_ID_REF="Ar0050000" IS_IC="true"><TOC_Entry TOC_ENTRY_ID="26" TITLE="" ENTITY_ID_REF="Pc00501" PAGE_NO="5" PAGE_LABEL="5" PRIM_ID_REF="Pc0050100" IS_IC="true"/><TOC_Entry TOC_ENTRY_ID="27" TITLE="" ENTITY_ID_REF="Pc00502" PAGE_NO="5" PAGE_LABEL="5" PRIM_ID_REF="Pc0050200" IS_IC="true"/></TOC_Entry><TOC_Entry TOC_ENTRY_ID="28" TITLE="PIZZA" ENTITY_ID_REF="Ar00604" PAGE_NO="6" PAGE_LABEL="6" PRIM_ID_REF="Ar0060400"><TOC_Entry TOC_ENTRY_ID="29" TITLE="" ENTITY_ID_REF="Pc00605" PAGE_NO="6" PAGE_LABEL="6" PRIM_ID_REF="Pc0060500" IS_IC="true"/></TOC_Entry><TOC_Entry TOC_ENTRY_ID="30" TITLE="" ENTITY_ID_REF="Ad00503" PAGE_NO="5" PAGE_LABEL="5" PRIM_ID_REF="Ad0050301" IS_IC="true"/><TOC_Entry TOC_ENTRY_ID="31" TITLE="" ENTITY_ID_REF="Ad00602" PAGE_NO="6" PAGE_LABEL="6" PRIM_ID_REF="Ad0060201" IS_IC="true"/><TOC_Entry TOC_ENTRY_ID="32" TITLE="" ENTITY_ID_REF="Ad00603" PAGE_NO="6" PAGE_LABEL="6" PRIM_ID_REF="Ad0060301" IS_IC="true"/><TOC_Entry TOC_ENTRY_ID="33" TITLE="Wexner Center to bring premier jazz artists to campus" ENTITY_ID_REF="Ar00600" PAGE_NO="6" PAGE_LABEL="6" PRIM_ID_REF="Ar0060000" IS_IC="true"><TOC_Entry TOC_ENTRY_ID="34" TITLE="" ENTITY_ID_REF="Pc00601" PAGE_NO="6" PAGE_LABEL="6" PRIM_ID_REF="Pc0060100" IS_IC="true"/></TOC_Entry><TOC_Entry TOC_ENTRY_ID="35" TITLE="" ENTITY_ID_REF="Ad00700" PAGE_NO="7" PAGE_LABEL="7" PRIM_ID_REF="Ad0070001" IS_IC="true"/><TOC_Entry TOC_ENTRY_ID="36" TITLE="" ENTITY_ID_REF="Ad00702" PAGE_NO="7" PAGE_LABEL="7" PRIM_ID_REF="Ad0070201" IS_IC="true"/><TOC_Entry TOC_ENTRY_ID="37" TITLE="" ENTITY_ID_REF="Ad00701" PAGE_NO="7" PAGE_LABEL="7" PRIM_ID_REF="Ad0070101" IS_IC="true"/><TOC_Entry TOC_ENTRY_ID="38" TITLE="ROOMMATE RANTS:" ENTITY_ID_REF="Ar00800" PAGE_NO="8" PAGE_LABEL="8" PRIM_ID_REF="Ar0080000" IS_IC="true"/><TOC_Entry TOC_ENTRY_ID="39" TITLE="ROOMMATES" ENTITY_ID_REF="Ar00901" PAGE_NO="9" PAGE_LABEL="9" PRIM_ID_REF="Ar0090100"><TOC_Entry TOC_ENTRY_ID="40" TITLE="" ENTITY_ID_REF="Pc00902" PAGE_NO="9" PAGE_LABEL="9" PRIM_ID_REF="Pc0090200" IS_IC="true"/></TOC_Entry><TOC_Entry TOC_ENTRY_ID="41" TITLE="Don�t let the bedbugs bite" ENTITY_ID_REF="Ar00802" PAGE_NO="8" PAGE_LABEL="8" PRIM_ID_REF="Ar0080200" IS_IC="true"><TOC_Entry TOC_ENTRY_ID="42" TITLE="" ENTITY_ID_REF="Pc00803" PAGE_NO="8" PAGE_LABEL="8" PRIM_ID_REF="Pc0080300" IS_IC="true"/></TOC_Entry><TOC_Entry TOC_ENTRY_ID="43" TITLE="BEDBUGS" ENTITY_ID_REF="Ar00903" PAGE_NO="9" PAGE_LABEL="9" PRIM_ID_REF="Ar0090300"><TOC_Entry TOC_ENTRY_ID="44" TITLE="" ENTITY_ID_REF="Pc00904" PAGE_NO="9" PAGE_LABEL="9" PRIM_ID_REF="Pc0090400" IS_IC="true"/></TOC_Entry><TOC_Entry TOC_ENTRY_ID="45" TITLE="Keeping furniture out of the dumpster" ENTITY_ID_REF="Ar00801" PAGE_NO="8" PAGE_LABEL="8" PRIM_ID_REF="Ar0080100" IS_IC="true"><TOC_Entry TOC_ENTRY_ID="46" TITLE="" ENTITY_ID_REF="Pc00804" PAGE_NO="8" PAGE_LABEL="8" PRIM_ID_REF="Pc0080400" IS_IC="true"/></TOC_Entry><TOC_Entry TOC_ENTRY_ID="47" TITLE="TRASH" ENTITY_ID_REF="Ar00900" PAGE_NO="9" PAGE_LABEL="9" PRIM_ID_REF="Ar0090000"/><TOC_Entry TOC_ENTRY_ID="48" TITLE="" ENTITY_ID_REF="Ad00805" PAGE_NO="8" PAGE_LABEL="8" PRIM_ID_REF="Ad0080501" IS_IC="true"/><TOC_Entry TOC_ENTRY_ID="49" TITLE="" ENTITY_ID_REF="Ad00905" PAGE_NO="9" PAGE_LABEL="9" PRIM_ID_REF="Ad0090501" IS_IC="true"/><TOC_Entry TOC_ENTRY_ID="50" TITLE="" ENTITY_ID_REF="Ad01006" PAGE_NO="10" PAGE_LABEL="10" PRIM_ID_REF="Ad0100601" IS_IC="true"/><TOC_Entry TOC_ENTRY_ID="51" TITLE="" ENTITY_ID_REF="Ad01007" PAGE_NO="10" PAGE_LABEL="10" PRIM_ID_REF="Ad0100701" IS_IC="true"/><TOC_Entry TOC_ENTRY_ID="52" TITLE="" ENTITY_ID_REF="Ad01100" PAGE_NO="11" PAGE_LABEL="11" PRIM_ID_REF="Ad0110001" IS_IC="true"/><TOC_Entry TOC_ENTRY_ID="53" TITLE="Lacrosse season arrives" ENTITY_ID_REF="Ar01200" PAGE_NO="12" PAGE_LABEL="12" PRIM_ID_REF="Ar0120000" IS_IC="true"><TOC_Entry TOC_ENTRY_ID="54" TITLE="" ENTITY_ID_REF="Pc01202" PAGE_NO="12" PAGE_LABEL="12" PRIM_ID_REF="Pc0120200" IS_IC="true"/><TOC_Entry TOC_ENTRY_ID="55" TITLE="" ENTITY_ID_REF="Pc01203" PAGE_NO="12" PAGE_LABEL="12" PRIM_ID_REF="Pc0120300" IS_IC="true"/></TOC_Entry><TOC_Entry TOC_ENTRY_ID="56" TITLE="LACROSSE" ENTITY_ID_REF="Ar01004" PAGE_NO="10" PAGE_LABEL="10" PRIM_ID_REF="Ar0100400"/><TOC_Entry TOC_ENTRY_ID="57" TITLE="Buckeyes learning from their mistakes" ENTITY_ID_REF="Ar01201" PAGE_NO="12" PAGE_LABEL="12" PRIM_ID_REF="Ar0120100" IS_IC="true"><TOC_Entry TOC_ENTRY_ID="58" TITLE="" ENTITY_ID_REF="Pc01204" PAGE_NO="12" PAGE_LABEL="12" PRIM_ID_REF="Pc0120400" IS_IC="true"/></TOC_Entry><TOC_Entry TOC_ENTRY_ID="59" TITLE="BASKETBALL" ENTITY_ID_REF="Ar01000" PAGE_NO="10" PAGE_LABEL="10" PRIM_ID_REF="Ar0100000"><TOC_Entry TOC_ENTRY_ID="60" TITLE="" ENTITY_ID_REF="Pc01005" PAGE_NO="10" PAGE_LABEL="10" PRIM_ID_REF="Pc0100500" IS_IC="true"/></TOC_Entry></TOC_Entries></Logic_np></Xmd_toc>
