<x:xmpmeta xmlns:x="adobe:ns:meta/" x:xmptk="Adobe XMP Core 5.4-c005 78.147326, 2012/08/23-13:03:03        ">
	<rdf:RDF xmlns:rdf="http://www.w3.org/1999/02/22-rdf-syntax-ns#">
		<rdf:Description rdf:about="" xmlns:xmp="http://ns.adobe.com/xap/1.0/" xmlns:dc="http://purl.org/dc/elements/1.1/" xmlns:xmpMM="http://ns.adobe.com/xap/1.0/mm/" xmlns:pdf="http://ns.adobe.com/pdf/1.3/" xmlns:pdfx="http://ns.adobe.com/pdfx/1.3/" xmlns:Olv="Olive" xmp:ModifyDate="2019-08-31T09:51:57+05:30" xmp:CreateDate="2016-11-30T22:01:25-05:00" xmp:MetadataDate="2019-08-31T09:51:57+05:30" xmp:CreatorTool="Adobe InDesign CC 2015 (Macintosh)" dc:format="application/pdf" xmpMM:DocumentID="uuid:7a019ed6-a7af-bb4d-af0a-c749fb0a073b" xmpMM:InstanceID="uuid:d62ffac1-3fac-45a5-aa0a-336da70a115e" pdf:Producer="Adobe PDF Library 15.0" pdfx:OLV0_XMD_PAGE_COUNT="8" Olv:publication="OHI" Olv:issue_date="2016/12/ 1">
			<Olv:TimeTrack>
				<rdf:Seq>
					<rdf:li>
						<rdf:Description Olv:GUID="{C1F0C2ED-14BB-4634-9C77-D28359C4A1F1}" Olv:Status="Succeeded" Olv:File="060-OHI-2016-12-01-0001.pdf" Olv:Pages="8" Olv:Comp="SEG03" Olv:User="pipex" Olv:Start="2019-08-06T13:19:44+05:30" Olv:End="2019-08-06T13:20:00+05:30" Olv:TotalTime="00:00:16" Olv:IdleTime="00:00:00">
							<Olv:Operations>
								<rdf:Bag>
									<rdf:li>Auto Segmentation</rdf:li>
									<rdf:li>First session</rdf:li>
								</rdf:Bag>
							</Olv:Operations>
						</rdf:Description>
					</rdf:li>
					<rdf:li>
						<rdf:Description Olv:GUID="{11CE0C34-2B90-48E2-814E-E4568AA9A91E}" Olv:Status="None" Olv:File="060-OHI-2016-12-01-0001.pdf" Olv:Pages="8" Olv:Comp="MDOPS-C14" Olv:User="001663" Olv:Start="2019-08-19T11:17:30+05:30" Olv:End="2019-08-19T12:57:19+05:30" Olv:TotalTime="01:39:49" Olv:IdleTime="00:01:21">
							<Olv:Operations>
								<rdf:Bag>
									<rdf:li>Edit Segmentation</rdf:li>
								</rdf:Bag>
							</Olv:Operations>
						</rdf:Description>
					</rdf:li>
					<rdf:li>
						<rdf:Description Olv:GUID="{57B81834-23C0-49A9-8330-959661DEFE1B}" Olv:Status="None" Olv:File="060-OHI-2016-12-01-0001.pdf" Olv:Pages="8" Olv:Comp="MDOPS-C08" Olv:User="000949" Olv:Start="2019-08-28T14:42:17+05:30" Olv:End="2019-08-28T15:07:20+05:30" Olv:TotalTime="00:25:03" Olv:IdleTime="00:08:26">
							<Olv:Operations>
								<rdf:Bag>
									<rdf:li>Edit Segmentation</rdf:li>
								</rdf:Bag>
							</Olv:Operations>
						</rdf:Description>
					</rdf:li>
					<rdf:li>
						<rdf:Description Olv:GUID="{EEF87AB7-A60D-4ACF-AEF6-941DBD5247FA}" Olv:Status="Succeeded" Olv:File="060-OHI-2016-12-01-0001.pdf" Olv:Pages="8" Olv:Comp="SEG03" Olv:User="pipex" Olv:Start="2019-08-31T09:51:58+05:30" Olv:End="2019-08-31T09:52:48+05:30" Olv:TotalTime="00:00:50" Olv:IdleTime="00:00:50">
							<Olv:Operations>
								<rdf:Bag>
									<rdf:li>Output</rdf:li>
								</rdf:Bag>
							</Olv:Operations>
						</rdf:Description>
					</rdf:li>
				</rdf:Seq>
			</Olv:TimeTrack>
		</rdf:Description>
	</rdf:RDF>
</x:xmpmeta>
