<x:xmpmeta xmlns:x="adobe:ns:meta/" x:xmptk="Adobe XMP Core 5.4-c005 78.147326, 2012/08/23-13:03:03        ">
	<rdf:RDF xmlns:rdf="http://www.w3.org/1999/02/22-rdf-syntax-ns#">
		<rdf:Description rdf:about="" xmlns:xmp="http://ns.adobe.com/xap/1.0/" xmlns:dc="http://purl.org/dc/elements/1.1/" xmlns:xmpMM="http://ns.adobe.com/xap/1.0/mm/" xmlns:pdf="http://ns.adobe.com/pdf/1.3/" xmlns:pdfx="http://ns.adobe.com/pdfx/1.3/" xmlns:Olv="Olive" xmp:ModifyDate="2019-08-31T09:45:59+05:30" xmp:CreateDate="2016-10-24T22:04:45-04:00" xmp:MetadataDate="2019-08-31T09:45:59+05:30" xmp:CreatorTool="Adobe InDesign CC 2015 (Macintosh)" dc:format="application/pdf" xmpMM:DocumentID="uuid:19246bde-fe53-f648-8c0d-422dfd754d38" xmpMM:InstanceID="uuid:e569f3f3-dd31-4eee-8360-a812a083d099" pdf:Producer="Adobe PDF Library 15.0" pdfx:OLV0_XMD_PAGE_COUNT="12" Olv:publication="OHI" Olv:issue_date="2016/10/25">
			<Olv:TimeTrack>
				<rdf:Seq>
					<rdf:li>
						<rdf:Description Olv:GUID="{A20D9F76-33F6-4C1D-98C1-9B274435065C}" Olv:Status="Succeeded" Olv:File="060-OHI-2016-10-25-0001.pdf" Olv:Pages="12" Olv:Comp="SEG03" Olv:User="pipex" Olv:Start="2019-08-06T13:18:40+05:30" Olv:End="2019-08-06T13:18:58+05:30" Olv:TotalTime="00:00:18" Olv:IdleTime="00:00:00">
							<Olv:Operations>
								<rdf:Bag>
									<rdf:li>Auto Segmentation</rdf:li>
									<rdf:li>First session</rdf:li>
								</rdf:Bag>
							</Olv:Operations>
						</rdf:Description>
					</rdf:li>
					<rdf:li>
						<rdf:Description Olv:GUID="{E4CCCF22-F2AB-4567-A4BB-AC71420CB0DC}" Olv:Status="None" Olv:File="060-OHI-2016-10-25-0001.pdf" Olv:Pages="12" Olv:Comp="MDOPS-C15" Olv:User="001660" Olv:Start="2019-08-19T10:07:40+05:30" Olv:End="2019-08-19T10:43:12+05:30" Olv:TotalTime="00:35:32" Olv:IdleTime="00:02:27">
							<Olv:Operations>
								<rdf:Bag>
									<rdf:li>Edit Segmentation</rdf:li>
								</rdf:Bag>
							</Olv:Operations>
						</rdf:Description>
					</rdf:li>
					<rdf:li>
						<rdf:Description Olv:GUID="{785CD25C-0123-450B-B56F-A5F6D20D6FB4}" Olv:Status="None" Olv:File="060-OHI-2016-10-25-0001.pdf" Olv:Pages="12" Olv:Comp="MDOPS-C07" Olv:User="000675" Olv:Start="2019-08-28T14:27:14+05:30" Olv:End="2019-08-28T14:40:19+05:30" Olv:TotalTime="00:13:05" Olv:IdleTime="00:08:55">
							<Olv:Operations>
								<rdf:Bag>
									<rdf:li>Edit Segmentation</rdf:li>
								</rdf:Bag>
							</Olv:Operations>
						</rdf:Description>
					</rdf:li>
					<rdf:li>
						<rdf:Description Olv:GUID="{CE75AD25-1D81-43A0-BC72-21CD7342E4B8}" Olv:Status="Succeeded" Olv:File="060-OHI-2016-10-25-0001.pdf" Olv:Pages="12" Olv:Comp="SEG04" Olv:User="pipex" Olv:Start="2019-08-31T09:46:00+05:30" Olv:End="2019-08-31T09:46:55+05:30" Olv:TotalTime="00:00:55" Olv:IdleTime="00:00:55">
							<Olv:Operations>
								<rdf:Bag>
									<rdf:li>Output</rdf:li>
								</rdf:Bag>
							</Olv:Operations>
						</rdf:Description>
					</rdf:li>
				</rdf:Seq>
			</Olv:TimeTrack>
		</rdf:Description>
	</rdf:RDF>
</x:xmpmeta>
