<x:xmpmeta xmlns:x="adobe:ns:meta/" x:xmptk="Adobe XMP Core 5.4-c005 78.147326, 2012/08/23-13:03:03        ">
	<rdf:RDF xmlns:rdf="http://www.w3.org/1999/02/22-rdf-syntax-ns#">
		<rdf:Description rdf:about="" xmlns:xmp="http://ns.adobe.com/xap/1.0/" xmlns:dc="http://purl.org/dc/elements/1.1/" xmlns:xmpMM="http://ns.adobe.com/xap/1.0/mm/" xmlns:pdf="http://ns.adobe.com/pdf/1.3/" xmlns:pdfx="http://ns.adobe.com/pdfx/1.3/" xmlns:Olv="Olive" xmp:ModifyDate="2019-08-31T11:26:38+05:30" xmp:CreateDate="2018-10-03T21:58:28-04:00" xmp:MetadataDate="2019-08-31T11:26:38+05:30" xmp:CreatorTool="Adobe InDesign CC 13.0 (Macintosh)" dc:format="application/pdf" xmpMM:DocumentID="uuid:ee008212-58c7-f84a-97f8-00182e7c1ac7" xmpMM:InstanceID="uuid:cd6a215b-9a0e-4be6-8e25-c1fdd7ddad03" pdf:Producer="Adobe PDF Library 15.0" pdfx:OLV0_XMD_PAGE_COUNT="12" Olv:publication="OHI" Olv:issue_date="2018/10/ 4">
			<Olv:TimeTrack>
				<rdf:Seq>
					<rdf:li>
						<rdf:Description Olv:GUID="{0FAEA0A5-573C-40F8-8EBC-531622969D15}" Olv:Status="Succeeded" Olv:File="060-OHI-2018-10-04-0001.pdf" Olv:Pages="12" Olv:Comp="SEG07" Olv:User="pipex" Olv:Start="2019-08-06T13:25:57+05:30" Olv:End="2019-08-06T13:26:13+05:30" Olv:TotalTime="00:00:16" Olv:IdleTime="00:00:00">
							<Olv:Operations>
								<rdf:Bag>
									<rdf:li>Auto Segmentation</rdf:li>
									<rdf:li>First session</rdf:li>
								</rdf:Bag>
							</Olv:Operations>
						</rdf:Description>
					</rdf:li>
					<rdf:li>
						<rdf:Description Olv:GUID="{5E6008A8-BE6A-4A4E-8743-77A2B7EE4917}" Olv:Status="None" Olv:File="060-OHI-2018-10-04-0001.pdf" Olv:Pages="12" Olv:Comp="MDOPS-C17" Olv:User="001664" Olv:Start="2019-08-22T13:47:20+05:30" Olv:End="2019-08-22T14:31:41+05:30" Olv:TotalTime="00:44:21" Olv:IdleTime="00:03:55">
							<Olv:Operations>
								<rdf:Bag>
									<rdf:li>Edit Segmentation</rdf:li>
								</rdf:Bag>
							</Olv:Operations>
						</rdf:Description>
					</rdf:li>
					<rdf:li>
						<rdf:Description Olv:GUID="{6CB9A99F-C51C-4239-A0E0-25BD6DCE3029}" Olv:Status="None" Olv:File="060-OHI-2018-10-04-0001.pdf" Olv:Pages="12" Olv:Comp="MDOPS-C13" Olv:User="000953" Olv:Start="2019-08-22T15:38:20+05:30" Olv:End="2019-08-22T15:38:28+05:30" Olv:TotalTime="00:00:08" Olv:IdleTime="00:00:00">
							<Olv:Operations>
								<rdf:Bag>
									<rdf:li>Edit Segmentation</rdf:li>
								</rdf:Bag>
							</Olv:Operations>
						</rdf:Description>
					</rdf:li>
					<rdf:li>
						<rdf:Description Olv:GUID="{75659E12-B916-456C-830E-CD15370B18B1}" Olv:Status="None" Olv:File="060-OHI-2018-10-04-0001.pdf" Olv:Pages="12" Olv:Comp="MDOPS-C20" Olv:User="000678" Olv:Start="2019-08-29T10:04:31+05:30" Olv:End="2019-08-29T10:16:47+05:30" Olv:TotalTime="00:12:16" Olv:IdleTime="00:05:35">
							<Olv:Operations>
								<rdf:Bag>
									<rdf:li>Edit Segmentation</rdf:li>
								</rdf:Bag>
							</Olv:Operations>
						</rdf:Description>
					</rdf:li>
					<rdf:li>
						<rdf:Description Olv:GUID="{EB0FD48C-1728-4B2E-B189-49BC81A3A3E6}" Olv:Status="Succeeded" Olv:File="060-OHI-2018-10-04-0001.pdf" Olv:Pages="12" Olv:Comp="SEG03" Olv:User="pipex" Olv:Start="2019-08-31T11:26:39+05:30" Olv:End="2019-08-31T11:27:50+05:30" Olv:TotalTime="00:01:11" Olv:IdleTime="00:01:11">
							<Olv:Operations>
								<rdf:Bag>
									<rdf:li>Output</rdf:li>
								</rdf:Bag>
							</Olv:Operations>
						</rdf:Description>
					</rdf:li>
				</rdf:Seq>
			</Olv:TimeTrack>
		</rdf:Description>
	</rdf:RDF>
</x:xmpmeta>
