<?xml version="1.0" encoding="windows-1252" standalone="no"?>
<Xmd_toc REPOSITORY_FORMAT="1.0" PRXML_VER="2.5" PUBLICATION="OHI" PUBLICATION_DESCRIPTION="" ISSUE_DATE="29/08/2017" RELEASE_NO="060-OHI-2017-08-29-0001" LANGUAGE="English">
	<Head_np>
		<Meta SOURCE_RESOLUTION="72" PDF_DESTINATION_MAPPED="OLV0_Page_0001" TITLE_SNP_EXT="png" AD_SNP_EXT="png" IMAGE_SNP_EXT="jpg" IS_SOLID="false" DOC_DATE="29/08/2017" DOC_UID="OHI_29/08/2017" DOC_VER="1" TOTAL_CHARS_COUNT="37042" SUSPICIOUS_CHARS_COUNT="0" IS_CROSS_ORDERED="false" MULTI_LAYER_PAGE_IMG="true" DEFAULT_PREVIEW_IMG_EXT="png" DEFAULT_IMG_EXT="png" DEFAULT_PRIM_IMG_EXT="jpg" PAGE_PREVIEW_RESOLUTION="15" PAGE_THUMBNAIL_RESOLUTION="150" IMAGES_RESOLUTION="140" PAGES_NUMBER="8" SOURCE_TYPE="TIFF" BASE_HREF="OHI/2017/08/29">
			<Publisher XMD_VER="2.8.201.103" ACROBAT_VER="11.012" PUBLISHER="Olive" PROFILE_ID="OHI-2017-08-29.ini">
				<PublishDate>Sat, 31 Aug 2019 05:40:59 UTC</PublishDate>
				<PublishSWFCompatible>false</PublishSWFCompatible>
			</Publisher>
			<Resolutions>
				<Resolution DEFAULT="true">150</Resolution>
			</Resolutions>
			<LayerResolutions>
				<Resolution GRAPHIC_IMG_EXT="jpg">110</Resolution>
				<Resolution GRAPHIC_IMG_EXT="jpg">140</Resolution>
			</LayerResolutions>
		</Meta>
		<Link SOURCE="060-OHI-2017-08-29-0001.pdf"/>
		<DataFiles>
			<Files TYPE="DOC_PDF" PRESENT="1"/>
			<Files TYPE="PAGE_PDF" PRESENT="0"/>
			<Files TYPE="DOC_IMG" PRESENT="0"/>
			<Files TYPE="PAGE_IMG" PRESENT="0"/>
			<Files TYPE="PAGE_VIEW_IMG" PRESENT="1"/>
			<Files TYPE="PAGE_LAYERS_IMG" PRESENT="1"/>
			<Files TYPE="PAGE_PREVIEW_IMG" PRESENT="1"/>
			<Files TYPE="PRIMITIVE_IMG" PRESENT="1"/>
			<Files TYPE="SNIPPET_IMG" PRESENT="1"/>
			<Files TYPE="SEGMENTATION" PRESENT="0"/>
			<Files TYPE="PAGINATION_TEMPLATE_BACKGROUND" PRESENT="0"/>
			<Files TYPE="EXTERNAL_FONTS" PRESENT="0"/>
			<Files TYPE="PROFILE" PRESENT="1"/>
			<Files TYPE="FOOTNOTES" PRESENT="0"/>
		</DataFiles>
	</Head_np>
	<Body_np>
		<Section NAME="Front Page">
			<Page ID="Pg001" CROP_BOX="0 0 1649 2549" MEDIA_BOX="0 0 1649 2549" HREF="/1/Pg001" TOTAL_CHARS_COUNT="5122" SUSPICIOUS_CHARS_COUNT="0" PAGE_HEIGHT="2550" PAGE_WIDTH="1650" PAGE_TYPE="Single" PAGE_LABEL="1" PAGE_NO="1">
				<Entity FIRST_TOC_ENTRY_ID="4" DEPTH_LEVEL="1" PAGE_NO="1" HREF="/1/Ar00100" WORDCNT="352" IMAGES_RESOLUTION="140" INDEX_IN_DOC="4" SIZE="Large" CONTINUATION_TO="Ar00300" NAME="IN SESSION:" ENTITY_TYPE="Article" ID="Ar00100"/>
				<Entity FIRST_TOC_ENTRY_ID="13" DEPTH_LEVEL="1" PAGE_NO="1" HREF="/1/Ar00101" WORDCNT="240" IMAGES_RESOLUTION="140" INDEX_IN_DOC="13" SIZE="Medium" CONTINUATION_TO="Ar00201" NAME="OSU club combats campus sexual assault" ENTITY_TYPE="Article" ID="Ar00101"/>
				<Entity FIRST_TOC_ENTRY_ID="8" DEPTH_LEVEL="1" PAGE_NO="1" HREF="/1/Ar00102" WORDCNT="427" IMAGES_RESOLUTION="140" INDEX_IN_DOC="8" SIZE="Large" CONTINUATION_TO="Ar00301" NAME="15th and High construction far from complete" ENTITY_TYPE="Article" ID="Ar00102"/>
				<Entity FIRST_TOC_ENTRY_ID="5" DEPTH_LEVEL="2" PAGE_NO="1" LOGICAL_NAME="true" HREF="/1/Pc00103" WORDCNT="0" IMAGES_RESOLUTION="140" INDEX_IN_DOC="5" SIZE="Large" EMBEDDED_AFTER="Ar0010000" EMBEDDED_BELOW="1" EMBEDDED_INTO="Ar00100" NAME="" ENTITY_TYPE="Picture" ID="Pc00103">
					<Image EXT="jpg" H="640" W="1126" ID="Pc0010300"/>
				</Entity>
				<Entity FIRST_TOC_ENTRY_ID="14" DEPTH_LEVEL="2" PAGE_NO="1" LOGICAL_NAME="true" HREF="/1/Pc00104" WORDCNT="0" IMAGES_RESOLUTION="140" INDEX_IN_DOC="14" SIZE="Small" EMBEDDED_AFTER="Ar0010100" EMBEDDED_ABOVE="1" EMBEDDED_INTO="Ar00101" NAME="" ENTITY_TYPE="Picture" ID="Pc00104">
					<Image EXT="jpg" H="355" W="274" ID="Pc0010400"/>
				</Entity>
				<Entity FIRST_TOC_ENTRY_ID="1" DEPTH_LEVEL="1" PAGE_NO="1" HREF="/1/Ar00105" WORDCNT="19" IMAGES_RESOLUTION="140" INDEX_IN_DOC="1" SIZE="Small" NAME="LETTER TO THE EDITOR" ENTITY_TYPE="Article" ID="Ar00105"/>
				<Entity FIRST_TOC_ENTRY_ID="2" DEPTH_LEVEL="1" PAGE_NO="1" HREF="/1/Ar00106" WORDCNT="22" IMAGES_RESOLUTION="140" INDEX_IN_DOC="2" SIZE="Small" NAME="GO WITH THE FLOW" ENTITY_TYPE="Article" ID="Ar00106"/>
				<Entity FIRST_TOC_ENTRY_ID="3" DEPTH_LEVEL="1" PAGE_NO="1" HREF="/1/Ar00107" WORDCNT="20" IMAGES_RESOLUTION="140" INDEX_IN_DOC="3" SIZE="Small" NAME="DEPTH CHART" ENTITY_TYPE="Article" ID="Ar00107"/>
				<Entity FIRST_TOC_ENTRY_ID="12" DEPTH_LEVEL="1" PAGE_NO="1" HREF="/1/Ar00108" WORDCNT="20" IMAGES_RESOLUTION="140" INDEX_IN_DOC="12" SIZE="Small" NAME="WIDE RECEIVERS" ENTITY_TYPE="Article" ID="Ar00108"/>
			</Page>
			<Page ID="Pg002" CROP_BOX="0 0 1649 2549" MEDIA_BOX="0 0 1649 2549" HREF="/2/Pg002" TOTAL_CHARS_COUNT="5495" SUSPICIOUS_CHARS_COUNT="0" PAGE_HEIGHT="2550" PAGE_WIDTH="1650" PAGE_TYPE="Single" PAGE_LABEL="2" PAGE_NO="2">
				<Entity FIRST_TOC_ENTRY_ID="17" DEPTH_LEVEL="1" PAGE_NO="2" HREF="/2/Ar00200" WORDCNT="903" IMAGES_RESOLUTION="140" INDEX_IN_DOC="17" SIZE="XLarge" NAME="Dorm window policy threat to free speech" ENTITY_TYPE="Article" ID="Ar00200"/>
				<Entity FIRST_TOC_ENTRY_ID="15" DEPTH_LEVEL="1" PAGE_NO="2" HREF="/2/Ar00201" WORDCNT="355" IMAGES_RESOLUTION="140" INDEX_IN_DOC="15" SIZE="Medium" CONTINUATION_FROM="Ar00101" NAME="BANNERS" ENTITY_TYPE="Article" ID="Ar00201"/>
				<Entity FIRST_TOC_ENTRY_ID="18" DEPTH_LEVEL="2" PAGE_NO="2" LOGICAL_NAME="true" HREF="/2/Pc00202" WORDCNT="0" IMAGES_RESOLUTION="140" INDEX_IN_DOC="18" SIZE="Medium" EMBEDDED_AFTER="Ar0020000" EMBEDDED_BELOW="1" EMBEDDED_INTO="Ar00200" NAME="" ENTITY_TYPE="Picture" ID="Pc00202">
					<Image EXT="jpg" H="494" W="845" ID="Pc0020200"/>
				</Entity>
				<Entity FIRST_TOC_ENTRY_ID="16" DEPTH_LEVEL="2" PAGE_NO="2" LOGICAL_NAME="true" HREF="/2/Pc00203" WORDCNT="0" IMAGES_RESOLUTION="140" INDEX_IN_DOC="16" SIZE="Medium" EMBEDDED_AFTER="Ar0020100" EMBEDDED_BELOW="1" EMBEDDED_RIGHT="1" EMBEDDED_INTO="Ar00201" NAME="" ENTITY_TYPE="Picture" ID="Pc00203">
					<Image EXT="jpg" H="622" W="570" ID="Pc0020300"/>
				</Entity>
				<Entity FIRST_TOC_ENTRY_ID="19" DEPTH_LEVEL="2" PAGE_NO="2" LOGICAL_NAME="true" HREF="/2/Pc00204" WORDCNT="0" IMAGES_RESOLUTION="140" INDEX_IN_DOC="19" SIZE="Small" EMBEDDED_AFTER="Ar0020000" EMBEDDED_BELOW="1" EMBEDDED_INTO="Ar00200" NAME="" ENTITY_TYPE="Picture" ID="Pc00204">
					<Image EXT="jpg" H="265" W="285" ID="Pc0020400"/>
				</Entity>
				<Entity FIRST_TOC_ENTRY_ID="20" DEPTH_LEVEL="1" PAGE_NO="2" LOGICAL_NAME="true" HREF="/2/Ad00205" WORDCNT="8" IMAGES_RESOLUTION="140" INDEX_IN_DOC="20" SIZE="Small" NAME="" ENTITY_TYPE="Ad" ID="Ad00205">
					<Image H="718" W="267" ID="Ad0020501"/>
				</Entity>
			</Page>
			<Page ID="Pg003" CROP_BOX="0 0 1649 2549" MEDIA_BOX="0 0 1649 2549" HREF="/3/Pg003" TOTAL_CHARS_COUNT="6367" SUSPICIOUS_CHARS_COUNT="0" PAGE_HEIGHT="2550" PAGE_WIDTH="1650" PAGE_TYPE="Single" PAGE_LABEL="3" PAGE_NO="3">
				<Entity FIRST_TOC_ENTRY_ID="6" DEPTH_LEVEL="1" PAGE_NO="3" HREF="/3/Ar00300" WORDCNT="551" IMAGES_RESOLUTION="140" INDEX_IN_DOC="6" SIZE="Large" CONTINUATION_FROM="Ar00100" NAME="TRUSTEES" ENTITY_TYPE="Article" ID="Ar00300"/>
				<Entity FIRST_TOC_ENTRY_ID="9" DEPTH_LEVEL="1" PAGE_NO="3" HREF="/3/Ar00301" WORDCNT="492" IMAGES_RESOLUTION="140" INDEX_IN_DOC="9" SIZE="Large" CONTINUATION_FROM="Ar00102" NAME="PARTNERS" ENTITY_TYPE="Article" ID="Ar00301"/>
				<Entity FIRST_TOC_ENTRY_ID="10" DEPTH_LEVEL="2" PAGE_NO="3" LOGICAL_NAME="true" HREF="/3/Pc00302" WORDCNT="0" IMAGES_RESOLUTION="140" INDEX_IN_DOC="10" SIZE="Small" EMBEDDED_AFTER="Ar0030100" EMBEDDED_RIGHT="1" EMBEDDED_INTO="Ar00301" NAME="" ENTITY_TYPE="Picture" ID="Pc00302">
					<Image EXT="jpg" H="381" W="566" ID="Pc0030200"/>
				</Entity>
				<Entity FIRST_TOC_ENTRY_ID="27" DEPTH_LEVEL="1" PAGE_NO="3" LOGICAL_NAME="true" HREF="/3/Ad00303" WORDCNT="2" IMAGES_RESOLUTION="140" INDEX_IN_DOC="27" SIZE="Small" NAME="" ENTITY_TYPE="Ad" ID="Ad00303">
					<Image H="184" W="280" ID="Ad0030301"/>
				</Entity>
				<Entity FIRST_TOC_ENTRY_ID="7" DEPTH_LEVEL="2" PAGE_NO="3" LOGICAL_NAME="true" HREF="/3/Pc00304" WORDCNT="0" IMAGES_RESOLUTION="140" INDEX_IN_DOC="7" SIZE="Small" EMBEDDED_AFTER="Ar0030000" EMBEDDED_BELOW="1" EMBEDDED_RIGHT="1" EMBEDDED_INTO="Ar00300" NAME="" ENTITY_TYPE="Picture" ID="Pc00304">
					<Image EXT="jpg" H="49" W="280" ID="Pc0030400"/>
				</Entity>
				<Entity FIRST_TOC_ENTRY_ID="11" DEPTH_LEVEL="2" PAGE_NO="3" LOGICAL_NAME="true" HREF="/3/Pc00305" WORDCNT="0" IMAGES_RESOLUTION="140" INDEX_IN_DOC="11" SIZE="Small" EMBEDDED_AFTER="Ar0030100" EMBEDDED_BELOW="1" EMBEDDED_RIGHT="1" EMBEDDED_INTO="Ar00301" NAME="" ENTITY_TYPE="Picture" ID="Pc00305">
					<Image EXT="jpg" H="71" W="280" ID="Pc0030500"/>
				</Entity>
				<Entity FIRST_TOC_ENTRY_ID="24" DEPTH_LEVEL="1" PAGE_NO="3" LOGICAL_NAME="true" HREF="/3/Ad00306" WORDCNT="13" IMAGES_RESOLUTION="140" INDEX_IN_DOC="24" SIZE="Small" NAME="" ENTITY_TYPE="Ad" ID="Ad00306">
					<Image H="305" W="546" ID="Ad0030601"/>
				</Entity>
				<Entity FIRST_TOC_ENTRY_ID="25" DEPTH_LEVEL="1" PAGE_NO="3" LOGICAL_NAME="true" HREF="/3/Ad00307" WORDCNT="285" IMAGES_RESOLUTION="140" INDEX_IN_DOC="25" SIZE="Medium" NAME="" ENTITY_TYPE="Ad" ID="Ad00307">
					<Image H="942" W="546" ID="Ad0030701"/>
				</Entity>
				<Entity FIRST_TOC_ENTRY_ID="22" DEPTH_LEVEL="1" PAGE_NO="3" LOGICAL_NAME="true" HREF="/3/Ad00308" WORDCNT="0" IMAGES_RESOLUTION="140" INDEX_IN_DOC="22" SIZE="Small" NAME="" ENTITY_TYPE="Ad" ID="Ad00308">
					<Image H="281" W="552" ID="Ad0030801"/>
				</Entity>
				<Entity FIRST_TOC_ENTRY_ID="28" DEPTH_LEVEL="1" PAGE_NO="3" HREF="/3/Ar00309" WORDCNT="30" IMAGES_RESOLUTION="140" INDEX_IN_DOC="28" SIZE="Small" NAME="Corrections" ENTITY_TYPE="Article" ID="Ar00309"/>
				<Entity FIRST_TOC_ENTRY_ID="21" DEPTH_LEVEL="1" PAGE_NO="3" LOGICAL_NAME="true" HREF="/3/Ar00310" WORDCNT="212" IMAGES_RESOLUTION="140" INDEX_IN_DOC="21" SIZE="Small" NAME="" ENTITY_TYPE="Article" ID="Ar00310"/>
				<Entity FIRST_TOC_ENTRY_ID="23" DEPTH_LEVEL="1" PAGE_NO="3" HREF="/3/Ar00311" WORDCNT="16" IMAGES_RESOLUTION="140" INDEX_IN_DOC="23" SIZE="Small" NAME="FOLLOW US" ENTITY_TYPE="Article" ID="Ar00311"/>
				<Entity FIRST_TOC_ENTRY_ID="26" DEPTH_LEVEL="1" PAGE_NO="3" HREF="/3/Ar00312" WORDCNT="88" IMAGES_RESOLUTION="140" INDEX_IN_DOC="26" SIZE="Small" NAME="Letters to the Editor" ENTITY_TYPE="Article" ID="Ar00312"/>
			</Page>
			<Page ID="Pg004" CROP_BOX="0 0 1649 2549" MEDIA_BOX="0 0 1649 2549" HREF="/4/Pg004" TOTAL_CHARS_COUNT="4849" SUSPICIOUS_CHARS_COUNT="0" PAGE_HEIGHT="2550" PAGE_WIDTH="1650" PAGE_TYPE="Single" PAGE_LABEL="4" PAGE_NO="4">
				<Entity FIRST_TOC_ENTRY_ID="30" DEPTH_LEVEL="1" PAGE_NO="4" HREF="/4/Ar00400" WORDCNT="578" IMAGES_RESOLUTION="140" INDEX_IN_DOC="30" SIZE="Large" CONTINUATION_TO="Ar00503" NAME="Go Flow with the" ENTITY_TYPE="Article" ID="Ar00400"/>
				<Entity FIRST_TOC_ENTRY_ID="41" DEPTH_LEVEL="1" PAGE_NO="4" HREF="/4/Ar00401" WORDCNT="321" IMAGES_RESOLUTION="140" INDEX_IN_DOC="41" SIZE="Medium" CONTINUATION_TO="Ar00502" NAME="Department of Dance took on Denmark this summer" ENTITY_TYPE="Article" ID="Ar00401"/>
				<Entity FIRST_TOC_ENTRY_ID="36" DEPTH_LEVEL="1" PAGE_NO="4" HREF="/4/Ar00402" WORDCNT="192" IMAGES_RESOLUTION="140" INDEX_IN_DOC="36" SIZE="Medium" CONTINUATION_TO="Ar00501" NAME="Evolved building gets solar-powered transformation" ENTITY_TYPE="Article" ID="Ar00402"/>
				<Entity FIRST_TOC_ENTRY_ID="31" DEPTH_LEVEL="2" PAGE_NO="4" LOGICAL_NAME="true" HREF="/4/Pc00403" WORDCNT="0" IMAGES_RESOLUTION="140" INDEX_IN_DOC="31" SIZE="Large" EMBEDDED_AFTER="Ar0040000" EMBEDDED_INTERSECT="1" EMBEDDED_INTO="Ar00400" NAME="" ENTITY_TYPE="Picture" ID="Pc00403">
					<Image EXT="jpg" H="893" W="1097" ID="Pc0040300"/>
				</Entity>
				<Entity FIRST_TOC_ENTRY_ID="32" DEPTH_LEVEL="2" PAGE_NO="4" LOGICAL_NAME="true" HREF="/4/Pc00404" WORDCNT="0" IMAGES_RESOLUTION="140" INDEX_IN_DOC="32" SIZE="Small" EMBEDDED_AFTER="Ar0040000" EMBEDDED_BELOW="1" EMBEDDED_LEFT="1" EMBEDDED_INTO="Ar00400" NAME="" ENTITY_TYPE="Picture" ID="Pc00404">
					<Image EXT="jpg" H="243" W="203" ID="Pc0040400"/>
				</Entity>
				<Entity FIRST_TOC_ENTRY_ID="37" DEPTH_LEVEL="2" PAGE_NO="4" LOGICAL_NAME="true" HREF="/4/Pc00405" WORDCNT="0" IMAGES_RESOLUTION="140" INDEX_IN_DOC="37" SIZE="Small" EMBEDDED_AFTER="Ar0040200" EMBEDDED_BELOW="1" EMBEDDED_INTO="Ar00402" NAME="" ENTITY_TYPE="Picture" ID="Pc00405">
					<Image EXT="jpg" H="243" W="349" ID="Pc0040500"/>
				</Entity>
				<Entity FIRST_TOC_ENTRY_ID="42" DEPTH_LEVEL="2" PAGE_NO="4" LOGICAL_NAME="true" HREF="/4/Pc00406" WORDCNT="0" IMAGES_RESOLUTION="140" INDEX_IN_DOC="42" SIZE="Small" EMBEDDED_AFTER="Ar0040100" EMBEDDED_ABOVE="1" EMBEDDED_INTO="Ar00401" NAME="" ENTITY_TYPE="Picture" ID="Pc00406">
					<Image EXT="jpg" H="313" W="289" ID="Pc0040600"/>
				</Entity>
				<Entity FIRST_TOC_ENTRY_ID="29" DEPTH_LEVEL="1" PAGE_NO="4" HREF="/4/Ar00407" WORDCNT="17" IMAGES_RESOLUTION="140" INDEX_IN_DOC="29" SIZE="Small" NAME="ARTS &amp; LIFE" ENTITY_TYPE="Article" ID="Ar00407"/>
			</Page>
			<Page ID="Pg005" CROP_BOX="0 0 1649 2549" MEDIA_BOX="0 0 1649 2549" HREF="/5/Pg005" TOTAL_CHARS_COUNT="4671" SUSPICIOUS_CHARS_COUNT="0" PAGE_HEIGHT="2550" PAGE_WIDTH="1650" PAGE_TYPE="Single" PAGE_LABEL="5" PAGE_NO="5">
				<Entity FIRST_TOC_ENTRY_ID="47" DEPTH_LEVEL="1" PAGE_NO="5" LOGICAL_NAME="true" HREF="/5/Ar00500" WORDCNT="0" IMAGES_RESOLUTION="140" INDEX_IN_DOC="47" SIZE="Small" NAME="" ENTITY_TYPE="Article" ID="Ar00500"/>
				<Entity FIRST_TOC_ENTRY_ID="38" DEPTH_LEVEL="1" PAGE_NO="5" HREF="/5/Ar00501" WORDCNT="394" IMAGES_RESOLUTION="140" INDEX_IN_DOC="38" SIZE="Medium" CONTINUATION_FROM="Ar00402" NAME="SOLAR PANELS" ENTITY_TYPE="Article" ID="Ar00501"/>
				<Entity FIRST_TOC_ENTRY_ID="43" DEPTH_LEVEL="1" PAGE_NO="5" HREF="/5/Ar00502" WORDCNT="277" IMAGES_RESOLUTION="140" INDEX_IN_DOC="43" SIZE="Medium" CONTINUATION_FROM="Ar00401" NAME="DANCE" ENTITY_TYPE="Article" ID="Ar00502"/>
				<Entity FIRST_TOC_ENTRY_ID="33" DEPTH_LEVEL="1" PAGE_NO="5" HREF="/5/Ar00503" WORDCNT="429" IMAGES_RESOLUTION="140" INDEX_IN_DOC="33" SIZE="Medium" CONTINUATION_FROM="Ar00400" NAME="FLUX + FLOW" ENTITY_TYPE="Article" ID="Ar00503"/>
				<Entity FIRST_TOC_ENTRY_ID="48" DEPTH_LEVEL="2" PAGE_NO="5" LOGICAL_NAME="true" HREF="/5/Pc00504" WORDCNT="0" IMAGES_RESOLUTION="140" INDEX_IN_DOC="48" SIZE="Medium" EMBEDDED_AFTER="Ar0050000" EMBEDDED_RIGHT="1" EMBEDDED_INTO="Ar00500" NAME="" ENTITY_TYPE="Picture" ID="Pc00504">
					<Image EXT="jpg" H="520" W="819" ID="Pc0050400"/>
				</Entity>
				<Entity FIRST_TOC_ENTRY_ID="49" DEPTH_LEVEL="2" PAGE_NO="5" LOGICAL_NAME="true" HREF="/5/Pc00505" WORDCNT="0" IMAGES_RESOLUTION="140" INDEX_IN_DOC="49" SIZE="Medium" EMBEDDED_AFTER="Ar0050000" EMBEDDED_BELOW="1" EMBEDDED_INTO="Ar00500" NAME="" ENTITY_TYPE="Picture" ID="Pc00505">
					<Image EXT="jpg" H="513" W="585" ID="Pc0050500"/>
				</Entity>
				<Entity FIRST_TOC_ENTRY_ID="39" DEPTH_LEVEL="2" PAGE_NO="5" LOGICAL_NAME="true" HREF="/5/Pc00506" WORDCNT="0" IMAGES_RESOLUTION="140" INDEX_IN_DOC="39" SIZE="Small" EMBEDDED_AFTER="Ar0050100" EMBEDDED_BELOW="1" EMBEDDED_LEFT="1" EMBEDDED_INTO="Ar00501" NAME="" ENTITY_TYPE="Picture" ID="Pc00506">
					<Image EXT="jpg" H="426" W="560" ID="Pc0050600"/>
				</Entity>
				<Entity FIRST_TOC_ENTRY_ID="34" DEPTH_LEVEL="2" PAGE_NO="5" LOGICAL_NAME="true" HREF="/5/Pc00507" WORDCNT="0" IMAGES_RESOLUTION="140" INDEX_IN_DOC="34" SIZE="Small" EMBEDDED_AFTER="Ar0050300" EMBEDDED_BELOW="1" EMBEDDED_RIGHT="1" EMBEDDED_INTO="Ar00503" NAME="" ENTITY_TYPE="Picture" ID="Pc00507">
					<Image EXT="jpg" H="343" W="546" ID="Pc0050700"/>
				</Entity>
				<Entity FIRST_TOC_ENTRY_ID="40" DEPTH_LEVEL="2" PAGE_NO="5" LOGICAL_NAME="true" HREF="/5/Pc00508" WORDCNT="0" IMAGES_RESOLUTION="140" INDEX_IN_DOC="40" SIZE="Small" EMBEDDED_AFTER="Ar0050100" EMBEDDED_BELOW="1" EMBEDDED_RIGHT="1" EMBEDDED_INTO="Ar00501" NAME="" ENTITY_TYPE="Picture" ID="Pc00508">
					<Image EXT="jpg" H="80" W="293" ID="Pc0050800"/>
				</Entity>
				<Entity FIRST_TOC_ENTRY_ID="46" DEPTH_LEVEL="1" PAGE_NO="5" LOGICAL_NAME="true" HREF="/5/Ad00509" WORDCNT="2" IMAGES_RESOLUTION="140" INDEX_IN_DOC="46" SIZE="Small" NAME="" ENTITY_TYPE="Ad" ID="Ad00509">
					<Image H="325" W="265" ID="Ad0050901"/>
				</Entity>
				<Entity FIRST_TOC_ENTRY_ID="44" DEPTH_LEVEL="2" PAGE_NO="5" LOGICAL_NAME="true" HREF="/5/Pc00510" WORDCNT="0" IMAGES_RESOLUTION="140" INDEX_IN_DOC="44" SIZE="Small" EMBEDDED_AFTER="Ar0050200" EMBEDDED_BELOW="1" EMBEDDED_RIGHT="1" EMBEDDED_INTO="Ar00502" NAME="" ENTITY_TYPE="Picture" ID="Pc00510">
					<Image EXT="jpg" H="87" W="281" ID="Pc0051000"/>
				</Entity>
				<Entity FIRST_TOC_ENTRY_ID="45" DEPTH_LEVEL="2" PAGE_NO="5" LOGICAL_NAME="true" HREF="/5/Pc00511" WORDCNT="0" IMAGES_RESOLUTION="140" INDEX_IN_DOC="45" SIZE="Small" EMBEDDED_AFTER="Ar0050200" EMBEDDED_BELOW="1" EMBEDDED_RIGHT="1" EMBEDDED_INTO="Ar00502" NAME="" ENTITY_TYPE="Picture" ID="Pc00511">
					<Image EXT="jpg" H="61" W="281" ID="Pc0051100"/>
				</Entity>
				<Entity FIRST_TOC_ENTRY_ID="35" DEPTH_LEVEL="2" PAGE_NO="5" LOGICAL_NAME="true" HREF="/5/Pc00512" WORDCNT="0" IMAGES_RESOLUTION="140" INDEX_IN_DOC="35" SIZE="Small" EMBEDDED_AFTER="Ar0050300" EMBEDDED_BELOW="1" EMBEDDED_RIGHT="1" EMBEDDED_INTO="Ar00503" NAME="" ENTITY_TYPE="Picture" ID="Pc00512">
					<Image EXT="jpg" H="53" W="279" ID="Pc0051200"/>
				</Entity>
			</Page>
			<Page ID="Pg006" CROP_BOX="0 0 1649 2549" MEDIA_BOX="0 0 1649 2549" HREF="/6/Pg006" TOTAL_CHARS_COUNT="1058" SUSPICIOUS_CHARS_COUNT="0" PAGE_HEIGHT="2550" PAGE_WIDTH="1650" PAGE_TYPE="Single" PAGE_LABEL="6" PAGE_NO="6">
				<Entity FIRST_TOC_ENTRY_ID="50" DEPTH_LEVEL="1" PAGE_NO="6" HREF="/6/Ar00600" WORDCNT="229" IMAGES_RESOLUTION="140" INDEX_IN_DOC="50" SIZE="Large" NAME="Andre Wesson could be ready at start of season" ENTITY_TYPE="Article" ID="Ar00600"/>
				<Entity FIRST_TOC_ENTRY_ID="51" DEPTH_LEVEL="2" PAGE_NO="6" LOGICAL_NAME="true" HREF="/6/Pc00601" WORDCNT="0" IMAGES_RESOLUTION="140" INDEX_IN_DOC="51" SIZE="Large" EMBEDDED_AFTER="Ar0060000" EMBEDDED_INTERSECT="1" EMBEDDED_INTO="Ar00600" NAME="" ENTITY_TYPE="Picture" ID="Pc00601">
					<Image EXT="jpg" H="685" W="1430" ID="Pc0060100"/>
				</Entity>
				<Entity FIRST_TOC_ENTRY_ID="52" DEPTH_LEVEL="2" PAGE_NO="6" LOGICAL_NAME="true" HREF="/6/Pc00602" WORDCNT="0" IMAGES_RESOLUTION="140" INDEX_IN_DOC="52" SIZE="Small" EMBEDDED_AFTER="Ar0060000" EMBEDDED_BELOW="1" EMBEDDED_RIGHT="1" EMBEDDED_INTO="Ar00600" NAME="" ENTITY_TYPE="Picture" ID="Pc00602">
					<Image EXT="jpg" H="140" W="360" ID="Pc0060200"/>
				</Entity>
				<Entity FIRST_TOC_ENTRY_ID="53" DEPTH_LEVEL="1" PAGE_NO="6" LOGICAL_NAME="true" HREF="/6/Ad00603" WORDCNT="18" IMAGES_RESOLUTION="140" INDEX_IN_DOC="53" SIZE="XLarge" NAME="" ENTITY_TYPE="Ad" ID="Ad00603">
					<Image H="1122" W="1400" ID="Ad0060301"/>
				</Entity>
			</Page>
			<Page ID="Pg007" CROP_BOX="0 0 1649 2549" MEDIA_BOX="0 0 1649 2549" HREF="/7/Pg007" TOTAL_CHARS_COUNT="4299" SUSPICIOUS_CHARS_COUNT="0" PAGE_HEIGHT="2550" PAGE_WIDTH="1650" PAGE_TYPE="Single" PAGE_LABEL="7" PAGE_NO="7">
				<Entity FIRST_TOC_ENTRY_ID="63" DEPTH_LEVEL="1" PAGE_NO="7" HREF="/7/Ar00700" WORDCNT="668" IMAGES_RESOLUTION="140" INDEX_IN_DOC="63" SIZE="Large" CONTINUATION_FROM="Ar00801" NAME="BUCKEYE BRIEF" ENTITY_TYPE="Article" ID="Ar00700"/>
				<Entity FIRST_TOC_ENTRY_ID="64" DEPTH_LEVEL="2" PAGE_NO="7" LOGICAL_NAME="true" HREF="/7/Pc00701" WORDCNT="0" IMAGES_RESOLUTION="140" INDEX_IN_DOC="64" SIZE="Medium" EMBEDDED_AFTER="Ar0070000" EMBEDDED_ABOVE="1" EMBEDDED_INTO="Ar00700" NAME="" ENTITY_TYPE="Picture" ID="Pc00701">
					<Image EXT="jpg" H="389" W="686" ID="Pc0070100"/>
				</Entity>
				<Entity FIRST_TOC_ENTRY_ID="65" DEPTH_LEVEL="2" PAGE_NO="7" LOGICAL_NAME="true" HREF="/7/Pc00702" WORDCNT="0" IMAGES_RESOLUTION="140" INDEX_IN_DOC="65" SIZE="Medium" EMBEDDED_AFTER="Ar0070000" EMBEDDED_ABOVE="1" EMBEDDED_RIGHT="1" EMBEDDED_INTO="Ar00700" NAME="" ENTITY_TYPE="Picture" ID="Pc00702">
					<Image EXT="jpg" H="387" W="689" ID="Pc0070200"/>
				</Entity>
				<Entity FIRST_TOC_ENTRY_ID="57" DEPTH_LEVEL="1" PAGE_NO="7" HREF="/7/Ar00703" WORDCNT="349" IMAGES_RESOLUTION="140" INDEX_IN_DOC="57" SIZE="Medium" CONTINUATION_FROM="Ar00800" NAME="RECEIVERS" ENTITY_TYPE="Article" ID="Ar00703"/>
				<Entity FIRST_TOC_ENTRY_ID="58" DEPTH_LEVEL="2" PAGE_NO="7" LOGICAL_NAME="true" HREF="/7/Pc00704" WORDCNT="0" IMAGES_RESOLUTION="140" INDEX_IN_DOC="58" SIZE="Large" EMBEDDED_AFTER="Ar0070300" EMBEDDED_ABOVE="1" EMBEDDED_INTO="Ar00703" NAME="" ENTITY_TYPE="Picture" ID="Pc00704">
					<Image EXT="jpg" H="738" W="1421" ID="Pc0070400"/>
				</Entity>
				<Entity FIRST_TOC_ENTRY_ID="59" DEPTH_LEVEL="2" PAGE_NO="7" LOGICAL_NAME="true" HREF="/7/Pc00705" WORDCNT="0" IMAGES_RESOLUTION="140" INDEX_IN_DOC="59" SIZE="Small" EMBEDDED_AFTER="Ar0070300" EMBEDDED_BELOW="1" EMBEDDED_RIGHT="1" EMBEDDED_INTO="Ar00703" NAME="" ENTITY_TYPE="Picture" ID="Pc00705">
					<Image EXT="jpg" H="70" W="369" ID="Pc0070500"/>
				</Entity>
				<Entity FIRST_TOC_ENTRY_ID="66" DEPTH_LEVEL="2" PAGE_NO="7" LOGICAL_NAME="true" HREF="/7/Pc00706" WORDCNT="0" IMAGES_RESOLUTION="140" INDEX_IN_DOC="66" SIZE="Small" EMBEDDED_AFTER="Ar0070000" EMBEDDED_BELOW="1" EMBEDDED_RIGHT="1" EMBEDDED_INTO="Ar00700" NAME="" ENTITY_TYPE="Picture" ID="Pc00706">
					<Image EXT="jpg" H="74" W="364" ID="Pc0070600"/>
				</Entity>
				<Entity FIRST_TOC_ENTRY_ID="67" DEPTH_LEVEL="2" PAGE_NO="7" LOGICAL_NAME="true" HREF="/7/Pc00707" WORDCNT="0" IMAGES_RESOLUTION="140" INDEX_IN_DOC="67" SIZE="Small" EMBEDDED_AFTER="Ar0070000" EMBEDDED_BELOW="1" EMBEDDED_RIGHT="1" EMBEDDED_INTO="Ar00700" NAME="" ENTITY_TYPE="Picture" ID="Pc00707">
					<Image EXT="jpg" H="194" W="364" ID="Pc0070700"/>
				</Entity>
			</Page>
			<Page ID="Pg008" CROP_BOX="0 0 1649 2549" MEDIA_BOX="0 0 1649 2549" HREF="/8/Pg008" TOTAL_CHARS_COUNT="5181" SUSPICIOUS_CHARS_COUNT="0" PAGE_HEIGHT="2550" PAGE_WIDTH="1650" PAGE_TYPE="Single" PAGE_LABEL="8" PAGE_NO="8">
				<Entity FIRST_TOC_ENTRY_ID="55" DEPTH_LEVEL="1" PAGE_NO="8" HREF="/8/Ar00800" WORDCNT="668" IMAGES_RESOLUTION="140" INDEX_IN_DOC="55" SIZE="Large" CONTINUATION_TO="Ar00703" NAME="Six wide receivers hope to improve from 2016" ENTITY_TYPE="Article" ID="Ar00800"/>
				<Entity FIRST_TOC_ENTRY_ID="60" DEPTH_LEVEL="1" PAGE_NO="8" HREF="/8/Ar00801" WORDCNT="573" IMAGES_RESOLUTION="140" INDEX_IN_DOC="60" SIZE="Large" CONTINUATION_TO="Ar00700" NAME="What we learned from the OSU football depth chart" ENTITY_TYPE="Article" ID="Ar00801"/>
				<Entity FIRST_TOC_ENTRY_ID="56" DEPTH_LEVEL="2" PAGE_NO="8" LOGICAL_NAME="true" HREF="/8/Pc00802" WORDCNT="0" IMAGES_RESOLUTION="140" INDEX_IN_DOC="56" SIZE="Medium" EMBEDDED_AFTER="Ar0080000" EMBEDDED_BELOW="1" EMBEDDED_INTO="Ar00800" NAME="" ENTITY_TYPE="Picture" ID="Pc00802">
					<Image EXT="jpg" H="567" W="853" ID="Pc0080200"/>
				</Entity>
				<Entity FIRST_TOC_ENTRY_ID="61" DEPTH_LEVEL="2" PAGE_NO="8" LOGICAL_NAME="true" HREF="/8/Pc00803" WORDCNT="0" IMAGES_RESOLUTION="140" INDEX_IN_DOC="61" SIZE="Small" EMBEDDED_AFTER="Ar0080100" EMBEDDED_BELOW="1" EMBEDDED_INTO="Ar00801" NAME="" ENTITY_TYPE="Picture" ID="Pc00803">
					<Image EXT="jpg" H="326" W="282" ID="Pc0080300"/>
				</Entity>
				<Entity FIRST_TOC_ENTRY_ID="62" DEPTH_LEVEL="2" PAGE_NO="8" LOGICAL_NAME="true" HREF="/8/Pc00804" WORDCNT="0" IMAGES_RESOLUTION="140" INDEX_IN_DOC="62" SIZE="Medium" EMBEDDED_AFTER="Ar0080100" EMBEDDED_BELOW="1" EMBEDDED_INTO="Ar00801" NAME="" ENTITY_TYPE="Picture" ID="Pc00804">
					<Image EXT="jpg" H="920" W="547" ID="Pc0080400"/>
				</Entity>
				<Entity FIRST_TOC_ENTRY_ID="54" DEPTH_LEVEL="1" PAGE_NO="8" HREF="/8/Ar00805" WORDCNT="14" IMAGES_RESOLUTION="140" INDEX_IN_DOC="54" SIZE="Small" NAME="BASKETBALL" ENTITY_TYPE="Article" ID="Ar00805"/>
			</Page>
		</Section>
	</Body_np>
	<Logic_np><TOC_Entries><TOC_Entry TOC_ENTRY_ID="1" TITLE="LETTER TO THE EDITOR" ENTITY_ID_REF="Ar00105" PAGE_NO="1" PAGE_LABEL="1" PRIM_ID_REF="Ar0010500" IS_IC="true"/><TOC_Entry TOC_ENTRY_ID="2" TITLE="GO WITH THE FLOW" ENTITY_ID_REF="Ar00106" PAGE_NO="1" PAGE_LABEL="1" PRIM_ID_REF="Ar0010600" IS_IC="true"/><TOC_Entry TOC_ENTRY_ID="3" TITLE="DEPTH CHART" ENTITY_ID_REF="Ar00107" PAGE_NO="1" PAGE_LABEL="1" PRIM_ID_REF="Ar0010700" IS_IC="true"/><TOC_Entry TOC_ENTRY_ID="4" TITLE="IN SESSION:" ENTITY_ID_REF="Ar00100" PAGE_NO="1" PAGE_LABEL="1" PRIM_ID_REF="Ar0010000" IS_IC="true"><TOC_Entry TOC_ENTRY_ID="5" TITLE="" ENTITY_ID_REF="Pc00103" PAGE_NO="1" PAGE_LABEL="1" PRIM_ID_REF="Pc0010300" IS_IC="true"/></TOC_Entry><TOC_Entry TOC_ENTRY_ID="6" TITLE="TRUSTEES" ENTITY_ID_REF="Ar00300" PAGE_NO="3" PAGE_LABEL="3" PRIM_ID_REF="Ar0030000"><TOC_Entry TOC_ENTRY_ID="7" TITLE="" ENTITY_ID_REF="Pc00304" PAGE_NO="3" PAGE_LABEL="3" PRIM_ID_REF="Pc0030400" IS_IC="true"/></TOC_Entry><TOC_Entry TOC_ENTRY_ID="8" TITLE="15th and High construction far from complete" ENTITY_ID_REF="Ar00102" PAGE_NO="1" PAGE_LABEL="1" PRIM_ID_REF="Ar0010200" IS_IC="true"/><TOC_Entry TOC_ENTRY_ID="9" TITLE="PARTNERS" ENTITY_ID_REF="Ar00301" PAGE_NO="3" PAGE_LABEL="3" PRIM_ID_REF="Ar0030100"><TOC_Entry TOC_ENTRY_ID="10" TITLE="" ENTITY_ID_REF="Pc00302" PAGE_NO="3" PAGE_LABEL="3" PRIM_ID_REF="Pc0030200" IS_IC="true"/><TOC_Entry TOC_ENTRY_ID="11" TITLE="" ENTITY_ID_REF="Pc00305" PAGE_NO="3" PAGE_LABEL="3" PRIM_ID_REF="Pc0030500" IS_IC="true"/></TOC_Entry><TOC_Entry TOC_ENTRY_ID="12" TITLE="WIDE RECEIVERS" ENTITY_ID_REF="Ar00108" PAGE_NO="1" PAGE_LABEL="1" PRIM_ID_REF="Ar0010800" IS_IC="true"/><TOC_Entry TOC_ENTRY_ID="13" TITLE="OSU club combats campus sexual assault" ENTITY_ID_REF="Ar00101" PAGE_NO="1" PAGE_LABEL="1" PRIM_ID_REF="Ar0010100" IS_IC="true"><TOC_Entry TOC_ENTRY_ID="14" TITLE="" ENTITY_ID_REF="Pc00104" PAGE_NO="1" PAGE_LABEL="1" PRIM_ID_REF="Pc0010400" IS_IC="true"/></TOC_Entry><TOC_Entry TOC_ENTRY_ID="15" TITLE="BANNERS" ENTITY_ID_REF="Ar00201" PAGE_NO="2" PAGE_LABEL="2" PRIM_ID_REF="Ar0020100"><TOC_Entry TOC_ENTRY_ID="16" TITLE="" ENTITY_ID_REF="Pc00203" PAGE_NO="2" PAGE_LABEL="2" PRIM_ID_REF="Pc0020300" IS_IC="true"/></TOC_Entry><TOC_Entry TOC_ENTRY_ID="17" TITLE="Dorm window policy threat to free speech" ENTITY_ID_REF="Ar00200" PAGE_NO="2" PAGE_LABEL="2" PRIM_ID_REF="Ar0020000" IS_IC="true"><TOC_Entry TOC_ENTRY_ID="18" TITLE="" ENTITY_ID_REF="Pc00202" PAGE_NO="2" PAGE_LABEL="2" PRIM_ID_REF="Pc0020200" IS_IC="true"/><TOC_Entry TOC_ENTRY_ID="19" TITLE="" ENTITY_ID_REF="Pc00204" PAGE_NO="2" PAGE_LABEL="2" PRIM_ID_REF="Pc0020400" IS_IC="true"/></TOC_Entry><TOC_Entry TOC_ENTRY_ID="20" TITLE="" ENTITY_ID_REF="Ad00205" PAGE_NO="2" PAGE_LABEL="2" PRIM_ID_REF="Ad0020501" IS_IC="true"/><TOC_Entry TOC_ENTRY_ID="21" TITLE="" ENTITY_ID_REF="Ar00310" PAGE_NO="3" PAGE_LABEL="3" PRIM_ID_REF="Ar0031000" IS_IC="true"/><TOC_Entry TOC_ENTRY_ID="22" TITLE="" ENTITY_ID_REF="Ad00308" PAGE_NO="3" PAGE_LABEL="3" PRIM_ID_REF="Ad0030801" IS_IC="true"/><TOC_Entry TOC_ENTRY_ID="23" TITLE="FOLLOW US" ENTITY_ID_REF="Ar00311" PAGE_NO="3" PAGE_LABEL="3" PRIM_ID_REF="Ar0031100" IS_IC="true"/><TOC_Entry TOC_ENTRY_ID="24" TITLE="" ENTITY_ID_REF="Ad00306" PAGE_NO="3" PAGE_LABEL="3" PRIM_ID_REF="Ad0030601" IS_IC="true"/><TOC_Entry TOC_ENTRY_ID="25" TITLE="" ENTITY_ID_REF="Ad00307" PAGE_NO="3" PAGE_LABEL="3" PRIM_ID_REF="Ad0030701" IS_IC="true"/><TOC_Entry TOC_ENTRY_ID="26" TITLE="Letters to the Editor" ENTITY_ID_REF="Ar00312" PAGE_NO="3" PAGE_LABEL="3" PRIM_ID_REF="Ar0031200" IS_IC="true"/><TOC_Entry TOC_ENTRY_ID="27" TITLE="" ENTITY_ID_REF="Ad00303" PAGE_NO="3" PAGE_LABEL="3" PRIM_ID_REF="Ad0030301" IS_IC="true"/><TOC_Entry TOC_ENTRY_ID="28" TITLE="Corrections" ENTITY_ID_REF="Ar00309" PAGE_NO="3" PAGE_LABEL="3" PRIM_ID_REF="Ar0030900" IS_IC="true"/><TOC_Entry TOC_ENTRY_ID="29" TITLE="ARTS &amp; LIFE" ENTITY_ID_REF="Ar00407" PAGE_NO="4" PAGE_LABEL="4" PRIM_ID_REF="Ar0040700" IS_IC="true"/><TOC_Entry TOC_ENTRY_ID="30" TITLE="Go Flow with the" ENTITY_ID_REF="Ar00400" PAGE_NO="4" PAGE_LABEL="4" PRIM_ID_REF="Ar0040000" IS_IC="true"><TOC_Entry TOC_ENTRY_ID="31" TITLE="" ENTITY_ID_REF="Pc00403" PAGE_NO="4" PAGE_LABEL="4" PRIM_ID_REF="Pc0040300" IS_IC="true"/><TOC_Entry TOC_ENTRY_ID="32" TITLE="" ENTITY_ID_REF="Pc00404" PAGE_NO="4" PAGE_LABEL="4" PRIM_ID_REF="Pc0040400" IS_IC="true"/></TOC_Entry><TOC_Entry TOC_ENTRY_ID="33" TITLE="FLUX + FLOW" ENTITY_ID_REF="Ar00503" PAGE_NO="5" PAGE_LABEL="5" PRIM_ID_REF="Ar0050300"><TOC_Entry TOC_ENTRY_ID="34" TITLE="" ENTITY_ID_REF="Pc00507" PAGE_NO="5" PAGE_LABEL="5" PRIM_ID_REF="Pc0050700" IS_IC="true"/><TOC_Entry TOC_ENTRY_ID="35" TITLE="" ENTITY_ID_REF="Pc00512" PAGE_NO="5" PAGE_LABEL="5" PRIM_ID_REF="Pc0051200" IS_IC="true"/></TOC_Entry><TOC_Entry TOC_ENTRY_ID="36" TITLE="Evolved building gets solar-powered transformation" ENTITY_ID_REF="Ar00402" PAGE_NO="4" PAGE_LABEL="4" PRIM_ID_REF="Ar0040200" IS_IC="true"><TOC_Entry TOC_ENTRY_ID="37" TITLE="" ENTITY_ID_REF="Pc00405" PAGE_NO="4" PAGE_LABEL="4" PRIM_ID_REF="Pc0040500" IS_IC="true"/></TOC_Entry><TOC_Entry TOC_ENTRY_ID="38" TITLE="SOLAR PANELS" ENTITY_ID_REF="Ar00501" PAGE_NO="5" PAGE_LABEL="5" PRIM_ID_REF="Ar0050100"><TOC_Entry TOC_ENTRY_ID="39" TITLE="" ENTITY_ID_REF="Pc00506" PAGE_NO="5" PAGE_LABEL="5" PRIM_ID_REF="Pc0050600" IS_IC="true"/><TOC_Entry TOC_ENTRY_ID="40" TITLE="" ENTITY_ID_REF="Pc00508" PAGE_NO="5" PAGE_LABEL="5" PRIM_ID_REF="Pc0050800" IS_IC="true"/></TOC_Entry><TOC_Entry TOC_ENTRY_ID="41" TITLE="Department of Dance took on Denmark this summer" ENTITY_ID_REF="Ar00401" PAGE_NO="4" PAGE_LABEL="4" PRIM_ID_REF="Ar0040100" IS_IC="true"><TOC_Entry TOC_ENTRY_ID="42" TITLE="" ENTITY_ID_REF="Pc00406" PAGE_NO="4" PAGE_LABEL="4" PRIM_ID_REF="Pc0040600" IS_IC="true"/></TOC_Entry><TOC_Entry TOC_ENTRY_ID="43" TITLE="DANCE" ENTITY_ID_REF="Ar00502" PAGE_NO="5" PAGE_LABEL="5" PRIM_ID_REF="Ar0050200"><TOC_Entry TOC_ENTRY_ID="44" TITLE="" ENTITY_ID_REF="Pc00510" PAGE_NO="5" PAGE_LABEL="5" PRIM_ID_REF="Pc0051000" IS_IC="true"/><TOC_Entry TOC_ENTRY_ID="45" TITLE="" ENTITY_ID_REF="Pc00511" PAGE_NO="5" PAGE_LABEL="5" PRIM_ID_REF="Pc0051100" IS_IC="true"/></TOC_Entry><TOC_Entry TOC_ENTRY_ID="46" TITLE="" ENTITY_ID_REF="Ad00509" PAGE_NO="5" PAGE_LABEL="5" PRIM_ID_REF="Ad0050901" IS_IC="true"/><TOC_Entry TOC_ENTRY_ID="47" TITLE="" ENTITY_ID_REF="Ar00500" PAGE_NO="5" PAGE_LABEL="5" PRIM_ID_REF="Ar0050000" IS_IC="true"><TOC_Entry TOC_ENTRY_ID="48" TITLE="" ENTITY_ID_REF="Pc00504" PAGE_NO="5" PAGE_LABEL="5" PRIM_ID_REF="Pc0050400" IS_IC="true"/><TOC_Entry TOC_ENTRY_ID="49" TITLE="" ENTITY_ID_REF="Pc00505" PAGE_NO="5" PAGE_LABEL="5" PRIM_ID_REF="Pc0050500" IS_IC="true"/></TOC_Entry><TOC_Entry TOC_ENTRY_ID="50" TITLE="Andre Wesson could be ready at start of season" ENTITY_ID_REF="Ar00600" PAGE_NO="6" PAGE_LABEL="6" PRIM_ID_REF="Ar0060000" IS_IC="true"><TOC_Entry TOC_ENTRY_ID="51" TITLE="" ENTITY_ID_REF="Pc00601" PAGE_NO="6" PAGE_LABEL="6" PRIM_ID_REF="Pc0060100" IS_IC="true"/><TOC_Entry TOC_ENTRY_ID="52" TITLE="" ENTITY_ID_REF="Pc00602" PAGE_NO="6" PAGE_LABEL="6" PRIM_ID_REF="Pc0060200" IS_IC="true"/></TOC_Entry><TOC_Entry TOC_ENTRY_ID="53" TITLE="" ENTITY_ID_REF="Ad00603" PAGE_NO="6" PAGE_LABEL="6" PRIM_ID_REF="Ad0060301" IS_IC="true"/><TOC_Entry TOC_ENTRY_ID="54" TITLE="BASKETBALL" ENTITY_ID_REF="Ar00805" PAGE_NO="8" PAGE_LABEL="8" PRIM_ID_REF="Ar0080500" IS_IC="true"/><TOC_Entry TOC_ENTRY_ID="55" TITLE="Six wide receivers hope to improve from 2016" ENTITY_ID_REF="Ar00800" PAGE_NO="8" PAGE_LABEL="8" PRIM_ID_REF="Ar0080000" IS_IC="true"><TOC_Entry TOC_ENTRY_ID="56" TITLE="" ENTITY_ID_REF="Pc00802" PAGE_NO="8" PAGE_LABEL="8" PRIM_ID_REF="Pc0080200" IS_IC="true"/></TOC_Entry><TOC_Entry TOC_ENTRY_ID="57" TITLE="RECEIVERS" ENTITY_ID_REF="Ar00703" PAGE_NO="7" PAGE_LABEL="7" PRIM_ID_REF="Ar0070300"><TOC_Entry TOC_ENTRY_ID="58" TITLE="" ENTITY_ID_REF="Pc00704" PAGE_NO="7" PAGE_LABEL="7" PRIM_ID_REF="Pc0070400" IS_IC="true"/><TOC_Entry TOC_ENTRY_ID="59" TITLE="" ENTITY_ID_REF="Pc00705" PAGE_NO="7" PAGE_LABEL="7" PRIM_ID_REF="Pc0070500" IS_IC="true"/></TOC_Entry><TOC_Entry TOC_ENTRY_ID="60" TITLE="What we learned from the OSU football depth chart" ENTITY_ID_REF="Ar00801" PAGE_NO="8" PAGE_LABEL="8" PRIM_ID_REF="Ar0080100" IS_IC="true"><TOC_Entry TOC_ENTRY_ID="61" TITLE="" ENTITY_ID_REF="Pc00803" PAGE_NO="8" PAGE_LABEL="8" PRIM_ID_REF="Pc0080300" IS_IC="true"/><TOC_Entry TOC_ENTRY_ID="62" TITLE="" ENTITY_ID_REF="Pc00804" PAGE_NO="8" PAGE_LABEL="8" PRIM_ID_REF="Pc0080400" IS_IC="true"/></TOC_Entry><TOC_Entry TOC_ENTRY_ID="63" TITLE="BUCKEYE BRIEF" ENTITY_ID_REF="Ar00700" PAGE_NO="7" PAGE_LABEL="7" PRIM_ID_REF="Ar0070000"><TOC_Entry TOC_ENTRY_ID="64" TITLE="" ENTITY_ID_REF="Pc00701" PAGE_NO="7" PAGE_LABEL="7" PRIM_ID_REF="Pc0070100" IS_IC="true"/><TOC_Entry TOC_ENTRY_ID="65" TITLE="" ENTITY_ID_REF="Pc00702" PAGE_NO="7" PAGE_LABEL="7" PRIM_ID_REF="Pc0070200" IS_IC="true"/><TOC_Entry TOC_ENTRY_ID="66" TITLE="" ENTITY_ID_REF="Pc00706" PAGE_NO="7" PAGE_LABEL="7" PRIM_ID_REF="Pc0070600" IS_IC="true"/><TOC_Entry TOC_ENTRY_ID="67" TITLE="" ENTITY_ID_REF="Pc00707" PAGE_NO="7" PAGE_LABEL="7" PRIM_ID_REF="Pc0070700" IS_IC="true"/></TOC_Entry></TOC_Entries></Logic_np></Xmd_toc>
