<x:xmpmeta xmlns:x="adobe:ns:meta/" x:xmptk="Adobe XMP Core 5.4-c005 78.147326, 2012/08/23-13:03:03        ">
	<rdf:RDF xmlns:rdf="http://www.w3.org/1999/02/22-rdf-syntax-ns#">
		<rdf:Description rdf:about="" xmlns:xmp="http://ns.adobe.com/xap/1.0/" xmlns:dc="http://purl.org/dc/elements/1.1/" xmlns:xmpMM="http://ns.adobe.com/xap/1.0/mm/" xmlns:pdf="http://ns.adobe.com/pdf/1.3/" xmlns:pdfx="http://ns.adobe.com/pdfx/1.3/" xmlns:Olv="Olive" xmp:ModifyDate="2019-08-31T10:06:18+05:30" xmp:CreateDate="2016-03-01T22:18:22-05:00" xmp:MetadataDate="2019-08-31T10:06:18+05:30" xmp:CreatorTool="Adobe InDesign CC 2015 (Macintosh)" dc:format="application/pdf" xmpMM:DocumentID="uuid:8eededf1-ea81-2c44-b6ba-43fe5faf9d87" xmpMM:InstanceID="uuid:400f891d-5989-498e-8f9d-837e6925dcc8" pdf:Producer="Adobe PDF Library 15.0" pdfx:OLV0_XMD_PAGE_COUNT="8" Olv:publication="OHI" Olv:issue_date="2016/ 3/ 2">
			<Olv:TimeTrack>
				<rdf:Seq>
					<rdf:li>
						<rdf:Description Olv:GUID="{20DBF985-DAB3-4E7D-A8BB-4F585CF72AB3}" Olv:Status="Succeeded" Olv:File="060-OHI-2016-03-02-0001.pdf" Olv:Pages="8" Olv:Comp="SEG04" Olv:User="pipex" Olv:Start="2019-08-06T13:20:37+05:30" Olv:End="2019-08-06T13:20:51+05:30" Olv:TotalTime="00:00:14" Olv:IdleTime="00:00:00">
							<Olv:Operations>
								<rdf:Bag>
									<rdf:li>Auto Segmentation</rdf:li>
									<rdf:li>First session</rdf:li>
								</rdf:Bag>
							</Olv:Operations>
						</rdf:Description>
					</rdf:li>
					<rdf:li>
						<rdf:Description Olv:GUID="{2369724F-342E-438E-B7A5-BBB0B9122C1A}" Olv:Status="None" Olv:File="060-OHI-2016-03-02-0001.pdf" Olv:Pages="8" Olv:Comp="MDOPS-C18" Olv:User="001662" Olv:Start="2019-08-18T10:52:39+05:30" Olv:End="2019-08-18T11:37:18+05:30" Olv:TotalTime="00:44:39" Olv:IdleTime="00:00:43">
							<Olv:Operations>
								<rdf:Bag>
									<rdf:li>Edit Segmentation</rdf:li>
								</rdf:Bag>
							</Olv:Operations>
						</rdf:Description>
					</rdf:li>
					<rdf:li>
						<rdf:Description Olv:GUID="{F4A298CF-AF23-4EBF-8FD7-CE7266B374AD}" Olv:Status="None" Olv:File="060-OHI-2016-03-02-0001.pdf" Olv:Pages="8" Olv:Comp="MDOPS-C13" Olv:User="000953" Olv:Start="2019-08-28T13:37:43+05:30" Olv:End="2019-08-28T14:04:09+05:30" Olv:TotalTime="00:26:26" Olv:IdleTime="00:18:41">
							<Olv:Operations>
								<rdf:Bag>
									<rdf:li>Edit Segmentation</rdf:li>
								</rdf:Bag>
							</Olv:Operations>
						</rdf:Description>
					</rdf:li>
					<rdf:li>
						<rdf:Description Olv:GUID="{6ACDBE2D-79B3-4E13-B6A9-B3A6F65EF56C}" Olv:Status="Succeeded" Olv:File="060-OHI-2016-03-02-0001.pdf" Olv:Pages="8" Olv:Comp="SEG03" Olv:User="pipex" Olv:Start="2019-08-31T10:06:19+05:30" Olv:End="2019-08-31T10:07:29+05:30" Olv:TotalTime="00:01:10" Olv:IdleTime="00:01:10">
							<Olv:Operations>
								<rdf:Bag>
									<rdf:li>Output</rdf:li>
								</rdf:Bag>
							</Olv:Operations>
						</rdf:Description>
					</rdf:li>
				</rdf:Seq>
			</Olv:TimeTrack>
		</rdf:Description>
	</rdf:RDF>
</x:xmpmeta>
