<x:xmpmeta xmlns:x="adobe:ns:meta/" x:xmptk="Adobe XMP Core 5.4-c005 78.147326, 2012/08/23-13:03:03        ">
	<rdf:RDF xmlns:rdf="http://www.w3.org/1999/02/22-rdf-syntax-ns#">
		<rdf:Description rdf:about="" xmlns:xmp="http://ns.adobe.com/xap/1.0/" xmlns:dc="http://purl.org/dc/elements/1.1/" xmlns:xmpMM="http://ns.adobe.com/xap/1.0/mm/" xmlns:pdf="http://ns.adobe.com/pdf/1.3/" xmlns:pdfx="http://ns.adobe.com/pdfx/1.3/" xmlns:Olv="Olive" xmp:ModifyDate="2019-08-31T09:42:27+05:30" xmp:CreateDate="2016-10-10T21:59-04:00" xmp:MetadataDate="2019-08-31T09:42:27+05:30" xmp:CreatorTool="Adobe InDesign CC 2015 (Macintosh)" dc:format="application/pdf" xmpMM:DocumentID="uuid:61002691-965f-864c-8836-6a5d7b3331c7" xmpMM:InstanceID="uuid:c480217c-78d2-4d10-94b4-7073c087252a" pdf:Producer="Adobe PDF Library 15.0" pdfx:OLV0_XMD_PAGE_COUNT="8" Olv:publication="OHI" Olv:issue_date="2016/10/11">
			<Olv:TimeTrack>
				<rdf:Seq>
					<rdf:li>
						<rdf:Description Olv:GUID="{D81B9C6F-0892-4984-8616-E53AA23EEDEB}" Olv:Status="Succeeded" Olv:File="060-OHI-2016-10-11-0001.pdf" Olv:Pages="8" Olv:Comp="SEG04" Olv:User="pipex" Olv:Start="2019-08-06T13:18:33+05:30" Olv:End="2019-08-06T13:18:46+05:30" Olv:TotalTime="00:00:13" Olv:IdleTime="00:00:00">
							<Olv:Operations>
								<rdf:Bag>
									<rdf:li>Auto Segmentation</rdf:li>
									<rdf:li>First session</rdf:li>
								</rdf:Bag>
							</Olv:Operations>
						</rdf:Description>
					</rdf:li>
					<rdf:li>
						<rdf:Description Olv:GUID="{F3FC4A59-8AE8-4007-9CBF-03995CAEDE0D}" Olv:Status="None" Olv:File="060-OHI-2016-10-11-0001.pdf" Olv:Pages="8" Olv:Comp="MDOPS-C16" Olv:User="001661" Olv:Start="2019-08-19T09:07:53+05:30" Olv:End="2019-08-19T10:08:19+05:30" Olv:TotalTime="01:00:26" Olv:IdleTime="00:01:17">
							<Olv:Operations>
								<rdf:Bag>
									<rdf:li>Edit Segmentation</rdf:li>
								</rdf:Bag>
							</Olv:Operations>
						</rdf:Description>
					</rdf:li>
					<rdf:li>
						<rdf:Description Olv:GUID="{BB5937F7-04FB-471A-A14C-0235A35417CF}" Olv:Status="None" Olv:File="060-OHI-2016-10-11-0001.pdf" Olv:Pages="8" Olv:Comp="MDOPS-C13" Olv:User="000953" Olv:Start="2019-08-28T14:24:45+05:30" Olv:End="2019-08-28T14:33:23+05:30" Olv:TotalTime="00:08:38" Olv:IdleTime="00:04:08">
							<Olv:Operations>
								<rdf:Bag>
									<rdf:li>Edit Segmentation</rdf:li>
								</rdf:Bag>
							</Olv:Operations>
						</rdf:Description>
					</rdf:li>
					<rdf:li>
						<rdf:Description Olv:GUID="{7C44DE16-C59D-4890-AC43-BE6C154559A6}" Olv:Status="Succeeded" Olv:File="060-OHI-2016-10-11-0001.pdf" Olv:Pages="8" Olv:Comp="SEG06" Olv:User="pipex" Olv:Start="2019-08-31T09:42:28+05:30" Olv:End="2019-08-31T09:43:08+05:30" Olv:TotalTime="00:00:40" Olv:IdleTime="00:00:40">
							<Olv:Operations>
								<rdf:Bag>
									<rdf:li>Output</rdf:li>
								</rdf:Bag>
							</Olv:Operations>
						</rdf:Description>
					</rdf:li>
				</rdf:Seq>
			</Olv:TimeTrack>
		</rdf:Description>
	</rdf:RDF>
</x:xmpmeta>
