<x:xmpmeta xmlns:x="adobe:ns:meta/" x:xmptk="Adobe XMP Core 5.4-c005 78.147326, 2012/08/23-13:03:03        ">
	<rdf:RDF xmlns:rdf="http://www.w3.org/1999/02/22-rdf-syntax-ns#">
		<rdf:Description rdf:about="" xmlns:xmp="http://ns.adobe.com/xap/1.0/" xmlns:dc="http://purl.org/dc/elements/1.1/" xmlns:xmpMM="http://ns.adobe.com/xap/1.0/mm/" xmlns:stEvt="http://ns.adobe.com/xap/1.0/sType/ResourceEvent#" xmlns:stRef="http://ns.adobe.com/xap/1.0/sType/ResourceRef#" xmlns:pdf="http://ns.adobe.com/pdf/1.3/" xmlns:pdfx="http://ns.adobe.com/pdfx/1.3/" xmlns:Olv="Olive" xmp:CreatorTool="Adobe InDesign CC 13.0 (Macintosh)" xmp:MetadataDate="2019-08-31T11:34:02+05:30" xmp:CreateDate="2018-11-29T02:52:35Z" xmp:ModifyDate="2019-08-31T11:34:02+05:30" dc:format="application/pdf" xmpMM:OriginalDocumentID="xmp.did:97950407-990a-4237-a0e0-17fe541d6227" xmpMM:InstanceID="uuid:4bc09646-5047-48af-92b3-332fb94d30eb" xmpMM:DocumentID="xmp.id:a8e3ee57-b10b-4fd3-9119-1135dc3f56c4" xmpMM:RenditionClass="proof:pdf" pdf:Trapped="False" pdf:Producer="Mac OS X 10.12.6 Quartz PDFContext" pdfx:OLV0_XMD_PAGE_COUNT="8" Olv:publication="OHI" Olv:issue_date="2018/11/29">
			<Olv:TimeTrack>
				<rdf:Seq>
					<rdf:li>
						<rdf:Description Olv:GUID="{6944391B-0EFA-467B-B04B-86B88B4C88CC}" Olv:Status="Succeeded" Olv:File="060-OHI-2018-11-29-0001.pdf" Olv:Pages="8" Olv:Comp="SEG03" Olv:User="pipex" Olv:Start="2019-08-06T13:26:27+05:30" Olv:End="2019-08-06T13:26:43+05:30" Olv:TotalTime="00:00:16" Olv:IdleTime="00:00:00">
							<Olv:Operations>
								<rdf:Bag>
									<rdf:li>Auto Segmentation</rdf:li>
									<rdf:li>First session</rdf:li>
								</rdf:Bag>
							</Olv:Operations>
						</rdf:Description>
					</rdf:li>
					<rdf:li>
						<rdf:Description Olv:GUID="{A0951130-B886-472C-B77B-EA7D6D578290}" Olv:Status="None" Olv:File="060-OHI-2018-11-29-0001.pdf" Olv:Pages="8" Olv:Comp="MDOPS-C14" Olv:User="001663" Olv:Start="2019-08-22T15:35:46+05:30" Olv:End="2019-08-22T16:32:40+05:30" Olv:TotalTime="00:56:54" Olv:IdleTime="00:06:15">
							<Olv:Operations>
								<rdf:Bag>
									<rdf:li>Edit Segmentation</rdf:li>
								</rdf:Bag>
							</Olv:Operations>
						</rdf:Description>
					</rdf:li>
					<rdf:li>
						<rdf:Description Olv:GUID="{89951821-8961-44BE-8D31-1CC32A8237A8}" Olv:Status="None" Olv:File="060-OHI-2018-11-29-0001.pdf" Olv:Pages="8" Olv:Comp="MDOPS-C09" Olv:User="001128" Olv:Start="2019-08-29T10:39:44+05:30" Olv:End="2019-08-29T10:46:07+05:30" Olv:TotalTime="00:06:23" Olv:IdleTime="00:00:00">
							<Olv:Operations>
								<rdf:Bag>
									<rdf:li>Edit Segmentation</rdf:li>
								</rdf:Bag>
							</Olv:Operations>
						</rdf:Description>
					</rdf:li>
					<rdf:li>
						<rdf:Description Olv:GUID="{550D26F8-36EA-41C6-AC28-2F2823FC9C9A}" Olv:Status="Succeeded" Olv:File="060-OHI-2018-11-29-0001.pdf" Olv:Pages="8" Olv:Comp="SEG03" Olv:User="pipex" Olv:Start="2019-08-31T11:34:03+05:30" Olv:End="2019-08-31T11:35:08+05:30" Olv:TotalTime="00:01:05" Olv:IdleTime="00:01:05">
							<Olv:Operations>
								<rdf:Bag>
									<rdf:li>Output</rdf:li>
								</rdf:Bag>
							</Olv:Operations>
						</rdf:Description>
					</rdf:li>
				</rdf:Seq>
			</Olv:TimeTrack>
		</rdf:Description>
	</rdf:RDF>
</x:xmpmeta>
