<x:xmpmeta xmlns:x="adobe:ns:meta/" x:xmptk="Adobe XMP Core 5.4-c005 78.147326, 2012/08/23-13:03:03        ">
	<rdf:RDF xmlns:rdf="http://www.w3.org/1999/02/22-rdf-syntax-ns#">
		<rdf:Description rdf:about="" xmlns:xmp="http://ns.adobe.com/xap/1.0/" xmlns:dc="http://purl.org/dc/elements/1.1/" xmlns:xmpMM="http://ns.adobe.com/xap/1.0/mm/" xmlns:pdf="http://ns.adobe.com/pdf/1.3/" xmlns:pdfx="http://ns.adobe.com/pdfx/1.3/" xmlns:Olv="Olive" xmp:ModifyDate="2019-08-31T09:59:24+05:30" xmp:CreateDate="2016-01-25T22:14:13-05:00" xmp:MetadataDate="2019-08-31T09:59:24+05:30" xmp:CreatorTool="Adobe InDesign CC 2015 (Macintosh)" dc:format="application/pdf" xmpMM:DocumentID="uuid:208dbff5-aa95-4b4d-971d-c987a103055f" xmpMM:InstanceID="uuid:c0a0ea05-8e3a-452c-bbd3-0bee32bead94" pdf:Producer="Adobe PDF Library 15.0" pdfx:OLV0_XMD_PAGE_COUNT="8" Olv:publication="OHI" Olv:issue_date="2016/ 1/26">
			<Olv:TimeTrack>
				<rdf:Seq>
					<rdf:li>
						<rdf:Description Olv:GUID="{D3B93D6A-4CFB-4BA6-8AFC-CA64B84654E1}" Olv:Status="Succeeded" Olv:File="060-OHI-2016-01-26-0001.pdf" Olv:Pages="8" Olv:Comp="SEG02" Olv:User="pipex" Olv:Start="2019-08-06T13:19:47+05:30" Olv:End="2019-08-06T13:20:01+05:30" Olv:TotalTime="00:00:14" Olv:IdleTime="00:00:00">
							<Olv:Operations>
								<rdf:Bag>
									<rdf:li>Auto Segmentation</rdf:li>
									<rdf:li>First session</rdf:li>
								</rdf:Bag>
							</Olv:Operations>
						</rdf:Description>
					</rdf:li>
					<rdf:li>
						<rdf:Description Olv:GUID="{CE2B6798-765E-4DA6-808D-FB7AF2CC94CA}" Olv:Status="None" Olv:File="060-OHI-2016-01-26-0001.pdf" Olv:Pages="8" Olv:Comp="MDOPS-C15" Olv:User="001662" Olv:Start="2019-08-17T16:22:01+05:30" Olv:End="2019-08-17T17:15:36+05:30" Olv:TotalTime="00:53:35" Olv:IdleTime="00:00:39">
							<Olv:Operations>
								<rdf:Bag>
									<rdf:li>Edit Segmentation</rdf:li>
								</rdf:Bag>
							</Olv:Operations>
						</rdf:Description>
					</rdf:li>
					<rdf:li>
						<rdf:Description Olv:GUID="{8683BB10-4DC4-401A-A1A5-93B3EB4B4D9E}" Olv:Status="None" Olv:File="060-OHI-2016-01-26-0001.pdf" Olv:Pages="8" Olv:Comp="MDOPS-C08" Olv:User="000949" Olv:Start="2019-08-28T13:06:47+05:30" Olv:End="2019-08-28T13:13:56+05:30" Olv:TotalTime="00:07:09" Olv:IdleTime="00:02:22">
							<Olv:Operations>
								<rdf:Bag>
									<rdf:li>Edit Segmentation</rdf:li>
								</rdf:Bag>
							</Olv:Operations>
						</rdf:Description>
					</rdf:li>
					<rdf:li>
						<rdf:Description Olv:GUID="{4738F126-C370-48DA-8D84-80E3CA30B9ED}" Olv:Status="Succeeded" Olv:File="060-OHI-2016-01-26-0001.pdf" Olv:Pages="8" Olv:Comp="SEG06" Olv:User="pipex" Olv:Start="2019-08-31T09:59:25+05:30" Olv:End="2019-08-31T10:00:29+05:30" Olv:TotalTime="00:01:04" Olv:IdleTime="00:01:04">
							<Olv:Operations>
								<rdf:Bag>
									<rdf:li>Output</rdf:li>
								</rdf:Bag>
							</Olv:Operations>
						</rdf:Description>
					</rdf:li>
				</rdf:Seq>
			</Olv:TimeTrack>
		</rdf:Description>
	</rdf:RDF>
</x:xmpmeta>
