<x:xmpmeta xmlns:x="adobe:ns:meta/" x:xmptk="Adobe XMP Core 5.4-c005 78.147326, 2012/08/23-13:03:03        ">
	<rdf:RDF xmlns:rdf="http://www.w3.org/1999/02/22-rdf-syntax-ns#">
		<rdf:Description rdf:about="" xmlns:xmp="http://ns.adobe.com/xap/1.0/" xmlns:dc="http://purl.org/dc/elements/1.1/" xmlns:xmpMM="http://ns.adobe.com/xap/1.0/mm/" xmlns:pdf="http://ns.adobe.com/pdf/1.3/" xmlns:pdfx="http://ns.adobe.com/pdfx/1.3/" xmlns:Olv="Olive" xmp:ModifyDate="2019-08-31T11:48:46+05:30" xmp:CreateDate="2018-02-28T21:56:45-05:00" xmp:MetadataDate="2019-08-31T11:48:46+05:30" xmp:CreatorTool="Adobe InDesign CC 13.0 (Macintosh)" dc:format="application/pdf" xmpMM:DocumentID="uuid:2f512444-ed3e-bd49-80b8-e7f32dc8aaaa" xmpMM:InstanceID="uuid:1cf83715-20ed-4dc0-9b5a-96212a833ef6" pdf:Producer="Adobe PDF Library 15.0" pdfx:OLV0_XMD_PAGE_COUNT="8" Olv:publication="OHI" Olv:issue_date="2018/ 3/ 1">
			<Olv:TimeTrack>
				<rdf:Seq>
					<rdf:li>
						<rdf:Description Olv:GUID="{97A6CE41-1DD3-4305-9214-A7CEC15B8B28}" Olv:Status="Succeeded" Olv:File="060-OHI-2018-03-01-0001.pdf" Olv:Pages="8" Olv:Comp="SEG02" Olv:User="pipex" Olv:Start="2019-08-06T13:27:11+05:30" Olv:End="2019-08-06T13:27:23+05:30" Olv:TotalTime="00:00:12" Olv:IdleTime="00:00:00">
							<Olv:Operations>
								<rdf:Bag>
									<rdf:li>Auto Segmentation</rdf:li>
									<rdf:li>First session</rdf:li>
								</rdf:Bag>
							</Olv:Operations>
						</rdf:Description>
					</rdf:li>
					<rdf:li>
						<rdf:Description Olv:GUID="{F6C2DAE3-B683-4403-8B19-FC34E2847A70}" Olv:Status="None" Olv:File="060-OHI-2018-03-01-0001.pdf" Olv:Pages="8" Olv:Comp="MDOPS-C16" Olv:User="001661" Olv:Start="2019-08-22T09:04:50+05:30" Olv:End="2019-08-22T09:56:34+05:30" Olv:TotalTime="00:51:44" Olv:IdleTime="00:03:25">
							<Olv:Operations>
								<rdf:Bag>
									<rdf:li>Edit Segmentation</rdf:li>
								</rdf:Bag>
							</Olv:Operations>
						</rdf:Description>
					</rdf:li>
					<rdf:li>
						<rdf:Description Olv:GUID="{4FFCCC64-89BF-45C2-BCC6-018F851D8D59}" Olv:Status="None" Olv:File="060-OHI-2018-03-01-0001.pdf" Olv:Pages="8" Olv:Comp="MDOPS-C07" Olv:User="000675" Olv:Start="2019-08-29T08:39:54+05:30" Olv:End="2019-08-29T08:53:55+05:30" Olv:TotalTime="00:14:01" Olv:IdleTime="00:05:02">
							<Olv:Operations>
								<rdf:Bag>
									<rdf:li>Edit Segmentation</rdf:li>
								</rdf:Bag>
							</Olv:Operations>
						</rdf:Description>
					</rdf:li>
					<rdf:li>
						<rdf:Description Olv:GUID="{2DAA3CAA-22C1-4B3B-ABA8-DFE6F939E1E6}" Olv:Status="Succeeded" Olv:File="060-OHI-2018-03-01-0001.pdf" Olv:Pages="8" Olv:Comp="SEG07" Olv:User="pipex" Olv:Start="2019-08-31T11:48:47+05:30" Olv:End="2019-08-31T11:49:38+05:30" Olv:TotalTime="00:00:51" Olv:IdleTime="00:00:51">
							<Olv:Operations>
								<rdf:Bag>
									<rdf:li>Output</rdf:li>
								</rdf:Bag>
							</Olv:Operations>
						</rdf:Description>
					</rdf:li>
				</rdf:Seq>
			</Olv:TimeTrack>
		</rdf:Description>
	</rdf:RDF>
</x:xmpmeta>
