<x:xmpmeta xmlns:x="adobe:ns:meta/" x:xmptk="Adobe XMP Core 5.4-c005 78.147326, 2012/08/23-13:03:03        ">
	<rdf:RDF xmlns:rdf="http://www.w3.org/1999/02/22-rdf-syntax-ns#">
		<rdf:Description rdf:about="" xmlns:xmp="http://ns.adobe.com/xap/1.0/" xmlns:dc="http://purl.org/dc/elements/1.1/" xmlns:xmpMM="http://ns.adobe.com/xap/1.0/mm/" xmlns:pdf="http://ns.adobe.com/pdf/1.3/" xmlns:pdfx="http://ns.adobe.com/pdfx/1.3/" xmlns:Olv="Olive" xmp:ModifyDate="2019-08-31T11:27:07+05:30" xmp:CreateDate="2018-10-29T21:18:25-04:00" xmp:MetadataDate="2019-08-31T11:27:07+05:30" xmp:CreatorTool="Adobe InDesign CC 13.0 (Macintosh)" dc:format="application/pdf" xmpMM:DocumentID="uuid:f6ff44a3-4e7e-8048-b38c-dcd3f291d48d" xmpMM:InstanceID="uuid:52378696-f10f-4ae8-93f1-9b85924db078" pdf:Producer="Adobe PDF Library 15.0" pdfx:OLV0_XMD_PAGE_COUNT="8" Olv:publication="OHI" Olv:issue_date="2018/10/30">
			<Olv:TimeTrack>
				<rdf:Seq>
					<rdf:li>
						<rdf:Description Olv:GUID="{E41A0347-F8FC-49AC-980D-0FE26081CC8B}" Olv:Status="Succeeded" Olv:File="060-OHI-2018-10-30-0001.pdf" Olv:Pages="8" Olv:Comp="SEG07" Olv:User="pipex" Olv:Start="2019-08-06T13:26:16+05:30" Olv:End="2019-08-06T13:26:29+05:30" Olv:TotalTime="00:00:13" Olv:IdleTime="00:00:00">
							<Olv:Operations>
								<rdf:Bag>
									<rdf:li>Auto Segmentation</rdf:li>
									<rdf:li>First session</rdf:li>
								</rdf:Bag>
							</Olv:Operations>
						</rdf:Description>
					</rdf:li>
					<rdf:li>
						<rdf:Description Olv:GUID="{CC0897F6-EDA5-43BB-A9EA-4EF911B5453A}" Olv:Status="None" Olv:File="060-OHI-2018-10-30-0001.pdf" Olv:Pages="8" Olv:Comp="MDOPS-C16" Olv:User="001661" Olv:Start="2019-08-22T14:26:45+05:30" Olv:End="2019-08-22T15:06:59+05:30" Olv:TotalTime="00:40:14" Olv:IdleTime="00:01:22">
							<Olv:Operations>
								<rdf:Bag>
									<rdf:li>Edit Segmentation</rdf:li>
								</rdf:Bag>
							</Olv:Operations>
						</rdf:Description>
					</rdf:li>
					<rdf:li>
						<rdf:Description Olv:GUID="{028C8611-1084-4D22-9395-B20CF74D027E}" Olv:Status="None" Olv:File="060-OHI-2018-10-30-0001.pdf" Olv:Pages="8" Olv:Comp="MDOPS-C09" Olv:User="001128" Olv:Start="2019-08-29T10:13:22+05:30" Olv:End="2019-08-29T10:19:08+05:30" Olv:TotalTime="00:05:46" Olv:IdleTime="00:00:00">
							<Olv:Operations>
								<rdf:Bag>
									<rdf:li>Edit Segmentation</rdf:li>
								</rdf:Bag>
							</Olv:Operations>
						</rdf:Description>
					</rdf:li>
					<rdf:li>
						<rdf:Description Olv:GUID="{9BE64D97-9CC9-467B-A87A-B5BF6337A635}" Olv:Status="Succeeded" Olv:File="060-OHI-2018-10-30-0001.pdf" Olv:Pages="8" Olv:Comp="SEG07" Olv:User="pipex" Olv:Start="2019-08-31T11:27:08+05:30" Olv:End="2019-08-31T11:27:50+05:30" Olv:TotalTime="00:00:42" Olv:IdleTime="00:00:42">
							<Olv:Operations>
								<rdf:Bag>
									<rdf:li>Output</rdf:li>
								</rdf:Bag>
							</Olv:Operations>
						</rdf:Description>
					</rdf:li>
				</rdf:Seq>
			</Olv:TimeTrack>
		</rdf:Description>
	</rdf:RDF>
</x:xmpmeta>
