<x:xmpmeta xmlns:x="adobe:ns:meta/" x:xmptk="Adobe XMP Core 5.4-c005 78.147326, 2012/08/23-13:03:03        ">
	<rdf:RDF xmlns:rdf="http://www.w3.org/1999/02/22-rdf-syntax-ns#">
		<rdf:Description rdf:about="" xmlns:xmp="http://ns.adobe.com/xap/1.0/" xmlns:dc="http://purl.org/dc/elements/1.1/" xmlns:xmpMM="http://ns.adobe.com/xap/1.0/mm/" xmlns:pdf="http://ns.adobe.com/pdf/1.3/" xmlns:pdfx="http://ns.adobe.com/pdfx/1.3/" xmlns:Olv="Olive" xmp:ModifyDate="2019-08-31T09:55:56+05:30" xmp:CreateDate="2016-01-19T22:39:55-05:00" xmp:MetadataDate="2019-08-31T09:55:56+05:30" xmp:CreatorTool="Adobe InDesign CC 2015 (Macintosh)" dc:format="application/pdf" xmpMM:DocumentID="uuid:b6429abf-0d3e-9b4b-9426-99634c215a3a" xmpMM:InstanceID="uuid:b1fe6ce6-6f2a-4036-a56d-c3eab0c39624" pdf:Producer="Adobe PDF Library 15.0" pdfx:OLV0_XMD_PAGE_COUNT="8" Olv:publication="OHI" Olv:issue_date="2016/ 1/20">
			<Olv:TimeTrack>
				<rdf:Seq>
					<rdf:li>
						<rdf:Description Olv:GUID="{06096816-CF71-4E34-A6C2-2D6EBE02F28E}" Olv:Status="Succeeded" Olv:File="060-OHI-2016-01-20-0001.pdf" Olv:Pages="8" Olv:Comp="SEG04" Olv:User="pipex" Olv:Start="2019-08-06T13:19:58+05:30" Olv:End="2019-08-06T13:20:13+05:30" Olv:TotalTime="00:00:15" Olv:IdleTime="00:00:00">
							<Olv:Operations>
								<rdf:Bag>
									<rdf:li>Auto Segmentation</rdf:li>
									<rdf:li>First session</rdf:li>
								</rdf:Bag>
							</Olv:Operations>
						</rdf:Description>
					</rdf:li>
					<rdf:li>
						<rdf:Description Olv:GUID="{0904ABB6-04B3-4DD3-87B4-F4EAF0225443}" Olv:Status="None" Olv:File="060-OHI-2016-01-20-0001.pdf" Olv:Pages="8" Olv:Comp="MDOPS-C16" Olv:User="001661" Olv:Start="2019-08-17T15:55:14+05:30" Olv:End="2019-08-17T17:14:37+05:30" Olv:TotalTime="01:19:23" Olv:IdleTime="00:14:38">
							<Olv:Operations>
								<rdf:Bag>
									<rdf:li>Edit Segmentation</rdf:li>
								</rdf:Bag>
							</Olv:Operations>
						</rdf:Description>
					</rdf:li>
					<rdf:li>
						<rdf:Description Olv:GUID="{3DC81AC4-5E67-41A0-BE67-3C4777CCFB3A}" Olv:Status="None" Olv:File="060-OHI-2016-01-20-0001.pdf" Olv:Pages="8" Olv:Comp="MDOPS-C09" Olv:User="001128" Olv:Start="2019-08-28T13:00:35+05:30" Olv:End="2019-08-28T13:07:21+05:30" Olv:TotalTime="00:06:46" Olv:IdleTime="00:01:33">
							<Olv:Operations>
								<rdf:Bag>
									<rdf:li>Edit Segmentation</rdf:li>
								</rdf:Bag>
							</Olv:Operations>
						</rdf:Description>
					</rdf:li>
					<rdf:li>
						<rdf:Description Olv:GUID="{F4E464D9-5F1C-4E65-A1ED-73AA63AEFABF}" Olv:Status="Succeeded" Olv:File="060-OHI-2016-01-20-0001.pdf" Olv:Pages="8" Olv:Comp="SEG06" Olv:User="pipex" Olv:Start="2019-08-31T09:55:57+05:30" Olv:End="2019-08-31T09:56:49+05:30" Olv:TotalTime="00:00:52" Olv:IdleTime="00:00:52">
							<Olv:Operations>
								<rdf:Bag>
									<rdf:li>Output</rdf:li>
								</rdf:Bag>
							</Olv:Operations>
						</rdf:Description>
					</rdf:li>
				</rdf:Seq>
			</Olv:TimeTrack>
		</rdf:Description>
	</rdf:RDF>
</x:xmpmeta>
