<x:xmpmeta xmlns:x="adobe:ns:meta/" x:xmptk="Adobe XMP Core 5.4-c005 78.147326, 2012/08/23-13:03:03        ">
	<rdf:RDF xmlns:rdf="http://www.w3.org/1999/02/22-rdf-syntax-ns#">
		<rdf:Description rdf:about="" xmlns:xmp="http://ns.adobe.com/xap/1.0/" xmlns:dc="http://purl.org/dc/elements/1.1/" xmlns:xmpMM="http://ns.adobe.com/xap/1.0/mm/" xmlns:pdf="http://ns.adobe.com/pdf/1.3/" xmlns:pdfx="http://ns.adobe.com/pdfx/1.3/" xmlns:Olv="Olive" xmp:ModifyDate="2019-08-31T11:19:58+05:30" xmp:CreateDate="2017-09-25T22:02:43-04:00" xmp:MetadataDate="2019-08-31T11:19:58+05:30" xmp:CreatorTool="Adobe InDesign CC 2017 (Macintosh)" dc:format="application/pdf" xmpMM:DocumentID="uuid:62b4fa82-b7ff-4447-8226-87cda8dcb952" xmpMM:InstanceID="uuid:2b89e6ad-fed4-497d-9e9d-e28c9f7a967c" pdf:Producer="Adobe PDF Library 15.0" pdfx:OLV0_XMD_PAGE_COUNT="8" Olv:publication="OHI" Olv:issue_date="2017/ 9/26">
			<Olv:TimeTrack>
				<rdf:Seq>
					<rdf:li>
						<rdf:Description Olv:GUID="{8C8E2A16-D83A-46F0-94C1-AE6C5C4F012D}" Olv:Status="Succeeded" Olv:File="060-OHI-2017-09-26-0001.pdf" Olv:Pages="8" Olv:Comp="SEG07" Olv:User="pipex" Olv:Start="2019-08-06T13:25:43+05:30" Olv:End="2019-08-06T13:25:53+05:30" Olv:TotalTime="00:00:10" Olv:IdleTime="00:00:00">
							<Olv:Operations>
								<rdf:Bag>
									<rdf:li>Auto Segmentation</rdf:li>
									<rdf:li>First session</rdf:li>
								</rdf:Bag>
							</Olv:Operations>
						</rdf:Description>
					</rdf:li>
					<rdf:li>
						<rdf:Description Olv:GUID="{85E0AEE8-466E-4A27-A24C-91F4AD230768}" Olv:Status="None" Olv:File="060-OHI-2017-09-26-0001.pdf" Olv:Pages="8" Olv:Comp="MDOPS-C18" Olv:User="001662" Olv:Start="2019-08-20T11:51:28+05:30" Olv:End="2019-08-20T12:38:27+05:30" Olv:TotalTime="00:46:59" Olv:IdleTime="00:03:56">
							<Olv:Operations>
								<rdf:Bag>
									<rdf:li>Edit Segmentation</rdf:li>
								</rdf:Bag>
							</Olv:Operations>
						</rdf:Description>
					</rdf:li>
					<rdf:li>
						<rdf:Description Olv:GUID="{44DD15C0-26C6-439A-A9EF-7E14C3510424}" Olv:Status="None" Olv:File="060-OHI-2017-09-26-0001.pdf" Olv:Pages="8" Olv:Comp="MDOPS-C2" Olv:User="001086" Olv:Start="2019-08-28T17:02:30+05:30" Olv:End="2019-08-28T17:08:23+05:30" Olv:TotalTime="00:05:53" Olv:IdleTime="00:00:00">
							<Olv:Operations>
								<rdf:Bag>
									<rdf:li>Edit Segmentation</rdf:li>
								</rdf:Bag>
							</Olv:Operations>
						</rdf:Description>
					</rdf:li>
					<rdf:li>
						<rdf:Description Olv:GUID="{BA9E6601-21F8-4DED-8117-0F1596C01D6C}" Olv:Status="Succeeded" Olv:File="060-OHI-2017-09-26-0001.pdf" Olv:Pages="8" Olv:Comp="SEG03" Olv:User="pipex" Olv:Start="2019-08-31T11:19:59+05:30" Olv:End="2019-08-31T11:20:35+05:30" Olv:TotalTime="00:00:36" Olv:IdleTime="00:00:36">
							<Olv:Operations>
								<rdf:Bag>
									<rdf:li>Output</rdf:li>
								</rdf:Bag>
							</Olv:Operations>
						</rdf:Description>
					</rdf:li>
				</rdf:Seq>
			</Olv:TimeTrack>
		</rdf:Description>
	</rdf:RDF>
</x:xmpmeta>
