<x:xmpmeta xmlns:x="adobe:ns:meta/" x:xmptk="Adobe XMP Core 5.4-c005 78.147326, 2012/08/23-13:03:03        ">
	<rdf:RDF xmlns:rdf="http://www.w3.org/1999/02/22-rdf-syntax-ns#">
		<rdf:Description rdf:about="" xmlns:xmp="http://ns.adobe.com/xap/1.0/" xmlns:dc="http://purl.org/dc/elements/1.1/" xmlns:xmpMM="http://ns.adobe.com/xap/1.0/mm/" xmlns:pdf="http://ns.adobe.com/pdf/1.3/" xmlns:pdfx="http://ns.adobe.com/pdfx/1.3/" xmlns:Olv="Olive" xmp:ModifyDate="2019-08-31T12:07:48+05:30" xmp:CreateDate="2018-09-05T21:54:06-04:00" xmp:MetadataDate="2019-08-31T12:07:48+05:30" xmp:CreatorTool="Adobe InDesign CC 13.0 (Macintosh)" dc:format="application/pdf" xmpMM:DocumentID="uuid:1064c17f-6e25-8f40-bd41-2fcad2dd80e0" xmpMM:InstanceID="uuid:92551c90-05bc-45e8-8e90-437ea28db6d5" pdf:Producer="Adobe PDF Library 15.0" pdfx:OLV0_XMD_PAGE_COUNT="8" Olv:publication="OHI" Olv:issue_date="2018/ 9/ 6">
			<Olv:TimeTrack>
				<rdf:Seq>
					<rdf:li>
						<rdf:Description Olv:GUID="{6C6763DD-BA74-4957-991F-1ED3F1727293}" Olv:Status="Succeeded" Olv:File="060-OHI-2018-09-06-0001.pdf" Olv:Pages="8" Olv:Comp="SEG06" Olv:User="pipex" Olv:Start="2019-08-06T13:57:59+05:30" Olv:End="2019-08-06T13:58:12+05:30" Olv:TotalTime="00:00:13" Olv:IdleTime="00:00:00">
							<Olv:Operations>
								<rdf:Bag>
									<rdf:li>Auto Segmentation</rdf:li>
									<rdf:li>First session</rdf:li>
								</rdf:Bag>
							</Olv:Operations>
						</rdf:Description>
					</rdf:li>
					<rdf:li>
						<rdf:Description Olv:GUID="{8A4FE9F3-E292-46F6-B790-08CA8990C2B7}" Olv:Status="None" Olv:File="060-OHI-2018-09-06-0001.pdf" Olv:Pages="8" Olv:Comp="MDOPS-C15" Olv:User="001660" Olv:Start="2019-08-22T11:48:46+05:30" Olv:End="2019-08-22T12:20:56+05:30" Olv:TotalTime="00:32:10" Olv:IdleTime="00:00:46">
							<Olv:Operations>
								<rdf:Bag>
									<rdf:li>Edit Segmentation</rdf:li>
								</rdf:Bag>
							</Olv:Operations>
						</rdf:Description>
					</rdf:li>
					<rdf:li>
						<rdf:Description Olv:GUID="{42E8DE0E-D66F-42B1-89BC-27D7108EFDC9}" Olv:Status="None" Olv:File="060-OHI-2018-09-06-0001.pdf" Olv:Pages="8" Olv:Comp="MDOPS-C09" Olv:User="001128" Olv:Start="2019-08-29T09:41:07+05:30" Olv:End="2019-08-29T09:48:01+05:30" Olv:TotalTime="00:06:54" Olv:IdleTime="00:00:43">
							<Olv:Operations>
								<rdf:Bag>
									<rdf:li>Edit Segmentation</rdf:li>
								</rdf:Bag>
							</Olv:Operations>
						</rdf:Description>
					</rdf:li>
					<rdf:li>
						<rdf:Description Olv:GUID="{FA54A15F-5F07-4470-B209-8CF0ADED98B1}" Olv:Status="Succeeded" Olv:File="060-OHI-2018-09-06-0001.pdf" Olv:Pages="8" Olv:Comp="SEG03" Olv:User="pipex" Olv:Start="2019-08-31T12:07:48+05:30" Olv:End="2019-08-31T12:08:46+05:30" Olv:TotalTime="00:00:58" Olv:IdleTime="00:00:58">
							<Olv:Operations>
								<rdf:Bag>
									<rdf:li>Output</rdf:li>
								</rdf:Bag>
							</Olv:Operations>
						</rdf:Description>
					</rdf:li>
				</rdf:Seq>
			</Olv:TimeTrack>
		</rdf:Description>
	</rdf:RDF>
</x:xmpmeta>
