<x:xmpmeta xmlns:x="adobe:ns:meta/" x:xmptk="Adobe XMP Core 5.4-c005 78.147326, 2012/08/23-13:03:03        ">
	<rdf:RDF xmlns:rdf="http://www.w3.org/1999/02/22-rdf-syntax-ns#">
		<rdf:Description rdf:about="" xmlns:xmp="http://ns.adobe.com/xap/1.0/" xmlns:dc="http://purl.org/dc/elements/1.1/" xmlns:xmpMM="http://ns.adobe.com/xap/1.0/mm/" xmlns:pdf="http://ns.adobe.com/pdf/1.3/" xmlns:pdfx="http://ns.adobe.com/pdfx/1.3/" xmlns:Olv="Olive" xmp:ModifyDate="2019-08-31T11:12:23+05:30" xmp:CreateDate="2017-08-04T08:27:32-04:00" xmp:MetadataDate="2019-08-31T11:12:23+05:30" xmp:CreatorTool="Adobe InDesign CC 2017 (Macintosh)" dc:format="application/pdf" xmpMM:DocumentID="uuid:76859066-aa69-f342-80e4-ca84ed4dda2b" xmpMM:InstanceID="uuid:605a39e0-a45e-4d45-afc3-5c4a1f956508" pdf:Producer="Adobe PDF Library 15.0" pdfx:OLV0_XMD_PAGE_COUNT="64" Olv:publication="OHI" Olv:issue_date="2017/ 8/ 2">
			<Olv:TimeTrack>
				<rdf:Seq>
					<rdf:li>
						<rdf:Description Olv:GUID="{0193EC8E-82A2-4303-B8D6-A67D5D386935}" Olv:Status="Succeeded" Olv:File="060-OHI-2017-08-02-0001.pdf" Olv:Pages="63" Olv:Comp="SEG04" Olv:User="pipex" Olv:Start="2019-08-06T13:25:28+05:30" Olv:End="2019-08-06T13:26:13+05:30" Olv:TotalTime="00:00:45" Olv:IdleTime="00:00:45">
							<Olv:Operations>
								<rdf:Bag>
									<rdf:li>Auto Segmentation</rdf:li>
									<rdf:li>First session</rdf:li>
								</rdf:Bag>
							</Olv:Operations>
						</rdf:Description>
					</rdf:li>
					<rdf:li>
						<rdf:Description Olv:GUID="{2FF73FB1-C05C-40A3-8941-68536AEDFE3F}" Olv:Status="None" Olv:File="060-OHI-2017-08-02-0001.pdf" Olv:Pages="63" Olv:Comp="MDOPS-C18" Olv:User="001662" Olv:Start="2019-08-20T09:21:40+05:30" Olv:End="2019-08-20T09:29:27+05:30" Olv:TotalTime="00:07:47" Olv:IdleTime="00:03:42">
							<Olv:Operations>
								<rdf:Bag>
									<rdf:li>Edit Segmentation</rdf:li>
								</rdf:Bag>
							</Olv:Operations>
						</rdf:Description>
					</rdf:li>
					<rdf:li>
						<rdf:Description Olv:GUID="{D0ADDEA2-7DD8-473D-ADEE-9E73116476B9}" Olv:Status="None" Olv:File="060-OHI-2017-08-02-0001.pdf" Olv:Pages="63" Olv:Comp="MDOPS-C18" Olv:User="001662" Olv:Start="2019-08-20T09:32:05+05:30" Olv:End="2019-08-20T11:51:06+05:30" Olv:TotalTime="02:19:01" Olv:IdleTime="00:19:36">
							<Olv:Operations>
								<rdf:Bag>
									<rdf:li>Edit Segmentation</rdf:li>
								</rdf:Bag>
							</Olv:Operations>
						</rdf:Description>
					</rdf:li>
					<rdf:li>
						<rdf:Description Olv:GUID="{5A2140E7-6C0B-4815-B66E-90CF60BCB407}" Olv:Status="None" Olv:File="060-OHI-2017-08-02-0001.pdf" Olv:Pages="63" Olv:Comp="MDOPS-B41" Olv:User="001090" Olv:Start="2019-08-28T15:44:05+05:30" Olv:End="2019-08-28T16:11:18+05:30" Olv:TotalTime="00:27:13" Olv:IdleTime="00:07:30">
							<Olv:Operations>
								<rdf:Bag>
									<rdf:li>Edit Segmentation</rdf:li>
								</rdf:Bag>
							</Olv:Operations>
						</rdf:Description>
					</rdf:li>
					<rdf:li>
						<rdf:Description Olv:GUID="{4DC24B28-2483-41C2-A9C5-434290F3470A}" Olv:Status="Succeeded" Olv:File="060-OHI-2017-08-02-0001.pdf" Olv:Pages="63" Olv:Comp="SEG06" Olv:User="pipex" Olv:Start="2019-08-31T11:12:25+05:30" Olv:End="2019-08-31T11:16:17+05:30" Olv:TotalTime="00:03:52" Olv:IdleTime="00:03:52">
							<Olv:Operations>
								<rdf:Bag>
									<rdf:li>Output</rdf:li>
								</rdf:Bag>
							</Olv:Operations>
						</rdf:Description>
					</rdf:li>
				</rdf:Seq>
			</Olv:TimeTrack>
		</rdf:Description>
	</rdf:RDF>
</x:xmpmeta>
