{
   "status":"OK",
   "copyright":"Copyright (c) 2020 Pro Publica Inc. All Rights Reserved.",
   "results":[
      {
         "id": "K000372",
         "member_uri": "https://api.propublica.org/congress/v1/members/K000372.json",
         "name": "Mary Jo Kilroy",
         "num_results": 338,
         "offset": 20,
         "bills": [
              {
                "congress": "111",
                "bill_id": "hr5081-111",
                "bill_type": "hr",
                "number": "H.R.5081",
                "bill_uri": "https://api.propublica.org/congress/v1/111/bills/hr5081.json",
                "title": "To enhance public safety by making more spectrum available to public safety agencies, to facilitate the development of a wireless public safety broadband network, to provide standards for the spectrum needs of public safety agencies, and for other purposes.",
                "short_title": "Broadband for First Responders Act of 2010",
                "sponsor_title": "Rep.",
                "sponsor_id": "K000210",
                "sponsor_name": "Peter T. King",
                "sponsor_state": "NY",
                "sponsor_party": "R",
                "sponsor_uri": "https://api.propublica.org/congress/v1/members/K000210.json",
                "gpo_pdf_uri": null,
                "congressdotgov_url": "https://www.congress.gov/bill/111th-congress/house-bill/5081",
                "govtrack_url": "https://www.govtrack.us/congress/bills/111/hr5081",
                "introduced_date": "2010-04-20",
                "active": null,
                "last_vote": null,
                "house_passage": null,
                "senate_passage": null,
                "enacted": null,
                "vetoed": null,
                "cosponsors": 82,
                "cosponsors_by_party": {"D":54,"R":28},
                "committees": "House Energy and Commerce",
                "primary_subject": "Science, technology, communications",
                "summary": "Broadband for First Responders Act of 2010 - Amends the Communications Act of 1934 to increase the electromagnetic spectrum allocation for public safety services by 10 megahertz and reduce such allocation for commercial use by the same amount. Directs the Federal Communications Commission (FCC) to: (1) allocate the paired electromagnetic spectrum bands of 758-763 megahertz and 788-793 megahertz (referred to as D Block) for public safety broadband communications and assign such paired bands to public safety; (2) establish rules to permit a public safety broadband licensee to authorize public safety service providers to construct and operate a wireless public safety broadband network in the licensee's spectrum if such authorization would expedite public safety broadband communications; (3) require that any wireless public safety broadband network be fully interoperable, provide for user roaming, be disaster survivable, and have the appropriate level of cyber security; (4) establish regulations to authorize the shared use of the public safety broadband spectrum and network infrastructure by entities that are not defined as public safety services; (5) establish regulations to allow use of the public safety broadband spectrum by emergency response providers; and (6) develop a public safety agency statement of requirements that enables nationwide interoperability and roaming across any communications system using public safety broadband spectrum.",
                "summary_short": "Broadband for First Responders Act of 2010 - Amends the Communications Act of 1934 to increase the electromagnetic spectrum allocation for public safety services by 10 megahertz and reduce such allocation for commercial use by the same amount. Directs the Federal Communications Commission (FCC) to: (1) allocate the paired electromagnetic spectrum bands of 758-763 megahertz and 788-793 megahertz (referred to as D Block) for public safety broadband communications and assign such paired bands to...",
                "latest_major_action_date": "2010-04-20",
                "latest_major_action": "Referred to the House Committee on Energy and Commerce."
              },
                           {
                "congress": "111",
                "bill_id": "hr5746-111",
                "bill_type": "hr",
                "number": "H.R.5746",
                "bill_uri": "https://api.propublica.org/congress/v1/111/bills/hr5746.json",
                "title": "To amend the provisions of title 5, United States Code, relating to the methodology for calculating the amount of any Postal surplus or supplemental liability under the Civil Service Retirement System.",
                "short_title": "United States Postal Service's CSRS Obligation Modification Act of 2010",
                "sponsor_title": "Rep.",
                "sponsor_id": "L000562",
                "sponsor_name": "Stephen F. Lynch",
                "sponsor_state": "MA",
                "sponsor_party": "D",
                "sponsor_uri": "https://api.propublica.org/congress/v1/members/L000562.json",
                "gpo_pdf_uri": null,
                "congressdotgov_url": "https://www.congress.gov/bill/111th-congress/house-bill/5746",
                "govtrack_url": "https://www.govtrack.us/congress/bills/111/hr5746",
                "introduced_date": "2010-07-15",
                "active": null,
                "last_vote": null,
                "house_passage": null,
                "senate_passage": null,
                "enacted": null,
                "vetoed": null,
                "cosponsors": 144,
                "cosponsors_by_party": {"D":143,"R":1},
                "committees": "House Oversight and Government Reform",
                "primary_subject": "Government operations and politics",
                "summary": "United States Postal Service's CSRS Obligation Modification Act of 2010 - Prescribes the \"average pay\" and the appropriate percentage thereof to be used in determining annuities for civilian employment with the United States Postal Service (USPS) for purposes of provisions relating to future benefits attributable to such employment in order to calculate the amount of any Postal surplus or supplemental liability under the Civil Service Retirement System. Requires the Office of Personnel Management (OPM): (1) within six months after enactment of this Act, to determine (or, if applicable, redetermine) the amount of such surplus or liability as of the close of the most recently ending fiscal year using the methodology required under this Act; and (2) if the result is a surplus, to transfer the surplus amount to the Postal Service Retiree Health Benefits Fund.",
                "summary_short": "United States Postal Service&#39;s CSRS Obligation Modification Act of 2010 - Prescribes the &quot;average pay&quot; and the appropriate percentage thereof to be used in determining annuities for civilian employment with the United States Postal Service (USPS) for purposes of provisions relating to future benefits attributable to such employment in order to calculate the amount of any Postal surplus or supplemental liability under the Civil Service Retirement System. Requires the Office of Personnel Manage...",
                "latest_major_action_date": "2010-07-21",
                "latest_major_action": "Forwarded by Subcommittee to Full Committee in the Nature of a Substitute by the Yeas and Nays: 8 - 1 ."
              },
                           {
                "congress": "111",
                "bill_id": "hr4602-111",
                "bill_type": "hr",
                "number": "H.R.4602",
                "bill_uri": "https://api.propublica.org/congress/v1/111/bills/hr4602.json",
                "title": "To designate the facility of the United States Postal Service located at 1332 Sharon Copley Road in Sharon Center, Ohio, as the 'Emil Bolas Post Office'.",
                "short_title": null,
                "sponsor_title": "Rep.",
                "sponsor_id": "B001263",
                "sponsor_name": "John Boccieri",
                "sponsor_state": "OH",
                "sponsor_party": "D",
                "sponsor_uri": "https://api.propublica.org/congress/v1/members/B001263.json",
                "gpo_pdf_uri": null,
                "congressdotgov_url": "https://www.congress.gov/bill/111th-congress/house-bill/4602",
                "govtrack_url": "https://www.govtrack.us/congress/bills/111/hr4602",
                "introduced_date": "2010-02-04",
                "active": null,
                "last_vote": null,
                "house_passage": "2010-09-30",
                "senate_passage": null,
                "enacted": null,
                "vetoed": null,
                "cosponsors": 16,
                "cosponsors_by_party": {"R":7,"D":9},
                "committees": "House Oversight and Government Reform; Senate Homeland Security and Governmental Affairs",
                "primary_subject": "Government operations and politics",
                "summary": "Designates the facility of the United States Postal Service located at 1332 Sharon Copley Road in Sharon Center, Ohio, as the \"Emil Bolas Post Office.\"",
                "summary_short": "Designates the facility of the United States Postal Service located at 1332 Sharon Copley Road in Sharon Center, Ohio, as the &quot;Emil Bolas Post Office.&quot;",
                "latest_major_action_date": "2011-01-04",
                "latest_major_action": "Became Public Law No: 111-355."
              },
                           {
                "congress": "111",
                "bill_id": "hr5987-111",
                "bill_type": "hr",
                "number": "H.R.5987",
                "bill_uri": "https://api.propublica.org/congress/v1/111/bills/hr5987.json",
                "title": "To ensure that seniors, veterans, and people with disabilities who receive Social Security and certain other Federal benefits receive a one-time $250 payment in the event that no cost-of-living adjustment is payable in 2011.",
                "short_title": "Seniors Protection Act of 2010",
                "sponsor_title": "Rep.",
                "sponsor_id": "P000422",
                "sponsor_name": "Earl Pomeroy",
                "sponsor_state": "ND",
                "sponsor_party": "D",
                "sponsor_uri": "https://api.propublica.org/congress/v1/members/P000422.json",
                "gpo_pdf_uri": null,
                "congressdotgov_url": "https://www.congress.gov/bill/111th-congress/house-bill/5987",
                "govtrack_url": "https://www.govtrack.us/congress/bills/111/hr5987",
                "introduced_date": "2010-07-30",
                "active": null,
                "last_vote": "2010-12-08",
                "house_passage": null,
                "senate_passage": null,
                "enacted": null,
                "vetoed": null,
                "cosponsors": 158,
                "cosponsors_by_party": {"D":157,"I":1},
                "committees": "House Ways and Means; House Transportation and Infrastructure; House Veterans&#39; Affairs",
                "primary_subject": "Social welfare",
                "summary": "Seniors Protection Act of 2010 - Directs the Secretary of the Treasury to disburse a $250 payment to recipients of Social Security, SSI (Supplemental Security Income under title XVI of the Social Security Act), railroad retirement benefits, and veterans disability compensation or pension benefits if no cost-of-living adjustment is payable in 2011.",
                "summary_short": "Seniors Protection Act of 2010 - Directs the Secretary of the Treasury to disburse a $250 payment to recipients of Social Security, SSI (Supplemental Security Income under title XVI of the Social Security Act), railroad retirement benefits, and veterans disability compensation or pension benefits if no cost-of-living adjustment is payable in 2011.",
                "latest_major_action_date": "2010-12-08",
                "latest_major_action": "On motion to suspend the rules and pass the bill, as amended Failed by the Yeas and Nays: (2/3 required): 254 - 153 (Roll no. 611)."
              },
                           {
                "congress": "111",
                "bill_id": "hr2000-111",
                "bill_type": "hr",
                "number": "H.R.2000",
                "bill_uri": "https://api.propublica.org/congress/v1/111/bills/hr2000.json",
                "title": "To award a Congressional Gold Medal to Dr. Muhammad Yunus, in recognition of his contributions to the fight against global poverty.",
                "short_title": null,
                "sponsor_title": "Rep.",
                "sponsor_id": "H001032",
                "sponsor_name": "Rush Holt",
                "sponsor_state": "NJ",
                "sponsor_party": "D",
                "sponsor_uri": "https://api.propublica.org/congress/v1/members/H001032.json",
                "gpo_pdf_uri": null,
                "congressdotgov_url": "https://www.congress.gov/bill/111th-congress/house-bill/2000",
                "govtrack_url": "https://www.govtrack.us/congress/bills/111/hr2000",
                "introduced_date": "2009-04-21",
                "active": null,
                "last_vote": null,
                "house_passage": null,
                "senate_passage": null,
                "enacted": null,
                "vetoed": null,
                "cosponsors": 297,
                "cosponsors_by_party": {"R":77,"D":220},
                "committees": "House Financial Services",
                "primary_subject": "International affairs",
                "summary": "Directs the Speaker of the House of Representatives and the President pro tempore of the Senate to arrange for the presentation on behalf of Congress of a gold medal of appropriate design to Dr. Muhammad Yunus in recognition of his many enduring contributions to the fight against global poverty.",
                "summary_short": "Directs the Speaker of the House of Representatives and the President pro tempore of the Senate to arrange for the presentation on behalf of Congress of a gold medal of appropriate design to Dr. Muhammad Yunus in recognition of his many enduring contributions to the fight against global poverty.",
                "latest_major_action_date": "2009-04-21",
                "latest_major_action": "Referred to the House Committee on Financial Services."
              },
                           {
                "congress": "111",
                "bill_id": "hr4836-111",
                "bill_type": "hr",
                "number": "H.R.4836",
                "bill_uri": "https://api.propublica.org/congress/v1/111/bills/hr4836.json",
                "title": "To amend part D of title V of the Elementary and Secondary Education Act of 1965 to provide grants to schools for the development of asthma management plans and the purchase of asthma inhalers and spacers for emergency use, as necessary.",
                "short_title": "Asthma Management Plans in School Act",
                "sponsor_title": "Rep.",
                "sponsor_id": "S001170",
                "sponsor_name": "Carol Shea-Porter",
                "sponsor_state": "NH",
                "sponsor_party": "D",
                "sponsor_uri": "https://api.propublica.org/congress/v1/members/S001170.json",
                "gpo_pdf_uri": null,
                "congressdotgov_url": "https://www.congress.gov/bill/111th-congress/house-bill/4836",
                "govtrack_url": "https://www.govtrack.us/congress/bills/111/hr4836",
                "introduced_date": "2010-03-12",
                "active": null,
                "last_vote": null,
                "house_passage": null,
                "senate_passage": null,
                "enacted": null,
                "vetoed": null,
                "cosponsors": 23,
                "cosponsors_by_party": {"D":23},
                "committees": "House Education and Labor",
                "primary_subject": "Education",
                "summary": "Asthma Management Plans in School Act - Amends the Elementary and Secondary Education Act of 1965 to authorize the Secretary of Education to award grants to schools that are receiving school improvement funds under part A of title I of the Elementary and Secondary Education Act of 1965 and are located in areas that have a high prevalence of asthma so they can: (1) develop and implement an asthma management plan; and (2) purchase the asthma inhalers, spacers, and other supplies necessary for the relief and treatment of affected students. Authorizes the Secretary to award grants to local health or education departments to carry out such activities if they are the entities that would routinely carry out such activities in an area. Requires grantees to: (1) find innovative ways to encourage rapid bidirectional communication between schools and students' physicians and students' adherence to asthma treatment; and (2) ensure that they have on staff a nurse or individual who is trained to administer emergency asthma care.",
                "summary_short": "Asthma Management Plans in School Act - Amends the Elementary and Secondary Education Act of 1965 to authorize the Secretary of Education to award grants to schools that are receiving school improvement funds under part A of title I of the Elementary and Secondary Education Act of 1965 and are located in areas that have a high prevalence of asthma so they can: (1) develop and implement an asthma management plan; and (2) purchase the asthma inhalers, spacers, and other supplies necessary for t...",
                "latest_major_action_date": "2010-03-22",
                "latest_major_action": "Referred to the Subcommittee on Early Childhood, Elementary, and Secondary Education."
              },
                           {
                "congress": "111",
                "bill_id": "hr5905-111",
                "bill_type": "hr",
                "number": "H.R.5905",
                "bill_uri": "https://api.propublica.org/congress/v1/111/bills/hr5905.json",
                "title": "To amend the Internal Revenue Code of 1986 to deny a deduction for removal costs and damages for which taxpayers are liable under the Oil Pollution Act of 1990.",
                "short_title": null,
                "sponsor_title": "Rep.",
                "sponsor_id": "C001078",
                "sponsor_name": "Gerald E. Connolly",
                "sponsor_state": "VA",
                "sponsor_party": "D",
                "sponsor_uri": "https://api.propublica.org/congress/v1/members/C001078.json",
                "gpo_pdf_uri": null,
                "congressdotgov_url": "https://www.congress.gov/bill/111th-congress/house-bill/5905",
                "govtrack_url": "https://www.govtrack.us/congress/bills/111/hr5905",
                "introduced_date": "2010-07-28",
                "active": null,
                "last_vote": null,
                "house_passage": null,
                "senate_passage": null,
                "enacted": null,
                "vetoed": null,
                "cosponsors": 18,
                "cosponsors_by_party": {"D":18},
                "committees": "House Ways and Means",
                "primary_subject": "Taxation",
                "summary": "Amends the Internal Revenue Code to deny a tax deduction for the removal costs and damages assessed for a discharge of oil under the Oil Pollution Act of 1990.",
                "summary_short": "Amends the Internal Revenue Code to deny a tax deduction for the removal costs and damages assessed for a discharge of oil under the Oil Pollution Act of 1990.",
                "latest_major_action_date": "2010-07-28",
                "latest_major_action": "Referred to the House Committee on Ways and Means."
              },
                           {
                "congress": "111",
                "bill_id": "hr5967-111",
                "bill_type": "hr",
                "number": "H.R.5967",
                "bill_uri": "https://api.propublica.org/congress/v1/111/bills/hr5967.json",
                "title": "To amend title 49, United States Code, to provide certain port authorities, and for other purposes.",
                "short_title": "Clean Ports Act of 2010",
                "sponsor_title": "Rep.",
                "sponsor_id": "N000002",
                "sponsor_name": "Jerrold Nadler",
                "sponsor_state": "NY",
                "sponsor_party": "D",
                "sponsor_uri": "https://api.propublica.org/congress/v1/members/N000002.json",
                "gpo_pdf_uri": null,
                "congressdotgov_url": "https://www.congress.gov/bill/111th-congress/house-bill/5967",
                "govtrack_url": "https://www.govtrack.us/congress/bills/111/hr5967",
                "introduced_date": "2010-07-29",
                "active": null,
                "last_vote": null,
                "house_passage": null,
                "senate_passage": null,
                "enacted": null,
                "vetoed": null,
                "cosponsors": 92,
                "cosponsors_by_party": {"D":92},
                "committees": "House Transportation and Infrastructure",
                "primary_subject": "Transportation and public works",
                "summary": "Clean Ports Act of 2010 - Declares that federal preemption of state and local law relating to a price, route, or service of any motor carrier of property shall not apply to the authority of a state, local government, or the political authority of two or more states to adopt requirements for motor carriers providing services at port facilities that are reasonably related to the reduction of environmental pollution, traffic congestion, the improvement of highway safety, or the efficient utilization of such port facilities, provided such requirements are in accordance with federal law. Declares that nothing in this Act shall limit the authority reserved to any state or political subdivision of such state under the Clean Air Act.",
                "summary_short": "Clean Ports Act of 2010 - Declares that federal preemption of state and local law relating to a price, route, or service of any motor carrier of property shall not apply to the authority of a state, local government, or the political authority of two or more states to adopt requirements for motor carriers providing services at port facilities that are reasonably related to the reduction of environmental pollution, traffic congestion, the improvement of highway safety, or the efficient utiliza...",
                "latest_major_action_date": "2010-07-30",
                "latest_major_action": "Referred to the Subcommittee on Coast Guard and Maritime Transportation."
              },
                           {
                "congress": "111",
                "bill_id": "hr5893-111",
                "bill_type": "hr",
                "number": "H.R.5893",
                "bill_uri": "https://api.propublica.org/congress/v1/111/bills/hr5893.json",
                "title": "To amend the Internal Revenue Code of 1986 to create jobs through increased investment in infrastructure, to eliminate loopholes which encourage companies to move operations offshore, and for other purposes.",
                "short_title": "Investing in American Jobs and Closing Tax Loopholes Act of 2010",
                "sponsor_title": "Rep.",
                "sponsor_id": "L000263",
                "sponsor_name": "Sander M. Levin",
                "sponsor_state": "MI",
                "sponsor_party": "D",
                "sponsor_uri": "https://api.propublica.org/congress/v1/members/L000263.json",
                "gpo_pdf_uri": null,
                "congressdotgov_url": "https://www.congress.gov/bill/111th-congress/house-bill/5893",
                "govtrack_url": "https://www.govtrack.us/congress/bills/111/hr5893",
                "introduced_date": "2010-07-28",
                "active": null,
                "last_vote": null,
                "house_passage": null,
                "senate_passage": null,
                "enacted": null,
                "vetoed": null,
                "cosponsors": 20,
                "cosponsors_by_party": {"D":20},
                "committees": "House Ways and Means; House Budget",
                "primary_subject": "Taxation",
                "summary": "Investing in American Jobs and Closing Tax Loopholes Act of 2010 - Amends the Internal Revenue Code to: (1) extend through 2012 the period for issuing Build America Bonds and for making payments to issuers of such bonds; (2) allow financing of levees and other flood control projects with such Bonds; (3) exempt private activity bonds for sewage and water supply facilities from otherwise applicable state volume caps and allow Indian tribal governments to issue tax-exempt private activity bonds to provide water or sewage facilities; (4) extend through 2011 the exemption of interest on tax-exempt bonds from the alternative minimum tax (AMT); (5) extend through 2011 the period for issuing recovery zone economic development bonds and recovery zone bonds; (6) allow a full offset against the AMT for new market tax credit amounts attributable to qualified equity investments initially made before January 1, 2012; and (7) extend through 2011 the tax exemption allowed for interest on bonds guaranteed by a federal home loan bank and small issuer rules for the allocation of tax-exempt interest expense by financial institutions. Amends title IV, part A (Block Grants to States for Temporary Assistance for Needy Families) of the Social Security Act to: (1) rename the Emergency Contingency Fund for State Temporary Assistance for Needy Family Programs as the Emergency Fund for Job Creation and Assistance; and (2) extend appropriations for such Fund through FY2011. Amends the Internal Revenue Code, with respect to the taxation of foreign income and the foreign tax credit, to: (1) suspend the recognition of foreign tax credits until the related foreign income is taken into account for U.S. tax purposes; (2) deny a foreign tax credit for foreign income not subject to U.S. taxation due to a covered asset acquisition (defined as an acquisition that results in an increase in tax basis for U.S. tax purposes but not for foreign tax purposes); (3) apply a separate foreign tax credit limitation for each item of income that would be treated as derived from sources within the United States and that would be treated as arising from sources outside the United States under a treaty obligation (if the taxpayer chooses the benefits of such treaty); (4) limit the amount of foreign tax credits that may be claimed by a U.S. domestic corporation with respect to a deemed dividend paid by a foreign subsidiary; (5) prevent a reduction in earnings in profits of a foreign corporation in an acquisition if more than 50% of the dividends arising from such acquisition would not be subject to U.S. taxation or would be includible in the earnings and profits of a controlled foreign corporation; (6) treat a foreign corporation as a member of an affiliated group for interest allocation and apportionment purposes if more than 50% of its gross income is effectively connected with a U.S. trade or business and at least 80% of either the vote or value of its outstanding stock is owned directly or indirectly by members of the affiliated group; (7) repeal tax rules exempting foreign source income attributable to the active conduct of a foreign trade or business from withholding of tax requirements; (8) treat as income received in the United States amounts received from noncorporate residents or domestic corporations with respect to guarantees and amounts paid by any foreign person if such amounts are connected with income that is effectively connected with the conduct of a trade or business in the United States; and (9) provide that the statute of limitations for assessing any tax on certain foreign transactions shall apply only to items related to a failure to provide information to the Internal Revenue Service (IRS) due to reasonable cause and not willful neglect. Provides for compliance of the budgetary effects of this Act with the Statutory Pay-As-You-Go Act of 2010. Increases by 3% the estimated tax payment of corporations with assets of not less than $1 billion in the third quarter of 2015.",
                "summary_short": "Investing in American Jobs and Closing Tax Loopholes Act of 2010 - Amends the Internal Revenue Code to: (1) extend through 2012 the period for issuing Build America Bonds and for making payments to issuers of such bonds; (2) allow financing of levees and other flood control projects with such Bonds; (3) exempt private activity bonds for sewage and water supply facilities from otherwise applicable state volume caps and allow Indian tribal governments to issue tax-exempt private activity bonds ...",
                "latest_major_action_date": "2010-07-29",
                "latest_major_action": "POSTPONED PROCEEDINGS - Pursuant to clause 2c of rule 19, the Chair postponed further proccedings on H.R. 5893 until a time to be announced."
              },
                           {
                "congress": "111",
                "bill_id": "hr4536-111",
                "bill_type": "hr",
                "number": "H.R.4536",
                "bill_uri": "https://api.propublica.org/congress/v1/111/bills/hr4536.json",
                "title": "To designate the facility of the United States Postal Service located at 1332 Sharon Copley Road in Wadsworth, Ohio, as the 'Emil Bolas Post Office'.",
                "short_title": null,
                "sponsor_title": "Rep.",
                "sponsor_id": "B001263",
                "sponsor_name": "John Boccieri",
                "sponsor_state": "OH",
                "sponsor_party": "D",
                "sponsor_uri": "https://api.propublica.org/congress/v1/members/B001263.json",
                "gpo_pdf_uri": null,
                "congressdotgov_url": "https://www.congress.gov/bill/111th-congress/house-bill/4536",
                "govtrack_url": "https://www.govtrack.us/congress/bills/111/hr4536",
                "introduced_date": "2010-01-27",
                "active": null,
                "last_vote": null,
                "house_passage": null,
                "senate_passage": null,
                "enacted": null,
                "vetoed": null,
                "cosponsors": 6,
                "cosponsors_by_party": {"D":5,"R":1},
                "committees": "House Oversight and Government Reform",
                "primary_subject": "Government operations and politics",
                "summary": "Designates the facility of the United States Postal Service located at 1332 Sharon Copley Road in Wadsworth, Ohio, as the \"Emil Bolas Post Office.\"",
                "summary_short": "Designates the facility of the United States Postal Service located at 1332 Sharon Copley Road in Wadsworth, Ohio, as the &quot;Emil Bolas Post Office.&quot;",
                "latest_major_action_date": "2010-01-27",
                "latest_major_action": "Referred to the House Committee on Oversight and Government Reform."
              },
                           {
                "congress": "111",
                "bill_id": "hres1522-111",
                "bill_type": "hres",
                "number": "H.RES.1522",
                "bill_uri": "https://api.propublica.org/congress/v1/111/bills/hres1522.json",
                "title": "Expressing support for designation of the last week of September as National Hereditary Breast and Ovarian Cancer Week and the last Wednesday of September as National Previvor Day.",
                "short_title": null,
                "sponsor_title": "Rep.",
                "sponsor_id": "W000797",
                "sponsor_name": "Debbie Wasserman Schultz",
                "sponsor_state": "FL",
                "sponsor_party": "D",
                "sponsor_uri": "https://api.propublica.org/congress/v1/members/W000797.json",
                "gpo_pdf_uri": null,
                "congressdotgov_url": "https://www.congress.gov/bill/111th-congress/house-resolution/1522",
                "govtrack_url": "https://www.govtrack.us/congress/bills/111/hres1522",
                "introduced_date": "2010-07-15",
                "active": null,
                "last_vote": "2010-09-15",
                "house_passage": null,
                "senate_passage": null,
                "enacted": null,
                "vetoed": null,
                "cosponsors": 93,
                "cosponsors_by_party": {"D":64,"R":29,"I":1},
                "committees": "House Oversight and Government Reform",
                "primary_subject": "Health",
                "summary": "Expresses support for designation of: (1) National Hereditary Breast and Ovarian Cancer Week; and (2) National Previvor Day.",
                "summary_short": "Expresses support for designation of: (1) National Hereditary Breast and Ovarian Cancer Week; and (2) National Previvor Day.",
                "latest_major_action_date": "2010-09-15",
                "latest_major_action": "Motion to reconsider laid on the table Agreed to without objection."
              },
                           {
                "congress": "111",
                "bill_id": "hres1499-111",
                "bill_type": "hres",
                "number": "H.RES.1499",
                "bill_uri": "https://api.propublica.org/congress/v1/111/bills/hres1499.json",
                "title": "Honoring the achievements of Dr. Robert M. Campbell, Jr., to provide children with lifesaving medical care.",
                "short_title": null,
                "sponsor_title": "Rep.",
                "sponsor_id": "W000797",
                "sponsor_name": "Debbie Wasserman Schultz",
                "sponsor_state": "FL",
                "sponsor_party": "D",
                "sponsor_uri": "https://api.propublica.org/congress/v1/members/W000797.json",
                "gpo_pdf_uri": null,
                "congressdotgov_url": "https://www.congress.gov/bill/111th-congress/house-resolution/1499",
                "govtrack_url": "https://www.govtrack.us/congress/bills/111/hres1499",
                "introduced_date": "2010-07-01",
                "active": null,
                "last_vote": null,
                "house_passage": null,
                "senate_passage": null,
                "enacted": null,
                "vetoed": null,
                "cosponsors": 114,
                "cosponsors_by_party": {"D":104,"R":10},
                "committees": "House Energy and Commerce",
                "primary_subject": "Health",
                "summary": "Honors Dr. Robert Campbell for his lifelong devotion to children's health care. Congratulates Dr. Campbell and his colleagues on their extraordinary achievement in pediatric and orthopedic innovation.Recognizes the Vertical Expandable Prosthetic Titanium Rib device which has saved the lives of many infants and children.",
                "summary_short": "Honors Dr. Robert Campbell for his lifelong devotion to children&#39;s health care. Congratulates Dr. Campbell and his colleagues on their extraordinary achievement in pediatric and orthopedic innovation.Recognizes the Vertical Expandable Prosthetic Titanium Rib device which has saved the lives of many infants and children.",
                "latest_major_action_date": "2010-07-28",
                "latest_major_action": "Motion to reconsider laid on the table Agreed to without objection."
              },
                           {
                "congress": "111",
                "bill_id": "hr678-111",
                "bill_type": "hr",
                "number": "H.R.678",
                "bill_uri": "https://api.propublica.org/congress/v1/111/bills/hr678.json",
                "title": "To require the Commissioner of Social Security to revise the medical criteria for evaluating disability in a person diagnosed with Huntington's Disease and to waive the 24-month waiting period for Medicare eligibility for individuals disabled by Huntington's Disease.",
                "short_title": "Huntington's Disease Parity Act of 2009",
                "sponsor_title": "Rep.",
                "sponsor_id": "F000116",
                "sponsor_name": "Bob Filner",
                "sponsor_state": "CA",
                "sponsor_party": "D",
                "sponsor_uri": "https://api.propublica.org/congress/v1/members/F000116.json",
                "gpo_pdf_uri": null,
                "congressdotgov_url": "https://www.congress.gov/bill/111th-congress/house-bill/678",
                "govtrack_url": "https://www.govtrack.us/congress/bills/111/hr678",
                "introduced_date": "2009-01-26",
                "active": null,
                "last_vote": null,
                "house_passage": null,
                "senate_passage": null,
                "enacted": null,
                "vetoed": null,
                "cosponsors": 153,
                "cosponsors_by_party": {"R":42,"D":111},
                "committees": "House Ways and Means",
                "primary_subject": "Health",
                "summary": "Huntington's Disease Parity Act of 2009 - Directs the Commissioner of Social Security to revise the medical criteria for evaluating disability caused by adult-onset and juvenile Huntington's Disease. Amends title II (Old Age, Survivors and Disability Insurance) (OASDI) of the Social Security Act to eliminate the 24-month waiting period for Medicare eligibility for individuals disabled by Huntington's Disease.",
                "summary_short": "Huntington&#39;s Disease Parity Act of 2009 - Directs the Commissioner of Social Security to revise the medical criteria for evaluating disability caused by adult-onset and juvenile Huntington&#39;s Disease. Amends title II (Old Age, Survivors and Disability Insurance) (OASDI) of the Social Security Act to eliminate the 24-month waiting period for Medicare eligibility for individuals disabled by Huntington&#39;s Disease.",
                "latest_major_action_date": "2009-01-26",
                "latest_major_action": "Referred to the House Committee on Ways and Means."
              },
                           {
                "congress": "111",
                "bill_id": "hr4764-111",
                "bill_type": "hr",
                "number": "H.R.4764",
                "bill_uri": "https://api.propublica.org/congress/v1/111/bills/hr4764.json",
                "title": "To amend the Internal Revenue Code of 1986 to make employers of spouses of military personnel eligible for the work opportunity credit.",
                "short_title": "Military Spouses Employment Act",
                "sponsor_title": "Rep.",
                "sponsor_id": "C001051",
                "sponsor_name": "John Carter",
                "sponsor_state": "TX",
                "sponsor_party": "R",
                "sponsor_uri": "https://api.propublica.org/congress/v1/members/C001051.json",
                "gpo_pdf_uri": null,
                "congressdotgov_url": "https://www.congress.gov/bill/111th-congress/house-bill/4764",
                "govtrack_url": "https://www.govtrack.us/congress/bills/111/hr4764",
                "introduced_date": "2010-03-04",
                "active": null,
                "last_vote": null,
                "house_passage": null,
                "senate_passage": null,
                "enacted": null,
                "vetoed": null,
                "cosponsors": 46,
                "cosponsors_by_party": {"D":18,"R":28},
                "committees": "House Ways and Means",
                "primary_subject": "Taxation",
                "summary": "Military Spouses Employment Act - Amends the Internal Revenue Code to include spouses of members of the Armed Forces on extended active duty (more than 90 days or for an indefinite period) as members of a targeted group for purposes of the work opportunity tax credit (thus giving employers a tax incentive for hiring military spouses).",
                "summary_short": "Military Spouses Employment Act - Amends the Internal Revenue Code to include spouses of members of the Armed Forces on extended active duty (more than 90 days or for an indefinite period) as members of a targeted group for purposes of the work opportunity tax credit (thus giving employers a tax incentive for hiring military spouses).",
                "latest_major_action_date": "2010-03-04",
                "latest_major_action": "Referred to the House Committee on Ways and Means."
              },
                           {
                "congress": "111",
                "bill_id": "hr208-111",
                "bill_type": "hr",
                "number": "H.R.208",
                "bill_uri": "https://api.propublica.org/congress/v1/111/bills/hr208.json",
                "title": "To amend title 10, United States Code, to ensure that members of the reserve components of the Armed Forces who have served on active duty or performed active service since September 11, 2001, in support of a contingency operation or in other emergency situations receive credit for such service in determining eligibility for early receipt of non-regular service retired pay, and for other purposes.",
                "short_title": "National Guardsmen and Reservists Parity for Patriots Act",
                "sponsor_title": "Rep.",
                "sponsor_id": "W000795",
                "sponsor_name": "Joe Wilson",
                "sponsor_state": "SC",
                "sponsor_party": "R",
                "sponsor_uri": "https://api.propublica.org/congress/v1/members/W000795.json",
                "gpo_pdf_uri": null,
                "congressdotgov_url": "https://www.congress.gov/bill/111th-congress/house-bill/208",
                "govtrack_url": "https://www.govtrack.us/congress/bills/111/hr208",
                "introduced_date": "2009-01-06",
                "active": null,
                "last_vote": null,
                "house_passage": null,
                "senate_passage": null,
                "enacted": null,
                "vetoed": null,
                "cosponsors": 172,
                "cosponsors_by_party": {"R":77,"D":95},
                "committees": "House Armed Services",
                "primary_subject": "Armed forces and national security",
                "summary": "National Guardsmen and Reservists Parity for Patriots Act - Amends the National Defense Authorization Act for Fiscal Year 2008 to back-date to September 11, 2001, the period of active duty or performed active service, in support of a contingency operation or in other emergency situations, for which members of Ready Reserve components of the armed forces shall receive credit in determining eligibility for early receipt of non-regular service retired pay.",
                "summary_short": "National Guardsmen and Reservists Parity for Patriots Act - Amends the National Defense Authorization Act for Fiscal Year 2008 to back-date to September 11, 2001, the period of active duty or performed active service, in support of a contingency operation or in other emergency situations, for which members of Ready Reserve components of the armed forces shall receive credit in determining eligibility for early receipt of non-regular service retired pay.",
                "latest_major_action_date": "2009-01-30",
                "latest_major_action": "Referred to the Subcommittee on Military Personnel."
              },
                           {
                "congress": "111",
                "bill_id": "hr5806-111",
                "bill_type": "hr",
                "number": "H.R.5806",
                "bill_uri": "https://api.propublica.org/congress/v1/111/bills/hr5806.json",
                "title": "To amend the Richard B. Russell National School Lunch Act to create a local food credit program.",
                "short_title": "Eat Local Foods Act",
                "sponsor_title": "Rep.",
                "sponsor_id": "P000597",
                "sponsor_name": "Chellie Pingree",
                "sponsor_state": "ME",
                "sponsor_party": "D",
                "sponsor_uri": "https://api.propublica.org/congress/v1/members/P000597.json",
                "gpo_pdf_uri": null,
                "congressdotgov_url": "https://www.congress.gov/bill/111th-congress/house-bill/5806",
                "govtrack_url": "https://www.govtrack.us/congress/bills/111/hr5806",
                "introduced_date": "2010-07-21",
                "active": null,
                "last_vote": null,
                "house_passage": null,
                "senate_passage": null,
                "enacted": null,
                "vetoed": null,
                "cosponsors": 17,
                "cosponsors_by_party": {"D":16,"I":1},
                "committees": "House Education and Labor",
                "primary_subject": "Education",
                "summary": "Eat Local Foods Act - Amends the Richard B. Russell National School Lunch Act to direct the Secretary of Agriculture to provide grants to states, by the beginning of each school year (beginning with the 2012-2013 school year), for use in providing school food authorities with local food credits that represent up to 10% of the total value of the commodity assistance (or cash payments in lieu thereof) that the authority would be eligible to receive for the school year. Subtracts the value of the food credit from the amount of commodity assistance (or cash payments in lieu thereof) that a school food authority would otherwise receive. Requires school food authorities to use their credits to purchase locally or regionally produced agricultural food products to serve in the school lunch program.",
                "summary_short": "Eat Local Foods Act - Amends the Richard B. Russell National School Lunch Act to direct the Secretary of Agriculture to provide grants to states, by the beginning of each school year (beginning with the 2012-2013 school year), for use in providing school food authorities with local food credits that represent up to 10% of the total value of the commodity assistance (or cash payments in lieu thereof) that the authority would be eligible to receive for the school year. Subtracts the value of th...",
                "latest_major_action_date": "2010-10-13",
                "latest_major_action": "Referred to the Subcommittee on Healthy Families and Communities."
              },
                           {
                "congress": "111",
                "bill_id": "hr4693-111",
                "bill_type": "hr",
                "number": "H.R.4693",
                "bill_uri": "https://api.propublica.org/congress/v1/111/bills/hr4693.json",
                "title": "To amend the Internal Revenue Code of 1986 to allow a credit against income tax for amounts paid by a spouse of a member of the Armed Forces for a new State license or certification required by reason of a permanent change in the duty station of such member to another State.",
                "short_title": "Military Spouse Job Continuity Act of 2010",
                "sponsor_title": "Rep.",
                "sponsor_id": "D000608",
                "sponsor_name": "Kathy Dahlkemper",
                "sponsor_state": "PA",
                "sponsor_party": "D",
                "sponsor_uri": "https://api.propublica.org/congress/v1/members/D000608.json",
                "gpo_pdf_uri": null,
                "congressdotgov_url": "https://www.congress.gov/bill/111th-congress/house-bill/4693",
                "govtrack_url": "https://www.govtrack.us/congress/bills/111/hr4693",
                "introduced_date": "2010-02-25",
                "active": null,
                "last_vote": null,
                "house_passage": null,
                "senate_passage": null,
                "enacted": null,
                "vetoed": null,
                "cosponsors": 81,
                "cosponsors_by_party": {"D":65,"R":17},
                "committees": "House Ways and Means",
                "primary_subject": "Taxation",
                "summary": "Military Spouse Job Continuity Act of 2010 - Amends the Internal Revenue Code to allow the spouse of a member of the Armed Forces (military spouse) who moves with such member to another state under a permanent change of station order a tax credit for up to $500 of qualified relicensing costs incurred by such spouse. Defines \"qualified relicensing costs\" as costs for a state license or certification to engage in the profession that such military spouse engaged in while residing in the former state.",
                "summary_short": "Military Spouse Job Continuity Act of 2010 - Amends the Internal Revenue Code to allow the spouse of a member of the Armed Forces (military spouse) who moves with such member to another state under a permanent change of station order a tax credit for up to $500 of qualified relicensing costs incurred by such spouse. Defines &quot;qualified relicensing costs&quot; as costs for a state license or certification to engage in the profession that such military spouse engaged in while residing in the former s...",
                "latest_major_action_date": "2010-02-25",
                "latest_major_action": "Referred to the House Committee on Ways and Means."
              },
                           {
                "congress": "111",
                "bill_id": "hr5434-111",
                "bill_type": "hr",
                "number": "H.R.5434",
                "bill_uri": "https://api.propublica.org/congress/v1/111/bills/hr5434.json",
                "title": "To amend the Animal Welfare Act to provide further protection for puppies.",
                "short_title": "Puppy Uniform Protection and Safety Act",
                "sponsor_title": "Rep.",
                "sponsor_id": "F000030",
                "sponsor_name": "Sam Farr",
                "sponsor_state": "CA",
                "sponsor_party": "D",
                "sponsor_uri": "https://api.propublica.org/congress/v1/members/F000030.json",
                "gpo_pdf_uri": null,
                "congressdotgov_url": "https://www.congress.gov/bill/111th-congress/house-bill/5434",
                "govtrack_url": "https://www.govtrack.us/congress/bills/111/hr5434",
                "introduced_date": "2010-05-27",
                "active": null,
                "last_vote": null,
                "house_passage": null,
                "senate_passage": null,
                "enacted": null,
                "vetoed": null,
                "cosponsors": 150,
                "cosponsors_by_party": {"R":22,"D":129},
                "committees": "House Agriculture",
                "primary_subject": "Animals",
                "summary": "Puppy Uniform Protection and Safety Act - Amends the Animal Welfare Act to define a \"high volume retail breeder\" as a person who, in commerce, for compensation or profit: (1) has an ownership interest in or custody of one or more breeding female dogs; and (2) sells, via any means of conveyance, more than 50 of the offspring of such dogs for use as pets in any one-year period. Considers such a breeder of dogs to be a dealer. Requires dealers to include on licensing applications and annual renewals the total number of dogs exempted from exercise on the premises of the dealer in the preceding year by a licensed veterinarian. Requires the Secretary of Agriculture to promulgate requirements for the exercise of dogs at facilities owned or operated by a dealer, including requiring daily access to exercise that: (1) allows the dogs to move sufficiently in a way that is not forced, repetitive, or restrictive; and (2) is in an area that is spacious, cleaned at least once a day, free of infestation by pests or vermin, and designed to prevent the dogs from escaping. Allows an exemption if: (1) a licensed veterinarian determines that a dog should not exercise because of the health, condition, or well-being of the dog; and (2) such determination is reviewed and updated at least once every 30 days by the veterinarian, unless the basis for the determination is a permanent condition. Subjects such a determination to review and approval by the Secretary.",
                "summary_short": "Puppy Uniform Protection and Safety Act - Amends the Animal Welfare Act to define a &quot;high volume retail breeder&quot; as a person who, in commerce, for compensation or profit: (1) has an ownership interest in or custody of one or more breeding female dogs; and (2) sells, via any means of conveyance, more than 50 of the offspring of such dogs for use as pets in any one-year period. Considers such a breeder of dogs to be a dealer. Requires dealers to include on licensing applications and annual rene...",
                "latest_major_action_date": "2010-06-30",
                "latest_major_action": "Referred to the Subcommittee on Livestock, Dairy, and Poultry."
              },
                           {
                "congress": "111",
                "bill_id": "hr2697-111",
                "bill_type": "hr",
                "number": "H.R.2697",
                "bill_uri": "https://api.propublica.org/congress/v1/111/bills/hr2697.json",
                "title": "To amend title XIX of the Social Security Act to require Medicaid coverage of professional services of optometrists that are otherwise covered when furnished by a physician.",
                "short_title": "Optometric Equity in Medicaid Act of 2009",
                "sponsor_title": "Rep.",
                "sponsor_id": "S001145",
                "sponsor_name": "Jan Schakowsky",
                "sponsor_state": "IL",
                "sponsor_party": "D",
                "sponsor_uri": "https://api.propublica.org/congress/v1/members/S001145.json",
                "gpo_pdf_uri": null,
                "congressdotgov_url": "https://www.congress.gov/bill/111th-congress/house-bill/2697",
                "govtrack_url": "https://www.govtrack.us/congress/bills/111/hr2697",
                "introduced_date": "2009-06-04",
                "active": null,
                "last_vote": null,
                "house_passage": null,
                "senate_passage": null,
                "enacted": null,
                "vetoed": null,
                "cosponsors": 53,
                "cosponsors_by_party": {"R":13,"D":40},
                "committees": "House Energy and Commerce",
                "primary_subject": "Health",
                "summary": "Optometric Equity in Medicaid Act of 2009 - Amends title XIX (Medicaid) of the Social Security Act to require Medicaid coverage of medical and other health services of optometrists that are otherwise covered when furnished by a physician.",
                "summary_short": "Optometric Equity in Medicaid Act of 2009 - Amends title XIX (Medicaid) of the Social Security Act to require Medicaid coverage of medical and other health services of optometrists that are otherwise covered when furnished by a physician.",
                "latest_major_action_date": "2009-06-08",
                "latest_major_action": "Referred to the Subcommittee on Health."
              },
                           {
                "congress": "111",
                "bill_id": "hr745-111",
                "bill_type": "hr",
                "number": "H.R.745",
                "bill_uri": "https://api.propublica.org/congress/v1/111/bills/hr745.json",
                "title": "To amend the Public Health Service Act to provide for a Pancreatic Cancer Initiative, and for other purposes.",
                "short_title": "Pancreatic Cancer Research and Education Act",
                "sponsor_title": "Rep.",
                "sponsor_id": "E000215",
                "sponsor_name": "Anna G. Eshoo",
                "sponsor_state": "CA",
                "sponsor_party": "D",
                "sponsor_uri": "https://api.propublica.org/congress/v1/members/E000215.json",
                "gpo_pdf_uri": null,
                "congressdotgov_url": "https://www.congress.gov/bill/111th-congress/house-bill/745",
                "govtrack_url": "https://www.govtrack.us/congress/bills/111/hr745",
                "introduced_date": "2009-01-28",
                "active": null,
                "last_vote": null,
                "house_passage": null,
                "senate_passage": null,
                "enacted": null,
                "vetoed": null,
                "cosponsors": 247,
                "cosponsors_by_party": {"R":73,"D":174},
                "committees": "House Energy and Commerce",
                "primary_subject": "Health",
                "summary": "Pancreatic Cancer Research and Education Act - Amends the Public Health Service Act to require the Secretary of Health and Human Services to establish and implement a Pancreatic Cancer Initiative to assist in coordinating activities to address the high mortality rate associated with pancreatic cancer. Requires the Secretary to establish the Interdisciplinary Pancreatic Cancer Coordinating Committee to: (1) provide advice on overall research objectives and benchmarks for pancreatic cancer research; (2) develop and annually update a strategic plan for pancreatic cancer research awareness; and (3) conduct evaluations and make recommendations to the Secretary, the Director of the National Institutes of Health (NIH), and the Director of the National Cancer Institute regarding the prioritization and award of NIH research grants relating to pancreatic cancer.Requires the Secretary to develop a primary care provider education program on pancreatic cancer.Requires the Director of NIH and the Director of the Centers for Disease Control and Prevention (CDC) to develop a communication tool kit for patients and their families that focuses on specific pancreatic cancer issues relating to patient choices and patient care.Allows the Secretary to award grants to research institutions for use in developing innovative compounds or technologies for the prevention, early detection, or treatment of those cancers with five-year survival rates of less than 50%. Requires the Secretary to focus on pancreatic cancer during the initial five fiscal years of awarding such grants.Allows the Secretary to designate two additional Specialized Programs of Research Excellence focusing solely on pancreatic cancer research.",
                "summary_short": "Pancreatic Cancer Research and Education Act - Amends the Public Health Service Act to require the Secretary of Health and Human Services to establish and implement a Pancreatic Cancer Initiative to assist in coordinating activities to address the high mortality rate associated with pancreatic cancer. Requires the Secretary to establish the Interdisciplinary Pancreatic Cancer Coordinating Committee to: (1) provide advice on overall research objectives and benchmarks for pancreatic cancer rese...",
                "latest_major_action_date": "2009-02-02",
                "latest_major_action": "Referred to the Subcommittee on Health."
              }
             ]
      }
   ]
}
