{
   "status":"OK",
   "copyright":"Copyright (c) 2020 Pro Publica Inc. All Rights Reserved.",
   "results":[
      {
         "id": "K000372",
         "member_uri": "https://api.propublica.org/congress/v1/members/K000372.json",
         "name": "Mary Jo Kilroy",
         "num_results": 338,
         "offset": 200,
         "bills": [
              {
                "congress": "111",
                "bill_id": "hres797-111",
                "bill_type": "hres",
                "number": "H.RES.797",
                "bill_uri": "https://api.propublica.org/congress/v1/111/bills/hres797.json",
                "title": "Expressing the sense of Congress with respect to raising awareness and enhancing the state of cyber security in the United States, and supporting the goals and ideals of the sixth annual National Cyber Security Awareness Month.",
                "short_title": null,
                "sponsor_title": "Rep.",
                "sponsor_id": "C001067",
                "sponsor_name": "Yvette D. Clarke",
                "sponsor_state": "NY",
                "sponsor_party": "D",
                "sponsor_uri": "https://api.propublica.org/congress/v1/members/C001067.json",
                "gpo_pdf_uri": null,
                "congressdotgov_url": "https://www.congress.gov/bill/111th-congress/house-resolution/797",
                "govtrack_url": "https://www.govtrack.us/congress/bills/111/hres797",
                "introduced_date": "2009-10-06",
                "active": null,
                "last_vote": "2009-10-22",
                "house_passage": null,
                "senate_passage": null,
                "enacted": null,
                "vetoed": null,
                "cosponsors": 25,
                "cosponsors_by_party": {"R":5,"D":20},
                "committees": "House Science and Technology",
                "primary_subject": "Science, technology, communications",
                "summary": "Supports the goals and ideals of National Cyber Security Awareness Month. Declares that the House of Representatives intends to work with federal agencies, national organizations, businesses, and educational institutions to encourage the development and implementation of existing and future security consensus standards, practices, and technologies in order to enhance the state of cyber security in the United States.",
                "summary_short": "Supports the goals and ideals of National Cyber Security Awareness Month. Declares that the House of Representatives intends to work with federal agencies, national organizations, businesses, and educational institutions to encourage the development and implementation of existing and future security consensus standards, practices, and technologies in order to enhance the state of cyber security in the United States.",
                "latest_major_action_date": "2009-10-22",
                "latest_major_action": "Motion to reconsider laid on the table Agreed to without objection."
              },
                           {
                "congress": "111",
                "bill_id": "hr3692-111",
                "bill_type": "hr",
                "number": "H.R.3692",
                "bill_uri": "https://api.propublica.org/congress/v1/111/bills/hr3692.json",
                "title": "To protect inventoried roadless areas in the National Forest System.",
                "short_title": "National Forest Roadless Area Conservation Act",
                "sponsor_title": "Rep.",
                "sponsor_id": "I000026",
                "sponsor_name": "Jay Inslee",
                "sponsor_state": "WA",
                "sponsor_party": "D",
                "sponsor_uri": "https://api.propublica.org/congress/v1/members/I000026.json",
                "gpo_pdf_uri": null,
                "congressdotgov_url": "https://www.congress.gov/bill/111th-congress/house-bill/3692",
                "govtrack_url": "https://www.govtrack.us/congress/bills/111/hr3692",
                "introduced_date": "2009-10-01",
                "active": null,
                "last_vote": null,
                "house_passage": null,
                "senate_passage": null,
                "enacted": null,
                "vetoed": null,
                "cosponsors": 158,
                "cosponsors_by_party": {"D":155,"R":3},
                "committees": "House Agriculture; House Natural Resources",
                "primary_subject": "Public lands and natural resources",
                "summary": "National Forest Roadless Area Conservation Act - Identifies roadless areas within the National Forest System set forth in specified maps as National Forest Inventoried Roadless Areas, and directs the Secretary of Agriculture to manage such Areas to maintain their roadless character. Authorizes the Forest Service to modify such maps for the sole purpose of improving their accuracy or inclusiveness. Requires any substantial modification of those maps to be made through the national forest management planning process and documented in an environmental impact statement.",
                "summary_short": "National Forest Roadless Area Conservation Act - Identifies roadless areas within the National Forest System set forth in specified maps as National Forest Inventoried Roadless Areas, and directs the Secretary of Agriculture to manage such Areas to maintain their roadless character. Authorizes the Forest Service to modify such maps for the sole purpose of improving their accuracy or inclusiveness. Requires any substantial modification of those maps to be made through the national forest manag...",
                "latest_major_action_date": "2010-06-15",
                "latest_major_action": "Referred to the Subcommittee on Department Operations, Oversight, Nutrition and Forestry."
              },
                           {
                "congress": "111",
                "bill_id": "hr615-111",
                "bill_type": "hr",
                "number": "H.R.615",
                "bill_uri": "https://api.propublica.org/congress/v1/111/bills/hr615.json",
                "title": "To amend the Federal Hazardous Substances Act to require engine coolant and antifreeze to contain a bittering agent so as to render it unpalatable.",
                "short_title": "Antifreeze Bittering Act of 2009",
                "sponsor_title": "Rep.",
                "sponsor_id": "A000022",
                "sponsor_name": "Gary L. Ackerman",
                "sponsor_state": "NY",
                "sponsor_party": "D",
                "sponsor_uri": "https://api.propublica.org/congress/v1/members/A000022.json",
                "gpo_pdf_uri": null,
                "congressdotgov_url": "https://www.congress.gov/bill/111th-congress/house-bill/615",
                "govtrack_url": "https://www.govtrack.us/congress/bills/111/hr615",
                "introduced_date": "2009-01-21",
                "active": null,
                "last_vote": null,
                "house_passage": null,
                "senate_passage": null,
                "enacted": null,
                "vetoed": null,
                "cosponsors": 31,
                "cosponsors_by_party": {"D":20,"R":11},
                "committees": "House Energy and Commerce",
                "primary_subject": "Commerce",
                "summary": "Antifreeze Bittering Act of 2009 - Requires engine coolant or antifreeze that is manufactured six months after the enactment of this Act, and that contains more than 10% ethylene glycol, to include denatonium benzoate at a minimum of 30 parts per million and a maximum of 50 parts per million as a bittering agent so as to render the coolant or antifreeze unpalatable. Requires a coolant or antifreeze manufacturer to maintain records of compliance with this Act. Limits the liability of manufacturers, distributors, recyclers, or sellers of engine coolant or antifreeze who are in compliance with the requirements of this Act for personal and property loss or damage to the environment that results from the inclusion of denatonium benzoate in any coolant or antifreeze. Declares this Act inapplicable to: (1) the sale of a motor vehicle that contains engine coolant or antifreeze; or (2) wholesale containers of engine coolant or antifreeze containing 55 gallons or more of engine coolant or antifreeze.",
                "summary_short": "Antifreeze Bittering Act of 2009 - Requires engine coolant or antifreeze that is manufactured six months after the enactment of this Act, and that contains more than 10% ethylene glycol, to include denatonium benzoate at a minimum of 30 parts per million and a maximum of 50 parts per million as a bittering agent so as to render the coolant or antifreeze unpalatable. Requires a coolant or antifreeze manufacturer to maintain records of compliance with this Act. Limits the liability of manufactu...",
                "latest_major_action_date": "2009-01-22",
                "latest_major_action": "Referred to the Subcommittee on Commerce, Trade and Consumer Protection."
              },
                           {
                "congress": "111",
                "bill_id": "hr635-111",
                "bill_type": "hr",
                "number": "H.R.635",
                "bill_uri": "https://api.propublica.org/congress/v1/111/bills/hr635.json",
                "title": "To establish the National Commission on State Workers' Compensation Laws.",
                "short_title": "National Commission on State Workers' Compensation Laws Act of 2009",
                "sponsor_title": "Rep.",
                "sponsor_id": "B001234",
                "sponsor_name": "Joe Baca",
                "sponsor_state": "CA",
                "sponsor_party": "D",
                "sponsor_uri": "https://api.propublica.org/congress/v1/members/B001234.json",
                "gpo_pdf_uri": null,
                "congressdotgov_url": "https://www.congress.gov/bill/111th-congress/house-bill/635",
                "govtrack_url": "https://www.govtrack.us/congress/bills/111/hr635",
                "introduced_date": "2009-01-22",
                "active": null,
                "last_vote": null,
                "house_passage": null,
                "senate_passage": null,
                "enacted": null,
                "vetoed": null,
                "cosponsors": 18,
                "cosponsors_by_party": {"D":18},
                "committees": "House Education and Labor",
                "primary_subject": "Labor and employment",
                "summary": "National Commission on State Workers' Compensation Laws Act of 2009 - Establishes the National Commission on State Workers' Compensation Laws. Requires the Commission to: (1) review the findings and recommendations of the previous National Commission on State Workmen's Compensation Laws; and (2) study and evaluate state workers' compensation laws to determine their adequacy and whether additional remedies should be available to ensure the payment of benefits and medical care.",
                "summary_short": "National Commission on State Workers&#39; Compensation Laws Act of 2009 - Establishes the National Commission on State Workers&#39; Compensation Laws. Requires the Commission to: (1) review the findings and recommendations of the previous National Commission on State Workmen&#39;s Compensation Laws; and (2) study and evaluate state workers&#39; compensation laws to determine their adequacy and whether additional remedies should be available to ensure the payment of benefits and medical care.",
                "latest_major_action_date": "2009-01-22",
                "latest_major_action": "Referred to the House Committee on Education and Labor."
              },
                           {
                "congress": "111",
                "bill_id": "hr3675-111",
                "bill_type": "hr",
                "number": "H.R.3675",
                "bill_uri": "https://api.propublica.org/congress/v1/111/bills/hr3675.json",
                "title": "To improve the quality and cost effectiveness of cancer care to Medicare beneficiaries by establishing a national demonstration project.",
                "short_title": "National Quality Cancer Care Demonstration Project Act of 2009",
                "sponsor_title": "Rep.",
                "sponsor_id": "D000602",
                "sponsor_name": "Artur Davis",
                "sponsor_state": "AL",
                "sponsor_party": "D",
                "sponsor_uri": "https://api.propublica.org/congress/v1/members/D000602.json",
                "gpo_pdf_uri": null,
                "congressdotgov_url": "https://www.congress.gov/bill/111th-congress/house-bill/3675",
                "govtrack_url": "https://www.govtrack.us/congress/bills/111/hr3675",
                "introduced_date": "2009-09-30",
                "active": null,
                "last_vote": null,
                "house_passage": null,
                "senate_passage": null,
                "enacted": null,
                "vetoed": null,
                "cosponsors": 5,
                "cosponsors_by_party": {"D":5},
                "committees": "House Energy and Commerce; House Ways and Means",
                "primary_subject": "Health",
                "summary": "National Quality Cancer Care Demonstration Project Act of 2009 - Directs the Secretary of Health and Human Services to establish a quality cancer care demonstration project for the purpose of establishing quality metrics and aligning payment incentives under title XVIII (Medicare) of the Social Security Act in the areas of treating planning and follow-up cancer care for Medicare beneficiaries with cancer.",
                "summary_short": "National Quality Cancer Care Demonstration Project Act of 2009 - Directs the Secretary of Health and Human Services to establish a quality cancer care demonstration project for the purpose of establishing quality metrics and aligning payment incentives under title XVIII (Medicare) of the Social Security Act in the areas of treating planning and follow-up cancer care for Medicare beneficiaries with cancer.",
                "latest_major_action_date": "2009-10-01",
                "latest_major_action": "Referred to the Subcommittee on Health."
              },
                           {
                "congress": "111",
                "bill_id": "hres731-111",
                "bill_type": "hres",
                "number": "H.RES.731",
                "bill_uri": "https://api.propublica.org/congress/v1/111/bills/hres731.json",
                "title": "Expressing the sense of the House of Representatives that the employees of the Department of Homeland Security, their partners at all levels of government, and the millions of emergency response providers and law enforcement agents nationwide should be commended for their dedicated service on the Nation's front lines in the war against acts of terrorism.",
                "short_title": null,
                "sponsor_title": "Rep.",
                "sponsor_id": "C001067",
                "sponsor_name": "Yvette D. Clarke",
                "sponsor_state": "NY",
                "sponsor_party": "D",
                "sponsor_uri": "https://api.propublica.org/congress/v1/members/C001067.json",
                "gpo_pdf_uri": null,
                "congressdotgov_url": "https://www.congress.gov/bill/111th-congress/house-resolution/731",
                "govtrack_url": "https://www.govtrack.us/congress/bills/111/hres731",
                "introduced_date": "2009-09-10",
                "active": null,
                "last_vote": null,
                "house_passage": null,
                "senate_passage": null,
                "enacted": null,
                "vetoed": null,
                "cosponsors": 20,
                "cosponsors_by_party": {"R":6,"D":14},
                "committees": "House Homeland Security",
                "primary_subject": "Emergency management",
                "summary": "Commends the public servants of the federal agencies for their contributions to homeland security.Salutes the efforts of government officials, the private sector, and citizens across the country to prevent, deter, protect against, and prepare to respond to potential acts of terrorism.Expresses appreciation for the commitment of law enforcement and emergency response personnel in preventing and preparing to respond to acts of terrorism.Expresses support for the goals and ideals of National Preparedness Month as they relate to the threat of terrorism.",
                "summary_short": "Commends the public servants of the federal agencies for their contributions to homeland security.Salutes the efforts of government officials, the private sector, and citizens across the country to prevent, deter, protect against, and prepare to respond to potential acts of terrorism.Expresses appreciation for the commitment of law enforcement and emergency response personnel in preventing and preparing to respond to acts of terrorism.Expresses support for the goals and ideals of National Pre...",
                "latest_major_action_date": "2009-10-01",
                "latest_major_action": "Motion to reconsider laid on the table Agreed to without objection."
              },
                           {
                "congress": "111",
                "bill_id": "hres784-111",
                "bill_type": "hres",
                "number": "H.RES.784",
                "bill_uri": "https://api.propublica.org/congress/v1/111/bills/hres784.json",
                "title": "Honoring the 2560th anniversary of the birth of Confucius and recognizing his invaluable contributions to philosophy and social and political thought.",
                "short_title": null,
                "sponsor_title": "Rep.",
                "sponsor_id": "G000553",
                "sponsor_name": "Al Green",
                "sponsor_state": "TX",
                "sponsor_party": "D",
                "sponsor_uri": "https://api.propublica.org/congress/v1/members/G000553.json",
                "gpo_pdf_uri": null,
                "congressdotgov_url": "https://www.congress.gov/bill/111th-congress/house-resolution/784",
                "govtrack_url": "https://www.govtrack.us/congress/bills/111/hres784",
                "introduced_date": "2009-09-29",
                "active": null,
                "last_vote": "2009-10-28",
                "house_passage": null,
                "senate_passage": null,
                "enacted": null,
                "vetoed": null,
                "cosponsors": 41,
                "cosponsors_by_party": {"R":1,"D":39,"I":1},
                "committees": "House Foreign Affairs",
                "primary_subject": "International affairs",
                "summary": "Honors the 2,560th anniversary of the birth of Confucius and recognizes his invaluable contributions to philosophy and social and political thought.",
                "summary_short": "Honors the 2,560th anniversary of the birth of Confucius and recognizes his invaluable contributions to philosophy and social and political thought.",
                "latest_major_action_date": "2009-10-28",
                "latest_major_action": "Motion to reconsider laid on the table Agreed to without objection."
              },
                           {
                "congress": "111",
                "bill_id": "hr2195-111",
                "bill_type": "hr",
                "number": "H.R.2195",
                "bill_uri": "https://api.propublica.org/congress/v1/111/bills/hr2195.json",
                "title": "To amend the Federal Power Act to provide additional authorities to adequately protect the critical electric infrastructure against cyber attack, and for other purposes.",
                "short_title": null,
                "sponsor_title": "Rep.",
                "sponsor_id": "T000193",
                "sponsor_name": "Bennie Thompson",
                "sponsor_state": "MS",
                "sponsor_party": "D",
                "sponsor_uri": "https://api.propublica.org/congress/v1/members/T000193.json",
                "gpo_pdf_uri": null,
                "congressdotgov_url": "https://www.congress.gov/bill/111th-congress/house-bill/2195",
                "govtrack_url": "https://www.govtrack.us/congress/bills/111/hr2195",
                "introduced_date": "2009-04-30",
                "active": null,
                "last_vote": null,
                "house_passage": null,
                "senate_passage": null,
                "enacted": null,
                "vetoed": null,
                "cosponsors": 27,
                "cosponsors_by_party": {"R":8,"D":19},
                "committees": "House Energy and Commerce; House Homeland Security",
                "primary_subject": "Energy",
                "summary": "Directs the Secretary of Homeland Security, working with other national security and intelligence agencies, to conduct research and determine if the security of federally owned programmable electronic devices and communication networks (including hardware, software, and data) essential to the operation of critical electric infrastructure has been compromised. Amends the Federal Power Act to direct the Secretary to make ongoing assessments and provide periodic reports with respect to: (1) cyber vulnerabilities or threats to critical infrastructure, including critical electric infrastructure and advanced metering infrastructure; and (2) the enhancement of domestic preparedness for a cyber attack. Directs the Federal Energy Regulatory Commission (FERC) to establish mandatory interim measures to protect against known cyber vulnerabilities or threats to the operation of the critical electric infrastructure in the United States. Amends the the Homeland Security Act of 2002 to direct the Secretary to evaluate the capacity and authority of the Department of Homeland Security (DHS) and other federal agencies to ensure the security against a cyber attack and resilience of electronic devices and communication networks essential to the critical infrastructure sectors.",
                "summary_short": "Directs the Secretary of Homeland Security, working with other national security and intelligence agencies, to conduct research and determine if the security of federally owned programmable electronic devices and communication networks (including hardware, software, and data) essential to the operation of critical electric infrastructure has been compromised. Amends the Federal Power Act to direct the Secretary to make ongoing assessments and provide periodic reports with respect to: (1) cybe...",
                "latest_major_action_date": "2009-05-26",
                "latest_major_action": "Referred to the Subcommittee on Emerging Threats, Cybersecurity, and Science and Technology."
              },
                           {
                "congress": "111",
                "bill_id": "hr2452-111",
                "bill_type": "hr",
                "number": "H.R.2452",
                "bill_uri": "https://api.propublica.org/congress/v1/111/bills/hr2452.json",
                "title": "To amend the Internal Revenue Code of 1986 to allow a 5-year carryback of operating losses, and for other purposes.",
                "short_title": "Net Operating Loss (NOL) Carryback Act",
                "sponsor_title": "Rep.",
                "sponsor_id": "N000015",
                "sponsor_name": "Richard E. Neal",
                "sponsor_state": "MA",
                "sponsor_party": "D",
                "sponsor_uri": "https://api.propublica.org/congress/v1/members/N000015.json",
                "gpo_pdf_uri": null,
                "congressdotgov_url": "https://www.congress.gov/bill/111th-congress/house-bill/2452",
                "govtrack_url": "https://www.govtrack.us/congress/bills/111/hr2452",
                "introduced_date": "2009-05-15",
                "active": null,
                "last_vote": null,
                "house_passage": null,
                "senate_passage": null,
                "enacted": null,
                "vetoed": null,
                "cosponsors": 197,
                "cosponsors_by_party": {"R":89,"D":108},
                "committees": "House Ways and Means",
                "primary_subject": "Taxation",
                "summary": "Net Operating Loss (NOL) Carryback Act - Amends the Internal Revenue Code to allow a five-year carryback of net operating losses, including the operating losses of life insurance companies, incurred in 2008 and 2009. Denies such extended loss carryover period to: (1) taxpayers in whom the federal government acquires an equity interest under the Emergency Economic Stabilization Act of 2008; (2) the Federal National Mortgage Association (Fannie Mae) and the Federal Home Loan Mortgage Corporation (Freddie Mac); and (3) members of certain affiliated groups.",
                "summary_short": "Net Operating Loss (NOL) Carryback Act - Amends the Internal Revenue Code to allow a five-year carryback of net operating losses, including the operating losses of life insurance companies, incurred in 2008 and 2009. Denies such extended loss carryover period to: (1) taxpayers in whom the federal government acquires an equity interest under the Emergency Economic Stabilization Act of 2008; (2) the Federal National Mortgage Association (Fannie Mae) and the Federal Home Loan Mortgage Corporatio...",
                "latest_major_action_date": "2009-05-15",
                "latest_major_action": "Referred to the House Committee on Ways and Means."
              },
                           {
                "congress": "111",
                "bill_id": "hr2584-111",
                "bill_type": "hr",
                "number": "H.R.2584",
                "bill_uri": "https://api.propublica.org/congress/v1/111/bills/hr2584.json",
                "title": "To amend title 35, United States Code, to limit the patentability of tax planning methods.",
                "short_title": null,
                "sponsor_title": "Rep.",
                "sponsor_id": "B000657",
                "sponsor_name": "Rick Boucher",
                "sponsor_state": "VA",
                "sponsor_party": "D",
                "sponsor_uri": "https://api.propublica.org/congress/v1/members/B000657.json",
                "gpo_pdf_uri": null,
                "congressdotgov_url": "https://www.congress.gov/bill/111th-congress/house-bill/2584",
                "govtrack_url": "https://www.govtrack.us/congress/bills/111/hr2584",
                "introduced_date": "2009-05-21",
                "active": null,
                "last_vote": null,
                "house_passage": null,
                "senate_passage": null,
                "enacted": null,
                "vetoed": null,
                "cosponsors": 45,
                "cosponsors_by_party": {"R":24,"D":21},
                "committees": "House Judiciary",
                "primary_subject": "Commerce",
                "summary": "Amends federal patent law to deny a patent for a tax planning method. Defines \"tax planning method\" as any method for reducing, minimizing, or deferring tax liability (not including tax preparation software).",
                "summary_short": "Amends federal patent law to deny a patent for a tax planning method. Defines &quot;tax planning method&quot; as any method for reducing, minimizing, or deferring tax liability (not including tax preparation software).",
                "latest_major_action_date": "2009-05-21",
                "latest_major_action": "Referred to the House Committee on the Judiciary."
              },
                           {
                "congress": "111",
                "bill_id": "hres692-111",
                "bill_type": "hres",
                "number": "H.RES.692",
                "bill_uri": "https://api.propublica.org/congress/v1/111/bills/hres692.json",
                "title": "Supporting the goals and ideals of Tay-Sachs Awareness Month.",
                "short_title": null,
                "sponsor_title": "Rep.",
                "sponsor_id": "A000363",
                "sponsor_name": "Michael Arcuri",
                "sponsor_state": "NY",
                "sponsor_party": "D",
                "sponsor_uri": "https://api.propublica.org/congress/v1/members/A000363.json",
                "gpo_pdf_uri": null,
                "congressdotgov_url": "https://www.congress.gov/bill/111th-congress/house-resolution/692",
                "govtrack_url": "https://www.govtrack.us/congress/bills/111/hres692",
                "introduced_date": "2009-07-29",
                "active": null,
                "last_vote": "2009-10-01",
                "house_passage": null,
                "senate_passage": null,
                "enacted": null,
                "vetoed": null,
                "cosponsors": 103,
                "cosponsors_by_party": {"D":99,"R":5},
                "committees": "House Energy and Commerce",
                "primary_subject": "Health",
                "summary": "Expresses support for: (1) the goals and ideals of Tay-Sachs Awareness Month; and (2) a public-private partnership for education and research efforts with respect to Tay-Sachs disease.",
                "summary_short": "Expresses support for: (1) the goals and ideals of Tay-Sachs Awareness Month; and (2) a public-private partnership for education and research efforts with respect to Tay-Sachs disease.",
                "latest_major_action_date": "2009-10-01",
                "latest_major_action": "Motion to reconsider laid on the table Agreed to without objection."
              },
                           {
                "congress": "111",
                "bill_id": "hr3549-111",
                "bill_type": "hr",
                "number": "H.R.3549",
                "bill_uri": "https://api.propublica.org/congress/v1/111/bills/hr3549.json",
                "title": "To require the Secretary of the Treasury to mint coins in commemoration of the 10th anniversary of the September 11, 2001, terrorist attacks on the United States and the establishment of the National September 11 Memorial & Museum at the World Trade Center.",
                "short_title": "National September 11 Memorial & Museum Commemorative Coin Act of 2009",
                "sponsor_title": "Rep.",
                "sponsor_id": "N000002",
                "sponsor_name": "Jerrold Nadler",
                "sponsor_state": "NY",
                "sponsor_party": "D",
                "sponsor_uri": "https://api.propublica.org/congress/v1/members/N000002.json",
                "gpo_pdf_uri": null,
                "congressdotgov_url": "https://www.congress.gov/bill/111th-congress/house-bill/3549",
                "govtrack_url": "https://www.govtrack.us/congress/bills/111/hr3549",
                "introduced_date": "2009-09-10",
                "active": null,
                "last_vote": null,
                "house_passage": null,
                "senate_passage": null,
                "enacted": null,
                "vetoed": null,
                "cosponsors": 58,
                "cosponsors_by_party": {"D":48,"R":10},
                "committees": "House Financial Services",
                "primary_subject": "Emergency management",
                "summary": "National September 11 Memorial &amp; Museum Commemorative Coin Act of 2009 - Directs the Secretary of the Treasury, in commemoration of the 10th anniversary of the September 11, 2001, terrorist attacks on the United States and the establishment of the National September 11 Memorial &amp; Museum at the World Trade Center, to mint and issue up to two million $1 coins emblematic of the courage, sacrifice, and strength of those who perished and who risked their lives to save others during such attacks. Requires: (1) all coin sales to include a surcharge of $10 per coin; and (2) all surcharges received from the sale of coins to be paid to support the operations and maintenance of the National September 11 Memorial &amp; Museum at the World Trade Center.",
                "summary_short": "National September 11 Memorial &amp;amp; Museum Commemorative Coin Act of 2009 - Directs the Secretary of the Treasury, in commemoration of the 10th anniversary of the September 11, 2001, terrorist attacks on the United States and the establishment of the National September 11 Memorial &amp;amp; Museum at the World Trade Center, to mint and issue up to two million $1 coins emblematic of the courage, sacrifice, and strength of those who perished and who risked their lives to save others during such at...",
                "latest_major_action_date": "2009-09-10",
                "latest_major_action": "Referred to the House Committee on Financial Services."
              },
                           {
                "congress": "111",
                "bill_id": "hr571-111",
                "bill_type": "hr",
                "number": "H.R.571",
                "bill_uri": "https://api.propublica.org/congress/v1/111/bills/hr571.json",
                "title": "To amend the Internal Revenue Code of 1986 to promote charitable donations of qualified vehicles.",
                "short_title": null,
                "sponsor_title": "Rep.",
                "sponsor_id": "D000210",
                "sponsor_name": "Bill Delahunt",
                "sponsor_state": "MA",
                "sponsor_party": "D",
                "sponsor_uri": "https://api.propublica.org/congress/v1/members/D000210.json",
                "gpo_pdf_uri": null,
                "congressdotgov_url": "https://www.congress.gov/bill/111th-congress/house-bill/571",
                "govtrack_url": "https://www.govtrack.us/congress/bills/111/hr571",
                "introduced_date": "2009-01-15",
                "active": null,
                "last_vote": null,
                "house_passage": null,
                "senate_passage": null,
                "enacted": null,
                "vetoed": null,
                "cosponsors": 211,
                "cosponsors_by_party": {"D":145,"R":66},
                "committees": "House Ways and Means",
                "primary_subject": "Taxation",
                "summary": "Amends the Internal Revenue Code with respect to the charitable tax deduction for contributions of qualified vehicles (i.e., highway motor vehicles, boats, or airplanes) to: (1) set forth revised acknowledgment requirements for vehicles valued at $2,500 or less and vehicles valued at more than $2,500; and (2) revise the penalty for submitting a fraudulent acknowledgment.",
                "summary_short": "Amends the Internal Revenue Code with respect to the charitable tax deduction for contributions of qualified vehicles (i.e., highway motor vehicles, boats, or airplanes) to: (1) set forth revised acknowledgment requirements for vehicles valued at $2,500 or less and vehicles valued at more than $2,500; and (2) revise the penalty for submitting a fraudulent acknowledgment.",
                "latest_major_action_date": "2009-01-15",
                "latest_major_action": "Referred to the House Committee on Ways and Means."
              },
                           {
                "congress": "111",
                "bill_id": "hr1326-111",
                "bill_type": "hr",
                "number": "H.R.1326",
                "bill_uri": "https://api.propublica.org/congress/v1/111/bills/hr1326.json",
                "title": "To prohibit the conducting of invasive research on great apes, and for other purposes.",
                "short_title": "Great Ape Protection Act of 2009",
                "sponsor_title": "Rep.",
                "sponsor_id": "T000326",
                "sponsor_name": "Edolphus Towns",
                "sponsor_state": "NY",
                "sponsor_party": "D",
                "sponsor_uri": "https://api.propublica.org/congress/v1/members/T000326.json",
                "gpo_pdf_uri": null,
                "congressdotgov_url": "https://www.congress.gov/bill/111th-congress/house-bill/1326",
                "govtrack_url": "https://www.govtrack.us/congress/bills/111/hr1326",
                "introduced_date": "2009-03-05",
                "active": null,
                "last_vote": null,
                "house_passage": null,
                "senate_passage": null,
                "enacted": null,
                "vetoed": null,
                "cosponsors": 160,
                "cosponsors_by_party": {"R":18,"D":142},
                "committees": "House Energy and Commerce",
                "primary_subject": "Animals",
                "summary": "Great Ape Protection Act of 2009 - Prohibits: (1) conducting invasive research on great apes; (2) knowingly breeding, possessing, renting, loaning, donating, purchasing, selling, housing, maintaining, leasing, borrowing, transporting, moving, delivering, or receiving a great ape for the purpose of conducting such research; or (3) using federal funds to conduct such research. Defines \"invasive research\" as research that may cause death, bodily injury, pain, distress, fear, injury, or trauma to great apes, including drug testing or exposure to a substance that may be detrimental to the ape's health or psychological well-being. Requires the Secretary of Health and Human Services (HHS) and other appropriate federal authorities to provide for the permanent retirement of all great apes that are owned or under the control of the federal government and that are being maintained in any facility for the purpose of breeding for, holding for, or conducting invasive research. Sets forth civil penalties for violations of this Act.",
                "summary_short": "Great Ape Protection Act of 2009 - Prohibits: (1) conducting invasive research on great apes; (2) knowingly breeding, possessing, renting, loaning, donating, purchasing, selling, housing, maintaining, leasing, borrowing, transporting, moving, delivering, or receiving a great ape for the purpose of conducting such research; or (3) using federal funds to conduct such research. Defines &quot;invasive research&quot; as research that may cause death, bodily injury, pain, distress, fear, injury, or trauma to...",
                "latest_major_action_date": "2009-03-06",
                "latest_major_action": "Referred to the Subcommittee on Health."
              },
                           {
                "congress": "111",
                "bill_id": "hr3567-111",
                "bill_type": "hr",
                "number": "H.R.3567",
                "bill_uri": "https://api.propublica.org/congress/v1/111/bills/hr3567.json",
                "title": "To repeal the Defense of Marriage Act and ensure respect for State regulation of marriage.",
                "short_title": "Respect for Marriage Act of 2009",
                "sponsor_title": "Rep.",
                "sponsor_id": "N000002",
                "sponsor_name": "Jerrold Nadler",
                "sponsor_state": "NY",
                "sponsor_party": "D",
                "sponsor_uri": "https://api.propublica.org/congress/v1/members/N000002.json",
                "gpo_pdf_uri": null,
                "congressdotgov_url": "https://www.congress.gov/bill/111th-congress/house-bill/3567",
                "govtrack_url": "https://www.govtrack.us/congress/bills/111/hr3567",
                "introduced_date": "2009-09-15",
                "active": null,
                "last_vote": null,
                "house_passage": null,
                "senate_passage": null,
                "enacted": null,
                "vetoed": null,
                "cosponsors": 120,
                "cosponsors_by_party": {"D":120},
                "committees": "House Judiciary",
                "primary_subject": "Law",
                "summary": "Respect for Marriage Act of 2009 - Amends the Defense of Marriage Act to repeal provisions allowing states, territories, possessions of the United States, or Indian tribes to give no effect to a public act, record, or judicial proceeding of any other such entity respecting a relationship between persons of the same sex that is treated as a marriage under that entity's laws or a right or claim arising from such relationship. Amends the federal rules of construction added by such Act concerning the definitions of \"marriage\" and \"spouse\" to provide that, for purposes of any federal law in which marital status is a factor, an individual shall be considered married if that individual's marriage is valid in the state where the marriage was entered into or, in the case of a marriage entered into outside any state, if the marriage is valid in the place where entered into and the marriage could have been entered into in a state.",
                "summary_short": "Respect for Marriage Act of 2009 - Amends the Defense of Marriage Act to repeal provisions allowing states, territories, possessions of the United States, or Indian tribes to give no effect to a public act, record, or judicial proceeding of any other such entity respecting a relationship between persons of the same sex that is treated as a marriage under that entity&#39;s laws or a right or claim arising from such relationship. Amends the federal rules of construction added by such Act concerning...",
                "latest_major_action_date": "2009-10-19",
                "latest_major_action": "Referred to the Subcommittee on the Constitution, Civil Rights, and Civil Liberties."
              },
                           {
                "congress": "111",
                "bill_id": "hr1327-111",
                "bill_type": "hr",
                "number": "H.R.1327",
                "bill_uri": "https://api.propublica.org/congress/v1/111/bills/hr1327.json",
                "title": "To authorize State and local governments to direct divestiture from, and prevent investment in, companies with investments of $20,000,000 or more in Iran's energy sector, and for other purposes.",
                "short_title": "Iran Sanctions Enabling Act of 2009",
                "sponsor_title": "Rep.",
                "sponsor_id": "F000339",
                "sponsor_name": "Barney Frank",
                "sponsor_state": "MA",
                "sponsor_party": "D",
                "sponsor_uri": "https://api.propublica.org/congress/v1/members/F000339.json",
                "gpo_pdf_uri": null,
                "congressdotgov_url": "https://www.congress.gov/bill/111th-congress/house-bill/1327",
                "govtrack_url": "https://www.govtrack.us/congress/bills/111/hr1327",
                "introduced_date": "2009-03-05",
                "active": null,
                "last_vote": "2009-10-14",
                "house_passage": "2009-10-14",
                "senate_passage": null,
                "enacted": null,
                "vetoed": null,
                "cosponsors": 257,
                "cosponsors_by_party": {"D":138,"R":119},
                "committees": "House Financial Services; Senate Banking, Housing, and Urban Affairs",
                "primary_subject": "Finance and financial sector",
                "summary": "Iran Sanctions Enabling Act of 2009 - (Sec. 3) States that it is the policy of the United States to support the decision of state and local governments and educational institutions to divest from, and to prohibit the investment of assets they control in, persons that the have investments of more than $20 million in Iran's energy sector. Authorizes a state or local government to adopt and enforce measures to divest its assets from, or prohibit their investment in, any person that the state or local government determines, using credible information available to the public, engages in certain investment activities in Iran. Specifies such activities as: (1) the investment of $20 million or more in Iran's energy sector; or (2) provision of oil or liquefied natural gas tankers, or products used to construct or maintain pipelines used to transport oil or liquefied natural gas, for that energy sector. Authorizes divestment, as well, from any financial institution which extend $20 million or more in credit to another person, for 45 days or more, if that person will use the credit to invest in Iran's energy sector. Expresses the sense of Congress that a state or local government should not adopt such measures against such a person unless it has made every effort to avoid erroneously targeting the person and has verified that such person engages in such investment activities. Declares that any measure of a state or local government authorized under this Act is not preempted by any federal law or regulation. (Sec. 4) Amends the Investment Company Act of 1940 to shield any registered investment company from civil, criminal, or administrative action based upon its divesting from, or avoiding investing in, securities issued by persons that have invested in Sudan or in Iran. (Sec. 5) Amends the Employee Retirement Income Security Act of 1974 (ERISA) to shield from treatment as breaching a fiduciary duty any person divesting employee benefit plan assets from, or avoiding investing plan assets in, persons that have engaged in such investment activities in Iran. (Sec. 7) Terminates this Act 30 days after the President certifies to Congress that the government of Iran has ceased: (1) providing support for acts of international terrorism and no longer satisfies the requirements for designation as a state-sponsor of terrorism; or (2) the pursuit, acquisition, and development of nuclear, biological, and chemical weapons and ballistic missiles and ballistic missile launch technology.",
                "summary_short": "Iran Sanctions Enabling Act of 2009 - (Sec. 3) States that it is the policy of the United States to support the decision of state and local governments and educational institutions to divest from, and to prohibit the investment of assets they control in, persons that the have investments of more than $20 million in Iran&#39;s energy sector. Authorizes a state or local government to adopt and enforce measures to divest its assets from, or prohibit their investment in, any person that the state or ...",
                "latest_major_action_date": "2009-10-15",
                "latest_major_action": "Received in the Senate and Read twice and referred to the Committee on Banking, Housing, and Urban Affairs."
              },
                           {
                "congress": "111",
                "bill_id": "hr2194-111",
                "bill_type": "hr",
                "number": "H.R.2194",
                "bill_uri": "https://api.propublica.org/congress/v1/111/bills/hr2194.json",
                "title": "To amend the Iran Sanctions Act of 1996 to enhance United States diplomatic efforts with respect to Iran by expanding economic sanctions against Iran.",
                "short_title": "Comprehensive Iran Sanctions, Accountability, and Divestment Act of 2010",
                "sponsor_title": "Rep.",
                "sponsor_id": "B000410",
                "sponsor_name": "Howard L. Berman",
                "sponsor_state": "CA",
                "sponsor_party": "D",
                "sponsor_uri": "https://api.propublica.org/congress/v1/members/B000410.json",
                "gpo_pdf_uri": null,
                "congressdotgov_url": "https://www.congress.gov/bill/111th-congress/house-bill/2194",
                "govtrack_url": "https://www.govtrack.us/congress/bills/111/hr2194",
                "introduced_date": "2009-04-30",
                "active": null,
                "last_vote": "2010-06-24",
                "house_passage": "2009-12-15",
                "senate_passage": null,
                "enacted": null,
                "vetoed": null,
                "cosponsors": 343,
                "cosponsors_by_party": {"R":164,"D":180},
                "committees": "House Foreign Affairs; House Financial Services; House Oversight and Government Reform; House Ways and Means; Senate Banking, Housing, and Urban Affairs",
                "primary_subject": "International affairs",
                "summary": "Comprehensive Iran Sanctions, Accountability, and Divestment Act of 2010 - (Sec. 3) Expresses the sense of Congress that: (1) international diplomatic efforts to address Iran's illicit nuclear efforts and support for international terrorism are more likely to be effective if strong additional sanctions are imposed on the government of Iran; (2) U.S. concerns regarding Iran are strictly the result of that governments actions; (3) the September 2009 revelation that Iran is developing a secret uranium enrichment site near Qom highlights the urgency that Iran disclose the full nature of its nuclear program and provide the International Atomic Energy Agency (IAEA) unfettered access to its facilities; (4) because of the Iranian Revolutionary Guard Corps' (IRGC) involvement in Iran's nuclear program, international terrorism, and domestic human rights abuses the President should impose the full range of sanctions on individuals or entities with IRGC ties; (5) the United States should adopt additional measures to prevent the diversion of sensitive dual-use technologies to Iran; (6) the President should take measures to respond to violations of human rights and religious freedom in Iran; (7) it is in the U.S. national interest to allow responsible U.S.-based nongovernmental organizations to establish and carry out operations in Iran to promote civil society and foster goodwill among the people of Iran; (8) the United States should not issue a license for the export of nuclear materials, services, or technology to a country that is providing similar materials, services, or technology to another country that is not in full compliance with its obligations under the Nuclear Non-Proliferation Treaty (NPT) unless their provision does not undermine U.S. nonproliferation policies; and (9) the people of the United States have feelings of friendship for the people of Iran and regret that developments in recent decades have created impediments to that friendship. Title I: Sanctions - (Sec. 102) Amends the Iran Sanctions Act of 1996 (ISA) to direct the President to impose three or more specified ISA sanctions if a person (defined by such Act to include a natural person, business enterprise, or government entity operating as a business enterprise) has knowingly made an investment of $20 million or more, or any combination of investments of at least $5 million which in the aggregate equals or exceeds $20 million in any 12-month period, that directly and significantly contributed to Iran's ability to develop petroleum resources. (Under current law the sanction thresholds are $40 million, $10 million, and $40 million, respectively.) Directs the President to impose three or more specified ISA sanctions on a person that knowingly sells, leases, or provides goods, services, technology, information, or provides support related to the production of refined petroleum products in Iran: (1) any of which has a fair market value of $1 million or more; or (2) that during a 12-month period have an aggregate fair market value of $5 million or more. Directs the President to impose three or more specified ISA sanctions on a person that knowingly: (1) provides Iran with refined petroleum products that have a fair market value of $1 million or more, or that, during a 12-month period, have an aggregate fair market value of $5 million or more; or (2) sells, leases, or provides to Iran certain goods, services, technology, information, or support any of which has a fair market value of $1 million or more, or that during a 12-month period have an aggregate fair market value of $5 million or more. Exempts from such sanctions underwriters and insurance providers exercising due diligence. Directs the President to impose three or more specified ISA sanctions for violation of provisions regarding nuclear, chemical, or biological weapons of mass destruction or advanced conventional weapons. Prohibits issuance of export licenses or approval of transfers pursuant to a civil nuclear cooperation agreement with the United States for any country whose nationals have engaged in activities with Iran relating to the acquisition or development of nuclear weapons or related technology or missiles or other advanced conventional weapons capable of delivering a nuclear weapon. Authorizes waiver of such prohibition: (1) upon presidential determination and congressional notification that a government does not know or have reason to know about such activity, or is taking steps to prevent its recurrence and to penalize the person involved; or (2) for national security reasons on a case-by-case basis with congressional notification. Revises parent entity and affiliate/subsidiary provisions to impose sanctions upon: (1) a parent entity that had actual knowledge or should have known that an affiliate or subsidiary engaged in sanctionable activities; or (2) an affiliate or subsidiary that knowingly engaged in sanctionable activities. Establishes additional mandatory foreign exchange, banking, and property sanctions for violations of petroleum product and weapons of mass destruction prohibitions. Requires: (1) each prospective contractor submitting a federal government bid to certify that the contractor or a person owned or controlled by the contractor does not conduct any sanctionable activity; and (2) contract termination or a three-year maximum suspension for federal contract eligibility for submission of a false certification. Authorizes the President to waive such certification on a case-by-case basis for reasons of U.S. national interest. Amends presidential waiver of sanctions provisions to: (1) revise the standard from \"important\" to U.S. national interest to \"necessary\" to U.S. national interest; and (2) require in a waiver request information regarding an activity's effect on petroleum resource development or nuclear, chemical, or biological weapons development. Requires the President to report to Congress annually regarding the dollar value amount of trade, including in the energy sector, between Iran and each country maintaining membership in the Group of Twenty (G-20) Finance Ministers and Central Bank Governors. Expands the definition of \"person\" to include a financial institution, insurer, underwriter, guarantor, and any other business organization. (Excludes from such definition a government or government entity that is not operating as a business enterprise.) Redefines \"petroleum resources\" to include petroleum, refined petroleum products, oil or liquefied natural gas, natural gas resources, oil or liquefied natural gas tankers, and products used to construct or maintain pipelines used to transport oil or liquefied natural gas. Defines \"refined petroleum products\" to mean diesel, gasoline, jet fuel (including naphtha-type and kerosene-type jet fuel), and aviation gasoline. Authorizes the President to waive sanctions for up to 12 months (with additional 12-month renewals) on a case-by-case basis for a person if: (1) such person is under the jurisdiction of a government that is cooperating with the United States in multilateral efforts to prevent Iran from acquiring or developing chemical, biological, or nuclear weapons or related technologies, including ballistic delivery systems, or acquiring or developing destabilizing numbers and types of conventional weapons; and (2) such waiver is vital to U.S. security interests. Requires a report to Congress identifying any such person. Eliminates the enhanced sanction provision. Requires the President to immediately investigate a person upon receipt of credible information that such person is engaged in sanctionable activity. (Current law provides that the President should initiate such investigation.) States that the President need not initiate, and may terminate, an investigation if the person has ended such activities. States that the provisions of this section shall take effect on the date of enactment of this Act, and, with specified exceptions, apply to investments and activities begun on or after such date. Sets forth applicability provisions regarding specified sanctionable activities. Directs the President to report to Congress describing efforts to dissuade foreign persons from engaging in activities to enhance Iran's production and import of refined petroleum. Provides that: (1) the investigation requirement shall be delayed for 180 days if the President certifies that there was a substantial reduction in such activities; and (2) if the President fails to make such certification the investigation shall begin on the date the certification was due. Extends ISA to December 31, 2016. (Sec. 103) Applies the following additional economic sanctions to Iran: (1) prohibition of any imports into the United States (permits existing exceptions under the the International Emergency Economic Powers Act, including the exception for information and informational materials); (2) prohibition of any exports to Iran (permits existing exceptions under the the International Emergency Economic Powers Act, and adds additional exemptions for humanitarian assistance, personal communications and personal Internet communications, agricultural commodities, food, medicine, and goods or services for commercial aircraft, IAEA, and for democracy promotion, and exports in the U.S. national interests); and (3) freezing of assets of certain individuals and officials, including the freezing of such assets when transferred to family members or associates. Applies specified penalties under the International Emergency Economic Powers Act to persons that violate or attempt to violate this section. (Sec. 104) Acknowledges U.N. Security Council efforts to impose limitations on transactions involving Iranian financial institutions, including the Central Bank of Iran. Urges the President to consider immediately imposing sanctions on the Central Bank of Iran and any other Iranian financial institution engaged in proliferation activities or support of terrorist groups. Requires the Secretary of the Treasury to prohibit or restrict the opening or maintaining in the United States of a correspondent or payable-through account by a foreign financial institution if that institution knowingly: (1) facilitates Iranian government, including the IRGC, efforts to acquire weapons of mass destruction (WMD) or to support international terrorism; (2) engages in dealings with Iranian persons sanctioned by the Security Council; (3) engages in money laundering or facilitates Central Bank of Iran efforts to aid Iran's WMD programs, to support Iran's sponsorship of terrorism, or to support persons under Security Council sanction; or (4) conducts significant business with the IRGC, its affiliates, or financial institutions whose property or interests are blocked pursuant to the International Emergency Economic Powers Act. Applies specified penalties under the International Emergency Economic Powers Act to persons that violate or attempt to violate such provisions. Directs the Secretary of the Treasury to prohibit any person owned or controlled by a domestic financial institution from knowingly engaging in a transaction with or benefiting the IRGC or its affiliates whose property or interests are blocked pursuant to the International Emergency Economic Powers Act. Applies specified penalties under the International Emergency Economic Powers Act to a domestic financial institution if: (1) a person owned or controlled by the institution violates or attempts to violate such provisions; and (2) the institution knew or should have known of such activity. Directs the Secretary of the Treasury to require a domestic financial institution maintaining a correspondent account or payable-through account in the United States for a foreign financial institution to do one or more of the following: (1) perform an audit of activities that may be carried out by the foreign financial institution; (2) report to the Department of the Treasury regarding transactions provided with any sanctioned activity; (3) certify that the foreign financial institution is not knowingly engaging in any such sanctioned activity; and (4) establish due diligence policies designed to detect whether the foreign financial institution has engaged in sanctioned activity. Applies specified penalties to persons that violate such provisions. Authorizes the Secretary of the Treasury to waive such prohibitions for purposes of U.S. national interest. Sets forth procedures for judicial review of classified information. (Sec. 105) Directs the President to: (1) submit (with updates) to Congress a list of persons who are officials of the government of Iran or persons acting on behalf of that government that are responsible for or complicit in the commission of serious human rights abuses against citizens of Iran or their family members on or after June 12, 2009, regardless of whether such abuses occurred in Iran; and (2) impose visa entry, property, and financial sanctions on such persons. Requires that: (1) the list of such persons required by this Act be made available to the public and posted on the Department of the Treasury and the Department of State websites; and (2) the President consider data obtained by other countries and nongovernmental organizations that monitor Iran's human rights abuses in preparing such list. Terminates sanctions upon the President's certification to Congress that the government of Iran has: (1) released all political prisoners and detainees; (2) ceased its practices of violence and abuse of Iranian citizens engaging in peaceful political activity; (3) conducted a transparent investigation into the killings and abuse of peaceful political activists in Iran and prosecuted those responsible; and (4) made progress toward establishing an independent judiciary. (Sec. 106) Prohibits the head of any U.S. executive agency from entering into procurement contracts with an entity that has exported to Iran sensitive communications technology intended to be used to monitor or disrupt the free flow of communications to, or restrict the speech of, the people of Iran. Requires the Comptroller General to report to Congress assessing the impact of sanctions on executive agencies' procurement of goods of services with persons that export sensitive technology to Iran. (Sec. 107) Amends the United Nations Participation Act of 1945 to increase criminal penalties to up to $1 million and 20 years in prison for violations of Security Council resolutions imposing sanctions. Amends the Arms Export Control Act to increase criminal penalties to up to 20 years in prison for violations of provisions regarding: (1) import/export controls of defense articles and services; and (2) transactions with countries that support acts of international terrorism. Increases criminal penalties to up to 20 years in prison for violations of the Trading with the Enemy Act. Directs the United States Sentencing Commission to report to Congress regarding the impact of imposing a mandatory minimum sentence for specified violations of the United Nations Participation Act of 1945, the Arms Export Control Act, and the Trading with the Enemy Act. (Sec. 108) Authorizes the President to prescribe regulations to implement a Security Council resolution that imposes sanctions on Iran. (Sec. 109) Authorizes FY2011-FY2013 appropriations for the Department of the Treasury's: (1) Office of Terrorism and Financial Intelligence; and (2) Financial Crimes Enforcement Network. Authorizes FY2011-FY2013 appropriations for the Department of Commerce's Bureau of Industry and Security. (Sec. 110) Directs the President, within 90 days of enactment of this Act and every 180 days thereafter, to report to Congress regarding the volume of energy-related resources (other than refined petroleum) including ethanol, that Iran imported since January 1, 2006, along with a list of all known energy-related joint ventures, investments, and partnerships (and their value) located outside Iran that involve Iranian entities in partnership with entities from other countries. (Sec. 111) Directs the President to report to Congress on: (1) any activity of a foreign export credit agency that would be engaged in activities comparable to those which would be sanctionable under ISA; and (2) prior to the Export-Import Bank of the United States approving co-financing with such an agency, the identity of the foreign agency and beneficiaries of the financing. (Sec. 112) Expresses the sense of Congress that the United States should: (1) target the IRGC and its supporters and affiliates with economic sanctions; and (2) identify and impose sanctions on foreign individuals, entities, and governments that provide material support for the IRGC. (Sec. 113) Expresses the sense of Congress that the United States should continue to: (1) counter support for Hezbollah from Iran and other foreign governments; (2) target with sanctions Hezbollah, its affiliates and supporters; (3) urge the European Union (EU) and other countries to classify Hezbollah as a terrorist organization; and (4) renew international efforts to disarm Hezbollah. (Sec. 114) Expresses the sense of Congress that: (1) effective multilateral sanctions are preferable to unilateral sanctions against countries like Iran; and (2) the President should work with our allies to impose multilateral sanctions to prevent Iran from acquiring a nuclear weapons capability. (Sec. 115) Directs the President to report to Congress regarding the comprehensive provision of compensation to U.S. citizens, residents, or nationals who are victims of acts of international terrorism. Title II: Divestment from Certain Companies that Invest in Iran - (Sec. 201) Defines (for purposes of this title) \"energy sector of Iran \" as activities to develop petroleum or natural gas resources or nuclear power. Defines (for purposes of this title) \"person\" as: (1) a natural person, corporation, company, business association, partnership, society, trust, or any other nongovernmental entity, organization, or group; (2) any governmental entity or instrumentality of a government, including a multilateral development institution; and (3) any successor, sub-unit, parent company, or subsidiary of such an entity. (Sec. 202) Expresses the sense of Congress that the United States should support a state or local government decision to divest from or prohibit the investment of its assets in a person that engages in investment activities in Iran's energy sector as long as Iran is subject to U.S. economic sanctions. Authorizes a state or local government to adopt and enforce measures to divest its assets from or prohibit the investment of assets it controls in any person that: (1) has an investment of $20 million or more in Iran's energy sector, including in a person that provides oil or liquified natural gas tankers, or products used to construct or maintain pipelines used to transport oil or liquefied natural gas, for Iran's energy sector; or (2) is a financial institution that extends $20 million or more in credit to another person for at least 45 days if that person will use the credit for investment in Iran's energy sector. Requires any such action to meet notice, timing, hearing requirements. Defines \"assets\" as public monies including any pension, retirement, annuity, endowment fund, or similar instrument that is controlled by a state or local government. Excludes from such definition employee benefit plans covered by title I of the Employee Retirement Income Security Act of 1974 (ERISA). Applies this section, with specified exceptions, to measures adopted by a state or local government before, on, or after the date of the enactment of this Act. Authorizes a state or local government to enforce a divestment measure without regard to notice, timing, and hearing requirements for up to two years after the date of the enactment of this Act. (Sec. 203) Amends the Investment Company Act of 1940 to shield any registered investment company and its directors, officers, employees, or advisors from civil, criminal, or administrative action based upon its divesting from or avoiding investing in securities issued by persons that the investment company credibly determines: (1) conduct or have direct investments in specified business operations in Sudan; or (2) engage in specified investment activities in Iran. Directs the Securities and Exchange Commission (SEC) to promulgate rules requiring registered investment companies to disclose such divestment decisions in their regular SEC reports. (Sec. 204) Expresses the sense of Congress that a fiduciary of certain employee benefit plans under ERISA may divest plan assets from or avoid investing plan assets in any person who engages in prohibited investment activities in Iran without breaching ERISA responsibilities if the fiduciary: (1) makes such determination using credible, publicly available information; and (2) determines that the action would not provide a lower rate of return than alternate investments with a commensurate degree of risk, or would not provide a higher degree of risk than alternate investments with commensurate rates of return. (Sec. 205) Amends the Sudan Accountability and Divestment Act of 2007 regarding divestment standards. Amends the Investment Company Act of 1940, as amended by section 203 of this Act, to state that nothing in such amendment shall be construed to create or affect any private right of action that exists or does not exist under such Act. Title III: Prevention of Diversion of Certain Goods, Services, and Technologies to Iran - (Sec. 302) Requires the Director of National Intelligence (DNI) to report to the President, Secretaries of Defense, Commerce, State, Treasury, and to Congress identifying countries which allow the diversion through the country of certain goods, services, or technologies to Iranian end-users or Iranian intermediaries. Describes such goods, services, or technologies as those that: (1) originated in the United States and would make a material contribution to Iran's development of nuclear, chemical, biological, ballistic, or advanced conventional weapons, or support for international terrorism, and are on the Commerce Control List or the United States Munitions List; or (2) are prohibited for export to Iran by the Security Council. (Sec. 303) Directs the President to designate a country as a Destination of Possible Diversion Concern if the country's government allows substantial diversion of prohibited goods, services, or technologies through the country to Iranian end-users or Iranian intermediaries. Bases such designation on criteria that include: (1) the volume of goods, services, or technologies that are transported through the country to Iranian end-users or intermediaries; (2) the inadequacy of the country's export controls; and (3) the country's unwillingness or inability to control diversion activities or cooperate with the United States in interdiction efforts. Directs the President, upon such designation, to: (1) report to Congress; and (2) require an export license for the export of U.S. goods, services, or technologies that, if diverted to Iran, would contribute to Iran's weapons programs, defense capabilities, or support of terrorism (with a presumption of denial for all such license applications). Authorizes the President to delay such licensing requirement for 12 months, with additional 12-month delays, if a country is taking specified actions to stop diversions to Iran. Provides that upon a presidential determination that is it appropriate to carry out government-to-government activities to strengthen a country's export control system the United States shall initiate activities to: (1) develop or strengthen the country's export control system; (2) train the appropriate officials; and (3) encourage Proliferation Security Initiative participation. Terminates a country's designation as a Destination of Diversion Concern when the President certifies to Congress that the country has strengthened its export control system to prevent such Iranian diversions. (Sec. 304) Directs the President to report to Congress on whether to extend the measures in this title to countries that allow diversion to countries other than Iran seeking weapons of mass destruction or supporting international terrorism. (Sec. 305) Authorizes the Secretary of Commerce to designate an employee of the Office of Export Enforcement to conduct certain enforcement activities under the Export Administration Act of 1979 pursuant to: (1) such Act or any license, order, or regulation issued under such Act; and (2) this title and any other export control provision under the Secretary's responsibility. Title IV: General Provisions - (Sec. 401) Terminates the provisions of this Act 30 days after the date on which the President certifies to Congress that: (1) the government of Iran has ceased supporting acts of international terrorism and no longer satisfies certain requirements for designation as a state sponsor of terrorism; and (2) Iran has ceased the pursuit, acquisition, and development of nuclear, biological, chemical, and ballistic weapons. Authorizes the President to waive, if in the U.S. national interest: (1) the application of sanctions; (2) sanctions on Iranian officials complicit in human rights abuses; (3) the prohibition on procurement contracts with persons that export sensitive technology to Iran; or (4) the imposition of the licensing requirement for a country designated as a Destination of Diversion Concern. Directs the President to report to Congress regarding any such waiver. Authorizes appropriations to: (1) the Secretary of State and to the Secretary of the Treasury to implement titles I and III; and (2) the Secretary of Commerce to implement title III. (Sec. 402) Sets forth provisions concerning the budgetary effects of this Act for purposes of compliance with the Statutory Pay-As-You-Go-Act of 2010.",
                "summary_short": "Comprehensive Iran Sanctions, Accountability, and Divestment Act of 2010 - (Sec. 3) Expresses the sense of Congress that: (1) international diplomatic efforts to address Iran&#39;s illicit nuclear efforts and support for international terrorism are more likely to be effective if strong additional sanctions are imposed on the government of Iran; (2) U.S. concerns regarding Iran are strictly the result of that governments actions; (3) the September 2009 revelation that Iran is developing a secret ...",
                "latest_major_action_date": "2010-07-01",
                "latest_major_action": "Became Public Law No: 111-195."
              },
                           {
                "congress": "111",
                "bill_id": "hr2519-111",
                "bill_type": "hr",
                "number": "H.R.2519",
                "bill_uri": "https://api.propublica.org/congress/v1/111/bills/hr2519.json",
                "title": "To amend the Internal Revenue Code of 1986 to allow the deduction of attorney-advanced expenses and court costs in contingency fee cases.",
                "short_title": null,
                "sponsor_title": "Rep.",
                "sponsor_id": "D000602",
                "sponsor_name": "Artur Davis",
                "sponsor_state": "AL",
                "sponsor_party": "D",
                "sponsor_uri": "https://api.propublica.org/congress/v1/members/D000602.json",
                "gpo_pdf_uri": null,
                "congressdotgov_url": "https://www.congress.gov/bill/111th-congress/house-bill/2519",
                "govtrack_url": "https://www.govtrack.us/congress/bills/111/hr2519",
                "introduced_date": "2009-05-20",
                "active": null,
                "last_vote": null,
                "house_passage": null,
                "senate_passage": null,
                "enacted": null,
                "vetoed": null,
                "cosponsors": 9,
                "cosponsors_by_party": {"R":1,"D":8},
                "committees": "House Ways and Means",
                "primary_subject": "Taxation",
                "summary": "Amends the Internal Revenue Code to permit a tax deduction for expenses and court costs advanced in a contingency fee case, which shall be determined as if such expense or cost was not subject to repayment.",
                "summary_short": "Amends the Internal Revenue Code to permit a tax deduction for expenses and court costs advanced in a contingency fee case, which shall be determined as if such expense or cost was not subject to repayment.",
                "latest_major_action_date": "2009-05-20",
                "latest_major_action": "Referred to the House Committee on Ways and Means."
              },
                           {
                "congress": "111",
                "bill_id": "hr3455-111",
                "bill_type": "hr",
                "number": "H.R.3455",
                "bill_uri": "https://api.propublica.org/congress/v1/111/bills/hr3455.json",
                "title": "To make available funds from the Emergency Economic Stabilization Act of 2008 for funding a voluntary employees' beneficiary association with respect to former employees of Delphi Corporation.",
                "short_title": null,
                "sponsor_title": "Rep.",
                "sponsor_id": "R000577",
                "sponsor_name": "Tim Ryan",
                "sponsor_state": "OH",
                "sponsor_party": "D",
                "sponsor_uri": "https://api.propublica.org/congress/v1/members/R000577.json",
                "gpo_pdf_uri": null,
                "congressdotgov_url": "https://www.congress.gov/bill/111th-congress/house-bill/3455",
                "govtrack_url": "https://www.govtrack.us/congress/bills/111/hr3455",
                "introduced_date": "2009-07-31",
                "active": null,
                "last_vote": null,
                "house_passage": null,
                "senate_passage": null,
                "enacted": null,
                "vetoed": null,
                "cosponsors": 12,
                "cosponsors_by_party": {"R":4,"D":8},
                "committees": "House Financial Services; House Education and Labor",
                "primary_subject": "Finance and financial sector",
                "summary": "Directs the Secretary of the Treasury to enter into an agreement with a volunteer employees' beneficiary association (VEBA) established after enactment of this Act for the benefit of eligible separated employees of Delphi Corporation (and their dependents) in order to transfer amounts to the VEBA for purposes of establishing, or obtaining coverage under, a health care plan for the benefit of such employees (and dependents). Limits the application of this Act to employees with respect to whom the obligation of Delphi Corporation or General Motors Corporation to provide health care coverage has been discharged in a bankruptcy proceeding. Directs the Secretary to make available up to $3 billion in Troubled Asset Relief Program (TARP) funds, under the Emergency Economic Stabilization Act of 2008 (EESA), to provide health care coverage that is substantially the same as the coverage the obligation for which was so discharged.",
                "summary_short": "Directs the Secretary of the Treasury to enter into an agreement with a volunteer employees&#39; beneficiary association (VEBA) established after enactment of this Act for the benefit of eligible separated employees of Delphi Corporation (and their dependents) in order to transfer amounts to the VEBA for purposes of establishing, or obtaining coverage under, a health care plan for the benefit of such employees (and dependents). Limits the application of this Act to employees with respect to whom ...",
                "latest_major_action_date": "2009-10-22",
                "latest_major_action": "Referred to the Subcommittee on Health, Employment, Labor, and Pensions."
              },
                           {
                "congress": "111",
                "bill_id": "hr3516-111",
                "bill_type": "hr",
                "number": "H.R.3516",
                "bill_uri": "https://api.propublica.org/congress/v1/111/bills/hr3516.json",
                "title": "To amend the Internal Revenue Code of 1986 to provide for rollover of gain from divesting certain qualified securities of business entities engaged in Iran or Sudan discouraged activities.",
                "short_title": "Enable Divestment from Sudan and Iran Act of 2009",
                "sponsor_title": "Rep.",
                "sponsor_id": "S000344",
                "sponsor_name": "Brad Sherman",
                "sponsor_state": "CA",
                "sponsor_party": "D",
                "sponsor_uri": "https://api.propublica.org/congress/v1/members/S000344.json",
                "gpo_pdf_uri": null,
                "congressdotgov_url": "https://www.congress.gov/bill/111th-congress/house-bill/3516",
                "govtrack_url": "https://www.govtrack.us/congress/bills/111/hr3516",
                "introduced_date": "2009-07-31",
                "active": null,
                "last_vote": null,
                "house_passage": null,
                "senate_passage": null,
                "enacted": null,
                "vetoed": null,
                "cosponsors": 20,
                "cosponsors_by_party": {"R":6,"D":14},
                "committees": "House Ways and Means",
                "primary_subject": "Taxation",
                "summary": "Enable Divestment from Sudan and Iran Act of 2009 - Amends the Internal Revenue Code to promote the divestment of investments in Iran or the Sudan by permitting the deferral of tax on gain from the sale of securities in any business that is engaged in certain discouraged activities in Iran or the Sudan if the holder of such securities purchases replacement securities from a business not engaged in such discouraged activities. Includes as discouraged activities in Iran: (1) investment of $20 million or more in the energy sector of Iran (i.e., petroleum, natural gas, or nuclear power) or in a person who provides Iran with oil or liquefied natural gas tankers or pipelines; (2) an extension of credit of $20 million or more to a person who invests in the energy sector of Iran; (3) investment that enhances Iran's ability to develop petroleum resources; (4) the sale of goods, services, technology, information, or support to Iran that allows it to maintain or expand its petroleum industry; or (5) providing Iran with refined petroleum resources. Defines \"Sudan discouraged activity\" as an investment in any business operation described in the Sudan Accountability and Divestment Act of 2007 (e.g., businesses engaged in power production activities, mineral extraction activities, oil-related activities, or the production of military equipment). Includes as an Iran or Sudan discouraged activity business transactions with or charitable donations to any Iranian or Sudanese person designated as a terrorist or to any foreign terrorist organization. Requires the Secretary of the Treasury to publish and update every six months a list of business entities engaging in any Sudan or Iran discouraged activities.",
                "summary_short": "Enable Divestment from Sudan and Iran Act of 2009 - Amends the Internal Revenue Code to promote the divestment of investments in Iran or the Sudan by permitting the deferral of tax on gain from the sale of securities in any business that is engaged in certain discouraged activities in Iran or the Sudan if the holder of such securities purchases replacement securities from a business not engaged in such discouraged activities. Includes as discouraged activities in Iran: (1) investment of $20 m...",
                "latest_major_action_date": "2009-07-31",
                "latest_major_action": "Referred to the House Committee on Ways and Means."
              }
             ]
      }
   ]
}
