{
   "status":"OK",
   "copyright":"Copyright (c) 2020 Pro Publica Inc. All Rights Reserved.",
   "results":[
      {
         "id": "K000372",
         "member_uri": "https://api.propublica.org/congress/v1/members/K000372.json",
         "name": "Mary Jo Kilroy",
         "num_results": 338,
         "offset": 0,
         "bills": [
              {
                "congress": "111",
                "bill_id": "hr6534-111",
                "bill_type": "hr",
                "number": "H.R.6534",
                "bill_uri": "https://api.propublica.org/congress/v1/111/bills/hr6534.json",
                "title": "To require the Secretary of the Treasury to mint coins in recognition and celebration of the National Baseball Hall of Fame.",
                "short_title": "National Baseball Hall of Fame Commemorative Coin Act",
                "sponsor_title": "Rep.",
                "sponsor_id": "D000482",
                "sponsor_name": "Mike Doyle",
                "sponsor_state": "PA",
                "sponsor_party": "D",
                "sponsor_uri": "https://api.propublica.org/congress/v1/members/D000482.json",
                "gpo_pdf_uri": null,
                "congressdotgov_url": "https://www.congress.gov/bill/111th-congress/house-bill/6534",
                "govtrack_url": "https://www.govtrack.us/congress/bills/111/hr6534",
                "introduced_date": "2010-12-16",
                "active": null,
                "last_vote": null,
                "house_passage": null,
                "senate_passage": null,
                "enacted": null,
                "vetoed": null,
                "cosponsors": 191,
                "cosponsors_by_party": {"D":119,"R":72},
                "committees": "House Financial Services; House Budget",
                "primary_subject": "Sports and recreation",
                "summary": "National Baseball Hall of Fame Commemorative Coin Act - Directs the Secretary of the Treasury to mint and issue not more than 50,000 $5 gold coins, 400,000 $1 silver coins, and 750,000 half dollar coins in recognition of the National Baseball Hall of Fame during the one-year period beginning on January 1, 2015. Directs the Secretary to hold a competition to design the obverse of the coins. Requires the design on the reverse side to depict a baseball similar to those used by Major League Baseball. Requires all sales of such coins to include specified surcharges, which shall be paid by the Secretary to the National Baseball Hall of Fame to help finance its operations. Requires the budgetary effects of this Act to be determined by reference to the latest statement titled \"Budgetary Effects of PAYGO Legislation\" for this Act, provided that such statement has been submitted prior to the vote on passage.",
                "summary_short": "National Baseball Hall of Fame Commemorative Coin Act - Directs the Secretary of the Treasury to mint and issue not more than 50,000 $5 gold coins, 400,000 $1 silver coins, and 750,000 half dollar coins in recognition of the National Baseball Hall of Fame during the one-year period beginning on January 1, 2015. Directs the Secretary to hold a competition to design the obverse of the coins. Requires the design on the reverse side to depict a baseball similar to those used by Major League Baseb...",
                "latest_major_action_date": "2010-12-16",
                "latest_major_action": "Referred to House Budget"
              },
                           {
                "congress": "111",
                "bill_id": "hr6520-111",
                "bill_type": "hr",
                "number": "H.R.6520",
                "bill_uri": "https://api.propublica.org/congress/v1/111/bills/hr6520.json",
                "title": "To provide for the repeal of the Department of Defense policy concerning homosexuality in the Armed Forces known as 'Don't Ask, Don't Tell'.",
                "short_title": "Don't Ask, Don't Tell Repeal Act of 2010",
                "sponsor_title": "Rep.",
                "sponsor_id": "M001168",
                "sponsor_name": "Patrick J. Murphy",
                "sponsor_state": "PA",
                "sponsor_party": "D",
                "sponsor_uri": "https://api.propublica.org/congress/v1/members/M001168.json",
                "gpo_pdf_uri": null,
                "congressdotgov_url": "https://www.congress.gov/bill/111th-congress/house-bill/6520",
                "govtrack_url": "https://www.govtrack.us/congress/bills/111/hr6520",
                "introduced_date": "2010-12-14",
                "active": null,
                "last_vote": null,
                "house_passage": null,
                "senate_passage": null,
                "enacted": null,
                "vetoed": null,
                "cosponsors": 78,
                "cosponsors_by_party": {"D":78},
                "committees": "House Armed Services",
                "primary_subject": "Armed forces and national security",
                "summary": "Don't Ask, Don't Tell Repeal Act of 2010 - Provides for repeal of the current Department of Defense (DOD) policy concerning homosexuality in the Armed Forces, to be effective 60 days after the Secretary of Defense has received DOD's comprehensive review on the implementation of such repeal, and the President, Secretary, and Chairman of the Joint Chiefs of Staff (JCS) certify to the congressional defense committees that they have considered the report and proposed plan of action, that DOD has prepared the necessary policies and regulations to exercise the discretion provided by such repeal, and that implementation of such policies and regulations is consistent with the standards of military readiness and effectiveness, unit cohesion, and military recruiting and retention. Provides that, until such time as the above conditions are met, the current policy shall remain in effect.",
                "summary_short": "Don&#39;t Ask, Don&#39;t Tell Repeal Act of 2010 - Provides for repeal of the current Department of Defense (DOD) policy concerning homosexuality in the Armed Forces, to be effective 60 days after the Secretary of Defense has received DOD&#39;s comprehensive review on the implementation of such repeal, and the President, Secretary, and Chairman of the Joint Chiefs of Staff (JCS) certify to the congressional defense committees that they have considered the report and proposed plan of action, that DOD has ...",
                "latest_major_action_date": "2010-12-23",
                "latest_major_action": "Referred to the Subcommittee on Military Personnel."
              },
                           {
                "congress": "111",
                "bill_id": "hres1743-111",
                "bill_type": "hres",
                "number": "H.RES.1743",
                "bill_uri": "https://api.propublica.org/congress/v1/111/bills/hres1743.json",
                "title": "Congratulating Gerda Weissmann Klein on being selected to receive the Presidential Medal of Freedom.",
                "short_title": null,
                "sponsor_title": "Rep.",
                "sponsor_id": "M001167",
                "sponsor_name": "Harry E. Mitchell",
                "sponsor_state": "AZ",
                "sponsor_party": "D",
                "sponsor_uri": "https://api.propublica.org/congress/v1/members/M001167.json",
                "gpo_pdf_uri": null,
                "congressdotgov_url": "https://www.congress.gov/bill/111th-congress/house-resolution/1743",
                "govtrack_url": "https://www.govtrack.us/congress/bills/111/hres1743",
                "introduced_date": "2010-12-01",
                "active": null,
                "last_vote": "2010-12-15",
                "house_passage": null,
                "senate_passage": null,
                "enacted": null,
                "vetoed": null,
                "cosponsors": 98,
                "cosponsors_by_party": {"D":78,"R":20},
                "committees": "House Oversight and Government Reform",
                "primary_subject": "Social welfare",
                "summary": "Congratulates Gerda Weissmann Klein on being selected to receive the Presidential Medal of Freedom.",
                "summary_short": "Congratulates Gerda Weissmann Klein on being selected to receive the Presidential Medal of Freedom.",
                "latest_major_action_date": "2010-12-15",
                "latest_major_action": "Motion to reconsider laid on the table Agreed to without objection."
              },
                           {
                "congress": "111",
                "bill_id": "hr1625-111",
                "bill_type": "hr",
                "number": "H.R.1625",
                "bill_uri": "https://api.propublica.org/congress/v1/111/bills/hr1625.json",
                "title": "To amend title XIX of the Social Security Act to cover physician services delivered by podiatric physicians to ensure access by Medicaid beneficiaries to appropriate quality foot and ankle care.",
                "short_title": "Equity and Access for Podiatric Physicians Under Medicaid Act",
                "sponsor_title": "Rep.",
                "sponsor_id": "D000197",
                "sponsor_name": "Diana DeGette",
                "sponsor_state": "CO",
                "sponsor_party": "D",
                "sponsor_uri": "https://api.propublica.org/congress/v1/members/D000197.json",
                "gpo_pdf_uri": null,
                "congressdotgov_url": "https://www.congress.gov/bill/111th-congress/house-bill/1625",
                "govtrack_url": "https://www.govtrack.us/congress/bills/111/hr1625",
                "introduced_date": "2009-03-19",
                "active": null,
                "last_vote": null,
                "house_passage": null,
                "senate_passage": null,
                "enacted": null,
                "vetoed": null,
                "cosponsors": 172,
                "cosponsors_by_party": {"R":43,"D":129},
                "committees": "House Energy and Commerce",
                "primary_subject": "Health",
                "summary": "Equity and Access for Podiatric Physicians Under Medicaid Act- Amends title XIX (Medicaid) of the Social Security Act to include podiatrists as physicians in order to cover their services under the Medicaid program.",
                "summary_short": "Equity and Access for Podiatric Physicians Under Medicaid Act- Amends title XIX (Medicaid) of the Social Security Act to include podiatrists as physicians in order to cover their services under the Medicaid program.",
                "latest_major_action_date": "2009-03-23",
                "latest_major_action": "Referred to the Subcommittee on Health."
              },
                           {
                "congress": "111",
                "bill_id": "hconres327-111",
                "bill_type": "hconres",
                "number": "H.CON.RES.327",
                "bill_uri": "https://api.propublica.org/congress/v1/111/bills/hconres327.json",
                "title": "Recognizing and supporting the efforts of the USA Bid Committee to bring the 2022 Federation Internationale de Football Association (FIFA) World Cup Competition to the United States.",
                "short_title": null,
                "sponsor_title": "Rep.",
                "sponsor_id": "V000128",
                "sponsor_name": "Chris Van Hollen",
                "sponsor_state": "MD",
                "sponsor_party": "D",
                "sponsor_uri": "https://api.propublica.org/congress/v1/members/V000128.json",
                "gpo_pdf_uri": null,
                "congressdotgov_url": "https://www.congress.gov/bill/111th-congress/house-concurrent-resolution/327",
                "govtrack_url": "https://www.govtrack.us/congress/bills/111/hconres327",
                "introduced_date": "2010-09-29",
                "active": null,
                "last_vote": null,
                "house_passage": "2010-11-17",
                "senate_passage": null,
                "enacted": null,
                "vetoed": null,
                "cosponsors": 44,
                "cosponsors_by_party": {"D":38,"R":6},
                "committees": "House Foreign Affairs",
                "primary_subject": "International affairs",
                "summary": "Recognizes and expresses support for the efforts of the USA Bid Committee to bring the 2022 Federation Internationale de Football Association (FIFA) World Cup competition to the United States. Encourages the President and appropriate federal agencies to support the Committee's efforts. Declares that Congress stands prepared to give full consideration to a request by the President to provide support related to the 2022 competition, if the United States is selected.",
                "summary_short": "Recognizes and expresses support for the efforts of the USA Bid Committee to bring the 2022 Federation Internationale de Football Association (FIFA) World Cup competition to the United States. Encourages the President and appropriate federal agencies to support the Committee&#39;s efforts. Declares that Congress stands prepared to give full consideration to a request by the President to provide support related to the 2022 competition, if the United States is selected.",
                "latest_major_action_date": "2010-11-22",
                "latest_major_action": "Message on Senate action sent to the House."
              },
                           {
                "congress": "111",
                "bill_id": "hr5933-111",
                "bill_type": "hr",
                "number": "H.R.5933",
                "bill_uri": "https://api.propublica.org/congress/v1/111/bills/hr5933.json",
                "title": "To amend title 38, United States Code, to improve educational assistance for veterans who served in the Armed Forces after September 11, 2001, and for other purposes.",
                "short_title": "Post-9/11 Veterans Educational Assistance Improvements Act of 2010",
                "sponsor_title": "Rep.",
                "sponsor_id": "M001175",
                "sponsor_name": "Walt Minnick",
                "sponsor_state": "ID",
                "sponsor_party": "D",
                "sponsor_uri": "https://api.propublica.org/congress/v1/members/M001175.json",
                "gpo_pdf_uri": null,
                "congressdotgov_url": "https://www.congress.gov/bill/111th-congress/house-bill/5933",
                "govtrack_url": "https://www.govtrack.us/congress/bills/111/hr5933",
                "introduced_date": "2010-07-29",
                "active": null,
                "last_vote": null,
                "house_passage": null,
                "senate_passage": null,
                "enacted": null,
                "vetoed": null,
                "cosponsors": 125,
                "cosponsors_by_party": {"D":110,"R":14,"I":1},
                "committees": "House Veterans&#39; Affairs",
                "primary_subject": "Armed forces and national security",
                "summary": "Post-9/11 Veterans Educational Assistance Improvements Act of 2010 - Revises provisions concerning the post-9/11 veterans' educational assistance program to, among other things: (1) revise definitions concerning eligibility, and include certain National Guard service as service qualifying for such assistance; (2) revise assistance amounts (including monthly stipends), and types of approved programs of education; (3) allow the pursuit of educational programs at institutions other than institutions of higher learning, including on-job training and apprenticeships, flight training, and correspondence courses; (4) provide an assistance amount for programs of education pursued while on active duty; (5) repeal the limit on the use of such assistance for the payment of only one licensing or certification test; (6) allow an individual entitled to supplemental educational assistance to transfer such entitlement to the post-9/11 program; (7) bar the duplication of benefits under other educational assistance programs; (8) increase the amount of the reporting fee paid by the Secretary of Veterans Affairs (VA) to an educational institution for providing information concerning an individual's enrollment in a program of education; (9) extend to certain National Guard and reserve personnel members eligibility to receive public-private contributions for additional educational assistance; (10) reauthorize through 2016 the Veterans' Advisory Committee on Education; and (11) revise cost-of-living adjustments under the Montgomery GI Bill educational assistance program. Provides an alternate subsistence allowance amount for veterans entitled to such allowance due to service-connected disabilities.",
                "summary_short": "Post-9/11 Veterans Educational Assistance Improvements Act of 2010 - Revises provisions concerning the post-9/11 veterans&#39; educational assistance program to, among other things: (1) revise definitions concerning eligibility, and include certain National Guard service as service qualifying for such assistance; (2) revise assistance amounts (including monthly stipends), and types of approved programs of education; (3) allow the pursuit of educational programs at institutions other than institut...",
                "latest_major_action_date": "2010-07-30",
                "latest_major_action": "Referred to the Subcommittee on Economic Opportunity."
              },
                           {
                "congress": "111",
                "bill_id": "hr6218-111",
                "bill_type": "hr",
                "number": "H.R.6218",
                "bill_uri": "https://api.propublica.org/congress/v1/111/bills/hr6218.json",
                "title": "To prevent foreclosure of home mortgages and provide for the affordable refinancing of mortgages held by Fannie Mae and Freddie Mac.",
                "short_title": "Housing Opportunity and Mortgage Equity Act of 2010",
                "sponsor_title": "Rep.",
                "sponsor_id": "C001050",
                "sponsor_name": "Dennis Cardoza",
                "sponsor_state": "CA",
                "sponsor_party": "D",
                "sponsor_uri": "https://api.propublica.org/congress/v1/members/C001050.json",
                "gpo_pdf_uri": null,
                "congressdotgov_url": "https://www.congress.gov/bill/111th-congress/house-bill/6218",
                "govtrack_url": "https://www.govtrack.us/congress/bills/111/hr6218",
                "introduced_date": "2010-09-28",
                "active": null,
                "last_vote": null,
                "house_passage": null,
                "senate_passage": null,
                "enacted": null,
                "vetoed": null,
                "cosponsors": 33,
                "cosponsors_by_party": {"D":33},
                "committees": "House Financial Services",
                "primary_subject": "Housing and community development",
                "summary": "Housing Opportunity and Mortgage Equity Act of 2010 - Directs the Federal National Mortgage Association (Fannie Mae) and the Federal Home Loan Mortgage Corporation (Freddie Mac) (government-sponsored enterprises or GSEs) each to carry out a one-year program providing for the refinancing of qualified single-family housing mortgages it owns through a refinancing mortgage (and for the purchase of and securitization of such refinancing mortgages) in accordance with this Act and the policies and procedures of the Federal Housing Finance Agency. Defines a qualified mortgage as one, regardless of whether the mortgagor is current on payments due or in default, that: (1) is an existing first mortgage for purchase of, or refinancing another first mortgage on, a one- to four-family dwelling, including a condominium or a share in a cooperative ownership housing association, that is occupied by the mortgagor as principal residence; (2) is owned or guaranteed by the particular GSE; and (3) was originated on or before enactment of this Act. Specifies the terms and conditions of a refinancing mortgage, including a 40-year term to maturity and a prohibition on borrower fees. Requires waiver or forgiveness of all fees and penalties related to any default or delinquency on the original mortgage. Requires a GSE to pay a fee of up to $1,000 to the servicer of a qualified mortgage refinance. Prohibits any requirement of a property appraisal.",
                "summary_short": "Housing Opportunity and Mortgage Equity Act of 2010 - Directs the Federal National Mortgage Association (Fannie Mae) and the Federal Home Loan Mortgage Corporation (Freddie Mac) (government-sponsored enterprises or GSEs) each to carry out a one-year program providing for the refinancing of qualified single-family housing mortgages it owns through a refinancing mortgage (and for the purchase of and securitization of such refinancing mortgages) in accordance with this Act and the policies and p...",
                "latest_major_action_date": "2010-09-28",
                "latest_major_action": "Referred to the House Committee on Financial Services."
              },
                           {
                "congress": "111",
                "bill_id": "hres1485-111",
                "bill_type": "hres",
                "number": "H.RES.1485",
                "bill_uri": "https://api.propublica.org/congress/v1/111/bills/hres1485.json",
                "title": "Expressing support for designation of September 2010 as 'National Prostate Cancer Awareness Month'.",
                "short_title": null,
                "sponsor_title": "Rep.",
                "sponsor_id": "N000182",
                "sponsor_name": "Randy Neugebauer",
                "sponsor_state": "TX",
                "sponsor_party": "R",
                "sponsor_uri": "https://api.propublica.org/congress/v1/members/N000182.json",
                "gpo_pdf_uri": null,
                "congressdotgov_url": "https://www.congress.gov/bill/111th-congress/house-resolution/1485",
                "govtrack_url": "https://www.govtrack.us/congress/bills/111/hres1485",
                "introduced_date": "2010-06-29",
                "active": null,
                "last_vote": null,
                "house_passage": null,
                "senate_passage": null,
                "enacted": null,
                "vetoed": null,
                "cosponsors": 106,
                "cosponsors_by_party": {"R":67,"D":40},
                "committees": "House Energy and Commerce",
                "primary_subject": "Health",
                "summary": "Expresses support for the designation of National Prostate Cancer Awareness Month. Declares that steps should be taken to: (1) raise awareness about prostate cancer screening and treatment; (2) support research so that the screening and treatment of prostate cancer may be improved and the causes of, and a cure for, prostate cancer may be discovered; and (3) improve access to, and the quality of, health care services for detecting and treating prostate cancer.",
                "summary_short": "Expresses support for the designation of National Prostate Cancer Awareness Month. Declares that steps should be taken to: (1) raise awareness about prostate cancer screening and treatment; (2) support research so that the screening and treatment of prostate cancer may be improved and the causes of, and a cure for, prostate cancer may be discovered; and (3) improve access to, and the quality of, health care services for detecting and treating prostate cancer.",
                "latest_major_action_date": "2010-09-28",
                "latest_major_action": "Motion to reconsider laid on the table Agreed to without objection."
              },
                           {
                "congress": "111",
                "bill_id": "hres1670-111",
                "bill_type": "hres",
                "number": "H.RES.1670",
                "bill_uri": "https://api.propublica.org/congress/v1/111/bills/hres1670.json",
                "title": "Expressing the sense of the House of Representatives with respect to legislation relating to raising the retirement age under title II of the Social Security Act.",
                "short_title": null,
                "sponsor_title": "Rep.",
                "sponsor_id": "G000554",
                "sponsor_name": "Gabrielle Giffords",
                "sponsor_state": "AZ",
                "sponsor_party": "D",
                "sponsor_uri": "https://api.propublica.org/congress/v1/members/G000554.json",
                "gpo_pdf_uri": null,
                "congressdotgov_url": "https://www.congress.gov/bill/111th-congress/house-resolution/1670",
                "govtrack_url": "https://www.govtrack.us/congress/bills/111/hres1670",
                "introduced_date": "2010-09-28",
                "active": null,
                "last_vote": null,
                "house_passage": null,
                "senate_passage": null,
                "enacted": null,
                "vetoed": null,
                "cosponsors": 66,
                "cosponsors_by_party": {"D":66},
                "committees": "House Ways and Means",
                "primary_subject": "Social welfare",
                "summary": "Expresses the sense of the House of Representatives that the retirement age under title II (Old Age, Survivors and Disability Insurance) (OASDI) of the Social Security Act should not be raised.",
                "summary_short": "Expresses the sense of the House of Representatives that the retirement age under title II (Old Age, Survivors and Disability Insurance) (OASDI) of the Social Security Act should not be raised.",
                "latest_major_action_date": "2010-09-28",
                "latest_major_action": "Referred to the House Committee on Ways and Means."
              },
                           {
                "congress": "111",
                "bill_id": "hr2866-111",
                "bill_type": "hr",
                "number": "H.R.2866",
                "bill_uri": "https://api.propublica.org/congress/v1/111/bills/hr2866.json",
                "title": "To provide for a disregard under the Supplemental Security Income program of compensation for participation in clinical trials for rare diseases or conditions.",
                "short_title": "Improving Access to Clinical Trials Act of 2009",
                "sponsor_title": "Rep.",
                "sponsor_id": "M000133",
                "sponsor_name": "Edward J. Markey",
                "sponsor_state": "MA",
                "sponsor_party": "D",
                "sponsor_uri": "https://api.propublica.org/congress/v1/members/M000133.json",
                "gpo_pdf_uri": null,
                "congressdotgov_url": "https://www.congress.gov/bill/111th-congress/house-bill/2866",
                "govtrack_url": "https://www.govtrack.us/congress/bills/111/hr2866",
                "introduced_date": "2009-06-15",
                "active": null,
                "last_vote": null,
                "house_passage": null,
                "senate_passage": null,
                "enacted": null,
                "vetoed": null,
                "cosponsors": 142,
                "cosponsors_by_party": {"R":55,"D":88},
                "committees": "House Ways and Means",
                "primary_subject": "Social welfare",
                "summary": "Improving Access to Clinical Trials Act of 2009 - Amends title XVI (Supplemental Security Income) (SSI) of the Social Security Act to disregard for SSI income eligibility purposes any compensation in the amount of the first $2,000 per year received by an individual for participation in clinical trials for rare diseases or conditions.",
                "summary_short": "Improving Access to Clinical Trials Act of 2009 - Amends title XVI (Supplemental Security Income) (SSI) of the Social Security Act to disregard for SSI income eligibility purposes any compensation in the amount of the first $2,000 per year received by an individual for participation in clinical trials for rare diseases or conditions.",
                "latest_major_action_date": "2009-06-15",
                "latest_major_action": "Referred to the House Committee on Ways and Means."
              },
                           {
                "congress": "111",
                "bill_id": "hr4121-111",
                "bill_type": "hr",
                "number": "H.R.4121",
                "bill_uri": "https://api.propublica.org/congress/v1/111/bills/hr4121.json",
                "title": "To amend title 38, United States Code, to improve the appeals process of the Department of Veterans Affairs, to establish a commission to study judicial review of the determination of veterans' benefits, and for other purposes.",
                "short_title": "Veterans Appeals Improvement and Modernization Act of 2009",
                "sponsor_title": "Rep.",
                "sponsor_id": "H001039",
                "sponsor_name": "John Hall",
                "sponsor_state": "NY",
                "sponsor_party": "D",
                "sponsor_uri": "https://api.propublica.org/congress/v1/members/H001039.json",
                "gpo_pdf_uri": null,
                "congressdotgov_url": "https://www.congress.gov/bill/111th-congress/house-bill/4121",
                "govtrack_url": "https://www.govtrack.us/congress/bills/111/hr4121",
                "introduced_date": "2009-11-19",
                "active": null,
                "last_vote": null,
                "house_passage": null,
                "senate_passage": null,
                "enacted": null,
                "vetoed": null,
                "cosponsors": 113,
                "cosponsors_by_party": {"R":18,"D":95},
                "committees": "House Veterans&#39; Affairs",
                "primary_subject": "Armed forces and national security",
                "summary": "Veterans Appeals Improvement and Modernization Act of 2009 - Provides that if a veteran claimant submits evidence in support of a case for which a substantive appeal has been filed to the Board of Veterans' Appeals, such evidence shall be submitted directly to the Board and not to a regional office of the Department of Veterans Affairs (VA), unless the claimant requests that the evidence first be reviewed by the regional office. Empowers the Court of Appeals for Veterans Claims to affirm, modify, reverse, remand, or vacate and remand a decision of the Board after deciding all relevant assignments of error raised on appeal. Provides that whenever the Court reverses a decision on the merits of a particular claim and orders an award of benefits, the Court need not decide any additional assignments of error relating to that claim. Establishes the Veterans Judicial Review Commission to evaluate and make specific decisions to improve the administrative and judicial appellate review processes of veterans' and survivors' benefits determinations.",
                "summary_short": "Veterans Appeals Improvement and Modernization Act of 2009 - Provides that if a veteran claimant submits evidence in support of a case for which a substantive appeal has been filed to the Board of Veterans&#39; Appeals, such evidence shall be submitted directly to the Board and not to a regional office of the Department of Veterans Affairs (VA), unless the claimant requests that the evidence first be reviewed by the regional office. Empowers the Court of Appeals for Veterans Claims to affirm, mod...",
                "latest_major_action_date": "2009-11-20",
                "latest_major_action": "Referred to the Subcommittee on Disability Assistance and Memorial Affairs."
              },
                           {
                "congress": "111",
                "bill_id": "hr4689-111",
                "bill_type": "hr",
                "number": "H.R.4689",
                "bill_uri": "https://api.propublica.org/congress/v1/111/bills/hr4689.json",
                "title": "To establish the Office of the National Alzheimer's Project.",
                "short_title": "National Alzheimer's Project Act",
                "sponsor_title": "Rep.",
                "sponsor_id": "M000133",
                "sponsor_name": "Edward J. Markey",
                "sponsor_state": "MA",
                "sponsor_party": "D",
                "sponsor_uri": "https://api.propublica.org/congress/v1/members/M000133.json",
                "gpo_pdf_uri": null,
                "congressdotgov_url": "https://www.congress.gov/bill/111th-congress/house-bill/4689",
                "govtrack_url": "https://www.govtrack.us/congress/bills/111/hr4689",
                "introduced_date": "2010-02-25",
                "active": null,
                "last_vote": null,
                "house_passage": null,
                "senate_passage": null,
                "enacted": null,
                "vetoed": null,
                "cosponsors": 111,
                "cosponsors_by_party": {"R":25,"D":86},
                "committees": "House Energy and Commerce",
                "primary_subject": "Health",
                "summary": "National Alzheimer's Project Act - Establishes in the Office of the Secretary of Health and Human Services (HHS) the Office of the National Alzheimer's Project to: (1) accelerate the development of treatments that would prevent, halt, or reverse the course of Alzheimer's; (2) create and maintain an integrated national plan to overcome Alzheimer's; (3) help to coordinate the health care and treatment of citizens with Alzheimer's; (4) ensure the inclusion of ethnic and racial populations that are at higher risk for Alzheimer's or that are least likely to receive care in clinical, research, and service efforts with the purpose of decreasing health disparities; (5) coordinate with international bodies to integrate and inform the fight against Alzheimer's globally; and (6) provide information and coordination of Alzheimer's research and services across all federal agencies. Sets forth the duties of the Director of the Office, including to use discretionary authority to evaluate all federal programs concerning Alzheimer's. Establishes in the Office an Advisory Council on Alzheimer's Research and Treatment.",
                "summary_short": "National Alzheimer&#39;s Project Act - Establishes in the Office of the Secretary of Health and Human Services (HHS) the Office of the National Alzheimer&#39;s Project to: (1) accelerate the development of treatments that would prevent, halt, or reverse the course of Alzheimer&#39;s; (2) create and maintain an integrated national plan to overcome Alzheimer&#39;s; (3) help to coordinate the health care and treatment of citizens with Alzheimer&#39;s; (4) ensure the inclusion of ethnic and racial populations that a...",
                "latest_major_action_date": "2010-02-25",
                "latest_major_action": "Referred to the House Committee on Energy and Commerce."
              },
                           {
                "congress": "111",
                "bill_id": "hr5549-111",
                "bill_type": "hr",
                "number": "H.R.5549",
                "bill_uri": "https://api.propublica.org/congress/v1/111/bills/hr5549.json",
                "title": "To amend title 38, United States Code, to provide for expedited procedures for the consideration of certain veterans claims, and for other purposes.",
                "short_title": "RAPID Claims Act",
                "sponsor_title": "Rep.",
                "sponsor_id": "D000607",
                "sponsor_name": "Joe Donnelly",
                "sponsor_state": "IN",
                "sponsor_party": "D",
                "sponsor_uri": "https://api.propublica.org/congress/v1/members/D000607.json",
                "gpo_pdf_uri": null,
                "congressdotgov_url": "https://www.congress.gov/bill/111th-congress/house-bill/5549",
                "govtrack_url": "https://www.govtrack.us/congress/bills/111/hr5549",
                "introduced_date": "2010-06-17",
                "active": null,
                "last_vote": null,
                "house_passage": null,
                "senate_passage": null,
                "enacted": null,
                "vetoed": null,
                "cosponsors": 105,
                "cosponsors_by_party": {"D":97,"R":8},
                "committees": "House Veterans&#39; Affairs",
                "primary_subject": "Armed forces and national security",
                "summary": "Rating and Processing Individuals' Disability Claims Act or the RAPID Claims Act - Requires the Secretary of Veterans Affairs (VA), if a veteran's claim is submitted that is determined to be a fully developed claim, to provide: (1) the claimant with the opportunity to waive any claim development period with respect to such claim; and (2) expeditious treatment to such claim. Provides that: (1) if a person notifies the Secretary of the intention to submit a fully developed claim and does so within a one-year period thereafter, the Secretary shall provide expeditious treatment to the claim; and (2) if the Secretary determines that a claim submitted as fully developed is not fully developed, the Secretary shall notify such person within 30 days of the information and evidence required to fully develop the claim. Requires the Secretary, when denying a benefit, to notify the claimant of any form or application required to appeal such decision.",
                "summary_short": "Rating and Processing Individuals&#39; Disability Claims Act or the RAPID Claims Act - Requires the Secretary of Veterans Affairs (VA), if a veteran&#39;s claim is submitted that is determined to be a fully developed claim, to provide: (1) the claimant with the opportunity to waive any claim development period with respect to such claim; and (2) expeditious treatment to such claim. Provides that: (1) if a person notifies the Secretary of the intention to submit a fully developed claim and does so wit...",
                "latest_major_action_date": "2010-07-27",
                "latest_major_action": "Forwarded by Subcommittee to Full Committee by Voice Vote ."
              },
                           {
                "congress": "111",
                "bill_id": "hr5928-111",
                "bill_type": "hr",
                "number": "H.R.5928",
                "bill_uri": "https://api.propublica.org/congress/v1/111/bills/hr5928.json",
                "title": "To amend title 38, United States Code, to improve the efficiency of processing certain claims for disability compensation by veterans.",
                "short_title": "Veterans' Disability Claims Efficiency Act of 2010",
                "sponsor_title": "Rep.",
                "sponsor_id": "W000799",
                "sponsor_name": "Tim Walz",
                "sponsor_state": "MN",
                "sponsor_party": "D",
                "sponsor_uri": "https://api.propublica.org/congress/v1/members/W000799.json",
                "gpo_pdf_uri": null,
                "congressdotgov_url": "https://www.congress.gov/bill/111th-congress/house-bill/5928",
                "govtrack_url": "https://www.govtrack.us/congress/bills/111/hr5928",
                "introduced_date": "2010-07-29",
                "active": null,
                "last_vote": null,
                "house_passage": null,
                "senate_passage": null,
                "enacted": null,
                "vetoed": null,
                "cosponsors": 117,
                "cosponsors_by_party": {"R":17,"D":100},
                "committees": "House Veterans&#39; Affairs",
                "primary_subject": "Armed forces and national security",
                "summary": "Veterans' Disability Claims Efficiency Act of 2010 - Allows the Secretary of Veterans Affairs (VA), in the case of a disability claim with multiple conditions, to assign an interim disability rating for the condition(s) that can be assigned without further development and to continue development of the remaining condition(s). Requires an interim disability rating to remain in effect unless the Secretary later assigns an increased rating for such condition. Prohibits the continuation of such rating if the rating was based on fraud or the condition improves. Directs the Secretary to establish a process for the rapid identification of initial claims for disability compensation that should, in adjudication, receive priority in the order of review. Requires the Secretary to identify whether claims have the potential of being adjudicated quickly, the claims qualify for priority treatment, and a temporary disability rating could be assigned for such claims. Authorizes the Secretary to provide priority based on the effect such priority would have on a claimant.",
                "summary_short": "Veterans&#39; Disability Claims Efficiency Act of 2010 - Allows the Secretary of Veterans Affairs (VA), in the case of a disability claim with multiple conditions, to assign an interim disability rating for the condition(s) that can be assigned without further development and to continue development of the remaining condition(s). Requires an interim disability rating to remain in effect unless the Secretary later assigns an increased rating for such condition. Prohibits the continuation of such r...",
                "latest_major_action_date": "2010-07-30",
                "latest_major_action": "Referred to the Subcommittee on Disability Assistance and Memorial Affairs."
              },
                           {
                "congress": "111",
                "bill_id": "hr2625-111",
                "bill_type": "hr",
                "number": "H.R.2625",
                "bill_uri": "https://api.propublica.org/congress/v1/111/bills/hr2625.json",
                "title": "To amend the Internal Revenue Code of 1986 to extend the exclusion from gross income for employer-provided health coverage for employees' spouses and dependent children to coverage provided to other eligible designated beneficiaries of employees.",
                "short_title": "Tax Equity for Health Plan Beneficiaries Act of 2009",
                "sponsor_title": "Rep.",
                "sponsor_id": "M000404",
                "sponsor_name": "Jim McDermott",
                "sponsor_state": "WA",
                "sponsor_party": "D",
                "sponsor_uri": "https://api.propublica.org/congress/v1/members/M000404.json",
                "gpo_pdf_uri": null,
                "congressdotgov_url": "https://www.congress.gov/bill/111th-congress/house-bill/2625",
                "govtrack_url": "https://www.govtrack.us/congress/bills/111/hr2625",
                "introduced_date": "2009-05-21",
                "active": null,
                "last_vote": null,
                "house_passage": null,
                "senate_passage": null,
                "enacted": null,
                "vetoed": null,
                "cosponsors": 133,
                "cosponsors_by_party": {"R":2,"D":131},
                "committees": "House Ways and Means",
                "primary_subject": "Taxation",
                "summary": "Tax Equity for Health Plan Beneficiaries Act of 2009 - Amends the Internal Revenue Code to: (1) exclude from an employee's gross income employer-provided accident and health plan benefits extended to a domestic partner or non-dependent, non-spouse beneficiary eligible to receive such benefits under an employer plan (i.e., \"eligible beneficiary\"); (2) exempt such benefits paid to eligible beneficiaries from applicable employment and unemployment taxes; (3) allow self-employed individuals a tax deduction for the health insurance costs of their eligible beneficiaries; (4) allow tax-exempt volutary employees' beneficiary associations to provide sick and accident benefits to the domestic partners and non-dependent, non-spouse beneficiaries of their members; and (5) allow reimbursement of the medical expenses of an eligible beneficiary from a health savings account (HSA). Directs the Secretary of the Treasury to provide guidance relating to reimbursements from a flexible spending arrangement and a health reimbursement arrangement attributable to an eligible beneficiary as defined by this Act.",
                "summary_short": "Tax Equity for Health Plan Beneficiaries Act of 2009 - Amends the Internal Revenue Code to: (1) exclude from an employee&#39;s gross income employer-provided accident and health plan benefits extended to a domestic partner or non-dependent, non-spouse beneficiary eligible to receive such benefits under an employer plan (i.e., &quot;eligible beneficiary&quot;); (2) exempt such benefits paid to eligible beneficiaries from applicable employment and unemployment taxes; (3) allow self-employed individuals a tax...",
                "latest_major_action_date": "2009-05-21",
                "latest_major_action": "Referred to the House Committee on Ways and Means."
              },
                           {
                "congress": "111",
                "bill_id": "hres1637-111",
                "bill_type": "hres",
                "number": "H.RES.1637",
                "bill_uri": "https://api.propublica.org/congress/v1/111/bills/hres1637.json",
                "title": "Supporting the goals and ideals of National Domestic Violence Awareness Month 2010 and expressing the sense of the House of Representatives that Congress should continue to raise awareness of domestic violence in the United States and its devastating effects on families and communities, and support programs and practices designed to prevent and end domestic violence.",
                "short_title": null,
                "sponsor_title": "Rep.",
                "sponsor_id": "P000592",
                "sponsor_name": "Ted Poe",
                "sponsor_state": "TX",
                "sponsor_party": "R",
                "sponsor_uri": "https://api.propublica.org/congress/v1/members/P000592.json",
                "gpo_pdf_uri": null,
                "congressdotgov_url": "https://www.congress.gov/bill/111th-congress/house-resolution/1637",
                "govtrack_url": "https://www.govtrack.us/congress/bills/111/hres1637",
                "introduced_date": "2010-09-16",
                "active": null,
                "last_vote": null,
                "house_passage": null,
                "senate_passage": null,
                "enacted": null,
                "vetoed": null,
                "cosponsors": 47,
                "cosponsors_by_party": {"D":41,"R":5,"I":1},
                "committees": "House Education and Labor",
                "primary_subject": "Families",
                "summary": "Supports the goals and ideals of National Domestic Violence Awareness Month. Recognizes the National Safe Child Initiative as an awareness-raising campaign to educate the public about the prevalence and problem of child abuse, and commends the National Safe Child Coalition for bringing awareness to and working to protect children from batterers. Expresses the sense of the House of Representatives that Congress should: (1) continue to raise awareness of domestic violence in the United States and its devastating effects on families and communities; and (2) support programs designed to end domestic violence.",
                "summary_short": "Supports the goals and ideals of National Domestic Violence Awareness Month. Recognizes the National Safe Child Initiative as an awareness-raising campaign to educate the public about the prevalence and problem of child abuse, and commends the National Safe Child Coalition for bringing awareness to and working to protect children from batterers. Expresses the sense of the House of Representatives that Congress should: (1) continue to raise awareness of domestic violence in the United States a...",
                "latest_major_action_date": "2010-09-28",
                "latest_major_action": "Motion to reconsider laid on the table Agreed to without objection."
              },
                           {
                "congress": "111",
                "bill_id": "hres1642-111",
                "bill_type": "hres",
                "number": "H.RES.1642",
                "bill_uri": "https://api.propublica.org/congress/v1/111/bills/hres1642.json",
                "title": "Recognizing the centennial of the City of Lilburn, Georgia and supporting the goals and ideals of a City of Lilburn Day.",
                "short_title": null,
                "sponsor_title": "Rep.",
                "sponsor_id": "J000288",
                "sponsor_name": "Hank Johnson",
                "sponsor_state": "GA",
                "sponsor_party": "D",
                "sponsor_uri": "https://api.propublica.org/congress/v1/members/J000288.json",
                "gpo_pdf_uri": null,
                "congressdotgov_url": "https://www.congress.gov/bill/111th-congress/house-resolution/1642",
                "govtrack_url": "https://www.govtrack.us/congress/bills/111/hres1642",
                "introduced_date": "2010-09-22",
                "active": null,
                "last_vote": "2010-12-07",
                "house_passage": null,
                "senate_passage": null,
                "enacted": null,
                "vetoed": null,
                "cosponsors": 51,
                "cosponsors_by_party": {"D":43,"R":8},
                "committees": "House Oversight and Government Reform",
                "primary_subject": "Housing and community development",
                "summary": "Recognizes the centennial of the City of Lilburn, Georgia.Expresses support for the goals and ideals of a City of Lilburn Day.",
                "summary_short": "Recognizes the centennial of the City of Lilburn, Georgia.Expresses support for the goals and ideals of a City of Lilburn Day.",
                "latest_major_action_date": "2010-12-07",
                "latest_major_action": "Motion to reconsider laid on the table Agreed to without objection."
              },
                           {
                "congress": "111",
                "bill_id": "hr610-111",
                "bill_type": "hr",
                "number": "H.R.610",
                "bill_uri": "https://api.propublica.org/congress/v1/111/bills/hr610.json",
                "title": "To amend title 18, United States Code, to strengthen enforcement of spousal court-ordered property distributions, and for other purposes.",
                "short_title": "Jane's Law",
                "sponsor_title": "Rep.",
                "sponsor_id": "W000314",
                "sponsor_name": "Robert Wexler",
                "sponsor_state": "FL",
                "sponsor_party": "D",
                "sponsor_uri": "https://api.propublica.org/congress/v1/members/W000314.json",
                "gpo_pdf_uri": null,
                "congressdotgov_url": "https://www.congress.gov/bill/111th-congress/house-bill/610",
                "govtrack_url": "https://www.govtrack.us/congress/bills/111/hr610",
                "introduced_date": "2009-01-16",
                "active": null,
                "last_vote": null,
                "house_passage": null,
                "senate_passage": null,
                "enacted": null,
                "vetoed": null,
                "cosponsors": 70,
                "cosponsors_by_party": {"D":68,"R":2},
                "committees": "House Judiciary",
                "primary_subject": "Crime and law enforcement",
                "summary": "Jane's Law - Amends the federal criminal code to impose a fine and/or a prison term of up to two years on any person who travels in interstate or foreign commerce to evade compliance with a court-ordered property distribution in a divorce proceeding involving more than $5,000. Requires payment of restitution equal to the total unpaid property distribution from any person convicted of evading payment.",
                "summary_short": "Jane&#39;s Law - Amends the federal criminal code to impose a fine and/or a prison term of up to two years on any person who travels in interstate or foreign commerce to evade compliance with a court-ordered property distribution in a divorce proceeding involving more than $5,000. Requires payment of restitution equal to the total unpaid property distribution from any person convicted of evading payment.",
                "latest_major_action_date": "2009-03-16",
                "latest_major_action": "Referred to the Subcommittee on Crime, Terrorism, and Homeland Security."
              },
                           {
                "congress": "111",
                "bill_id": "hr1806-111",
                "bill_type": "hr",
                "number": "H.R.1806",
                "bill_uri": "https://api.propublica.org/congress/v1/111/bills/hr1806.json",
                "title": "To amend the Internal Revenue Code of 1986 to provide incentives to encourage investment in the expansion of freight rail infrastructure capacity and to enhance modal tax equity.",
                "short_title": "Freight Rail Infrastructure Capacity Expansion Act of 2009",
                "sponsor_title": "Rep.",
                "sponsor_id": "M001148",
                "sponsor_name": "Kendrick B. Meek",
                "sponsor_state": "FL",
                "sponsor_party": "D",
                "sponsor_uri": "https://api.propublica.org/congress/v1/members/M001148.json",
                "gpo_pdf_uri": null,
                "congressdotgov_url": "https://www.congress.gov/bill/111th-congress/house-bill/1806",
                "govtrack_url": "https://www.govtrack.us/congress/bills/111/hr1806",
                "introduced_date": "2009-03-31",
                "active": null,
                "last_vote": null,
                "house_passage": null,
                "senate_passage": null,
                "enacted": null,
                "vetoed": null,
                "cosponsors": 146,
                "cosponsors_by_party": {"D":131,"R":15},
                "committees": "House Ways and Means",
                "primary_subject": "Taxation",
                "summary": "Freight Rail Infrastructure Capacity Expansion Act of 2009 - Amends the Internal Revenue Code to allow: (1) a tax credit for 25% of the cost of new qualified freight rail infrastructure property and qualified locomotive property; and (2) a taxpayer election to expense the cost of qualified freight rail infrastructure property (i.e., deduct all costs in the current taxable year). Terminates such credit and expensing election after 2015. Requires compliance with federal wage rate requirements under the Davis-Bacon Act as a condition of eligibility for the tax credit and expensing allowance provided by this Act.",
                "summary_short": "Freight Rail Infrastructure Capacity Expansion Act of 2009 - Amends the Internal Revenue Code to allow: (1) a tax credit for 25% of the cost of new qualified freight rail infrastructure property and qualified locomotive property; and (2) a taxpayer election to expense the cost of qualified freight rail infrastructure property (i.e., deduct all costs in the current taxable year). Terminates such credit and expensing election after 2015. Requires compliance with federal wage rate requirements u...",
                "latest_major_action_date": "2009-03-31",
                "latest_major_action": "Referred to the House Committee on Ways and Means."
              },
                           {
                "congress": "111",
                "bill_id": "hr4676-111",
                "bill_type": "hr",
                "number": "H.R.4676",
                "bill_uri": "https://api.propublica.org/congress/v1/111/bills/hr4676.json",
                "title": "To direct the Secretary of Commerce to establish a competitive grant program to promote domestic regional tourism.",
                "short_title": "Travel Regional Investment Partnership Act",
                "sponsor_title": "Rep.",
                "sponsor_id": "F000030",
                "sponsor_name": "Sam Farr",
                "sponsor_state": "CA",
                "sponsor_party": "D",
                "sponsor_uri": "https://api.propublica.org/congress/v1/members/F000030.json",
                "gpo_pdf_uri": null,
                "congressdotgov_url": "https://www.congress.gov/bill/111th-congress/house-bill/4676",
                "govtrack_url": "https://www.govtrack.us/congress/bills/111/hr4676",
                "introduced_date": "2010-02-24",
                "active": null,
                "last_vote": null,
                "house_passage": null,
                "senate_passage": null,
                "enacted": null,
                "vetoed": null,
                "cosponsors": 19,
                "cosponsors_by_party": {"R":1,"D":17,"I":1},
                "committees": "House Energy and Commerce",
                "primary_subject": "Commerce",
                "summary": "Travel Regional Investment Partnership Act - Directs the Secretary of Commerce to establish a competitive grant program, administered by the Office of Travel and Tourism Industries, to award grants to eligible entities (such as a Convention and Visitors Bureau or a partnership between a state or local government and a local tourism entity) to promote domestic regional tourism growth and new domestic tourism market creation.",
                "summary_short": "Travel Regional Investment Partnership Act - Directs the Secretary of Commerce to establish a competitive grant program, administered by the Office of Travel and Tourism Industries, to award grants to eligible entities (such as a Convention and Visitors Bureau or a partnership between a state or local government and a local tourism entity) to promote domestic regional tourism growth and new domestic tourism market creation.",
                "latest_major_action_date": "2010-02-25",
                "latest_major_action": "Referred to the Subcommittee on Commerce, Trade and Consumer Protection."
              }
             ]
      }
   ]
}
