{
   "status":"OK",
   "copyright":"Copyright (c) 2020 Pro Publica Inc. All Rights Reserved.",
   "results":[
      {
         "id": "K000372",
         "member_uri": "https://api.propublica.org/congress/v1/members/K000372.json",
         "name": "Mary Jo Kilroy",
         "num_results": 338,
         "offset": 80,
         "bills": [
              {
                "congress": "111",
                "bill_id": "hr2478-111",
                "bill_type": "hr",
                "number": "H.R.2478",
                "bill_uri": "https://api.propublica.org/congress/v1/111/bills/hr2478.json",
                "title": "To support stabilization and lasting peace in northern Uganda and areas affected by the Lord's Resistance Army through development of a regional strategy to support multilateral efforts to successfully protect civilians and eliminate the threat posed by the Lord's Resistance Army and to authorize funds for humanitarian relief and reconstruction, reconciliation, and transitional justice, and for other purposes.",
                "short_title": "Lord's Resistance Army Disarmament and Northern Uganda Recovery Act of 2009",
                "sponsor_title": "Rep.",
                "sponsor_id": "M000312",
                "sponsor_name": "Jim McGovern",
                "sponsor_state": "MA",
                "sponsor_party": "D",
                "sponsor_uri": "https://api.propublica.org/congress/v1/members/M000312.json",
                "gpo_pdf_uri": null,
                "congressdotgov_url": "https://www.congress.gov/bill/111th-congress/house-bill/2478",
                "govtrack_url": "https://www.govtrack.us/congress/bills/111/hr2478",
                "introduced_date": "2009-05-19",
                "active": null,
                "last_vote": null,
                "house_passage": null,
                "senate_passage": null,
                "enacted": null,
                "vetoed": null,
                "cosponsors": 201,
                "cosponsors_by_party": {"R":62,"D":140},
                "committees": "House Foreign Affairs",
                "primary_subject": "International affairs",
                "summary": "Lord's Resistance Army Disarmament and Northern Uganda Recovery Act of 2009 - Directs the President to submit to the appropriate congressional committees a regional strategy to guide U.S. support for multilateral efforts to eliminate the threat to civilians and regional stability posed by the Lord's Resistance Army (LRA) and to enforce the rule of law and ensure full humanitarian access in LRA-affected areas. Authorizes the President to provide assistance to respond to the humanitarian needs of populations in northeastern Congo, southern Sudan, and Central African Republic affected by LRA activity. Expresses the sense of Congress that the Secretary of State and Administrator of the United States Agency for International Development (USAID) should work with the appropriate congressional committees to increase future assistance to Uganda if the government of Uganda demonstrates a commitment to reconstruction in war-affected areas of northern and eastern Uganda. Expresses the sense of Congress that the President should support efforts by the people of northern Uganda and the government of Uganda to: (1) promote local and national reconciliation including mechanisms outlined in the Annexure to the Agreement on Accountability and Reconciliation between the government of Uganda and the LRA; and (2) assist internally displaced people, establish mechanisms for the demobilization and reintegration of former combatants, and enhance the competency of local institutions including the police.",
                "summary_short": "Lord&#39;s Resistance Army Disarmament and Northern Uganda Recovery Act of 2009 - Directs the President to submit to the appropriate congressional committees a regional strategy to guide U.S. support for multilateral efforts to eliminate the threat to civilians and regional stability posed by the Lord&#39;s Resistance Army (LRA) and to enforce the rule of law and ensure full humanitarian access in LRA-affected areas. Authorizes the President to provide assistance to respond to the humanitarian needs ...",
                "latest_major_action_date": "2009-05-19",
                "latest_major_action": "Referred to the House Committee on Foreign Affairs."
              },
                           {
                "congress": "111",
                "bill_id": "hr5137-111",
                "bill_type": "hr",
                "number": "H.R.5137",
                "bill_uri": "https://api.propublica.org/congress/v1/111/bills/hr5137.json",
                "title": "To amend title 18, United States Code, to provide penalties for transporting minors in foreign commerce for the purposes of female genital mutilation.",
                "short_title": "Girls Protection Act of 2010",
                "sponsor_title": "Rep.",
                "sponsor_id": "C001038",
                "sponsor_name": "Joseph Crowley",
                "sponsor_state": "NY",
                "sponsor_party": "D",
                "sponsor_uri": "https://api.propublica.org/congress/v1/members/C001038.json",
                "gpo_pdf_uri": null,
                "congressdotgov_url": "https://www.congress.gov/bill/111th-congress/house-bill/5137",
                "govtrack_url": "https://www.govtrack.us/congress/bills/111/hr5137",
                "introduced_date": "2010-04-26",
                "active": null,
                "last_vote": null,
                "house_passage": null,
                "senate_passage": null,
                "enacted": null,
                "vetoed": null,
                "cosponsors": 156,
                "cosponsors_by_party": {"R":21,"D":135},
                "committees": "House Judiciary",
                "primary_subject": "Crime and law enforcement",
                "summary": "Girls Protection Act of 2010 - Amends the federal criminal code to impose a fine or five-year prison term, or both, on any U.S. citizen or alien admitted for permanent residence who knowingly transports in foreign commerce a girl under the age of 18 for the purposes of female genital mutilation.",
                "summary_short": "Girls Protection Act of 2010 - Amends the federal criminal code to impose a fine or five-year prison term, or both, on any U.S. citizen or alien admitted for permanent residence who knowingly transports in foreign commerce a girl under the age of 18 for the purposes of female genital mutilation.",
                "latest_major_action_date": "2010-06-15",
                "latest_major_action": "Referred to the Subcommittee on Crime, Terrorism, and Homeland Security."
              },
                           {
                "congress": "111",
                "bill_id": "hres1232-111",
                "bill_type": "hres",
                "number": "H.RES.1232",
                "bill_uri": "https://api.propublica.org/congress/v1/111/bills/hres1232.json",
                "title": "Congratulating the six-time Defending Mid-American Conference Champion Bowling Green State University women's basketball team on another outstanding and record-setting season.",
                "short_title": null,
                "sponsor_title": "Rep.",
                "sponsor_id": "L000566",
                "sponsor_name": "Robert E. Latta",
                "sponsor_state": "OH",
                "sponsor_party": "R",
                "sponsor_uri": "https://api.propublica.org/congress/v1/members/L000566.json",
                "gpo_pdf_uri": null,
                "congressdotgov_url": "https://www.congress.gov/bill/111th-congress/house-resolution/1232",
                "govtrack_url": "https://www.govtrack.us/congress/bills/111/hres1232",
                "introduced_date": "2010-03-25",
                "active": null,
                "last_vote": null,
                "house_passage": null,
                "senate_passage": null,
                "enacted": null,
                "vetoed": null,
                "cosponsors": 5,
                "cosponsors_by_party": {"R":2,"D":3},
                "committees": "House Education and Labor",
                "primary_subject": "Sports and recreation",
                "summary": "Congratulates the Bowling Green State University women's basketball team on another outstanding season.",
                "summary_short": "Congratulates the Bowling Green State University women&#39;s basketball team on another outstanding season.",
                "latest_major_action_date": "2010-04-30",
                "latest_major_action": "Referred to the Subcommittee on Higher Education, Lifelong Learning, and Competitiveness."
              },
                           {
                "congress": "111",
                "bill_id": "hr4116-111",
                "bill_type": "hr",
                "number": "H.R.4116",
                "bill_uri": "https://api.propublica.org/congress/v1/111/bills/hr4116.json",
                "title": "To reauthorize the Family Violence Prevention and Services Act, and for other purposes.",
                "short_title": "FVPSA Reauthorization Act of 2009",
                "sponsor_title": "Rep.",
                "sponsor_id": "M001160",
                "sponsor_name": "Gwen Moore",
                "sponsor_state": "WI",
                "sponsor_party": "D",
                "sponsor_uri": "https://api.propublica.org/congress/v1/members/M001160.json",
                "gpo_pdf_uri": null,
                "congressdotgov_url": "https://www.congress.gov/bill/111th-congress/house-bill/4116",
                "govtrack_url": "https://www.govtrack.us/congress/bills/111/hr4116",
                "introduced_date": "2009-11-19",
                "active": null,
                "last_vote": null,
                "house_passage": null,
                "senate_passage": null,
                "enacted": null,
                "vetoed": null,
                "cosponsors": 122,
                "cosponsors_by_party": {"R":17,"I":1,"D":104},
                "committees": "House Education and Labor",
                "primary_subject": "Families",
                "summary": "FVPSA Reauthorization Act of 2009 - Revises requirements for and reauthorizes the Family Violence Prevention and Services Act at increased levels for FY2010-FY2014. Directs the Secretary of Health and Human Services (HHS) to establish grant programs for: (1) specialized services for abused parents and their children; (2) domestic violence prevention enhancement and leadership through alliances; and (3) enhancement of culturally competent services for adult and youth victims of domestic violence from racial and ethnic minority groups.",
                "summary_short": "FVPSA Reauthorization Act of 2009 - Revises requirements for and reauthorizes the Family Violence Prevention and Services Act at increased levels for FY2010-FY2014. Directs the Secretary of Health and Human Services (HHS) to establish grant programs for: (1) specialized services for abused parents and their children; (2) domestic violence prevention enhancement and leadership through alliances; and (3) enhancement of culturally competent services for adult and youth victims of domestic violen...",
                "latest_major_action_date": "2010-01-04",
                "latest_major_action": "Referred to the Subcommittee on Healthy Families and Communities."
              },
                           {
                "congress": "111",
                "bill_id": "hr5178-111",
                "bill_type": "hr",
                "number": "H.R.5178",
                "bill_uri": "https://api.propublica.org/congress/v1/111/bills/hr5178.json",
                "title": "To amend the Internal Revenue Code to reduce tobacco smuggling, and for other purposes.",
                "short_title": "Smuggled Tobacco Prevention Act of 2010",
                "sponsor_title": "Rep.",
                "sponsor_id": "D000399",
                "sponsor_name": "Lloyd Doggett",
                "sponsor_state": "TX",
                "sponsor_party": "D",
                "sponsor_uri": "https://api.propublica.org/congress/v1/members/D000399.json",
                "gpo_pdf_uri": null,
                "congressdotgov_url": "https://www.congress.gov/bill/111th-congress/house-bill/5178",
                "govtrack_url": "https://www.govtrack.us/congress/bills/111/hr5178",
                "introduced_date": "2010-04-29",
                "active": null,
                "last_vote": null,
                "house_passage": null,
                "senate_passage": null,
                "enacted": null,
                "vetoed": null,
                "cosponsors": 123,
                "cosponsors_by_party": {"D":119,"R":4},
                "committees": "House Ways and Means",
                "primary_subject": "Taxation",
                "summary": "Smuggled Tobacco Prevention Act of 2010 or the STOP Act - Amends the Internal Revenue Code to restrict the sale, lease, importation, or delivery of tobacco production machines to persons lawfully engaged in: (1) the sale, lease, or delivery of such machines; (2) the manufacture or processing of tobacco products, including for personal use; or (3) the application of unique identification markings onto tobacco product packages. Defines \"tobacco production machine\" as a machine used to manufacture, process, or package tobacco products or to apply unique identification markings to packages of tobacco products. Requires any person leasing, importing, exporting, or delivering a tobacco production machine to keep records relating to any transfers or deliveries of such machines. Requires manufacturers and importers of tobacco products to affix a unique identification marking to each package of tobacco products prior to sale or distribution of such products. Directs the Secretary of the Treasury to design a system of unique identification markings that does not interfere with state and local tax stamps and markings. Requires wholesalers of tobacco products to obtain permits for selling or exporting tobacco products. Establishes new criminal offenses relating to the distribution of tobacco products. Increases the civil penalty for tobacco-related infractions from $1,000 to $10,000. Establishes in the Treasury the Anti-Contraband Tobacco Trafficking Fund to finance the enforcement provisions of this Act and other laws relating to contraband or illegal tobacco products using the increased civil and criminal fines provided by this Act. Amends the Tariff Act of 1930 to impose a civil penalty for the importation of tobacco products and cigarette papers and tubes by fraudulent means.",
                "summary_short": "Smuggled Tobacco Prevention Act of 2010 or the STOP Act - Amends the Internal Revenue Code to restrict the sale, lease, importation, or delivery of tobacco production machines to persons lawfully engaged in: (1) the sale, lease, or delivery of such machines; (2) the manufacture or processing of tobacco products, including for personal use; or (3) the application of unique identification markings onto tobacco product packages. Defines &quot;tobacco production machine&quot; as a machine used to manufactu...",
                "latest_major_action_date": "2010-04-29",
                "latest_major_action": "Referred to the House Committee on Ways and Means."
              },
                           {
                "congress": "111",
                "bill_id": "hr24-111",
                "bill_type": "hr",
                "number": "H.R.24",
                "bill_uri": "https://api.propublica.org/congress/v1/111/bills/hr24.json",
                "title": "To redesignate the Department of the Navy as the Department of the Navy and Marine Corps.",
                "short_title": null,
                "sponsor_title": "Rep.",
                "sponsor_id": "J000255",
                "sponsor_name": "Walter B. Jones",
                "sponsor_state": "NC",
                "sponsor_party": "R",
                "sponsor_uri": "https://api.propublica.org/congress/v1/members/J000255.json",
                "gpo_pdf_uri": null,
                "congressdotgov_url": "https://www.congress.gov/bill/111th-congress/house-bill/24",
                "govtrack_url": "https://www.govtrack.us/congress/bills/111/hr24",
                "introduced_date": "2009-01-06",
                "active": null,
                "last_vote": null,
                "house_passage": "2010-05-04",
                "senate_passage": null,
                "enacted": null,
                "vetoed": null,
                "cosponsors": 425,
                "cosponsors_by_party": {"D":250,"R":175,"I":1},
                "committees": "House Armed Services; Senate Armed Services",
                "primary_subject": "Armed forces and national security",
                "summary": "Redesignates: (1) the Department of the Navy as the Department of the Navy and Marine Corps; and (2) the Secretary of the Navy as the Secretary of the Navy and Marine Corps. Makes similar redesignations with respect to the Department Under Secretary, the Department Assistant Secretaries, and the General Counsel.",
                "summary_short": "Redesignates: (1) the Department of the Navy as the Department of the Navy and Marine Corps; and (2) the Secretary of the Navy as the Secretary of the Navy and Marine Corps. Makes similar redesignations with respect to the Department Under Secretary, the Department Assistant Secretaries, and the General Counsel.",
                "latest_major_action_date": "2010-05-05",
                "latest_major_action": "Received in the Senate and Read twice and referred to the Committee on Armed Services."
              },
                           {
                "congress": "111",
                "bill_id": "hres1158-111",
                "bill_type": "hres",
                "number": "H.RES.1158",
                "bill_uri": "https://api.propublica.org/congress/v1/111/bills/hres1158.json",
                "title": "Recognizing Certified Nurses Day.",
                "short_title": null,
                "sponsor_title": "Rep.",
                "sponsor_id": "J000126",
                "sponsor_name": "Eddie Bernice Johnson",
                "sponsor_state": "TX",
                "sponsor_party": "D",
                "sponsor_uri": "https://api.propublica.org/congress/v1/members/J000126.json",
                "gpo_pdf_uri": null,
                "congressdotgov_url": "https://www.congress.gov/bill/111th-congress/house-resolution/1158",
                "govtrack_url": "https://www.govtrack.us/congress/bills/111/hres1158",
                "introduced_date": "2010-03-10",
                "active": null,
                "last_vote": null,
                "house_passage": null,
                "senate_passage": null,
                "enacted": null,
                "vetoed": null,
                "cosponsors": 10,
                "cosponsors_by_party": {"R":3,"D":7},
                "committees": "House Oversight and Government Reform",
                "primary_subject": "Health",
                "summary": "Expresses support for the goals and ideals of Certified Nurses Day as founded by the American Nurses Credentialing Center.",
                "summary_short": "Expresses support for the goals and ideals of Certified Nurses Day as founded by the American Nurses Credentialing Center.",
                "latest_major_action_date": "2010-03-10",
                "latest_major_action": "Referred to the House Committee on Oversight and Government Reform."
              },
                           {
                "congress": "111",
                "bill_id": "hr5142-111",
                "bill_type": "hr",
                "number": "H.R.5142",
                "bill_uri": "https://api.propublica.org/congress/v1/111/bills/hr5142.json",
                "title": "To amend the Internal Revenue Code of 1986 to provide for an investment tax credit for biofuel facilities, and for other purposes.",
                "short_title": "Grow a Renewable Energy Economy Now--Jumpstart Other Biofuels Act of 2010",
                "sponsor_title": "Rep.",
                "sponsor_id": "S001162",
                "sponsor_name": "Allyson Y. Schwartz",
                "sponsor_state": "PA",
                "sponsor_party": "D",
                "sponsor_uri": "https://api.propublica.org/congress/v1/members/S001162.json",
                "gpo_pdf_uri": null,
                "congressdotgov_url": "https://www.congress.gov/bill/111th-congress/house-bill/5142",
                "govtrack_url": "https://www.govtrack.us/congress/bills/111/hr5142",
                "introduced_date": "2010-04-26",
                "active": null,
                "last_vote": null,
                "house_passage": null,
                "senate_passage": null,
                "enacted": null,
                "vetoed": null,
                "cosponsors": 56,
                "cosponsors_by_party": {"D":51,"R":5},
                "committees": "House Ways and Means",
                "primary_subject": "Taxation",
                "summary": "Grow a Renewable Energy Economy Now--Jumpstart Other Biofuels Act of 2010 - Amends the Internal Revenue Code to: (1) allow a 30% energy tax credit for investments in qualified cellulosic and algae-based biofuel facilities; (2) extend through 2016 the special depreciation allowance for qualified cellulosic biofuel plant property; (3) include algae-based biofuel within the definition of cellulosic biofuel for purposes of the cellulosic biofuel producer tax credit; (4) exclude from the definition of cellulosic biofuel any processed fuel with an acid number greater than 25; (5) extend through 2016 the cellulosic biofuel producer tax credit; and (6) allow a direct payment of 30% of the basis of cellulosic and algae-based biofuel facility property.",
                "summary_short": "Grow a Renewable Energy Economy Now--Jumpstart Other Biofuels Act of 2010 - Amends the Internal Revenue Code to: (1) allow a 30% energy tax credit for investments in qualified cellulosic and algae-based biofuel facilities; (2) extend through 2016 the special depreciation allowance for qualified cellulosic biofuel plant property; (3) include algae-based biofuel within the definition of cellulosic biofuel for purposes of the cellulosic biofuel producer tax credit; (4) exclude from the definitio...",
                "latest_major_action_date": "2010-12-21",
                "latest_major_action": "Rule H. Res. 1781 passed House."
              },
                           {
                "congress": "111",
                "bill_id": "hconres268-111",
                "bill_type": "hconres",
                "number": "H.CON.RES.268",
                "bill_uri": "https://api.propublica.org/congress/v1/111/bills/hconres268.json",
                "title": "Supporting the goals and ideals of National Women's Health Week, and for other purposes.",
                "short_title": null,
                "sponsor_title": "Rep.",
                "sponsor_id": "H000627",
                "sponsor_name": "Maurice D. Hinchey",
                "sponsor_state": "NY",
                "sponsor_party": "D",
                "sponsor_uri": "https://api.propublica.org/congress/v1/members/H000627.json",
                "gpo_pdf_uri": null,
                "congressdotgov_url": "https://www.congress.gov/bill/111th-congress/house-concurrent-resolution/268",
                "govtrack_url": "https://www.govtrack.us/congress/bills/111/hconres268",
                "introduced_date": "2010-04-27",
                "active": null,
                "last_vote": "2010-05-12",
                "house_passage": "2010-05-12",
                "senate_passage": null,
                "enacted": null,
                "vetoed": null,
                "cosponsors": 56,
                "cosponsors_by_party": {"D":56},
                "committees": "House Oversight and Government Reform; Senate Health, Education, Labor, and Pensions",
                "primary_subject": "Health",
                "summary": "Expresses support for the goals and ideals of National Women's Health Week.",
                "summary_short": "Expresses support for the goals and ideals of National Women&#39;s Health Week.",
                "latest_major_action_date": "2010-05-17",
                "latest_major_action": "Received in the Senate and referred to the Committee on Health, Education, Labor, and Pensions."
              },
                           {
                "congress": "111",
                "bill_id": "hr5146-111",
                "bill_type": "hr",
                "number": "H.R.5146",
                "bill_uri": "https://api.propublica.org/congress/v1/111/bills/hr5146.json",
                "title": "To provide that Members of Congress shall not receive a cost of living adjustment in pay during fiscal year 2011.",
                "short_title": null,
                "sponsor_title": "Rep.",
                "sponsor_id": "M001167",
                "sponsor_name": "Harry E. Mitchell",
                "sponsor_state": "AZ",
                "sponsor_party": "D",
                "sponsor_uri": "https://api.propublica.org/congress/v1/members/M001167.json",
                "gpo_pdf_uri": null,
                "congressdotgov_url": "https://www.congress.gov/bill/111th-congress/house-bill/5146",
                "govtrack_url": "https://www.govtrack.us/congress/bills/111/hr5146",
                "introduced_date": "2010-04-27",
                "active": null,
                "last_vote": "2010-04-27",
                "house_passage": "2010-04-27",
                "senate_passage": null,
                "enacted": null,
                "vetoed": null,
                "cosponsors": 79,
                "cosponsors_by_party": {"R":19,"D":60},
                "committees": "House Administration; House Oversight and Government Reform",
                "primary_subject": "Congress",
                "summary": "Eliminates automatic cost of living adjustments for Members of Congress during FY2011.",
                "summary_short": "Eliminates automatic cost of living adjustments for Members of Congress during FY2011.",
                "latest_major_action_date": "2010-05-14",
                "latest_major_action": "Became Public Law No: 111-165."
              },
                           {
                "congress": "111",
                "bill_id": "hr3393-111",
                "bill_type": "hr",
                "number": "H.R.3393",
                "bill_uri": "https://api.propublica.org/congress/v1/111/bills/hr3393.json",
                "title": "To amend the Improper Payments Information Act of 2002 (31 U.S.C. 3321 note) in order to prevent the loss of billions in taxpayer dollars.",
                "short_title": "Improper Payments Elimination and Recovery Act of 2010",
                "sponsor_title": "Rep.",
                "sponsor_id": "M001168",
                "sponsor_name": "Patrick J. Murphy",
                "sponsor_state": "PA",
                "sponsor_party": "D",
                "sponsor_uri": "https://api.propublica.org/congress/v1/members/M001168.json",
                "gpo_pdf_uri": null,
                "congressdotgov_url": "https://www.congress.gov/bill/111th-congress/house-bill/3393",
                "govtrack_url": "https://www.govtrack.us/congress/bills/111/hr3393",
                "introduced_date": "2009-07-29",
                "active": null,
                "last_vote": null,
                "house_passage": "2010-04-28",
                "senate_passage": null,
                "enacted": null,
                "vetoed": null,
                "cosponsors": 52,
                "cosponsors_by_party": {"R":5,"D":47},
                "committees": "House Oversight and Government Reform; Senate Homeland Security and Governmental Affairs",
                "primary_subject": "Government operations and politics",
                "summary": "Improper Payments Elimination and Recovery Act of 2010 - (Sec. 2) Amends the Improper Payments Information Act of 2002 to expand requirements for identifying programs and activities susceptible to improper payments by requiring the head of each federal agency, during the year after the enactment of this Act and at least once every three fiscal years thereafter, to review and identify agency programs and activities that may be susceptible to significant improper payments. Defines \"significant\" to mean: (1) improper payments in the preceding fiscal year that may have exceeded $100 million or $10 million of all program and activity payments and 2.5% of program outlays; and (2) for fiscal years prior to FY2013, improper payments that may have exceeded $100 million or $10 million of all program and activity payments and 1.5% of program outlays. Sets forth risk factors to be considered in conducting improper payment reviews, including: (1) whether the program or activity reviewed is new to the agency; (2) the complexity of the program or activity; (3) the volume of payments made; (4) whether payment or payment eligibility decisions are made outside of the agency; (5) recent major changes in program funding, authorities, practices, or procedures; (6) the level, experience, and quality of personnel training; and (7) significant deficiencies in auditing practices. Revises requirements for estimating improper payments to require agency heads to: (1) produce a statistically valid estimate of the improper payments in their agencies; and (2) include such estimates in their annual financial statements. Expands agency reporting requirements on actions to reduce improper payments to require a statement of whether the agency has sufficient resources with respect to internal controls, human capital, and information systems and other infrastructure to prevent improper payments. Requires reports on actions to recover improper payments. Requires the Director of the Office of Management and Budget (OMB) to: (1) report each fiscal year to the House Committee on Oversight and Government Reform and the Senate Committee on Homeland Security and Governmental Affairs on actions agencies have taken to report information relating to improper payments and to recover such payments; (2) prescribe guidance to agencies to implement requirements of this Act; and (3) develop specific criteria as to when an agency should be required to obtain an opinion on internal control over financial reporting. Requires agency heads to: (1) conduct recovery audits for agency programs that expend $1 million or more annually if such audits would be cost-effective; and (2) conduct financial management improvement programs that address problems that contribute directly to agency improper payments. Requires the Chief Financial Officers Council to conduct a study of the implementation and cost effectiveness of recovery audits and report on such study to the House Committee on Oversight and Government Reform, the Senate Committee on Homeland Security and Governmental Affairs, and the Comptroller General. (Sec. 3) Requires the Inspector General of each federal agency in each fiscal year to determine whether such agency is in compliance with the requirements of this Act and submit a report on that determination to the head of the agency, the House Committee on Oversight and Government Reform, the Senate Committee on Homeland Security and Governmental Affairs, and the Comptroller General. Deems an agency to be in compliance if such agency has conducted a program specific risk assessment and has published specified information, including improper payment estimates for all programs and activities, a corrective action plan, and improper payment reduction targets. Sets forth requirements for bringing noncompliant agencies into compliance. Authorizes the OMB Director to establish one or more pilot programs for testing accountability mechanisms for compliance with this Act and report to Congress on such programs. Requires the Chief Financial Officers Council and the Council of Inspectors General on Integrity and Efficiency to: (1) jointly examine the lessons learned in implementing the Chief Financial Officers Act of 1990 and identify reforms or improvements in federal financial management; and (2) report on such examination to the House Committee on Oversight and Government Reform, the Senate Committee on Homeland Security and Governmental Affairs, and the Comptroller General.",
                "summary_short": "Improper Payments Elimination and Recovery Act of 2010 - (Sec. 2) Amends the Improper Payments Information Act of 2002 to expand requirements for identifying programs and activities susceptible to improper payments by requiring the head of each federal agency, during the year after the enactment of this Act and at least once every three fiscal years thereafter, to review and identify agency programs and activities that may be susceptible to significant improper payments. Defines &quot;significant&quot;...",
                "latest_major_action_date": "2010-04-29",
                "latest_major_action": "Received in the Senate and Read twice and referred to the Committee on Homeland Security and Governmental Affairs."
              },
                           {
                "congress": "111",
                "bill_id": "hr1308-111",
                "bill_type": "hr",
                "number": "H.R.1308",
                "bill_uri": "https://api.propublica.org/congress/v1/111/bills/hr1308.json",
                "title": "To direct the Secretary of Defense to adopt a program of professional and confidential screenings to detect mental health injuries acquired during deployment in support of a contingency operation and ultimately to reduce the incidence of suicide among veterans.",
                "short_title": "Veterans Mental Health Screening and Assessment Act",
                "sponsor_title": "Rep.",
                "sponsor_id": "M001174",
                "sponsor_name": "Michael E. McMahon",
                "sponsor_state": "NY",
                "sponsor_party": "D",
                "sponsor_uri": "https://api.propublica.org/congress/v1/members/M001174.json",
                "gpo_pdf_uri": null,
                "congressdotgov_url": "https://www.congress.gov/bill/111th-congress/house-bill/1308",
                "govtrack_url": "https://www.govtrack.us/congress/bills/111/hr1308",
                "introduced_date": "2009-03-04",
                "active": null,
                "last_vote": null,
                "house_passage": null,
                "senate_passage": null,
                "enacted": null,
                "vetoed": null,
                "cosponsors": 50,
                "cosponsors_by_party": {"R":4,"D":46,"I":1},
                "committees": "House Armed Services; House Veterans&#39; Affairs",
                "primary_subject": "Armed forces and national security",
                "summary": "Veterans Mental Health Screening and Assessment Act - Expresses the sense of Congress that: (1) the increasing rate of suicide among veterans returning from Operations Enduring Freedom and Iraqi Freedom is a serious problem; and (2) the Secretary of Defense should conduct mandatory, face-to-face, and confidential mental health and traumatic brain injury screenings for each member of the Armed Forces (member) during the period beginning 90 days after the member completes a deployment in support of a contingency operation and ending 180 days thereafter. Directs the Secretary to carry out such screenings. Prohibits the Secretary from prohibiting a member from returning to the United States due to any screening result or determination. Requires the Secretary and the Secretary of Veterans Affairs to establish a joint protocol to share existing and future reports from confidential screenings conducted to help aid members in their transition from health care and treatment provided by the Department of Defense (DOD) to health care and treatment provided by the Department of Veterans Affairs (VA).",
                "summary_short": "Veterans Mental Health Screening and Assessment Act - Expresses the sense of Congress that: (1) the increasing rate of suicide among veterans returning from Operations Enduring Freedom and Iraqi Freedom is a serious problem; and (2) the Secretary of Defense should conduct mandatory, face-to-face, and confidential mental health and traumatic brain injury screenings for each member of the Armed Forces (member) during the period beginning 90 days after the member completes a deployment in suppor...",
                "latest_major_action_date": "2009-03-31",
                "latest_major_action": "Referred to the Subcommittee on Military Personnel."
              },
                           {
                "congress": "111",
                "bill_id": "hr4850-111",
                "bill_type": "hr",
                "number": "H.R.4850",
                "bill_uri": "https://api.propublica.org/congress/v1/111/bills/hr4850.json",
                "title": "To amend the Internal Revenue Code of 1986 to allow companies to utilize existing alternative minimum tax credits to create and maintain United States jobs, and for other purposes.",
                "short_title": "American Job Creation and Investment Act",
                "sponsor_title": "Rep.",
                "sponsor_id": "P000595",
                "sponsor_name": "Gary Peters",
                "sponsor_state": "MI",
                "sponsor_party": "D",
                "sponsor_uri": "https://api.propublica.org/congress/v1/members/P000595.json",
                "gpo_pdf_uri": null,
                "congressdotgov_url": "https://www.congress.gov/bill/111th-congress/house-bill/4850",
                "govtrack_url": "https://www.govtrack.us/congress/bills/111/hr4850",
                "introduced_date": "2010-03-16",
                "active": null,
                "last_vote": null,
                "house_passage": null,
                "senate_passage": null,
                "enacted": null,
                "vetoed": null,
                "cosponsors": 77,
                "cosponsors_by_party": {"D":56,"R":21},
                "committees": "House Ways and Means",
                "primary_subject": "Taxation",
                "summary": "American Job Creation and Investment Act - Amends the Internal Revenue Code to allow a corporation to elect in 2010 and 2011 to increase its alternative minimum tax (AMT) credits by a specified credit adjustment amount for purposes of increasing its U.S. workforce and making investments in business equipment. Allows a similar election for a taxable year which includes December 31, 2009, with certain restrictions. Terminates such additional credit allowance after December 31, 2011.",
                "summary_short": "American Job Creation and Investment Act - Amends the Internal Revenue Code to allow a corporation to elect in 2010 and 2011 to increase its alternative minimum tax (AMT) credits by a specified credit adjustment amount for purposes of increasing its U.S. workforce and making investments in business equipment. Allows a similar election for a taxable year which includes December 31, 2009, with certain restrictions. Terminates such additional credit allowance after December 31, 2011.",
                "latest_major_action_date": "2010-03-16",
                "latest_major_action": "Referred to the House Committee on Ways and Means."
              },
                           {
                "congress": "111",
                "bill_id": "hr4879-111",
                "bill_type": "hr",
                "number": "H.R.4879",
                "bill_uri": "https://api.propublica.org/congress/v1/111/bills/hr4879.json",
                "title": "To prohibit the application of certain restrictive eligibility requirements to foreign nongovernmental organizations with respect to the provision of assistance under part I of the Foreign Assistance Act of 1961.",
                "short_title": "Global Democracy Promotion Act",
                "sponsor_title": "Rep.",
                "sponsor_id": "L000480",
                "sponsor_name": "Nita M. Lowey",
                "sponsor_state": "NY",
                "sponsor_party": "D",
                "sponsor_uri": "https://api.propublica.org/congress/v1/members/L000480.json",
                "gpo_pdf_uri": null,
                "congressdotgov_url": "https://www.congress.gov/bill/111th-congress/house-bill/4879",
                "govtrack_url": "https://www.govtrack.us/congress/bills/111/hr4879",
                "introduced_date": "2010-03-18",
                "active": null,
                "last_vote": null,
                "house_passage": null,
                "senate_passage": null,
                "enacted": null,
                "vetoed": null,
                "cosponsors": 95,
                "cosponsors_by_party": {"D":94,"R":1},
                "committees": "House Foreign Affairs",
                "primary_subject": "International affairs",
                "summary": "Global Democracy Promotion Act - States that in determining eligibility for assistance under part I of the Foreign Assistance Act of 1961 foreign nongovernmental organizations shall not: (1) be ineligible for such assistance solely on the basis of health or medical services provided by such organizations with non-U.S. government funds if such services do not violate the laws of the country in which they are being provided and would not violate U.S. federal law if provided in the United States; and (2) be subject to requirements relating to the use of non-U.S. government funds for advocacy and lobbying activities other than those that apply to U.S. nongovernmental organizations receiving assistance under part I of such Act.",
                "summary_short": "Global Democracy Promotion Act - States that in determining eligibility for assistance under part I of the Foreign Assistance Act of 1961 foreign nongovernmental organizations shall not: (1) be ineligible for such assistance solely on the basis of health or medical services provided by such organizations with non-U.S. government funds if such services do not violate the laws of the country in which they are being provided and would not violate U.S. federal law if provided in the United States...",
                "latest_major_action_date": "2010-03-18",
                "latest_major_action": "Referred to the House Committee on Foreign Affairs."
              },
                           {
                "congress": "111",
                "bill_id": "hr2737-111",
                "bill_type": "hr",
                "number": "H.R.2737",
                "bill_uri": "https://api.propublica.org/congress/v1/111/bills/hr2737.json",
                "title": "To provide United States assistance for the purpose of eradicating trafficking in children in eligible countries through the implementation of Child Protection Compacts, and for other purposes.",
                "short_title": "Child Protection Compact Act of 2009",
                "sponsor_title": "Rep.",
                "sponsor_id": "S000522",
                "sponsor_name": "Christopher H. Smith",
                "sponsor_state": "NJ",
                "sponsor_party": "R",
                "sponsor_uri": "https://api.propublica.org/congress/v1/members/S000522.json",
                "gpo_pdf_uri": null,
                "congressdotgov_url": "https://www.congress.gov/bill/111th-congress/house-bill/2737",
                "govtrack_url": "https://www.govtrack.us/congress/bills/111/hr2737",
                "introduced_date": "2009-06-04",
                "active": null,
                "last_vote": null,
                "house_passage": null,
                "senate_passage": null,
                "enacted": null,
                "vetoed": null,
                "cosponsors": 117,
                "cosponsors_by_party": {"D":69,"R":48},
                "committees": "House Foreign Affairs",
                "primary_subject": "International affairs",
                "summary": "Child Protection Compact Act of 2009 - Authorizes the Secretary of State, through the Ambassador-at-Large of the Department of State's Office to Monitor and Combat Trafficking in Persons, to provide assistance (grants, cooperative agreements, or contracts) for an eligible country with a significant prevalence of trafficking in children that enters into a Child Protection Compact with the United States to support policies and programs to eradicate the trafficking of children.",
                "summary_short": "Child Protection Compact Act of 2009 - Authorizes the Secretary of State, through the Ambassador-at-Large of the Department of State&#39;s Office to Monitor and Combat Trafficking in Persons, to provide assistance (grants, cooperative agreements, or contracts) for an eligible country with a significant prevalence of trafficking in children that enters into a Child Protection Compact with the United States to support policies and programs to eradicate the trafficking of children.",
                "latest_major_action_date": "2009-06-04",
                "latest_major_action": "Referred to the House Committee on Foreign Affairs."
              },
                           {
                "congress": "111",
                "bill_id": "hr4830-111",
                "bill_type": "hr",
                "number": "H.R.4830",
                "bill_uri": "https://api.propublica.org/congress/v1/111/bills/hr4830.json",
                "title": "To promote the economic self-sufficiency of low-income women through their increased participation in high-wage, high-demand occupations where they currently represent 25 percent or less of the workforce.",
                "short_title": "Women and Workforce Investment for Nontraditional Jobs",
                "sponsor_title": "Rep.",
                "sponsor_id": "P000598",
                "sponsor_name": "Jared Polis",
                "sponsor_state": "CO",
                "sponsor_party": "D",
                "sponsor_uri": "https://api.propublica.org/congress/v1/members/P000598.json",
                "gpo_pdf_uri": null,
                "congressdotgov_url": "https://www.congress.gov/bill/111th-congress/house-bill/4830",
                "govtrack_url": "https://www.govtrack.us/congress/bills/111/hr4830",
                "introduced_date": "2010-03-11",
                "active": null,
                "last_vote": null,
                "house_passage": null,
                "senate_passage": null,
                "enacted": null,
                "vetoed": null,
                "cosponsors": 59,
                "cosponsors_by_party": {"D":58,"I":1},
                "committees": "House Education and Labor",
                "primary_subject": "Labor and employment",
                "summary": "Women and Workforce Investment for Nontraditional Jobs or Women WIN Jobs - Requires the Secretary of Labor, in any fiscal year in which the total authorization of appropriations to carry out this Act exceeds $50 million, to allocate grants to states with approved state plans to provide funding to eligible entities (partnerships) to increase low-income women's participation in high-wage, high-demand occupations in which women make up less than 25% of the current workforce. Authorizes states to use grants for statewide activities, including to: (1) provide technical assistance to eligible entities and to state registered apprenticeship programs and sponsors and joint apprenticeship training councils in meeting their enrollment goal for low-income women in nontraditional occupations; (2) develop policies and protocols that set goals for hiring specific percentages of women into registered apprenticeships and permanent employment openings in publicly assisted projects; and (3) engage in outreach activities and provide training to overcome stereotypes about women in nontraditional occupations as well as gender inequity among employers. Authorizes the allocation of grant funds to eligible entities to support the recruitment, training, placement, and retention of low-income women in nontraditional occupations. Directs the Secretary to convene a national commission to examine and make recommendations for improving the status of women in high-demand, high-wage nontraditional occupations. Directs the Bureau of Labor Statistics (BLS) to collect data on the status of women's participation in underrepresented sectors of the economy, and examine the status of women in relation to that of men. Directs the Secretary to establish a national clearinghouse to collect and distribute best practices.",
                "summary_short": "Women and Workforce Investment for Nontraditional Jobs or Women WIN Jobs - Requires the Secretary of Labor, in any fiscal year in which the total authorization of appropriations to carry out this Act exceeds $50 million, to allocate grants to states with approved state plans to provide funding to eligible entities (partnerships) to increase low-income women&#39;s participation in high-wage, high-demand occupations in which women make up less than 25% of the current workforce. Authorizes states to...",
                "latest_major_action_date": "2010-03-22",
                "latest_major_action": "Referred to the Subcommittee on Higher Education, Lifelong Learning, and Competitiveness."
              },
                           {
                "congress": "111",
                "bill_id": "hres1281-111",
                "bill_type": "hres",
                "number": "H.RES.1281",
                "bill_uri": "https://api.propublica.org/congress/v1/111/bills/hres1281.json",
                "title": "Celebrating the life and achievements of Dr. Dorothy Irene Height and recognizing her life-long dedication and leadership in the struggle for human rights and equality for all people until her death at age 98 on April 20, 2010.",
                "short_title": null,
                "sponsor_title": "Rep.",
                "sponsor_id": "F000455",
                "sponsor_name": "Marcia L. Fudge",
                "sponsor_state": "OH",
                "sponsor_party": "D",
                "sponsor_uri": "https://api.propublica.org/congress/v1/members/F000455.json",
                "gpo_pdf_uri": null,
                "congressdotgov_url": "https://www.congress.gov/bill/111th-congress/house-resolution/1281",
                "govtrack_url": "https://www.govtrack.us/congress/bills/111/hres1281",
                "introduced_date": "2010-04-21",
                "active": null,
                "last_vote": null,
                "house_passage": null,
                "senate_passage": null,
                "enacted": null,
                "vetoed": null,
                "cosponsors": 108,
                "cosponsors_by_party": {"D":102,"R":5,"I":1},
                "committees": "House Judiciary",
                "primary_subject": "Civil rights and liberties, minority issues",
                "summary": "Celebrates the life of Dr. Dorothy Irene Height and recognizes her lifelong dedication and leadership in the struggle for civil rights for all people.",
                "summary_short": "Celebrates the life of Dr. Dorothy Irene Height and recognizes her lifelong dedication and leadership in the struggle for civil rights for all people.",
                "latest_major_action_date": "2010-04-21",
                "latest_major_action": "Motion to reconsider laid on the table Agreed to without objection."
              },
                           {
                "congress": "111",
                "bill_id": "hr5105-111",
                "bill_type": "hr",
                "number": "H.R.5105",
                "bill_uri": "https://api.propublica.org/congress/v1/111/bills/hr5105.json",
                "title": "To establish a Chief Veterinary Officer in the Department of Homeland Security, and for other purposes.",
                "short_title": null,
                "sponsor_title": "Rep.",
                "sponsor_id": "R000575",
                "sponsor_name": "Mike D. Rogers",
                "sponsor_state": "AL",
                "sponsor_party": "R",
                "sponsor_uri": "https://api.propublica.org/congress/v1/members/R000575.json",
                "gpo_pdf_uri": null,
                "congressdotgov_url": "https://www.congress.gov/bill/111th-congress/house-bill/5105",
                "govtrack_url": "https://www.govtrack.us/congress/bills/111/hr5105",
                "introduced_date": "2010-04-21",
                "active": null,
                "last_vote": null,
                "house_passage": null,
                "senate_passage": null,
                "enacted": null,
                "vetoed": null,
                "cosponsors": 6,
                "cosponsors_by_party": {"D":4,"R":2},
                "committees": "House Homeland Security; House Agriculture",
                "primary_subject": "Emergency management",
                "summary": "Amends the Homeland Security Act of 2002 to establish in the Department of Homeland Security (DHS) a Chief Veterinary Officer, who shall: (1) head the division of DHS with primary responsibility for veterinary issues, food defense, and agriculture security; and (2) have primary responsibility within DHS for responsibilities relating to veterinary medicine and veterinary public health. Requires that such Officer: (1) be a veterinarian who possesses a demonstrated ability in and knowledge of veterinary public health and emergency preparedness; (2) be appointed by the DHS Secretary; and (3) report directly to the Chief Medical Officer (or to the Assistant Secretary for Health Affairs if the Assistant Secretary is not serving as Chief Medical Officer). Directs: (1) such Officer to report to Congress on the state of DHS's working animals during each fiscal year and include a description of any animal initiative or program conducted during such fiscal year; and (2) the Secretary to report to the appropriate congressional committees at least 180 days before carrying out any reorganization within DHS that would affect any responsibility of the Chief Veterinary Officer.",
                "summary_short": "Amends the Homeland Security Act of 2002 to establish in the Department of Homeland Security (DHS) a Chief Veterinary Officer, who shall: (1) head the division of DHS with primary responsibility for veterinary issues, food defense, and agriculture security; and (2) have primary responsibility within DHS for responsibilities relating to veterinary medicine and veterinary public health. Requires that such Officer: (1) be a veterinarian who possesses a demonstrated ability in and knowledge of ve...",
                "latest_major_action_date": "2010-12-22",
                "latest_major_action": "Placed on the Union Calendar, Calendar No. 412."
              },
                           {
                "congress": "111",
                "bill_id": "hr3652-111",
                "bill_type": "hr",
                "number": "H.R.3652",
                "bill_uri": "https://api.propublica.org/congress/v1/111/bills/hr3652.json",
                "title": "To amend the Public Health Service Act and title XVIII of the Social Security Act to make the provision of technical services for medical imaging examinations and radiation therapy treatments safer, more accurate, and less costly.",
                "short_title": "Consistency, Accuracy, Responsibility, and Excellence in Medical Imaging and Radiation Therapy Act of 2009",
                "sponsor_title": "Rep.",
                "sponsor_id": "B001252",
                "sponsor_name": "John Barrow",
                "sponsor_state": "GA",
                "sponsor_party": "D",
                "sponsor_uri": "https://api.propublica.org/congress/v1/members/B001252.json",
                "gpo_pdf_uri": null,
                "congressdotgov_url": "https://www.congress.gov/bill/111th-congress/house-bill/3652",
                "govtrack_url": "https://www.govtrack.us/congress/bills/111/hr3652",
                "introduced_date": "2009-09-25",
                "active": null,
                "last_vote": null,
                "house_passage": null,
                "senate_passage": null,
                "enacted": null,
                "vetoed": null,
                "cosponsors": 134,
                "cosponsors_by_party": {"R":36,"D":98},
                "committees": "House Energy and Commerce; House Ways and Means",
                "primary_subject": "Health",
                "summary": "Consistency, Accuracy, Responsibility, and Excellence in Medical Imaging and Radiation Therapy Act of 2009 - Amends the Public Health Service Act to require personnel who perform or plan the technical component of either medical imaging examinations or radiation therapy procedures for medical purposes to possess, effective January 1, 2013: (1) certification in each medical imaging or radiation therapy modality and service provided from a certification organization designated by the Secretary of Health and Human Services (HHS); or (2) state licensure or certification where such services and modalities are within the scope of practice as defined by the state for such profession and where the requirements for licensure, certification, or registration meet or exceed the standards established by the Secretary. Exempts physicians, nurse practitioners, and physician assistants. Directs the Secretary to: (1) establish minimum standards for personnel who perform, plan, evaluate, or verify patient dose for medical imaging examinations or radiation therapy procedures; (2) establish a program for designating certification organizations after consideration of specified criteria; (3) provide a method for the recognition of individuals whose training or experience are determined to be equal to, or in excess of, those of a graduate of an accredited educational program in that specialty; and (4) approve and publish a list of accrediting bodies for such certification organizations. Authorizes the Secretary to develop alternative standards for rural or health professional shortage areas as appropriate to assure access to quality medical imaging. Amends the Social Security Act to allow Medicare payment for medical imaging and radiation therapy services furnished on or after January 1, 2013, only if the examination or procedure is planned or performed by an individual who meets this Act's requirements.",
                "summary_short": "Consistency, Accuracy, Responsibility, and Excellence in Medical Imaging and Radiation Therapy Act of 2009 - Amends the Public Health Service Act to require personnel who perform or plan the technical component of either medical imaging examinations or radiation therapy procedures for medical purposes to possess, effective January 1, 2013: (1) certification in each medical imaging or radiation therapy modality and service provided from a certification organization designated by the Secretary ...",
                "latest_major_action_date": "2009-09-29",
                "latest_major_action": "Referred to the Subcommittee on Health."
              },
                           {
                "congress": "111",
                "bill_id": "hres1272-111",
                "bill_type": "hres",
                "number": "H.RES.1272",
                "bill_uri": "https://api.propublica.org/congress/v1/111/bills/hres1272.json",
                "title": "Commemorating the 40th anniversary of the May 4, 1970, Kent State University shootings.",
                "short_title": null,
                "sponsor_title": "Rep.",
                "sponsor_id": "R000577",
                "sponsor_name": "Tim Ryan",
                "sponsor_state": "OH",
                "sponsor_party": "D",
                "sponsor_uri": "https://api.propublica.org/congress/v1/members/R000577.json",
                "gpo_pdf_uri": null,
                "congressdotgov_url": "https://www.congress.gov/bill/111th-congress/house-resolution/1272",
                "govtrack_url": "https://www.govtrack.us/congress/bills/111/hres1272",
                "introduced_date": "2010-04-20",
                "active": null,
                "last_vote": "2010-05-05",
                "house_passage": null,
                "senate_passage": null,
                "enacted": null,
                "vetoed": null,
                "cosponsors": 26,
                "cosponsors_by_party": {"D":26},
                "committees": "House Education and Labor",
                "primary_subject": "Education",
                "summary": "Commemorates the 40th anniversary of the Kent State University shootings that occurred on May 4, 1970, by: (1) recognizing the tragedy of the shootings and the implications that the shootings have had not only on Kent State and the local community, but also on the nation and the world; and (2) applauding the development of the May 4 visitors' center as an additional primary resource to preserve and communicate the history of the shootings, its larger ethical and societal context and impact, and its enduring meaning for our democratic nation.",
                "summary_short": "Commemorates the 40th anniversary of the Kent State University shootings that occurred on May 4, 1970, by: (1) recognizing the tragedy of the shootings and the implications that the shootings have had not only on Kent State and the local community, but also on the nation and the world; and (2) applauding the development of the May 4 visitors&#39; center as an additional primary resource to preserve and communicate the history of the shootings, its larger ethical and societal context and impact, a...",
                "latest_major_action_date": "2010-05-05",
                "latest_major_action": "Motion to reconsider laid on the table Agreed to without objection."
              }
             ]
      }
   ]
}
