{
   "status":"OK",
   "copyright":"Copyright (c) 2020 Pro Publica Inc. All Rights Reserved.",
   "results":[
      {
         "id": "K000372",
         "member_uri": "https://api.propublica.org/congress/v1/members/K000372.json",
         "name": "Mary Jo Kilroy",
         "num_results": 338,
         "offset": 40,
         "bills": [
              {
                "congress": "111",
                "bill_id": "hr4940-111",
                "bill_type": "hr",
                "number": "H.R.4940",
                "bill_uri": "https://api.propublica.org/congress/v1/111/bills/hr4940.json",
                "title": "To amend the Internal Revenue Code of 1986 to extend certain tax incentives for alcohol used as fuel and to amend the Harmonized Tariff Schedule of the United States to extend additional duties on ethanol.",
                "short_title": "Renewable Fuels Reinvestment Act",
                "sponsor_title": "Rep.",
                "sponsor_id": "P000422",
                "sponsor_name": "Earl Pomeroy",
                "sponsor_state": "ND",
                "sponsor_party": "D",
                "sponsor_uri": "https://api.propublica.org/congress/v1/members/P000422.json",
                "gpo_pdf_uri": null,
                "congressdotgov_url": "https://www.congress.gov/bill/111th-congress/house-bill/4940",
                "govtrack_url": "https://www.govtrack.us/congress/bills/111/hr4940",
                "introduced_date": "2010-03-25",
                "active": null,
                "last_vote": null,
                "house_passage": null,
                "senate_passage": null,
                "enacted": null,
                "vetoed": null,
                "cosponsors": 46,
                "cosponsors_by_party": {"R":20,"D":26},
                "committees": "House Ways and Means",
                "primary_subject": "Taxation",
                "summary": "Renewable Fuels Reinvestment Act - Amends the Internal Revenue Code to extend through 2015 the income and excise tax credits for alcohol used as fuel, the cellulosic biofuel producer tax credit, and the reduced credit for ethanol blenders. Amends the Harmonized Tariff Schedule of the United States to extend until 2016 the additional tariff on ethyl alcohol blends (ethanol) used as fuel.",
                "summary_short": "Renewable Fuels Reinvestment Act - Amends the Internal Revenue Code to extend through 2015 the income and excise tax credits for alcohol used as fuel, the cellulosic biofuel producer tax credit, and the reduced credit for ethanol blenders. Amends the Harmonized Tariff Schedule of the United States to extend until 2016 the additional tariff on ethyl alcohol blends (ethanol) used as fuel.",
                "latest_major_action_date": "2010-04-09",
                "latest_major_action": "Referred to the Subcommittee on Trade."
              },
                           {
                "congress": "111",
                "bill_id": "hres1494-111",
                "bill_type": "hres",
                "number": "H.RES.1494",
                "bill_uri": "https://api.propublica.org/congress/v1/111/bills/hres1494.json",
                "title": "Congratulating the champion, finalists, and all other participants in the 83rd Annual Scripps National Spelling Bee.",
                "short_title": null,
                "sponsor_title": "Rep.",
                "sponsor_id": "S001174",
                "sponsor_name": "Betty Sutton",
                "sponsor_state": "OH",
                "sponsor_party": "D",
                "sponsor_uri": "https://api.propublica.org/congress/v1/members/S001174.json",
                "gpo_pdf_uri": null,
                "congressdotgov_url": "https://www.congress.gov/bill/111th-congress/house-resolution/1494",
                "govtrack_url": "https://www.govtrack.us/congress/bills/111/hres1494",
                "introduced_date": "2010-06-30",
                "active": null,
                "last_vote": null,
                "house_passage": null,
                "senate_passage": null,
                "enacted": null,
                "vetoed": null,
                "cosponsors": 52,
                "cosponsors_by_party": {"D":40,"R":12},
                "committees": "House Oversight and Government Reform",
                "primary_subject": "Education",
                "summary": "Congratulates all the contestants of the 83rd Annual Scripps National Spelling Bee. Recognizes the dedication and achievement of competition winner Anamika Veeramani and the other finalists, Adrian Gunawan, Elizabeth Platz, Shantanu Srivatsa, Laura Newcombe, Lanson Tang, Joanna Ye, and Andrew Grose.",
                "summary_short": "Congratulates all the contestants of the 83rd Annual Scripps National Spelling Bee. Recognizes the dedication and achievement of competition winner Anamika Veeramani and the other finalists, Adrian Gunawan, Elizabeth Platz, Shantanu Srivatsa, Laura Newcombe, Lanson Tang, Joanna Ye, and Andrew Grose.",
                "latest_major_action_date": "2010-11-16",
                "latest_major_action": "Motion to reconsider laid on the table Agreed to without objection."
              },
                           {
                "congress": "111",
                "bill_id": "hres1512-111",
                "bill_type": "hres",
                "number": "H.RES.1512",
                "bill_uri": "https://api.propublica.org/congress/v1/111/bills/hres1512.json",
                "title": "Commending Google Inc. and other companies for advocating for an uncensored Internet, adhering to free speech principles, and keeping the Internet open for users worldwide.",
                "short_title": null,
                "sponsor_title": "Rep.",
                "sponsor_id": "M000309",
                "sponsor_name": "Carolyn McCarthy",
                "sponsor_state": "NY",
                "sponsor_party": "D",
                "sponsor_uri": "https://api.propublica.org/congress/v1/members/M000309.json",
                "gpo_pdf_uri": null,
                "congressdotgov_url": "https://www.congress.gov/bill/111th-congress/house-resolution/1512",
                "govtrack_url": "https://www.govtrack.us/congress/bills/111/hres1512",
                "introduced_date": "2010-07-13",
                "active": null,
                "last_vote": null,
                "house_passage": null,
                "senate_passage": null,
                "enacted": null,
                "vetoed": null,
                "cosponsors": 8,
                "cosponsors_by_party": {"R":1,"D":7},
                "committees": "House Foreign Affairs",
                "primary_subject": "International affairs",
                "summary": "Commends Google Inc. and other companies for advocating for an uncensored Internet, adhering to free speech principles, and keeping the Internet open for users worldwide. Encourages other companies and institutions to protect freedom of speech and monitor cybersecurity issues around the world by encouraging their participation in the Global Network Initiative. Calls on the President, Secretary of State, and the U.S. Trade Representative to make Internet access for lawful uses an important part of U.S. foreign policy.",
                "summary_short": "Commends Google Inc. and other companies for advocating for an uncensored Internet, adhering to free speech principles, and keeping the Internet open for users worldwide. Encourages other companies and institutions to protect freedom of speech and monitor cybersecurity issues around the world by encouraging their participation in the Global Network Initiative. Calls on the President, Secretary of State, and the U.S. Trade Representative to make Internet access for lawful uses an important par...",
                "latest_major_action_date": "2010-07-13",
                "latest_major_action": "Referred to the House Committee on Foreign Affairs."
              },
                           {
                "congress": "111",
                "bill_id": "hr5714-111",
                "bill_type": "hr",
                "number": "H.R.5714",
                "bill_uri": "https://api.propublica.org/congress/v1/111/bills/hr5714.json",
                "title": "To amend title II of the Social Security Act to prohibit the inclusion of Social Security account numbers on Medicare cards.",
                "short_title": "Medicare Identity Theft Prevention Act of 2010",
                "sponsor_title": "Rep.",
                "sponsor_id": "D000399",
                "sponsor_name": "Lloyd Doggett",
                "sponsor_state": "TX",
                "sponsor_party": "D",
                "sponsor_uri": "https://api.propublica.org/congress/v1/members/D000399.json",
                "gpo_pdf_uri": null,
                "congressdotgov_url": "https://www.congress.gov/bill/111th-congress/house-bill/5714",
                "govtrack_url": "https://www.govtrack.us/congress/bills/111/hr5714",
                "introduced_date": "2010-07-13",
                "active": null,
                "last_vote": null,
                "house_passage": null,
                "senate_passage": null,
                "enacted": null,
                "vetoed": null,
                "cosponsors": 24,
                "cosponsors_by_party": {"R":6,"D":18},
                "committees": "House Ways and Means",
                "primary_subject": "Health",
                "summary": "Medicare Identity Theft Prevention Act of 2010 - Amends title II (Old Age, Survivors and Disability Insurance) (OASDI) of the Social Security Act to direct the Secretary of Health and Human Services (HHS) to establish cost-effective procedures to ensure that: (1) a Social Security account number (or any derivative) is not displayed, coded, or embedded on the Medicare card issued to an individual entitled to benefits under part A (Hospital Insurance) of title XVIII (Medicare) of the Social Security Act or enrolled under Medicare part B (Supplementary Medical Insurance); and (2) any other identifier displayed on such card is easily identifiable as not being the Social Security account number (or a derivative).",
                "summary_short": "Medicare Identity Theft Prevention Act of 2010 - Amends title II (Old Age, Survivors and Disability Insurance) (OASDI) of the Social Security Act to direct the Secretary of Health and Human Services (HHS) to establish cost-effective procedures to ensure that: (1) a Social Security account number (or any derivative) is not displayed, coded, or embedded on the Medicare card issued to an individual entitled to benefits under part A (Hospital Insurance) of title XVIII (Medicare) of the Social Sec...",
                "latest_major_action_date": "2010-07-13",
                "latest_major_action": "Referred to the House Committee on Ways and Means."
              },
                           {
                "congress": "111",
                "bill_id": "hr333-111",
                "bill_type": "hr",
                "number": "H.R.333",
                "bill_uri": "https://api.propublica.org/congress/v1/111/bills/hr333.json",
                "title": "To amend title 10, United States Code, to permit retired members of the Armed Forces who have a service-connected disability rated less than 50 percent to receive concurrent payment of both retired pay and veterans' disability compensation, to eliminate the phase-in period for concurrent receipt, to extend eligibility for concurrent receipt to chapter 61 disability retirees with less than 20 years of service, and for other purposes.",
                "short_title": "Disabled Veterans Tax Termination Act",
                "sponsor_title": "Rep.",
                "sponsor_id": "M001146",
                "sponsor_name": "Jim Marshall",
                "sponsor_state": "GA",
                "sponsor_party": "D",
                "sponsor_uri": "https://api.propublica.org/congress/v1/members/M001146.json",
                "gpo_pdf_uri": null,
                "congressdotgov_url": "https://www.congress.gov/bill/111th-congress/house-bill/333",
                "govtrack_url": "https://www.govtrack.us/congress/bills/111/hr333",
                "introduced_date": "2009-01-08",
                "active": null,
                "last_vote": null,
                "house_passage": null,
                "senate_passage": null,
                "enacted": null,
                "vetoed": null,
                "cosponsors": 168,
                "cosponsors_by_party": {"D":130,"R":40},
                "committees": "House Armed Services; House Veterans&#39; Affairs",
                "primary_subject": "Armed forces and national security",
                "summary": "Disabled Veterans Tax Termination Act - Amends federal military retired pay provisions to: (1) permit veterans with a service-connected disability of less than 50% to concurrently receive both retired pay and disability compensation; (2) eliminate provisions requiring a phase in between January 1, 2004, and December 31, 2013, of concurrent receipt of retired pay and disability compensation; (3) eliminate the four-year phase-in of concurrent receipt of retired pay and disability compensation for disabled veterans determined to be individually unemployable; and (4) require a limited reduction in retired pay for combat-related disability retirees with less than 20 years of retirement-creditable service.",
                "summary_short": "Disabled Veterans Tax Termination Act - Amends federal military retired pay provisions to: (1) permit veterans with a service-connected disability of less than 50% to concurrently receive both retired pay and disability compensation; (2) eliminate provisions requiring a phase in between January 1, 2004, and December 31, 2013, of concurrent receipt of retired pay and disability compensation; (3) eliminate the four-year phase-in of concurrent receipt of retired pay and disability compensation f...",
                "latest_major_action_date": "2009-02-06",
                "latest_major_action": "Referred to the Subcommittee on Military Personnel."
              },
                           {
                "congress": "111",
                "bill_id": "hres1077-111",
                "bill_type": "hres",
                "number": "H.RES.1077",
                "bill_uri": "https://api.propublica.org/congress/v1/111/bills/hres1077.json",
                "title": "Expressing the sense of the House of Representatives against severe changes to Social Security.",
                "short_title": null,
                "sponsor_title": "Rep.",
                "sponsor_id": "L000557",
                "sponsor_name": "John B. Larson",
                "sponsor_state": "CT",
                "sponsor_party": "D",
                "sponsor_uri": "https://api.propublica.org/congress/v1/members/L000557.json",
                "gpo_pdf_uri": null,
                "congressdotgov_url": "https://www.congress.gov/bill/111th-congress/house-resolution/1077",
                "govtrack_url": "https://www.govtrack.us/congress/bills/111/hres1077",
                "introduced_date": "2010-02-05",
                "active": null,
                "last_vote": null,
                "house_passage": null,
                "senate_passage": null,
                "enacted": null,
                "vetoed": null,
                "cosponsors": 33,
                "cosponsors_by_party": {"D":33},
                "committees": "House Ways and Means",
                "primary_subject": "Social welfare",
                "summary": "Expresses the sense of the House of Representatives that the Congress should stand with the American people to reject severe changes to Social Security, including any and all attempts to privatize it, and instead should commit to work bipartisanly to make common-sense adjustments to Social Security to strengthen it for future generations while preserving its guarantees of secure income and family protection in the event of a worker's death, retirement, or severe disability.",
                "summary_short": "Expresses the sense of the House of Representatives that the Congress should stand with the American people to reject severe changes to Social Security, including any and all attempts to privatize it, and instead should commit to work bipartisanly to make common-sense adjustments to Social Security to strengthen it for future generations while preserving its guarantees of secure income and family protection in the event of a worker&#39;s death, retirement, or severe disability.",
                "latest_major_action_date": "2010-02-05",
                "latest_major_action": "Referred to the House Committee on Ways and Means."
              },
                           {
                "congress": "111",
                "bill_id": "hr4788-111",
                "bill_type": "hr",
                "number": "H.R.4788",
                "bill_uri": "https://api.propublica.org/congress/v1/111/bills/hr4788.json",
                "title": "To amend title 49, United States Code, to establish limitations on the approval of cooperative arrangements between 2 or more air carriers or between an air carrier and a foreign air carrier, and for other purposes.",
                "short_title": "Aviation Jobs Outsourcing Prevention Act",
                "sponsor_title": "Rep.",
                "sponsor_id": "B001242",
                "sponsor_name": "Timothy H. Bishop",
                "sponsor_state": "NY",
                "sponsor_party": "D",
                "sponsor_uri": "https://api.propublica.org/congress/v1/members/B001242.json",
                "gpo_pdf_uri": null,
                "congressdotgov_url": "https://www.congress.gov/bill/111th-congress/house-bill/4788",
                "govtrack_url": "https://www.govtrack.us/congress/bills/111/hr4788",
                "introduced_date": "2010-03-09",
                "active": null,
                "last_vote": null,
                "house_passage": null,
                "senate_passage": null,
                "enacted": null,
                "vetoed": null,
                "cosponsors": 95,
                "cosponsors_by_party": {"D":90,"R":5},
                "committees": "House Transportation and Infrastructure",
                "primary_subject": "Transportation and public works",
                "summary": "Aviation Jobs Outsourcing Prevention Act - Requires a domestic or a foreign air carrier to file with the Secretary of Transportation any agreement, a request to discuss cooperative arrangements, or a modification or cancellation of an agreement between the domestic or foreign air carrier and another air carrier, a foreign carrier, or another carrier. Requires the Secretary to disapprove or, after periodic review, end approval of, an agreement, a request to discuss cooperative arrangements, or a modification that provides for or permits the sharing or pooling of revenue or profits between participating carriers earned in covered operations, unless the Secretary finds that each participating air carrier's share of the pooled revenue or pooled profits (whichever is greater) contributed by covered operations in any consecutive 12-month period does not exceed 130% of the participating carrier's share of pooled available seat miles (ASMs) in covered operations during the period.",
                "summary_short": "Aviation Jobs Outsourcing Prevention Act - Requires a domestic or a foreign air carrier to file with the Secretary of Transportation any agreement, a request to discuss cooperative arrangements, or a modification or cancellation of an agreement between the domestic or foreign air carrier and another air carrier, a foreign carrier, or another carrier. Requires the Secretary to disapprove or, after periodic review, end approval of, an agreement, a request to discuss cooperative arrangements, or...",
                "latest_major_action_date": "2010-03-10",
                "latest_major_action": "Referred to the Subcommittee on Aviation."
              },
                           {
                "congress": "111",
                "bill_id": "hres1244-111",
                "bill_type": "hres",
                "number": "H.RES.1244",
                "bill_uri": "https://api.propublica.org/congress/v1/111/bills/hres1244.json",
                "title": "Recognizing the National Collegiate Cyber Defense Competition for its now five-year effort to promote cyber security curriculum in institutions of higher learning.",
                "short_title": null,
                "sponsor_title": "Rep.",
                "sponsor_id": "R000568",
                "sponsor_name": "Ciro D. Rodriguez",
                "sponsor_state": "TX",
                "sponsor_party": "D",
                "sponsor_uri": "https://api.propublica.org/congress/v1/members/R000568.json",
                "gpo_pdf_uri": null,
                "congressdotgov_url": "https://www.congress.gov/bill/111th-congress/house-resolution/1244",
                "govtrack_url": "https://www.govtrack.us/congress/bills/111/hres1244",
                "introduced_date": "2010-04-13",
                "active": null,
                "last_vote": "2010-06-29",
                "house_passage": null,
                "senate_passage": null,
                "enacted": null,
                "vetoed": null,
                "cosponsors": 35,
                "cosponsors_by_party": {"D":33,"R":2},
                "committees": "House Education and Labor",
                "primary_subject": "Education",
                "summary": "Recognizes the National Collegiate Cyber Defense Competition for its five-year effort to promote cyber security curriculum in institutions of higher learning.",
                "summary_short": "Recognizes the National Collegiate Cyber Defense Competition for its five-year effort to promote cyber security curriculum in institutions of higher learning.",
                "latest_major_action_date": "2010-06-29",
                "latest_major_action": "Motion to reconsider laid on the table Agreed to without objection."
              },
                           {
                "congress": "111",
                "bill_id": "hr4993-111",
                "bill_type": "hr",
                "number": "H.R.4993",
                "bill_uri": "https://api.propublica.org/congress/v1/111/bills/hr4993.json",
                "title": "To amend title XVIII of the Social Security Act to ensure more timely access to home health services for Medicare beneficiaries under the Medicare Program.",
                "short_title": "Home Health Care Planning Improvement Act of 2010",
                "sponsor_title": "Rep.",
                "sponsor_id": "S001162",
                "sponsor_name": "Allyson Y. Schwartz",
                "sponsor_state": "PA",
                "sponsor_party": "D",
                "sponsor_uri": "https://api.propublica.org/congress/v1/members/S001162.json",
                "gpo_pdf_uri": null,
                "congressdotgov_url": "https://www.congress.gov/bill/111th-congress/house-bill/4993",
                "govtrack_url": "https://www.govtrack.us/congress/bills/111/hr4993",
                "introduced_date": "2010-04-13",
                "active": null,
                "last_vote": null,
                "house_passage": null,
                "senate_passage": null,
                "enacted": null,
                "vetoed": null,
                "cosponsors": 110,
                "cosponsors_by_party": {"D":99,"R":11},
                "committees": "House Ways and Means; House Energy and Commerce",
                "primary_subject": "Health",
                "summary": "Home Health Care Planning Improvement Act of 2010 - Amends title XVIII (Medicare) of the Social Security Act to revise conditions of and limitations on payment for home health care services. Allows payment for home health services to Medicare beneficiaries by: (1) a nurse practitioner; (2) a clinical nurse specialist working in collaboration with a physician in accordance with state law; (3) a certified nurse-midwife; or (4) a physician assistant under a physician's supervision.",
                "summary_short": "Home Health Care Planning Improvement Act of 2010 - Amends title XVIII (Medicare) of the Social Security Act to revise conditions of and limitations on payment for home health care services. Allows payment for home health services to Medicare beneficiaries by: (1) a nurse practitioner; (2) a clinical nurse specialist working in collaboration with a physician in accordance with state law; (3) a certified nurse-midwife; or (4) a physician assistant under a physician&#39;s supervision.",
                "latest_major_action_date": "2010-04-21",
                "latest_major_action": "Sponsor introductory remarks on measure."
              },
                           {
                "congress": "111",
                "bill_id": "hconres290-111",
                "bill_type": "hconres",
                "number": "H.CON.RES.290",
                "bill_uri": "https://api.propublica.org/congress/v1/111/bills/hconres290.json",
                "title": "Expressing support for designation of June 30 as 'National ESIGN Day'.",
                "short_title": null,
                "sponsor_title": "Rep.",
                "sponsor_id": "M000404",
                "sponsor_name": "Jim McDermott",
                "sponsor_state": "WA",
                "sponsor_party": "D",
                "sponsor_uri": "https://api.propublica.org/congress/v1/members/M000404.json",
                "gpo_pdf_uri": null,
                "congressdotgov_url": "https://www.congress.gov/bill/111th-congress/house-concurrent-resolution/290",
                "govtrack_url": "https://www.govtrack.us/congress/bills/111/hconres290",
                "introduced_date": "2010-06-24",
                "active": null,
                "last_vote": "2010-07-01",
                "house_passage": "2010-07-01",
                "senate_passage": null,
                "enacted": null,
                "vetoed": null,
                "cosponsors": 101,
                "cosponsors_by_party": {"D":89,"R":11,"I":1},
                "committees": "House Energy and Commerce; Senate Commerce, Science, and Transportation",
                "primary_subject": "Commerce",
                "summary": "Supports the designation of a National ESIGN Day. Recognizes the previous contribution made by Congress to the adoption of modern solutions that keep the United States on the leading technological edge. Reaffirms the commitment of Congress to facilitating interstate and foreign commerce in an increasingly digital world.",
                "summary_short": "Supports the designation of a National ESIGN Day. Recognizes the previous contribution made by Congress to the adoption of modern solutions that keep the United States on the leading technological edge. Reaffirms the commitment of Congress to facilitating interstate and foreign commerce in an increasingly digital world.",
                "latest_major_action_date": "2010-07-13",
                "latest_major_action": "Received in the Senate and referred to the Committee on Commerce, Science, and Transportation."
              },
                           {
                "congress": "111",
                "bill_id": "hr5566-111",
                "bill_type": "hr",
                "number": "H.R.5566",
                "bill_uri": "https://api.propublica.org/congress/v1/111/bills/hr5566.json",
                "title": "To amend title 18, United States Code, to prohibit interstate commerce in animal crush videos, and for other purposes.",
                "short_title": "Animal Crush Video Prohibition Act of 2010",
                "sponsor_title": "Rep.",
                "sponsor_id": "G000021",
                "sponsor_name": "Elton Gallegly",
                "sponsor_state": "CA",
                "sponsor_party": "R",
                "sponsor_uri": "https://api.propublica.org/congress/v1/members/G000021.json",
                "gpo_pdf_uri": null,
                "congressdotgov_url": "https://www.congress.gov/bill/111th-congress/house-bill/5566",
                "govtrack_url": "https://www.govtrack.us/congress/bills/111/hr5566",
                "introduced_date": "2010-06-22",
                "active": null,
                "last_vote": "2010-07-21",
                "house_passage": "2010-07-21",
                "senate_passage": null,
                "enacted": null,
                "vetoed": null,
                "cosponsors": 262,
                "cosponsors_by_party": {"D":133,"R":130},
                "committees": "House Judiciary; Senate Judiciary",
                "primary_subject": "Crime and law enforcement",
                "summary": "Animal Crush Video Prohibition Act of 2010 - Amends the federal criminal code to revise the prohibition against depictions of animal cruelty to prohibit anyone from knowingly creating an animal crush video if: (1) such person intends or has reason to know that such video will be distributed in, or using a means or facility of, interstate or foreign commerce; or (2) such video is distributed in, or using a means or facility of, interstate or foreign commerce. Prohibits the sale, marketing, exchange, or distribution of such videos in interstate or foreign commerce. Defines \"animal crush video\" as any photograph, motion picture, film, video or digital recording, or electronic image that: (1) depicts actual conduct in which one or more living non-human mammals, birds, reptiles, or amphibians is intentionally crushed, burned, drowned, suffocated, impaled, or otherwise subjected to serious bodily injury; and (2) is obscene. Extends the applicability of this Act to a person selling, marketing, advertising, exchanging, distributing, or creating animal crush videos outside the United States if: (1) such person intends or has reason to know that the animal crush video will be transported into the United States or its territories or possessions; or (2) the video is so transported. Imposes a fine and/or prison term of up to seven years for violations of this Act. Exempts from the application of this Act: (1) any visual depiction of customary and normal veterinary or agricultural husbandry practices, the slaughter of animals for food, or hunting, trapping, or fishing; and (2) good faith distribution of an animal crush video to a law enforcement agency or a third party for the sole purpose of determining if referral to a law enforcement agency is appropriate. Provides for compliance of the budgetary effects of this Act with the Statutory Pay-As-You-Go Act of 2010.",
                "summary_short": "Animal Crush Video Prohibition Act of 2010 - Amends the federal criminal code to revise the prohibition against depictions of animal cruelty to prohibit anyone from knowingly creating an animal crush video if: (1) such person intends or has reason to know that such video will be distributed in, or using a means or facility of, interstate or foreign commerce; or (2) such video is distributed in, or using a means or facility of, interstate or foreign commerce. Prohibits the sale, marketing, exc...",
                "latest_major_action_date": "2010-12-09",
                "latest_major_action": "Became Public Law No: 111-294."
              },
                           {
                "congress": "111",
                "bill_id": "hres1456-111",
                "bill_type": "hres",
                "number": "H.RES.1456",
                "bill_uri": "https://api.propublica.org/congress/v1/111/bills/hres1456.json",
                "title": "Congratulating the University of Dayton men's basketball team for winning the 2010 National Invitation Tournament basketball championship.",
                "short_title": null,
                "sponsor_title": "Rep.",
                "sponsor_id": "T000463",
                "sponsor_name": "Michael R. Turner",
                "sponsor_state": "OH",
                "sponsor_party": "R",
                "sponsor_uri": "https://api.propublica.org/congress/v1/members/T000463.json",
                "gpo_pdf_uri": null,
                "congressdotgov_url": "https://www.congress.gov/bill/111th-congress/house-resolution/1456",
                "govtrack_url": "https://www.govtrack.us/congress/bills/111/hres1456",
                "introduced_date": "2010-06-21",
                "active": null,
                "last_vote": null,
                "house_passage": null,
                "senate_passage": null,
                "enacted": null,
                "vetoed": null,
                "cosponsors": 26,
                "cosponsors_by_party": {"R":15,"D":11},
                "committees": "House Education and Labor",
                "primary_subject": "Sports and recreation",
                "summary": "Congratulates the University of Dayton men's basketball team for winning the 2010 National Invitation Tournament Division I men's basketball championship.",
                "summary_short": "Congratulates the University of Dayton men&#39;s basketball team for winning the 2010 National Invitation Tournament Division I men&#39;s basketball championship.",
                "latest_major_action_date": "2010-07-26",
                "latest_major_action": "Motion to reconsider laid on the table Agreed to without objection."
              },
                           {
                "congress": "111",
                "bill_id": "hr5560-111",
                "bill_type": "hr",
                "number": "H.R.5560",
                "bill_uri": "https://api.propublica.org/congress/v1/111/bills/hr5560.json",
                "title": "To amend the Public Health Service Act to improve quality of cancer care and quality of life for patients and survivors by coordinating development and distribution of information about relieving pain, symptoms, side effects, and stress; increasing awareness of treatment and post-treatment health risks for survivors; enhancing research into symptom management and survivorship; increasing health care professional education and training; reducing health disparities in cancer treatment, symptom management, and survivorship care; and expanding and enhancing cancer registries; and for other purposes.",
                "short_title": "Quality Cancer Care for Life Act of 2010",
                "sponsor_title": "Rep.",
                "sponsor_id": "M001140",
                "sponsor_name": "Dennis Moore",
                "sponsor_state": "KS",
                "sponsor_party": "D",
                "sponsor_uri": "https://api.propublica.org/congress/v1/members/M001140.json",
                "gpo_pdf_uri": null,
                "congressdotgov_url": "https://www.congress.gov/bill/111th-congress/house-bill/5560",
                "govtrack_url": "https://www.govtrack.us/congress/bills/111/hr5560",
                "introduced_date": "2010-06-17",
                "active": null,
                "last_vote": null,
                "house_passage": null,
                "senate_passage": null,
                "enacted": null,
                "vetoed": null,
                "cosponsors": 25,
                "cosponsors_by_party": {"D":22,"R":3},
                "committees": "House Energy and Commerce",
                "primary_subject": "Health",
                "summary": "Quality Cancer Care for Life Act of 2010 - Amends the Public Health Service Act to require the Secretary of Health and Human Services (HHS), acting through the Director of the Centers for Disease Control and Prevention (CDC), to improve the quality of cancer care and the quality of life for cancer patients and survivors by expanding CDC cancer control programs, including the National Comprehensive Cancer Control Program and the National Program of Cancer Registries. Requires the Director of CDC to award grants to: (1) develop, implement, and evaluate cancer case management and coordination programs to enhance the quality of cancer care and the quality of life for patients and survivors and to improve cancer outcomes; and (2) train individuals to undertake the quality of life needs of cancer patients, survivors, and family caregivers. Requires the Secretary to establish a Quality of Life Advisory Committee to advise, coordinate, and assist the CDC in creating and conducting the cancer quality of life and survivorship activities, program enhancements, and training initiatives under this Act. Requires the Director of the National Institutes of Health (NIH) to undertake additional cancer quality of life and survivorship research that addresses pain, symptom management, side effects and late effects, and psychosocial factors to improve cancer clinical communication and care planning, treatment and post-treatment, and follow-up care across the life course.",
                "summary_short": "Quality Cancer Care for Life Act of 2010 - Amends the Public Health Service Act to require the Secretary of Health and Human Services (HHS), acting through the Director of the Centers for Disease Control and Prevention (CDC), to improve the quality of cancer care and the quality of life for cancer patients and survivors by expanding CDC cancer control programs, including the National Comprehensive Cancer Control Program and the National Program of Cancer Registries. Requires the Director of C...",
                "latest_major_action_date": "2010-06-17",
                "latest_major_action": "Referred to the House Committee on Energy and Commerce."
              },
                           {
                "congress": "111",
                "bill_id": "hres771-111",
                "bill_type": "hres",
                "number": "H.RES.771",
                "bill_uri": "https://api.propublica.org/congress/v1/111/bills/hres771.json",
                "title": "Supporting the goals and ideals of a National Mesothelioma Awareness Day.",
                "short_title": null,
                "sponsor_title": "Rep.",
                "sponsor_id": "M001143",
                "sponsor_name": "Betty McCollum",
                "sponsor_state": "MN",
                "sponsor_party": "D",
                "sponsor_uri": "https://api.propublica.org/congress/v1/members/M001143.json",
                "gpo_pdf_uri": null,
                "congressdotgov_url": "https://www.congress.gov/bill/111th-congress/house-resolution/771",
                "govtrack_url": "https://www.govtrack.us/congress/bills/111/hres771",
                "introduced_date": "2009-09-24",
                "active": null,
                "last_vote": "2010-11-29",
                "house_passage": null,
                "senate_passage": null,
                "enacted": null,
                "vetoed": null,
                "cosponsors": 58,
                "cosponsors_by_party": {"D":45,"R":13},
                "committees": "House Oversight and Government Reform",
                "primary_subject": "Health",
                "summary": "Expresses support for the goals and ideals of a National Mesothelioma Awareness Day.",
                "summary_short": "Expresses support for the goals and ideals of a National Mesothelioma Awareness Day.",
                "latest_major_action_date": "2010-11-29",
                "latest_major_action": "Motion to reconsider laid on the table Agreed to without objection."
              },
                           {
                "congress": "111",
                "bill_id": "hres1419-111",
                "bill_type": "hres",
                "number": "H.RES.1419",
                "bill_uri": "https://api.propublica.org/congress/v1/111/bills/hres1419.json",
                "title": "Celebrating the 100th anniversary of the Ohio Fire Chiefs' Association and commending the Association on its century of service to the State of Ohio.",
                "short_title": null,
                "sponsor_title": "Rep.",
                "sponsor_id": "D000609",
                "sponsor_name": "Steve Driehaus",
                "sponsor_state": "OH",
                "sponsor_party": "D",
                "sponsor_uri": "https://api.propublica.org/congress/v1/members/D000609.json",
                "gpo_pdf_uri": null,
                "congressdotgov_url": "https://www.congress.gov/bill/111th-congress/house-resolution/1419",
                "govtrack_url": "https://www.govtrack.us/congress/bills/111/hres1419",
                "introduced_date": "2010-05-28",
                "active": null,
                "last_vote": null,
                "house_passage": null,
                "senate_passage": null,
                "enacted": null,
                "vetoed": null,
                "cosponsors": 8,
                "cosponsors_by_party": {"D":5,"R":3},
                "committees": "House Oversight and Government Reform",
                "primary_subject": "Emergency management",
                "summary": "Celebrates the 100th anniversary of the Ohio Fire Chiefs' Association and commends the Association on its century of service to Ohio.",
                "summary_short": "Celebrates the 100th anniversary of the Ohio Fire Chiefs&#39; Association and commends the Association on its century of service to Ohio.",
                "latest_major_action_date": "2010-05-28",
                "latest_major_action": "Referred to the House Committee on Oversight and Government Reform."
              },
                           {
                "congress": "111",
                "bill_id": "hconres284-111",
                "bill_type": "hconres",
                "number": "H.CON.RES.284",
                "bill_uri": "https://api.propublica.org/congress/v1/111/bills/hconres284.json",
                "title": "Recognizing the work and importance of special education teachers.",
                "short_title": null,
                "sponsor_title": "Rep.",
                "sponsor_id": "S000250",
                "sponsor_name": "Pete Sessions",
                "sponsor_state": "TX",
                "sponsor_party": "R",
                "sponsor_uri": "https://api.propublica.org/congress/v1/members/S000250.json",
                "gpo_pdf_uri": null,
                "congressdotgov_url": "https://www.congress.gov/bill/111th-congress/house-concurrent-resolution/284",
                "govtrack_url": "https://www.govtrack.us/congress/bills/111/hconres284",
                "introduced_date": "2010-06-08",
                "active": null,
                "last_vote": "2010-06-30",
                "house_passage": "2010-06-30",
                "senate_passage": null,
                "enacted": null,
                "vetoed": null,
                "cosponsors": 46,
                "cosponsors_by_party": {"R":32,"D":13,"I":1},
                "committees": "House Education and Labor; Senate Health, Education, Labor, and Pensions",
                "primary_subject": "Education",
                "summary": "Recognizes the amount of work it requires to be a special education teacher. Commends special education teachers for their sacrifice and dedication while providing the quality life skills to individuals with special needs.",
                "summary_short": "Recognizes the amount of work it requires to be a special education teacher. Commends special education teachers for their sacrifice and dedication while providing the quality life skills to individuals with special needs.",
                "latest_major_action_date": "2010-07-12",
                "latest_major_action": "Received in the Senate and referred to the Committee on Health, Education, Labor, and Pensions."
              },
                           {
                "congress": "111",
                "bill_id": "hres1359-111",
                "bill_type": "hres",
                "number": "H.RES.1359",
                "bill_uri": "https://api.propublica.org/congress/v1/111/bills/hres1359.json",
                "title": "Calling for the immediate and unconditional release of Israeli soldier Gilad Shalit, who is held captive by Hamas, and for other purposes.",
                "short_title": null,
                "sponsor_title": "Rep.",
                "sponsor_id": "A000022",
                "sponsor_name": "Gary L. Ackerman",
                "sponsor_state": "NY",
                "sponsor_party": "D",
                "sponsor_uri": "https://api.propublica.org/congress/v1/members/A000022.json",
                "gpo_pdf_uri": null,
                "congressdotgov_url": "https://www.congress.gov/bill/111th-congress/house-resolution/1359",
                "govtrack_url": "https://www.govtrack.us/congress/bills/111/hres1359",
                "introduced_date": "2010-05-13",
                "active": null,
                "last_vote": null,
                "house_passage": null,
                "senate_passage": null,
                "enacted": null,
                "vetoed": null,
                "cosponsors": 72,
                "cosponsors_by_party": {"D":56,"R":16},
                "committees": "House Foreign Affairs",
                "primary_subject": "International affairs",
                "summary": "Demands that Hamas: (1) immediately and unconditionally release Israeli soldier Gilad Shalit; (2) allow prompt access to Gilad Shalit by competent medical personnel and representatives of the International Committee of the Red Cross; (3) provide Gilad Shalit the humane treatment all captives are entitled to as a fundamental human right; (4) facilitate regular communication by Gilad Shalit with his family and allow his family to know where he is being held; and (5) cease compelling Gilad Shalit to appear in video and voice recordings intended to extort and coerce the government of Israel. Expresses: (1) commitment to the survival of Israel as a Jewish and democratic state within recognized and secure borders; (2) support in resolving the Israeli-Palestinian conflict through the creation of a democratic, viable, and independent Palestinian state living in peace alongside Israel; (3) sympathy for Gilad Shalit's family and the families of other missing Israeli soldiers; and (4) commitment to seek the release of Gilad Shalit and other missing Israeli soldiers. Recalls: (1) the attack on and kidnapping of the bodies of Ehud Goldwasser and Eldad Regev by the Iran-supported terrorist group Hezbollah; and (2) the missing Israeli soldiers Zecharya Baumel, Zvi Feldman, Yehuda Katz, Ron Arad, Guy Hever, and Majdy Halabi. Condemns: (1) Hamas for the immoral cross border attack and kidnapping of Gilad Shalit; and (2) Iran and Syria, the primary state sponsors and patrons of Hamas, for their ongoing support for international terrorism.",
                "summary_short": "Demands that Hamas: (1) immediately and unconditionally release Israeli soldier Gilad Shalit; (2) allow prompt access to Gilad Shalit by competent medical personnel and representatives of the International Committee of the Red Cross; (3) provide Gilad Shalit the humane treatment all captives are entitled to as a fundamental human right; (4) facilitate regular communication by Gilad Shalit with his family and allow his family to know where he is being held; and (5) cease compelling Gilad Shali...",
                "latest_major_action_date": "2010-06-24",
                "latest_major_action": "The title of the measure was amended. Agreed to without objection."
              },
                           {
                "congress": "111",
                "bill_id": "hres1412-111",
                "bill_type": "hres",
                "number": "H.RES.1412",
                "bill_uri": "https://api.propublica.org/congress/v1/111/bills/hres1412.json",
                "title": "Congratulating the Government of South Africa upon its first two successful convictions for human trafficking.",
                "short_title": null,
                "sponsor_title": "Rep.",
                "sponsor_id": "S000522",
                "sponsor_name": "Christopher H. Smith",
                "sponsor_state": "NJ",
                "sponsor_party": "R",
                "sponsor_uri": "https://api.propublica.org/congress/v1/members/S000522.json",
                "gpo_pdf_uri": null,
                "congressdotgov_url": "https://www.congress.gov/bill/111th-congress/house-resolution/1412",
                "govtrack_url": "https://www.govtrack.us/congress/bills/111/hres1412",
                "introduced_date": "2010-05-27",
                "active": null,
                "last_vote": "2010-07-01",
                "house_passage": null,
                "senate_passage": null,
                "enacted": null,
                "vetoed": null,
                "cosponsors": 41,
                "cosponsors_by_party": {"R":27,"D":14},
                "committees": "House Foreign Affairs",
                "primary_subject": "International affairs",
                "summary": "Congratulates the government of South Africa upon its first two successful convictions for human trafficking. Recognizes the government of South Africa's efforts to combat trafficking. Acknowledges the passage in South Africa of the Child Justice Act of 2008. Calls on the government of South Africa to: (1) adopt the Prevention and Combating of Trafficking in Persons Bill; (2) prioritize anti-trafficking law enforcement during the 2010 Federation Internationale de Football Association (FIFA) World Cup; (3) increase awareness among government officials as to their responsibilities under the trafficking provisions of the Sexual Offenses and Children's Acts; and (4) adopt measures to protect vulnerable children from sexual and labor exploitation. Urges the government of South Africa to prosecute tourists participating in commercial sexual exploitation of women and children during the 2010 World Cup.",
                "summary_short": "Congratulates the government of South Africa upon its first two successful convictions for human trafficking. Recognizes the government of South Africa&#39;s efforts to combat trafficking. Acknowledges the passage in South Africa of the Child Justice Act of 2008. Calls on the government of South Africa to: (1) adopt the Prevention and Combating of Trafficking in Persons Bill; (2) prioritize anti-trafficking law enforcement during the 2010 Federation Internationale de Football Association (FIFA) W...",
                "latest_major_action_date": "2010-07-01",
                "latest_major_action": "Motion to reconsider laid on the table Agreed to without objection."
              },
                           {
                "congress": "111",
                "bill_id": "hr5478-111",
                "bill_type": "hr",
                "number": "H.R.5478",
                "bill_uri": "https://api.propublica.org/congress/v1/111/bills/hr5478.json",
                "title": "To amend the Internal Revenue Code of 1986 to provide an incentive to encourage the replacement of inefficient, outdated freight railcars with greener, more fuel efficient vehicles.",
                "short_title": "Green Railcar Enhancement Act of 2010",
                "sponsor_title": "Rep.",
                "sponsor_id": "B000574",
                "sponsor_name": "Earl Blumenauer",
                "sponsor_state": "OR",
                "sponsor_party": "D",
                "sponsor_uri": "https://api.propublica.org/congress/v1/members/B000574.json",
                "gpo_pdf_uri": null,
                "congressdotgov_url": "https://www.congress.gov/bill/111th-congress/house-bill/5478",
                "govtrack_url": "https://www.govtrack.us/congress/bills/111/hr5478",
                "introduced_date": "2010-06-08",
                "active": null,
                "last_vote": null,
                "house_passage": null,
                "senate_passage": null,
                "enacted": null,
                "vetoed": null,
                "cosponsors": 59,
                "cosponsors_by_party": {"R":26,"D":33},
                "committees": "House Ways and Means",
                "primary_subject": "Taxation",
                "summary": "Green Railcar Enhancement Act of 2010 - Amends the Internal Revenue Code to allow, through 2011, a new business-related tax credit for 25% of the cost of acquiring or rebuilding freight railcars which achieve an increase in capacity or fuel efficiency of at least 8%.",
                "summary_short": "Green Railcar Enhancement Act of 2010 - Amends the Internal Revenue Code to allow, through 2011, a new business-related tax credit for 25% of the cost of acquiring or rebuilding freight railcars which achieve an increase in capacity or fuel efficiency of at least 8%.",
                "latest_major_action_date": "2010-06-08",
                "latest_major_action": "Referred to the House Committee on Ways and Means."
              },
                           {
                "congress": "111",
                "bill_id": "hr5298-111",
                "bill_type": "hr",
                "number": "H.R.5298",
                "bill_uri": "https://api.propublica.org/congress/v1/111/bills/hr5298.json",
                "title": "To require the Secretary of Defense to take illegal subsidization into account in evaluating proposals for contracts for major defense acquisition programs, and for other purposes.",
                "short_title": "Fair Defense Competition Act",
                "sponsor_title": "Rep.",
                "sponsor_id": "T000260",
                "sponsor_name": "Todd Tiahrt",
                "sponsor_state": "KS",
                "sponsor_party": "R",
                "sponsor_uri": "https://api.propublica.org/congress/v1/members/T000260.json",
                "gpo_pdf_uri": null,
                "congressdotgov_url": "https://www.congress.gov/bill/111th-congress/house-bill/5298",
                "govtrack_url": "https://www.govtrack.us/congress/bills/111/hr5298",
                "introduced_date": "2010-05-13",
                "active": null,
                "last_vote": null,
                "house_passage": null,
                "senate_passage": null,
                "enacted": null,
                "vetoed": null,
                "cosponsors": 68,
                "cosponsors_by_party": {"D":42,"R":26},
                "committees": "House Armed Services",
                "primary_subject": "Armed forces and national security",
                "summary": "Fair Defense Competition Act - Directs the Secretary of Defense (DOD), in awarding a contract for any major defense acquisition program and conducting the cost or price evaluation of any proposal for that contract, to take into account any final panel report that concludes that an illegal subsidy (inconsistent with the Agreement on Subsidies and Countervailing Measures) has been provided with respect to: (1) any merchandise or major component of such program; or (2) the development of any merchandise or major component thereof. Requires the Secretary, if the illegal subsidy has not been withdrawn, to increase the cost or price of the proposal by the amount of the subsidy.",
                "summary_short": "Fair Defense Competition Act - Directs the Secretary of Defense (DOD), in awarding a contract for any major defense acquisition program and conducting the cost or price evaluation of any proposal for that contract, to take into account any final panel report that concludes that an illegal subsidy (inconsistent with the Agreement on Subsidies and Countervailing Measures) has been provided with respect to: (1) any merchandise or major component of such program; or (2) the development of any mer...",
                "latest_major_action_date": "2010-06-18",
                "latest_major_action": "Referred to the Subcommittee on Readiness."
              }
             ]
      }
   ]
}
