{
   "status":"OK",
   "copyright":"Copyright (c) 2020 Pro Publica Inc. All Rights Reserved.",
   "results":[
      {
         "id": "K000372",
         "member_uri": "https://api.propublica.org/congress/v1/members/K000372.json",
         "name": "Mary Jo Kilroy",
         "num_results": 338,
         "offset": 180,
         "bills": [
              {
                "congress": "111",
                "bill_id": "hr3705-111",
                "bill_type": "hr",
                "number": "H.R.3705",
                "bill_uri": "https://api.propublica.org/congress/v1/111/bills/hr3705.json",
                "title": "To amend the Richard B. Russell National School Lunch Act and the Child Nutrition Act of 1966 to increase the number of children eligible for free school meals.",
                "short_title": "Expand School Meals Act of 2009",
                "sponsor_title": "Rep.",
                "sponsor_id": "E000288",
                "sponsor_name": "Keith Ellison",
                "sponsor_state": "MN",
                "sponsor_party": "D",
                "sponsor_uri": "https://api.propublica.org/congress/v1/members/E000288.json",
                "gpo_pdf_uri": null,
                "congressdotgov_url": "https://www.congress.gov/bill/111th-congress/house-bill/3705",
                "govtrack_url": "https://www.govtrack.us/congress/bills/111/hr3705",
                "introduced_date": "2009-10-01",
                "active": null,
                "last_vote": null,
                "house_passage": null,
                "senate_passage": null,
                "enacted": null,
                "vetoed": null,
                "cosponsors": 48,
                "cosponsors_by_party": {"D":47,"I":1},
                "committees": "House Education and Labor",
                "primary_subject": "Education",
                "summary": "Expand School Meals Act of 2009 - Amends the Richard B. Russell National School Lunch Act and the Child Nutrition Act of 1966 to expand eligibility for free meals under the school lunch and breakfast programs to children whose family income falls at or below 185% of the federal poverty guidelines. (This makes children who are currently eligible for reduced price meals eligible for free meals.)",
                "summary_short": "Expand School Meals Act of 2009 - Amends the Richard B. Russell National School Lunch Act and the Child Nutrition Act of 1966 to expand eligibility for free meals under the school lunch and breakfast programs to children whose family income falls at or below 185% of the federal poverty guidelines. (This makes children who are currently eligible for reduced price meals eligible for free meals.)",
                "latest_major_action_date": "2009-11-16",
                "latest_major_action": "Referred to the Subcommittee on Healthy Families and Communities."
              },
                           {
                "congress": "111",
                "bill_id": "hr3943-111",
                "bill_type": "hr",
                "number": "H.R.3943",
                "bill_uri": "https://api.propublica.org/congress/v1/111/bills/hr3943.json",
                "title": "To amend the Elementary and Secondary Education Act of 1965 to allow members of the Armed Forces who served on active duty on or after September 11, 2001, to be eligible to participate in the Troops-to-Teachers Program, and for other purposes.",
                "short_title": "Post 9/11 Troops to Teachers Enhancement Act",
                "sponsor_title": "Rep.",
                "sponsor_id": "C001069",
                "sponsor_name": "Joe Courtney",
                "sponsor_state": "CT",
                "sponsor_party": "D",
                "sponsor_uri": "https://api.propublica.org/congress/v1/members/C001069.json",
                "gpo_pdf_uri": null,
                "congressdotgov_url": "https://www.congress.gov/bill/111th-congress/house-bill/3943",
                "govtrack_url": "https://www.govtrack.us/congress/bills/111/hr3943",
                "introduced_date": "2009-10-27",
                "active": null,
                "last_vote": null,
                "house_passage": null,
                "senate_passage": null,
                "enacted": null,
                "vetoed": null,
                "cosponsors": 171,
                "cosponsors_by_party": {"R":48,"D":122,"I":1},
                "committees": "House Education and Labor; House Armed Services",
                "primary_subject": "Education",
                "summary": "Post 9/11 Troops to Teachers Enhancement Act - Amends the Troops-to-Teachers program of the Elementary and Secondary Education Act of 1965 (which provides veterans with teacher certification stipends in exchange for three years of service in a high-need local educational agency [LEA] or public charter school). Expands program eligibility to cover certain individuals: (1) who, on or after September 11, 2001, serve at least 90 continuous days on active duty in the Armed Forces before being honorably released from such service; or (2) who, on or after January 8, 2002, are separated or released from active duty after at least four (currently, six) years of continuous active duty immediately preceding such separation or release, and agree to serve in the Armed Forces Reserves for at least three years. Makes any LEA that is receiving school improvement funds eligible to host Troops-to-Teachers program participants. Directs the Secretary of Education to establish an Advisory Board, composed of federal, state, and veteran service organization representatives, to collect, study, and disseminate feedback from the program and report to Congress on how the program is operating and might be improved. Reserves specified funding to carry out the Troops-to-Teachers program through FY2014.",
                "summary_short": "Post 9/11 Troops to Teachers Enhancement Act - Amends the Troops-to-Teachers program of the Elementary and Secondary Education Act of 1965 (which provides veterans with teacher certification stipends in exchange for three years of service in a high-need local educational agency [LEA] or public charter school). Expands program eligibility to cover certain individuals: (1) who, on or after September 11, 2001, serve at least 90 continuous days on active duty in the Armed Forces before being hono...",
                "latest_major_action_date": "2009-12-08",
                "latest_major_action": "Referred to the Subcommittee on Early Childhood, Elementary, and Secondary Education."
              },
                           {
                "congress": "111",
                "bill_id": "hres867-111",
                "bill_type": "hres",
                "number": "H.RES.867",
                "bill_uri": "https://api.propublica.org/congress/v1/111/bills/hres867.json",
                "title": "Calling on the President and the Secretary of State to oppose unequivocally any endorsement or further consideration of the 'Report of the United Nations Fact Finding Mission on the Gaza Conflict' in multilateral fora.",
                "short_title": null,
                "sponsor_title": "Rep.",
                "sponsor_id": "R000435",
                "sponsor_name": "Ileana Ros-Lehtinen",
                "sponsor_state": "FL",
                "sponsor_party": "R",
                "sponsor_uri": "https://api.propublica.org/congress/v1/members/R000435.json",
                "gpo_pdf_uri": null,
                "congressdotgov_url": "https://www.congress.gov/bill/111th-congress/house-resolution/867",
                "govtrack_url": "https://www.govtrack.us/congress/bills/111/hres867",
                "introduced_date": "2009-10-23",
                "active": null,
                "last_vote": "2009-11-03",
                "house_passage": null,
                "senate_passage": null,
                "enacted": null,
                "vetoed": null,
                "cosponsors": 202,
                "cosponsors_by_party": {"D":80,"R":122},
                "committees": "House Foreign Affairs",
                "primary_subject": "International affairs",
                "summary": "Considers the \"Report of the United Nations Fact Finding Mission on the Gaza Conflict\" (Goldstone Report) to be biased and unworthy of further consideration or legitimacy. Supports the Administration's efforts to combat anti-Israel bias at the United Nations (U.N.). Calls on the President and the Secretary of State to oppose any endorsement of the Report in multilateral fora, including through leading opposition to any U.N. General Assembly resolution and through vetoing any U.N. Security Council resolution that endorses the Report's contents, seeks to act upon the Report's recommendations, or calls on any other international body to take further action regarding such Report. Calls on the President and the Secretary to oppose endorsement of, and measures stemming from, the Report. Reaffirms support for Israel and for Israel's right to defend its citizens from violent militant groups and their state sponsors.",
                "summary_short": "Considers the &quot;Report of the United Nations Fact Finding Mission on the Gaza Conflict&quot; (Goldstone Report) to be biased and unworthy of further consideration or legitimacy. Supports the Administration&#39;s efforts to combat anti-Israel bias at the United Nations (U.N.). Calls on the President and the Secretary of State to oppose any endorsement of the Report in multilateral fora, including through leading opposition to any U.N. General Assembly resolution and through vetoing any U.N. Security Cou...",
                "latest_major_action_date": "2009-11-03",
                "latest_major_action": "Motion to reconsider laid on the table Agreed to without objection."
              },
                           {
                "congress": "111",
                "bill_id": "hres877-111",
                "bill_type": "hres",
                "number": "H.RES.877",
                "bill_uri": "https://api.propublica.org/congress/v1/111/bills/hres877.json",
                "title": "Expressing support for Chinese human rights activists Huang Qi and Tan Zuoren for engaging in peaceful expression as they seek answers and justice for the parents whose children were killed in the Sichuan earthquake of May 12, 2008.",
                "short_title": null,
                "sponsor_title": "Rep.",
                "sponsor_id": "W000793",
                "sponsor_name": "David Wu",
                "sponsor_state": "OR",
                "sponsor_party": "D",
                "sponsor_uri": "https://api.propublica.org/congress/v1/members/W000793.json",
                "gpo_pdf_uri": null,
                "congressdotgov_url": "https://www.congress.gov/bill/111th-congress/house-resolution/877",
                "govtrack_url": "https://www.govtrack.us/congress/bills/111/hres877",
                "introduced_date": "2009-10-29",
                "active": null,
                "last_vote": "2009-11-07",
                "house_passage": null,
                "senate_passage": null,
                "enacted": null,
                "vetoed": null,
                "cosponsors": 176,
                "cosponsors_by_party": {"D":117,"R":59,"I":1},
                "committees": "House Foreign Affairs",
                "primary_subject": "International affairs",
                "summary": "Expresses support for Chinese human rights activists Huang Qi and Tan Zuoren for engaging in peaceful expression as they seek answers and justice for the parents whose children were killed as a result of the collapse of numerous school buildings in the Sichuan earthquake of May 12, 2008. Calls on the government of the People's Republic of China (PRC) to: (1) provide Huang Qi and Tan Zuoren with the rights that all Chinese citizens have under the PRC's Constitution and the Criminal Procedure Law; and (2) implement its own National Human Rights Action Plan by allowing parents, concerned citizens, and the news media to investigate the collapse of the school buildings.",
                "summary_short": "Expresses support for Chinese human rights activists Huang Qi and Tan Zuoren for engaging in peaceful expression as they seek answers and justice for the parents whose children were killed as a result of the collapse of numerous school buildings in the Sichuan earthquake of May 12, 2008. Calls on the government of the People&#39;s Republic of China (PRC) to: (1) provide Huang Qi and Tan Zuoren with the rights that all Chinese citizens have under the PRC&#39;s Constitution and the Criminal Procedure L...",
                "latest_major_action_date": "2009-11-07",
                "latest_major_action": "Motion to reconsider laid on the table Agreed to without objection."
              },
                           {
                "congress": "111",
                "bill_id": "hr2254-111",
                "bill_type": "hr",
                "number": "H.R.2254",
                "bill_uri": "https://api.propublica.org/congress/v1/111/bills/hr2254.json",
                "title": "To amend title 38, United States Code, to clarify presumptions relating to the exposure of certain veterans who served in the vicinity of the Republic of Vietnam.",
                "short_title": "Agent Orange Equity Act of 2009",
                "sponsor_title": "Rep.",
                "sponsor_id": "F000116",
                "sponsor_name": "Bob Filner",
                "sponsor_state": "CA",
                "sponsor_party": "D",
                "sponsor_uri": "https://api.propublica.org/congress/v1/members/F000116.json",
                "gpo_pdf_uri": null,
                "congressdotgov_url": "https://www.congress.gov/bill/111th-congress/house-bill/2254",
                "govtrack_url": "https://www.govtrack.us/congress/bills/111/hr2254",
                "introduced_date": "2009-05-05",
                "active": null,
                "last_vote": null,
                "house_passage": null,
                "senate_passage": null,
                "enacted": null,
                "vetoed": null,
                "cosponsors": 262,
                "cosponsors_by_party": {"D":190,"R":72},
                "committees": "House Veterans&#39; Affairs",
                "primary_subject": "Armed forces and national security",
                "summary": "Agent Orange Equity Act of 2009 - Includes as part of the Republic of Vietnam, for purposes of the presumption of service connection for diseases associated with exposure by veterans to certain herbicide agents while in Vietnam, such Republic's inland waterways, ports, and harbors, waters offshore, and airspace above. Includes as veterans eligible for such presumption those who: (1) served on Johnston Island during the period beginning on April 1, 1972, and ending on September 30, 1977; or (2) received the Vietnam Service Medal or the Vietnam Campaign Medal.",
                "summary_short": "Agent Orange Equity Act of 2009 - Includes as part of the Republic of Vietnam, for purposes of the presumption of service connection for diseases associated with exposure by veterans to certain herbicide agents while in Vietnam, such Republic&#39;s inland waterways, ports, and harbors, waters offshore, and airspace above. Includes as veterans eligible for such presumption those who: (1) served on Johnston Island during the period beginning on April 1, 1972, and ending on September 30, 1977; or (2...",
                "latest_major_action_date": "2009-05-08",
                "latest_major_action": "Referred to the Subcommittee on Disability Assistance and Memorial Affairs."
              },
                           {
                "congress": "111",
                "bill_id": "hres708-111",
                "bill_type": "hres",
                "number": "H.RES.708",
                "bill_uri": "https://api.propublica.org/congress/v1/111/bills/hres708.json",
                "title": "Congratulating Nancy Goodman Brinker for receiving the Presidential Medal of Freedom.",
                "short_title": null,
                "sponsor_title": "Rep.",
                "sponsor_id": "S001179",
                "sponsor_name": "Aaron Schock",
                "sponsor_state": "IL",
                "sponsor_party": "R",
                "sponsor_uri": "https://api.propublica.org/congress/v1/members/S001179.json",
                "gpo_pdf_uri": null,
                "congressdotgov_url": "https://www.congress.gov/bill/111th-congress/house-resolution/708",
                "govtrack_url": "https://www.govtrack.us/congress/bills/111/hres708",
                "introduced_date": "2009-07-31",
                "active": null,
                "last_vote": null,
                "house_passage": null,
                "senate_passage": null,
                "enacted": null,
                "vetoed": null,
                "cosponsors": 58,
                "cosponsors_by_party": {"D":30,"R":27,"I":1},
                "committees": "House Oversight and Government Reform",
                "primary_subject": "Health",
                "summary": "Congratulates Nancy Goodman Brinker for receiving the Presidential Medal of Freedom.",
                "summary_short": "Congratulates Nancy Goodman Brinker for receiving the Presidential Medal of Freedom.",
                "latest_major_action_date": "2010-01-20",
                "latest_major_action": "Motion to reconsider laid on the table Agreed to without objection."
              },
                           {
                "congress": "111",
                "bill_id": "hr3259-111",
                "bill_type": "hr",
                "number": "H.R.3259",
                "bill_uri": "https://api.propublica.org/congress/v1/111/bills/hr3259.json",
                "title": "To establish the Grants for College Access and Completion Program.",
                "short_title": "Establishing Grants for College Access and Completion Act of 2009",
                "sponsor_title": "Rep.",
                "sponsor_id": "I000026",
                "sponsor_name": "Jay Inslee",
                "sponsor_state": "WA",
                "sponsor_party": "D",
                "sponsor_uri": "https://api.propublica.org/congress/v1/members/I000026.json",
                "gpo_pdf_uri": null,
                "congressdotgov_url": "https://www.congress.gov/bill/111th-congress/house-bill/3259",
                "govtrack_url": "https://www.govtrack.us/congress/bills/111/hr3259",
                "introduced_date": "2009-07-20",
                "active": null,
                "last_vote": null,
                "house_passage": null,
                "senate_passage": null,
                "enacted": null,
                "vetoed": null,
                "cosponsors": 30,
                "cosponsors_by_party": {"R":5,"D":25},
                "committees": "House Education and Labor",
                "primary_subject": "Education",
                "summary": "Establishing Grants for College Access and Completion Act of 2009 - Directs the Secretary of Education to award competitive five-year grants to certain nonprofit organizations for the provision of mentoring, support, outreach, and other services that encourage disadvantaged students to attend institutions of higher education. Prohibits a grant from covering more than 85% of the cost of the services the grant supports. Requires nonprofit applicants to have met certain requirements, including that they have provided scholarship and support programs to students in more than one state, and have a business plan in place to expand into other states.",
                "summary_short": "Establishing Grants for College Access and Completion Act of 2009 - Directs the Secretary of Education to award competitive five-year grants to certain nonprofit organizations for the provision of mentoring, support, outreach, and other services that encourage disadvantaged students to attend institutions of higher education. Prohibits a grant from covering more than 85% of the cost of the services the grant supports. Requires nonprofit applicants to have met certain requirements, including t...",
                "latest_major_action_date": "2009-10-22",
                "latest_major_action": "Referred to the Subcommittee on Higher Education, Lifelong Learning, and Competitiveness."
              },
                           {
                "congress": "111",
                "bill_id": "hres863-111",
                "bill_type": "hres",
                "number": "H.RES.863",
                "bill_uri": "https://api.propublica.org/congress/v1/111/bills/hres863.json",
                "title": "Recognizing the scourge of pneumonia, urging the United States and the world to mobilize cooperation and focus resources to fight pneumonia and save children's lives, and recognizing November 2 as World Pneumonia Da.",
                "short_title": null,
                "sponsor_title": "Rep.",
                "sponsor_id": "S001170",
                "sponsor_name": "Carol Shea-Porter",
                "sponsor_state": "NH",
                "sponsor_party": "D",
                "sponsor_uri": "https://api.propublica.org/congress/v1/members/S001170.json",
                "gpo_pdf_uri": null,
                "congressdotgov_url": "https://www.congress.gov/bill/111th-congress/house-resolution/863",
                "govtrack_url": "https://www.govtrack.us/congress/bills/111/hres863",
                "introduced_date": "2009-10-23",
                "active": null,
                "last_vote": "2009-11-04",
                "house_passage": null,
                "senate_passage": null,
                "enacted": null,
                "vetoed": null,
                "cosponsors": 55,
                "cosponsors_by_party": {"D":50,"R":5},
                "committees": "House Foreign Affairs",
                "primary_subject": "International affairs",
                "summary": "Affirms the commitment of the House of Representatives to child survival and development programs that focus on protection, prevention, and treatment of pneumonia. Salutes the health professionals and community health workers in the world's poorest countries who are extending preventative care and treatment to children most at-risk of contracting pneumonia. Reaffirms the U.S. commitment to reducing child mortality. Recognizes World Pneumonia Day.",
                "summary_short": "Affirms the commitment of the House of Representatives to child survival and development programs that focus on protection, prevention, and treatment of pneumonia. Salutes the health professionals and community health workers in the world&#39;s poorest countries who are extending preventative care and treatment to children most at-risk of contracting pneumonia. Reaffirms the U.S. commitment to reducing child mortality. Recognizes World Pneumonia Day.",
                "latest_major_action_date": "2009-11-04",
                "latest_major_action": "The title of the measure was amended. Agreed to without objection."
              },
                           {
                "congress": "111",
                "bill_id": "hr3922-111",
                "bill_type": "hr",
                "number": "H.R.3922",
                "bill_uri": "https://api.propublica.org/congress/v1/111/bills/hr3922.json",
                "title": "To ensure that companies operating in the United States that receive United States Government funds are not conducting business in Iran, and for other purposes.",
                "short_title": "Accountability for Business Choices in Iran Act",
                "sponsor_title": "Rep.",
                "sponsor_id": "K000366",
                "sponsor_name": "Ron Klein",
                "sponsor_state": "FL",
                "sponsor_party": "D",
                "sponsor_uri": "https://api.propublica.org/congress/v1/members/K000366.json",
                "gpo_pdf_uri": null,
                "congressdotgov_url": "https://www.congress.gov/bill/111th-congress/house-bill/3922",
                "govtrack_url": "https://www.govtrack.us/congress/bills/111/hr3922",
                "introduced_date": "2009-10-23",
                "active": null,
                "last_vote": null,
                "house_passage": null,
                "senate_passage": null,
                "enacted": null,
                "vetoed": null,
                "cosponsors": 43,
                "cosponsors_by_party": {"R":16,"D":27},
                "committees": "House Oversight and Government Reform; House Financial Services; House Foreign Affairs",
                "primary_subject": "International affairs",
                "summary": "Accountability for Business Choices in Iran Act - Expresses the sense of Congress that: (1) Iran's illicit nuclear activities as well as development of unconventional weapons and ballistic missiles and support for international terrorism represent a serious threat to the security of the United States and its allies; (2) the United States should continue supporting diplomatic efforts in the International Atomic Energy Agency (IAEA) and the United Nations Security Council (UNSC) to end Iran's illicit nuclear activities; (3) the UNSC should take further measures beyond specified existing UNSC resolutions to tighten sanctions on Iran, including preventing new investment in Iran's energy sector as long as it fails to comply with international demands to halt its nuclear enrichment; and (4) the United States should discourage foreign banks and entities from investing in Iran's energy sector as well as seek to prohibit entities doing business with the United States from doing business with Iran. Requires the head of each federal agency to ensure that each contract with a company for the procurement of goods and services contains a requirement for the company to certify that it is not conducting business operations in Iran. Defines \"business operations\" as operations that: (1) provide Iran with refined petroleum resources or technology that could enhance its ability to import or expand its domestic production of such resources; (2) invest $20 million or more in aIran's ability to develop petroleum resources; and (3) provide sensitive technology to Iran. Authorizes a state or local government to adopt measures to prohibit them from entering into or renewing a contract for the procurement of goods or services with persons included on the List of Parties Excluded from Federal Procurement and Nonprocurement Programs. Terminates this Act 30 days after: (1) the President certifies to Congress that Iran has ceased support for acts of international terrorism and is no longer considered a state-sponsor of terrorism; and (2) Iran has permanently ceased the pursuit, acquisition, and development of nuclear, biological, and chemical weapons and missiles.",
                "summary_short": "Accountability for Business Choices in Iran Act - Expresses the sense of Congress that: (1) Iran&#39;s illicit nuclear activities as well as development of unconventional weapons and ballistic missiles and support for international terrorism represent a serious threat to the security of the United States and its allies; (2) the United States should continue supporting diplomatic efforts in the International Atomic Energy Agency (IAEA) and the United Nations Security Council (UNSC) to end Iran&#39;s i...",
                "latest_major_action_date": "2009-10-23",
                "latest_major_action": "Referred to House Foreign Affairs"
              },
                           {
                "congress": "111",
                "bill_id": "hr3639-111",
                "bill_type": "hr",
                "number": "H.R.3639",
                "bill_uri": "https://api.propublica.org/congress/v1/111/bills/hr3639.json",
                "title": "To amend the Credit Card Accountability Responsibility and Disclosure Act of 2009 to establish an earlier effective date for various consumer protections, and for other purposes.",
                "short_title": "Expedited CARD Reform for Consumers Act of 2009",
                "sponsor_title": "Rep.",
                "sponsor_id": "M000087",
                "sponsor_name": "Carolyn B. Maloney",
                "sponsor_state": "NY",
                "sponsor_party": "D",
                "sponsor_uri": "https://api.propublica.org/congress/v1/members/M000087.json",
                "gpo_pdf_uri": null,
                "congressdotgov_url": "https://www.congress.gov/bill/111th-congress/house-bill/3639",
                "govtrack_url": "https://www.govtrack.us/congress/bills/111/hr3639",
                "introduced_date": "2009-09-24",
                "active": null,
                "last_vote": "2009-11-04",
                "house_passage": "2009-11-04",
                "senate_passage": null,
                "enacted": null,
                "vetoed": null,
                "cosponsors": 38,
                "cosponsors_by_party": {"D":38},
                "committees": "House Financial Services; Senate Banking, Housing, and Urban Affairs",
                "primary_subject": "Finance and financial sector",
                "summary": "Expedited CARD Reform for Consumers Act of 2009 - (Sec. 2) Amends the Credit Card Accountability Responsibility and Disclosure Act of 2009 (Credit CARD Act of 2009) to: (1) make Title I: Consumer Protection, Title II: Enhanced Consumer Disclosures, and Title III: Protection of Young Consumers effective as of the date of enactment of this Act; and (2) make February 22, 2010, the effective date of such titles for a depository institution with fewer than two million credit cards in circulation on the date of the enactment of the Credit CARD Act of 2009. (Sec. 3) Amends the Truth in Lending Act (TILA) to make conforming amendments with respect to review of past consumer interest rate increases. Amends TILA to move to the date of enactment of this Act: (1) the deadline by which the Board of Governors of the Federal Reserve System (Board) must issue final implementing rules for required creditor reviews of changes in factors considered in past consumer annual percentage interest rate (APR) increases when determining whether to reduce the APR; and (2) the effective date of the creditor review requirement. But makes February 22, 2010, the rules deadline, and August 22, 2010, the effective date of the creditor review requirement governing a depository institution that has fewer than two million credit cards in circulation on the date of the enactment of this Act. Declares the date of enactment of this Act: (1) the effective date of the requirement that any penalty fee or charge that a credit card issuer may impose, including a late payment fee, over-the-limit fee, or any other penalty fee or charge, be reasonable and proportional to the omission or violation to which it relates; and (2) the deadline for the Board to issue final implementing rules establishing standards for assessing whether any such penalty fee or charge is reasonable and proportional. But makes February 22, 2010, the rules deadline, and August 22, 2010, the effective date of the reasonable and proportional requirement itself, with respect to a depository institution with fewer than two million credit cards in circulation on the date of the enactment of this Act. (Sec. 4) States that TILA does not prevent a creditor from putting into effect immediately: (1) any reduction in APR; (2) elimination or reduction of any fee imposed on a consumer; or (3) any significant change in terms for the benefit of the consumer. (Sec. 5) Defers until February 22, 2010, the effective date of the new requirement under the Act that a credit card issuer must apply amounts in excess of the minimum payment amount first to the card balance bearing the highest rate of interest. Conditions this moratorium, however, on the creditor's refraining from: (1) increasing any APR, or fees or finance charges applicable to any existing or future balance (other than as provided in TILA); or (2) changing the account terms to the detriment of a consumer, including repayment of any outstanding balance (other than as provided in TILA). (Sec. 6) Amends TILA to prohibit either a creditor or a consumer reporting agency from using the pay off or closure of a consumer credit card account under an open end consumer credit plan to negatively impact the consumer's credit score or consumer report when the consumer pays off an outstanding account balance within 45 days after receiving notice of the imposition of a new fee. (Sec. 7) Imposes a limited moratorium on APR, fee, and finance charge increases, beginning on the date of enactment of this Act. Prohibits a creditor, during the moratorium period, from: (1) increasing any APR, fee, or finance charge applicable to any outstanding balance of a credit card account under an open end consumer credit plan; or (2) changing the repayment terms of an outstanding balance (except as permitted under TILA). Ends such moratorium nine months (February 22, 2010) after the date of enactment of the Credit Card Accountability Responsibility and Disclosure Act of 2009 (May 22, 2009).",
                "summary_short": "Expedited CARD Reform for Consumers Act of 2009 - (Sec. 2) Amends the Credit Card Accountability Responsibility and Disclosure Act of 2009 (Credit CARD Act of 2009) to: (1) make Title I: Consumer Protection, Title II: Enhanced Consumer Disclosures, and Title III: Protection of Young Consumers effective as of the date of enactment of this Act; and (2) make February 22, 2010, the effective date of such titles for a depository institution with fewer than two million credit cards in circulation o...",
                "latest_major_action_date": "2009-12-23",
                "latest_major_action": "Read twice and referred to the Committee on Banking, Housing, and Urban Affairs."
              },
                           {
                "congress": "111",
                "bill_id": "hr3890-111",
                "bill_type": "hr",
                "number": "H.R.3890",
                "bill_uri": "https://api.propublica.org/congress/v1/111/bills/hr3890.json",
                "title": "To amend the Securities Exchange Act of 1934 to enhance oversight of nationally recognized statistical rating organizations, and for other purposes.",
                "short_title": "Accountability and Transparency in Rating Agencies Act",
                "sponsor_title": "Rep.",
                "sponsor_id": "K000008",
                "sponsor_name": "Paul E. Kanjorski",
                "sponsor_state": "PA",
                "sponsor_party": "D",
                "sponsor_uri": "https://api.propublica.org/congress/v1/members/K000008.json",
                "gpo_pdf_uri": null,
                "congressdotgov_url": "https://www.congress.gov/bill/111th-congress/house-bill/3890",
                "govtrack_url": "https://www.govtrack.us/congress/bills/111/hr3890",
                "introduced_date": "2009-10-21",
                "active": null,
                "last_vote": null,
                "house_passage": null,
                "senate_passage": null,
                "enacted": null,
                "vetoed": null,
                "cosponsors": 4,
                "cosponsors_by_party": {"D":4},
                "committees": "House Financial Services; House Judiciary",
                "primary_subject": "Finance and financial sector",
                "summary": "Accountability and Transparency in Rating Agencies Act - (Sec. 2) Amends the Securities Exchange Act of 1934 to direct the Securities and Exchange Commission (SEC) to review credit ratings issued by each nationally recognized statistical rating organization (NRSRO) to ensure that the NRSRO has established and documented internal processes for determining credit ratings consistent with SEC rules. Requires each NRSRO to make available and maintain such records and information as the SEC may prescribe. Requires specified NRSRO disclosures about procedures and methodologies used to determine credit ratings for structured securities. Requires SEC rules and regulations to require each NRSRO to establish, on a publicly accessible Internet site, a facility to disclose, in a central database, the historical default rates of all classes of financial products it has rated. Modifies SEC powers to impose fines and censure a noncompliant NRSRO, including NRSRO failure to: (1) guard against certain violations; and (2) conduct sufficient surveillance to ensure that credit ratings remain current and reliable. Prescribes rules for NRSRO corporate governance, organization, and management of conflicts of interest. Requires the SEC to issue specified rules governing management and disclosure of conflicts of interest regarding credit ratings issued by an NRSRO, including a one-year look-back requirement to determine whether a conflict of interest exists among employees of entities subject to credit ratings who were NRSRO employees during the one-year period preceding the rating date. Requires the SEC to conduct periodic reviews of NRSRO compliance with the look-back requirement. Requires an NRSRO to report to the SEC any case where it can reasonably be expected to know that a former senior officer obtained employment with any issuer, underwriter, or sponsor of an instrument for which the NRSRO issued a credit rating during the 12-month period prior to such employment. Directs the SEC to make such information publicly available. Requires each NRSRO to designate an individual to serve as a compliance officer. Directs the SEC to: (1) establish an office that administers SEC rules governing NRSRO practices,(2) require each NRSRO to disclose publicly information on initial ratings and subsequent changes to such ratings, and (3) prescribe rules requiring each NRSRO to adopt certain credit ratings methodologies that include risk assessment and the assumptions underlying the procedures and methodologies used to determine a credit rating. Prohibits NRSROs (or affiliates or associated persons) from engaging in specified rating services for which additional compensation is paid to an issuer, underwriter, or placement agent of a security, including: (1) risk management advisory services; (2) consulting services regarding any merger, sales, or disposition of the assets of an issuer; and (3) ancillary assistance, advice, or consulting services unrelated to any specific credit rating issuance. (Sec. 3) Revises requirements for the pleading of particular facts about state of mind in a private action for money damages against an NRSRO with respect to securities fraud. Makes it sufficient for pleading any required state of mind that the complaint state with particularity facts giving rise to a strong inference that the NRSRO knowingly or recklessly violated the securities laws. Requires the same pleading standard with respect to knowledge and recklessness to apply to an NRSRO as would apply to any other person in the same or a similar private right of action. (Sec. 4) Directs the SEC to require issuers to disclose preliminary credit ratings received from NRSROs on structured products and all forms of corporate debt. (Sec. 7) Requires revision of a specified regulation requiring public disclosure by an issuer of any material nonpublic information it has disclosed to any person outside the issuer who is a broker or dealer, an investment adviser, an investment company, a holder of the issuer's securities, or any person associated or affiliated with such persons. Directs the SEC to remove from the regulation the exemption for entities whose primary business is the issuance of credit ratings, thus subjecting credit rating issuers to the regulation's requirements and prohibitions regarding mandatory public disclosure of certain material nonpublic information. (Sec. 8) Directs the SEC to establish a Credit Ratings Agency Advisory Board. (Sec. 9) Makes conforming amendments to the Federal Deposit Insurance Act, the Federal Housing Enterprises Financial Safety and Soundness Act of 1992, the Investment Company Act of 1940, the Revised Statutes of the United States, as well as the Securities Exchange Act of 1934. (Sec. 10) Requires the SEC, the Federal Deposit Insurance Corporation (FDIC), the Office of Thrift Supervision, Office of the Comptroller of the Currency, the Board of Governors of the Federal Reserve, the National Credit Union Administration (NCUA), and the Federal Housing Finance Agency each to review its policies, practices, and regulations to assess the creditworthiness of a security or money market instrument. Requires the Comptroller General to review the use of credit ratings by other federal agencies. (Sec. 11) Directs the SEC to revise certain rules in order to require that the random sample of ratings histories of credit ratings required under such rules to be disclosed on an NRSRO's website also be provided to the SEC in a format consistent with SEC publication on the EDGAR system. (Sec. 12) Nullifies Rule 436(G), promulgated under the Securities Act of 1933, which exempts NRSROs from liability for material misstatements or omissions when their credit ratings are included in securities issuer registration statements filed under that Act. (Thus subjects NRSROs to the same liability as non-NRSROs for material misstatements or omissions in securities issuer registration statements, and in effect requires securities issuers to obtain an NRSRO's written consent before including the NRSRO's credit rating in a registration statement.) (Sec. 13) Directs the Comptroller General to study: (1) the implementation of this Act by the SEC; (2) the appropriateness of relying on ratings for use in federal, state, and local securities and banking regulations, including for determining capital requirements; (3) the effect of liability in private actions arising under the Securities Exchange Act of 1934; (4) alternative means for compensating credit rating agencies that would create incentives for accurate credit ratings and what, if any, related statutory changes would be required; and (5) alternative methodologies to assess credit risk, including market-based measures. Directs the SEC to study: (1) whether to create a system that assigns NRSROs on a rotating basis to issuers seeking a credit rating, (2) the effect of this Act on credit rating agencies seeking to register as NRSROs; (3) the treatment of different classes of bonds (municipal versus corporate) by the NRSROs; (4) the feasibility and desirability of implementing a standardized rating system whereby ratings symbols contain multiple characters, each representing a range of default probabilities and loss expectations under standardized and increasingly severe levels of market stress; and (5) the feasibility and desirability of standardizing credit ratings terminology and the market stress conditions under which ratings are evaluated.",
                "summary_short": "Accountability and Transparency in Rating Agencies Act - (Sec. 2) Amends the Securities Exchange Act of 1934 to direct the Securities and Exchange Commission (SEC) to review credit ratings issued by each nationally recognized statistical rating organization (NRSRO) to ensure that the NRSRO has established and documented internal processes for determining credit ratings consistent with SEC rules. Requires each NRSRO to make available and maintain such records and information as the SEC may pre...",
                "latest_major_action_date": "2010-12-17",
                "latest_major_action": "Placed on the Union Calendar, Calendar No. 406."
              },
                           {
                "congress": "111",
                "bill_id": "hres711-111",
                "bill_type": "hres",
                "number": "H.RES.711",
                "bill_uri": "https://api.propublica.org/congress/v1/111/bills/hres711.json",
                "title": "Calling on the Government of Sri Lanka to address the human rights and humanitarian needs of its civilian internally displaced Tamil population currently living in government-run camps by working with the United Nations and the international community to implement a process of release and resettlement of such internally displaced persons (IDPs), and allowing foreign aid groups to provide relief and resources throughout the process.",
                "short_title": null,
                "sponsor_title": "Rep.",
                "sponsor_id": "D000096",
                "sponsor_name": "Danny K. Davis",
                "sponsor_state": "IL",
                "sponsor_party": "D",
                "sponsor_uri": "https://api.propublica.org/congress/v1/members/D000096.json",
                "gpo_pdf_uri": null,
                "congressdotgov_url": "https://www.congress.gov/bill/111th-congress/house-resolution/711",
                "govtrack_url": "https://www.govtrack.us/congress/bills/111/hres711",
                "introduced_date": "2009-07-31",
                "active": null,
                "last_vote": "2009-11-04",
                "house_passage": null,
                "senate_passage": null,
                "enacted": null,
                "vetoed": null,
                "cosponsors": 33,
                "cosponsors_by_party": {"D":26,"R":7},
                "committees": "House Foreign Affairs",
                "primary_subject": "International affairs",
                "summary": "Urges the government of Sri Lanka to allow freedom of movement for civilian internally displaced persons (IDPs) to leave their camps and return in safety to their homes or to live with host families or move to open transit sites. Calls on the Sri Lankan government to turn the operation of the camps over to civilian authorities and allow international agencies and independent nongovernmental organizations to assist in the care of the IDPs. Urges the government of Sri Lanka to promote justice and political reconciliation for all parties and engage in dialogue with all parties, including Tamils inside and outside Sri Lanka, on new mechanisms for devolving power, improving human rights, and increasing accountability.",
                "summary_short": "Urges the government of Sri Lanka to allow freedom of movement for civilian internally displaced persons (IDPs) to leave their camps and return in safety to their homes or to live with host families or move to open transit sites. Calls on the Sri Lankan government to turn the operation of the camps over to civilian authorities and allow international agencies and independent nongovernmental organizations to assist in the care of the IDPs. Urges the government of Sri Lanka to promote justice a...",
                "latest_major_action_date": "2009-11-04",
                "latest_major_action": "The title of the measure was amended. Agreed to without objection."
              },
                           {
                "congress": "111",
                "bill_id": "hres824-111",
                "bill_type": "hres",
                "number": "H.RES.824",
                "bill_uri": "https://api.propublica.org/congress/v1/111/bills/hres824.json",
                "title": "Congratulating the Northwestern University Wildcats on winning the 2009 NCAA women's lacrosse championship, and to commend Northwestern University for its pursuit of athletic and academic excellence.",
                "short_title": null,
                "sponsor_title": "Rep.",
                "sponsor_id": "S001145",
                "sponsor_name": "Jan Schakowsky",
                "sponsor_state": "IL",
                "sponsor_party": "D",
                "sponsor_uri": "https://api.propublica.org/congress/v1/members/S001145.json",
                "gpo_pdf_uri": null,
                "congressdotgov_url": "https://www.congress.gov/bill/111th-congress/house-resolution/824",
                "govtrack_url": "https://www.govtrack.us/congress/bills/111/hres824",
                "introduced_date": "2009-10-13",
                "active": null,
                "last_vote": "2009-10-28",
                "house_passage": null,
                "senate_passage": null,
                "enacted": null,
                "vetoed": null,
                "cosponsors": 32,
                "cosponsors_by_party": {"R":5,"D":27},
                "committees": "House Education and Labor",
                "primary_subject": "Sports and recreation",
                "summary": "Congratulates Northwestern University on winning the 2009 NCAA women's lacrosse championship.Commends Northwestern University for its pursuit of athletic and academic excellence.",
                "summary_short": "Congratulates Northwestern University on winning the 2009 NCAA women&#39;s lacrosse championship.Commends Northwestern University for its pursuit of athletic and academic excellence.",
                "latest_major_action_date": "2009-11-16",
                "latest_major_action": "Referred to the Subcommittee on Higher Education, Lifelong Learning, and Competitiveness."
              },
                           {
                "congress": "111",
                "bill_id": "hr3788-111",
                "bill_type": "hr",
                "number": "H.R.3788",
                "bill_uri": "https://api.propublica.org/congress/v1/111/bills/hr3788.json",
                "title": "To designate the facility of the United States Postal Service located at 3900 Darrow Road in Stow, Ohio, as the 'Corporal Joseph A. Tomci Post Office Building'.",
                "short_title": null,
                "sponsor_title": "Rep.",
                "sponsor_id": "L000553",
                "sponsor_name": "Steven C. LaTourette",
                "sponsor_state": "OH",
                "sponsor_party": "R",
                "sponsor_uri": "https://api.propublica.org/congress/v1/members/L000553.json",
                "gpo_pdf_uri": null,
                "congressdotgov_url": "https://www.congress.gov/bill/111th-congress/house-bill/3788",
                "govtrack_url": "https://www.govtrack.us/congress/bills/111/hr3788",
                "introduced_date": "2009-10-13",
                "active": null,
                "last_vote": "2009-11-06",
                "house_passage": "2009-11-06",
                "senate_passage": null,
                "enacted": null,
                "vetoed": null,
                "cosponsors": 16,
                "cosponsors_by_party": {"R":6,"D":10},
                "committees": "House Oversight and Government Reform; Senate Homeland Security and Governmental Affairs",
                "primary_subject": "Government operations and politics",
                "summary": "Designates the facility of the United States Postal Service located at 3900 Darrow Road in Stow, Ohio, as the \"Corporal Joseph A. Tomci Post Office Building.\"",
                "summary_short": "Designates the facility of the United States Postal Service located at 3900 Darrow Road in Stow, Ohio, as the &quot;Corporal Joseph A. Tomci Post Office Building.&quot;",
                "latest_major_action_date": "2010-01-29",
                "latest_major_action": "Became Public Law No: 111-135."
              },
                           {
                "congress": "111",
                "bill_id": "hr3799-111",
                "bill_type": "hr",
                "number": "H.R.3799",
                "bill_uri": "https://api.propublica.org/congress/v1/111/bills/hr3799.json",
                "title": "To amend title XVIII of the Social Security Act to improve prescription drug coverage under Medicare part D and to amend the Public Health Service Act, the Employee Retirement Income Security Act of 1974, and the Internal Revenue Code of 1986, to improve prescription drug coverage under private health insurance, and for other purposes.",
                "short_title": "Affordable Access to Prescription Medications Act of 2009",
                "sponsor_title": "Rep.",
                "sponsor_id": "J000288",
                "sponsor_name": "Hank Johnson",
                "sponsor_state": "GA",
                "sponsor_party": "D",
                "sponsor_uri": "https://api.propublica.org/congress/v1/members/J000288.json",
                "gpo_pdf_uri": null,
                "congressdotgov_url": "https://www.congress.gov/bill/111th-congress/house-bill/3799",
                "govtrack_url": "https://www.govtrack.us/congress/bills/111/hr3799",
                "introduced_date": "2009-10-13",
                "active": null,
                "last_vote": null,
                "house_passage": null,
                "senate_passage": null,
                "enacted": null,
                "vetoed": null,
                "cosponsors": 24,
                "cosponsors_by_party": {"D":24},
                "committees": "House Energy and Commerce; House Ways and Means; House Education and Labor",
                "primary_subject": "Health",
                "summary": "Affordable Access to Prescription Medications Act of 2009 - Amends title XVIII (Medicare) of the Social Security Act, the Public Health Service Act, the Employee Retirement Income Security Act of 1974 (ERISA), and the Internal Revenue Code, with respect to prescription drug plans, to limit the required co-payment or coinsurance for any one prescription to $200, and for all prescriptions in any month to $500. Requires the Secretary of Health and Human Services (HHS), for plan years beginning on or after January 1, 2011, to expand the formulary tier exception request process to allow Medicare beneficiaries enrolled in a prescription drug plan to request an exception for a specialty prescription drug as a non-preferred prescription drug. Requires the Medicare Payment Advisory Commission to study and report to Congress on: (1) the prescription drug program under Medicare part D and the interaction of such program with Medicare beneficiary access to covered drugs under part B; and (2) cost-sharing for prescription drugs under Medicare parts B and D, including an analysis of the impact of eliminating cost-sharing for covered part D drugs for Medicare beneficiaries who incur annual out-of-pocket cost-sharing, after the initial coverage limit, that exceeds 5% of their income and who do not otherwise qualify for an income-related subsidy or other extra help or cost-sharing relief.",
                "summary_short": "Affordable Access to Prescription Medications Act of 2009 - Amends title XVIII (Medicare) of the Social Security Act, the Public Health Service Act, the Employee Retirement Income Security Act of 1974 (ERISA), and the Internal Revenue Code, with respect to prescription drug plans, to limit the required co-payment or coinsurance for any one prescription to $200, and for all prescriptions in any month to $500. Requires the Secretary of Health and Human Services (HHS), for plan years beginning o...",
                "latest_major_action_date": "2009-11-16",
                "latest_major_action": "Referred to the Subcommittee on Health, Employment, Labor, and Pensions."
              },
                           {
                "congress": "111",
                "bill_id": "hr932-111",
                "bill_type": "hr",
                "number": "H.R.932",
                "bill_uri": "https://api.propublica.org/congress/v1/111/bills/hr932.json",
                "title": "To authorize the Secretary of Housing and Urban Development to make grants and offer technical assistance to local governments and others to design and implement innovative policies, programs, and projects that address widespread property vacancy and abandonment, and for other purposes.",
                "short_title": "Community Regeneration, Sustainability, and Innovation Act of 2009",
                "sponsor_title": "Rep.",
                "sponsor_id": "R000577",
                "sponsor_name": "Tim Ryan",
                "sponsor_state": "OH",
                "sponsor_party": "D",
                "sponsor_uri": "https://api.propublica.org/congress/v1/members/R000577.json",
                "gpo_pdf_uri": null,
                "congressdotgov_url": "https://www.congress.gov/bill/111th-congress/house-bill/932",
                "govtrack_url": "https://www.govtrack.us/congress/bills/111/hr932",
                "introduced_date": "2009-02-10",
                "active": null,
                "last_vote": null,
                "house_passage": null,
                "senate_passage": null,
                "enacted": null,
                "vetoed": null,
                "cosponsors": 52,
                "cosponsors_by_party": {"D":49,"R":3},
                "committees": "House Financial Services",
                "primary_subject": "Housing and community development",
                "summary": "Community Regeneration, Sustainability, and Innovation Act of 2009 - Directs the Secretary of Housing and Urban Development (HUD) to carry out a demonstration program, under multiyear cooperative agreements with local governments experiencing at least 20% population loss since 1970 (or consortia of them), to encourage and test innovative vacant property reclamation and urban infrastructure renewal strategies in older industrial cities, their suburbs, and metropolitan areas with a history of severe population and employment loss, blight, and decay caused by vacant properties. Specifies as vacant property and program capacity activities establishment of: (1) local or regional land banks; (2) recovered building materials reuse and recycling infrastructure, facilities, and technical support; (3) local government purchasing requirements for deconstruction to make use of existing building materials stock in new and rehabilitation construction; and (4) the ability of state and local courts and administrative agencies to address problems caused by vacant and abandoned properties, and to facilitate their transfer to public control under a local or regional land bank. Enumerates other related activities, including: (1) expansion and improvement of code enforcement capabilities; (2) development of data and information systems such as comprehensive real property systems, early warning systems, and vacant property inventory and tracking systems; and (3) amendment or reform of state and local property tax foreclosure procedures. Specifies stabilization, design, development, reuse, and planning and policy innovation activities. Requires an applicant local government or consortium to establish a regeneration plan for the community or region. Directs the Secretary by regulation to provide for citizen participation requirements relating to the development and implementation of such plans. Authorizes the Secretary to make grants to local governments (and consortia of them) for sustainability demonstration projects. Directs the Secretary to convene a Federal Interagency Regeneration Communities Coordinating Council to develop federal agency support plans for communities receiving such grants.",
                "summary_short": "Community Regeneration, Sustainability, and Innovation Act of 2009 - Directs the Secretary of Housing and Urban Development (HUD) to carry out a demonstration program, under multiyear cooperative agreements with local governments experiencing at least 20% population loss since 1970 (or consortia of them), to encourage and test innovative vacant property reclamation and urban infrastructure renewal strategies in older industrial cities, their suburbs, and metropolitan areas with a history of s...",
                "latest_major_action_date": "2009-02-10",
                "latest_major_action": "Referred to the House Committee on Financial Services."
              },
                           {
                "congress": "111",
                "bill_id": "hres713-111",
                "bill_type": "hres",
                "number": "H.RES.713",
                "bill_uri": "https://api.propublica.org/congress/v1/111/bills/hres713.json",
                "title": "Recognizing the significant contributions of United States automobile dealerships, and expressing the sense of the House of Representatives that in the interest of equity, automobile dealers be given consideration to enter the automobile market once it rebounds and stabilizes.",
                "short_title": null,
                "sponsor_title": "Rep.",
                "sponsor_id": "G000553",
                "sponsor_name": "Al Green",
                "sponsor_state": "TX",
                "sponsor_party": "D",
                "sponsor_uri": "https://api.propublica.org/congress/v1/members/G000553.json",
                "gpo_pdf_uri": null,
                "congressdotgov_url": "https://www.congress.gov/bill/111th-congress/house-resolution/713",
                "govtrack_url": "https://www.govtrack.us/congress/bills/111/hres713",
                "introduced_date": "2009-07-31",
                "active": null,
                "last_vote": null,
                "house_passage": null,
                "senate_passage": null,
                "enacted": null,
                "vetoed": null,
                "cosponsors": 107,
                "cosponsors_by_party": {"R":29,"D":77,"I":1},
                "committees": "House Energy and Commerce",
                "primary_subject": "Commerce",
                "summary": "Recognizes the significant contributions of U.S. automobile dealerships. Expresses the sense of the House of Representatives that automobile dealerships which have been successful and are being closed not of their own doing, but as a function of the auto market as a whole, should be given consideration to obtain a dealership franchise when the automobile market rebounds and stabilizes.",
                "summary_short": "Recognizes the significant contributions of U.S. automobile dealerships. Expresses the sense of the House of Representatives that automobile dealerships which have been successful and are being closed not of their own doing, but as a function of the auto market as a whole, should be given consideration to obtain a dealership franchise when the automobile market rebounds and stabilizes.",
                "latest_major_action_date": "2010-05-19",
                "latest_major_action": "The title of the measure was amended. Agreed to without objection."
              },
                           {
                "congress": "111",
                "bill_id": "hres817-111",
                "bill_type": "hres",
                "number": "H.RES.817",
                "bill_uri": "https://api.propublica.org/congress/v1/111/bills/hres817.json",
                "title": "Supporting the goals and ideals of National Domestic Violence Awareness Month and expressing the sense of the House of Representatives that Congress should continue to raise awareness of domestic violence in the United States and its devastating effects on families and communities, and support programs designed to end domestic violence.",
                "short_title": null,
                "sponsor_title": "Rep.",
                "sponsor_id": "G000553",
                "sponsor_name": "Al Green",
                "sponsor_state": "TX",
                "sponsor_party": "D",
                "sponsor_uri": "https://api.propublica.org/congress/v1/members/G000553.json",
                "gpo_pdf_uri": null,
                "congressdotgov_url": "https://www.congress.gov/bill/111th-congress/house-resolution/817",
                "govtrack_url": "https://www.govtrack.us/congress/bills/111/hres817",
                "introduced_date": "2009-10-08",
                "active": null,
                "last_vote": null,
                "house_passage": null,
                "senate_passage": null,
                "enacted": null,
                "vetoed": null,
                "cosponsors": 78,
                "cosponsors_by_party": {"D":70,"R":8},
                "committees": "House Education and Labor",
                "primary_subject": "Families",
                "summary": "Supports the goals and ideals of National Domestic Violence Awareness Month. Expresses the sense of the House of Representatives that Congress should: (1) continue to raise awareness of domestic violence in the United States and its devastating effects on families and communities; and (2) support programs designed to end domestic violence.",
                "summary_short": "Supports the goals and ideals of National Domestic Violence Awareness Month. Expresses the sense of the House of Representatives that Congress should: (1) continue to raise awareness of domestic violence in the United States and its devastating effects on families and communities; and (2) support programs designed to end domestic violence.",
                "latest_major_action_date": "2009-11-16",
                "latest_major_action": "Referred to the Subcommittee on Healthy Families and Communities."
              },
                           {
                "congress": "111",
                "bill_id": "hres558-111",
                "bill_type": "hres",
                "number": "H.RES.558",
                "bill_uri": "https://api.propublica.org/congress/v1/111/bills/hres558.json",
                "title": "Supporting the increased understanding of, and interest in, computer science and computing careers among the public and in schools, and to ensure an ample and diverse future technology workforce through the designation of National Computer Science Education Week.",
                "short_title": null,
                "sponsor_title": "Rep.",
                "sponsor_id": "E000092",
                "sponsor_name": "Vernon J. Ehlers",
                "sponsor_state": "MI",
                "sponsor_party": "R",
                "sponsor_uri": "https://api.propublica.org/congress/v1/members/E000092.json",
                "gpo_pdf_uri": null,
                "congressdotgov_url": "https://www.congress.gov/bill/111th-congress/house-resolution/558",
                "govtrack_url": "https://www.govtrack.us/congress/bills/111/hres558",
                "introduced_date": "2009-06-18",
                "active": null,
                "last_vote": "2009-10-20",
                "house_passage": null,
                "senate_passage": null,
                "enacted": null,
                "vetoed": null,
                "cosponsors": 20,
                "cosponsors_by_party": {"D":17,"R":3},
                "committees": "House Science and Technology; House Education and Labor",
                "primary_subject": "Science, technology, communications",
                "summary": "Supports the designation of the week of December 7 as National Computer Science Education Week. Encourages: (1) identification by schools, teachers, researchers, universities, and policymakers of mechanisms for teachers to receive cutting edge professional development so that they can provide sustainable learning experiences in computer science; (2) exposure of students to computer science concepts; and (3) opportunities for females and underrepresented minorities in computer science. Supports research in computer science to address what would motivate increased participation in such field.",
                "summary_short": "Supports the designation of the week of December 7 as National Computer Science Education Week. Encourages: (1) identification by schools, teachers, researchers, universities, and policymakers of mechanisms for teachers to receive cutting edge professional development so that they can provide sustainable learning experiences in computer science; (2) exposure of students to computer science concepts; and (3) opportunities for females and underrepresented minorities in computer science. Support...",
                "latest_major_action_date": "2009-10-20",
                "latest_major_action": "Motion to reconsider laid on the table Agreed to without objection."
              },
                           {
                "congress": "111",
                "bill_id": "hr3381-111",
                "bill_type": "hr",
                "number": "H.R.3381",
                "bill_uri": "https://api.propublica.org/congress/v1/111/bills/hr3381.json",
                "title": "To amend the Fish and Wildlife Act of 1956 to establish additional prohibitions on shooting wildlife from aircraft, and for other purposes.",
                "short_title": "Protect America's Wildlife Act of 2009",
                "sponsor_title": "Rep.",
                "sponsor_id": "M000725",
                "sponsor_name": "George Miller",
                "sponsor_state": "CA",
                "sponsor_party": "D",
                "sponsor_uri": "https://api.propublica.org/congress/v1/members/M000725.json",
                "gpo_pdf_uri": null,
                "congressdotgov_url": "https://www.congress.gov/bill/111th-congress/house-bill/3381",
                "govtrack_url": "https://www.govtrack.us/congress/bills/111/hr3381",
                "introduced_date": "2009-07-29",
                "active": null,
                "last_vote": null,
                "house_passage": null,
                "senate_passage": null,
                "enacted": null,
                "vetoed": null,
                "cosponsors": 133,
                "cosponsors_by_party": {"D":127,"R":6},
                "committees": "House Natural Resources",
                "primary_subject": "Animals",
                "summary": "Protect America's Wildlife Act of 2009 - Amends the Fish and Wildlife Act of 1956 to impose criminal penalties on anyone who knowingly violates any regulation prohibiting the shooting or harassing of birds, fish, or other animals from aircraft (airborne hunting). Increases the monetary penalty for airborne hunting from $5,000 to $50,000. Expands the exceptions to the prohibition against airborne hunting to include enhancing the propagation and survival of wildlife or preventing the extinction of a species threatened or endangered under the Endangered Species Act of 1973.",
                "summary_short": "Protect America&#39;s Wildlife Act of 2009 - Amends the Fish and Wildlife Act of 1956 to impose criminal penalties on anyone who knowingly violates any regulation prohibiting the shooting or harassing of birds, fish, or other animals from aircraft (airborne hunting). Increases the monetary penalty for airborne hunting from $5,000 to $50,000. Expands the exceptions to the prohibition against airborne hunting to include enhancing the propagation and survival of wildlife or preventing the extinction...",
                "latest_major_action_date": "2009-08-02",
                "latest_major_action": "Referred to the Subcommittee on Insular Affairs, Oceans and Wildlife."
              }
             ]
      }
   ]
}
