{
   "status":"OK",
   "copyright":"Copyright (c) 2020 Pro Publica Inc. All Rights Reserved.",
   "results":[
      {
         "id": "K000372",
         "member_uri": "https://api.propublica.org/congress/v1/members/K000372.json",
         "name": "Mary Jo Kilroy",
         "num_results": 338,
         "offset": 260,
         "bills": [
              {
                "congress": "111",
                "bill_id": "hr775-111",
                "bill_type": "hr",
                "number": "H.R.775",
                "bill_uri": "https://api.propublica.org/congress/v1/111/bills/hr775.json",
                "title": "To repeal the requirement for reduction of survivor annuities under the Survivor Benefit Plan to offset the receipt of veterans dependency and indemnity compensation.",
                "short_title": "Military Surviving Spouses Equity Act",
                "sponsor_title": "Rep.",
                "sponsor_id": "O000107",
                "sponsor_name": "Solomon P. Ortiz",
                "sponsor_state": "TX",
                "sponsor_party": "D",
                "sponsor_uri": "https://api.propublica.org/congress/v1/members/O000107.json",
                "gpo_pdf_uri": null,
                "congressdotgov_url": "https://www.congress.gov/bill/111th-congress/house-bill/775",
                "govtrack_url": "https://www.govtrack.us/congress/bills/111/hr775",
                "introduced_date": "2009-01-28",
                "active": null,
                "last_vote": null,
                "house_passage": null,
                "senate_passage": null,
                "enacted": null,
                "vetoed": null,
                "cosponsors": 352,
                "cosponsors_by_party": {"R":130,"D":222,"I":1},
                "committees": "House Armed Services",
                "primary_subject": "Armed forces and national security",
                "summary": "Military Surviving Spouses Equity Act - Repeals certain provisions which require the offset of amounts paid in dependency and indemnity compensation from Survivor Benefit Plan (SBP) annuities for the surviving spouses of former military personnel who are entitled to military retired pay or who would be entitled to retired pay except for being under 60 years of age. Prohibits requiring repayment of certain amounts previously paid to SBP recipients in the form of a retired pay refund. Repeals the optional authority of (and instead requires) the Secretary of the military department concerned to pay an annuity to a member's dependent children when there is no eligible surviving spouse. Directs the Secretary concerned to restore annuity eligibility to a surviving spouse who earlier agreed to transfer such eligibility to a surviving child or children of a member.",
                "summary_short": "Military Surviving Spouses Equity Act - Repeals certain provisions which require the offset of amounts paid in dependency and indemnity compensation from Survivor Benefit Plan (SBP) annuities for the surviving spouses of former military personnel who are entitled to military retired pay or who would be entitled to retired pay except for being under 60 years of age. Prohibits requiring repayment of certain amounts previously paid to SBP recipients in the form of a retired pay refund. Repeals t...",
                "latest_major_action_date": "2010-03-15",
                "latest_major_action": "Motion to Discharge Committee filed by Mr. Jones. Petition No: 111-10."
              },
                           {
                "congress": "111",
                "bill_id": "hconres102-111",
                "bill_type": "hconres",
                "number": "H.CON.RES.102",
                "bill_uri": "https://api.propublica.org/congress/v1/111/bills/hconres102.json",
                "title": "Expressing the sense of Congress that the United States has a moral responsibility to meet the needs of those persons, groups, and communities that are impoverished, disadvantaged, or otherwise in poverty.",
                "short_title": null,
                "sponsor_title": "Rep.",
                "sponsor_id": "L000551",
                "sponsor_name": "Barbara Lee",
                "sponsor_state": "CA",
                "sponsor_party": "D",
                "sponsor_uri": "https://api.propublica.org/congress/v1/members/L000551.json",
                "gpo_pdf_uri": null,
                "congressdotgov_url": "https://www.congress.gov/bill/111th-congress/house-concurrent-resolution/102",
                "govtrack_url": "https://www.govtrack.us/congress/bills/111/hconres102",
                "introduced_date": "2009-04-21",
                "active": null,
                "last_vote": null,
                "house_passage": null,
                "senate_passage": null,
                "enacted": null,
                "vetoed": null,
                "cosponsors": 75,
                "cosponsors_by_party": {"D":72,"R":2,"I":1},
                "committees": "House Oversight and Government Reform",
                "primary_subject": "Social welfare",
                "summary": "Expresses the sense of Congress that the United States should set a national goal of cutting poverty in half over the next 10 years.",
                "summary_short": "Expresses the sense of Congress that the United States should set a national goal of cutting poverty in half over the next 10 years.",
                "latest_major_action_date": "2009-04-21",
                "latest_major_action": "Referred to the House Committee on Oversight and Government Reform."
              },
                           {
                "congress": "111",
                "bill_id": "hres433-111",
                "bill_type": "hres",
                "number": "H.RES.433",
                "bill_uri": "https://api.propublica.org/congress/v1/111/bills/hres433.json",
                "title": "Recognizing the 40th anniversary of Stonewall.",
                "short_title": null,
                "sponsor_title": "Rep.",
                "sponsor_id": "N000002",
                "sponsor_name": "Jerrold Nadler",
                "sponsor_state": "NY",
                "sponsor_party": "D",
                "sponsor_uri": "https://api.propublica.org/congress/v1/members/N000002.json",
                "gpo_pdf_uri": null,
                "congressdotgov_url": "https://www.congress.gov/bill/111th-congress/house-resolution/433",
                "govtrack_url": "https://www.govtrack.us/congress/bills/111/hres433",
                "introduced_date": "2009-05-13",
                "active": null,
                "last_vote": null,
                "house_passage": null,
                "senate_passage": null,
                "enacted": null,
                "vetoed": null,
                "cosponsors": 43,
                "cosponsors_by_party": {"D":43},
                "committees": "House Judiciary",
                "primary_subject": "Civil rights and liberties, minority issues",
                "summary": "Recognizes the 40th anniversary of the police raid on the Stonewall Inn bar in New York City, New York. Honors those who participated during Stonewall and since that time in the civil rights struggle of lesbian, gay, bisexual, and transgender Americans. Recommits the House of Representatives to protecting and providing equal rights for all Americans, including those who are lesbian, gay, bisexual, or transgender.",
                "summary_short": "Recognizes the 40th anniversary of the police raid on the Stonewall Inn bar in New York City, New York. Honors those who participated during Stonewall and since that time in the civil rights struggle of lesbian, gay, bisexual, and transgender Americans. Recommits the House of Representatives to protecting and providing equal rights for all Americans, including those who are lesbian, gay, bisexual, or transgender.",
                "latest_major_action_date": "2009-08-19",
                "latest_major_action": "Referred to the Subcommittee on the Constitution, Civil Rights, and Civil Liberties."
              },
                           {
                "congress": "111",
                "bill_id": "hr2743-111",
                "bill_type": "hr",
                "number": "H.R.2743",
                "bill_uri": "https://api.propublica.org/congress/v1/111/bills/hr2743.json",
                "title": "To restore the economic rights of automobile dealers, and for other purposes.",
                "short_title": "Automobile Dealer Economic Rights Restoration Act of 2009",
                "sponsor_title": "Rep.",
                "sponsor_id": "M001171",
                "sponsor_name": "Dan Maffei",
                "sponsor_state": "NY",
                "sponsor_party": "D",
                "sponsor_uri": "https://api.propublica.org/congress/v1/members/M001171.json",
                "gpo_pdf_uri": null,
                "congressdotgov_url": "https://www.congress.gov/bill/111th-congress/house-bill/2743",
                "govtrack_url": "https://www.govtrack.us/congress/bills/111/hr2743",
                "introduced_date": "2009-06-08",
                "active": null,
                "last_vote": null,
                "house_passage": null,
                "senate_passage": null,
                "enacted": null,
                "vetoed": null,
                "cosponsors": 286,
                "cosponsors_by_party": {"D":169,"R":118},
                "committees": "House Financial Services",
                "primary_subject": "Finance and financial sector",
                "summary": "Automobile Dealer Economic Rights Restoration Act of 2009 - Prohibits an automobile manufacturer (manufacturer) in which the federal government has an ownership interest, or which receives loans from the federal government, from depriving an automobile dealer (dealer) of its economic rights. Requires the manufacturer to honor those rights as they existed for Chrysler LLC and General Motors Corporation dealers prior to the commencement of the bankruptcy cases of each corporation, including dealer rights to recourse under state law. Requires the appropriate manufacturer to restore the franchise agreement between the dealers and Chrysler LLC or General Motors that was in effect prior to the commencement of their respective bankruptcy cases, and to take assignment of such agreements. States that nothing in this Act is intended to make null and void the transfer of substantially all the assets of such corporations.",
                "summary_short": "Automobile Dealer Economic Rights Restoration Act of 2009 - Prohibits an automobile manufacturer (manufacturer) in which the federal government has an ownership interest, or which receives loans from the federal government, from depriving an automobile dealer (dealer) of its economic rights. Requires the manufacturer to honor those rights as they existed for Chrysler LLC and General Motors Corporation dealers prior to the commencement of the bankruptcy cases of each corporation, including dea...",
                "latest_major_action_date": "2009-06-09",
                "latest_major_action": "Sponsor introductory remarks on measure."
              },
                           {
                "congress": "111",
                "bill_id": "hconres49-111",
                "bill_type": "hconres",
                "number": "H.CON.RES.49",
                "bill_uri": "https://api.propublica.org/congress/v1/111/bills/hconres49.json",
                "title": "Supporting the Local Radio Freedom Act.",
                "short_title": null,
                "sponsor_title": "Rep.",
                "sponsor_id": "G000410",
                "sponsor_name": "Gene Green",
                "sponsor_state": "TX",
                "sponsor_party": "D",
                "sponsor_uri": "https://api.propublica.org/congress/v1/members/G000410.json",
                "gpo_pdf_uri": null,
                "congressdotgov_url": "https://www.congress.gov/bill/111th-congress/house-concurrent-resolution/49",
                "govtrack_url": "https://www.govtrack.us/congress/bills/111/hconres49",
                "introduced_date": "2009-02-12",
                "active": null,
                "last_vote": null,
                "house_passage": null,
                "senate_passage": null,
                "enacted": null,
                "vetoed": null,
                "cosponsors": 264,
                "cosponsors_by_party": {"R":149,"D":116},
                "committees": "House Judiciary",
                "primary_subject": "Science, technology, communications",
                "summary": "Declares that Congress should not impose any new performance fee, tax, royalty, or other charge relating to the public performance of sound recordings on a local radio station for broadcasting sound recordings over-the-air, or on any business for such public performance of sound recordings.",
                "summary_short": "Declares that Congress should not impose any new performance fee, tax, royalty, or other charge relating to the public performance of sound recordings on a local radio station for broadcasting sound recordings over-the-air, or on any business for such public performance of sound recordings.",
                "latest_major_action_date": "2009-02-12",
                "latest_major_action": "Referred to the House Committee on the Judiciary."
              },
                           {
                "congress": "111",
                "bill_id": "hr2517-111",
                "bill_type": "hr",
                "number": "H.R.2517",
                "bill_uri": "https://api.propublica.org/congress/v1/111/bills/hr2517.json",
                "title": "To provide certain benefits to domestic partners of Federal employees.",
                "short_title": "Domestic Partnership Benefits and Obligations Act of 2009",
                "sponsor_title": "Rep.",
                "sponsor_id": "B001230",
                "sponsor_name": "Tammy Baldwin",
                "sponsor_state": "WI",
                "sponsor_party": "D",
                "sponsor_uri": "https://api.propublica.org/congress/v1/members/B001230.json",
                "gpo_pdf_uri": null,
                "congressdotgov_url": "https://www.congress.gov/bill/111th-congress/house-bill/2517",
                "govtrack_url": "https://www.govtrack.us/congress/bills/111/hr2517",
                "introduced_date": "2009-05-20",
                "active": null,
                "last_vote": null,
                "house_passage": null,
                "senate_passage": null,
                "enacted": null,
                "vetoed": null,
                "cosponsors": 140,
                "cosponsors_by_party": {"R":1,"D":139},
                "committees": "House Oversight and Government Reform; House Administration; House Judiciary",
                "primary_subject": "Government operations and politics",
                "summary": "Domestic Partnership Benefits and Obligations Act of 2009 - Extends specified federal employee benefits to domestic partners of federal employees. Title I: Domestic Partnerships - (Sec. 101) Amends federal civil service law to provide that, in order to establish a domestic partnership with an individual for purposes of receiving federal employment benefits, an employee, former employee, or annuitant (employee) must file an affidavit attesting that: (1) both individuals are members of the same sex, at least age 18, and competent to contract; (2) the filing employee has notified the other individual of the filing of the affidavit attesting that their partnership satisfies the requirements of this section; (3) such individuals are in a domestic partnership with one another and intend to remain so indefinitely; (4) such individuals have a common residence or that such individuals do not have a common residence because of financial, employment-related, or other reasons identified in the affidavit; (5) neither individual is married to or in a domestic partnership with anyone outside the domestic partnership; (6) the two individuals share responsibility for a significant measure of each other's common welfare and financial obligations and are not related in any way that would prohibit legal marriage in the jurisdiction in which either individual resides if they were of the opposite sex; and (7) the employee understands that willful falsification of information set forth in the affidavit or failure to provide appropriate notification of the termination of the domestic partnership may lead to the recovery of amounts obtained as a result of such falsification or failure, criminal or other penalties, and (in appropriate cases) disciplinary action. Prohibits any individual from using or having access to information obtained under this title for any purpose other than the administration of law to which this title applies. Title II: Civil Service Retirement System - (Sec. 201) Defines \"former domestic partner\" for purposes of Civil Service Retirement System provisions to mean a former domestic partner of an individual if: (1) such individual performed at least 18 months of civilian service as an employee or Member; and (2) the former domestic partner was in a domestic partnership with such individual for at least nine months. (Sec. 202) Requires the Office of Personnel Management (OPM) to prescribe regulations to provide that domestic partners and former domestic partners shall be considered as spouses or former spouses for purposes of creditable service determinations and related payments. (Sec. 203) Requires that a domestic partner, former domestic partner, or surviving partner be considered as a spouse, former spouse, or surviving spouse for purposes of the election, computation, and termination of, or entitlement to, a survivor annuity. (Sec. 204) Makes a surviving partner or former domestic partner eligible for a cost-of-living adjustment for an annuity. (Sec. 205) Sets forth definitions of \"surviving partner\" and \"former domestic partner\" for purposes of provisions governing survivor annuities. Requires: (1) OPM to prescribe regulations for the treatment of children of a domestic partner in a manner consistent with the rules for stepchildren; and (2) a domestic partner, former domestic partner, surviving partner, or surviving domestic partner to be considered for purposes of entitlement to and computation, commencement, termination, and restoration of a survivor annuity in a manner consistent with existing provisions regarding such annuities (Sec. 206) Adds \"surviving partner\" as the primary beneficiary for any payable lump-sum benefits in the event the employee or Member has not designated a different beneficiary or beneficiaries. Requires a domestic partner or former domestic partner to be notified or to consent to any payment in a manner consistent with existing provisions. (Sec. 207) Applies provisions governing alternative forms of annuity benefits available for any employee or Member who has a life-threatening affliction or other critical medical condition at the time of retiring to individuals in domestic partnerships. (Sec. 208) Requires the Director of Central Intelligence (DCI) to collect deposits made by domestic partners and former domestic partners in a manner consistent with existing provisions. (Sec. 209) Provides for notifications of a domestic partner or former domestic partner under the Thrift Savings Plan. Title III: Federal Employees' Retirement System - (Sec. 301) Defines \"former domestic partner\" to mean a former domestic partner of an individual if: (1) such individual performed at least 18 months of civilian service as an employee or Member; and (2) the former domestic partner was in a domestic partnership with such individual for at least nine months. (Sec. 302) Requires OPM to provide that domestic partners and former domestic partners be considered as spouses or former spouses for purposes of creditable service determinations and payments. (Sec. 303) Requires that a domestic partner, former domestic partner, or surviving domestic partner be considered as a spouse, former spouse, or surviving spouse for purposes of entitlement to, or reduction of, a survivor annuity. (Sec. 304) Requires that a former domestic partner be considered as a former spouse for purposes of: (1) entitlement to a survivor annuity and a corresponding election and reduction to an employee or Member's annuity; and (2) any reduction in an annuity in a manner consistent with existing provisions. (Sec. 306) Requires that a domestic partner or former domestic partner be considered as a spouse or former spouse for purposes of a reduction in an annuity or a termination of any such reduction in a manner consistent with existing provisions. (Sec. 307) Requires that a domestic partner be considered as a spouse for purposes of the availability of an insurable interest reduction to an annuity. (Sec. 308) Requires a domestic partner, surviving domestic partner, or former domestic partner to be considered for purposes of the availability of an alternative form of annuity. (Sec. 309) Directs that a domestic partner or former domestic partner be considered as a spouse or former spouse for purposes of notification regarding a payable lump-sum benefit in a manner consistent with existing provisions. Requires any such benefit to be payable to a surviving partner in the event there is no beneficiary designated by the employee or Member. (Sec. 310) Requires a domestic partner or former domestic partner to be considered as a spouse or former spouse for purposes of payment of an annuity. (Sec. 311) Requires that domestic partners, former domestic partners, and surviving domestic partners be considered as spouses, former spouses, or surviving spouses for purposes of notification and other protections regarding withdrawals and elections by an employee or Member and for purposes of entitlement to and calculation of a survivor annuity. (Sec. 312) Directs that domestic partners of justices or judges be considered as spouses for purposes of rights relating to contributions to the Thrift Savings Fund. (Sec. 313) Defines \"surviving partner\" for purposes of Federal Employees' Retirement System provisions. Requires OPM to prescribe regulations for the treatment of children of a domestic partner in a manner consistent with the rules for stepchildren. (Sec. 314) Requires that domestic partners or surviving partners be considered as spouses and surviving spouses for purposes of entitlement to and computation, commencement, termination, and payment of a survivor annuity or lump sum credit in a manner consistent with existing provisions. (Sec. 315) Requires former domestic partners to be considered as former spouses for purposes of entitlement to and calculation, commencement, and termination of an annuity. (Sec. 316) Requires the DCI to collect deposits made by domestic partners and former domestic partners in a manner consistent with existing provisions. (Sec. 317) Requires that surviving partners be considered as surviving spouses for purposes of annuity cost-of-living increases. (Sec. 318) Provides that a party of interest includes a domestic partner or domestic partner of a lineal descendant for purposes of provisions regarding fiduciary responsibilities, liability, and penalties. Title IV: Insurance Benefits - (Sec. 401) Provides that a family member of an eligible individual includes a domestic partner, for purposes of federal employee life insurance benefits provisions. Requires that children of a domestic partner be treated as stepchildren. Requires a claim to be paid to a surviving domestic partner in the event an employee has not designated a different beneficiary. Requires a domestic partner to be considered as a spouse for purposes of optional life insurance plans. (Sec. 402) Amends the definition of \"family member\" to include the domestic partner of an eligible enrollee for purposes of federal employee health insurance provisions (which allows a domestic partner of an employee, former employee, or annuitant to be enrolled in a Federal Employee Health Benefits plan under family coverage). Defines \"former domestic partner\" for such purposes. Requires that children of a domestic partner be treated as stepchildren. Adds \"former domestic partner\" to a list of individuals who must be covered by a plan in order for that plan to contract with OPM. Entitles a former domestic partner to direct access to care and to have payment or reimbursement in a manner consistent with existing provisions concerning a spouse. Provides that a former domestic partner may be considered as a former spouse for purposes of provisions governing debarment or other sanctions imposed on a carrier. Authorizes OPM to contract for a service benefit plan that includes former domestic partners. Requires OPM to prescribe regulations to ensure parity of treatment in the election of health coverage to: (1) former spouses and former domestic partners; and (2) children of a marriage that has been dissolved and the children of a domestic partnership that has been terminated. Makes a surviving domestic partner eligible to re-enroll in a health benefits plan under conditions consistent with existing provisions. Provides that domestic partners and former domestic partners be considered as spouses and former spouses for purposes of regulations issued by OPM regarding the beginning and ending dates of coverage under a health benefit plan. (Sec. 403) Allows a domestic partner who is eligible to enroll in a federal employee dental or vision benefits plan both as an individual and as a family member to enroll as an employee, annuitant, or other eligible individual or as a family member, but not both. Makes a surviving domestic partner eligible to continue enrollment. (Sec. 405) Makes a domestic partner a qualified relative for purposes of eligibility to obtain federal employee long-term care insurance coverage. Title V: Travel, Transportation, and Subsistence - (Sec. 501) Grants the head of an agency authority to reimburse an employee for taxes incurred by an employee's domestic partner (where joint filing by the employee and a domestic partner is allowable) for: (1) travel or transportation reimbursement received; and (2) moving or storage expenses for which reimbursement is provided. (Sec. 502) Grants an agency authority to pay the transportation expenses of the employee's domestic partner: (1) when the employee is transferred in the interest of the government; and (2) to seek a new residence at the employee's assignment location if the employee is assigned from the employee's official station to a duty station for a period of not less than 6 months and not greater than 30 months. Title VI: Compensation for Work Injuries - (Sec. 601) Modifies the definition of \"children\" to include children and adopted children of a domestic partner, and defines \"domestic partner\" and \"surviving partner,\" for purposes of federal employees' workers' compensation provisions. (Sec. 602) Requires a death gratuity to be paid to the surviving partner of an employee who dies in connection with the employee's service with an armed force in a contingency operation. Provides that the children of a domestic partner may also be considered for purposes of the death gratuity. (Sec. 603) Modifies the order of precedence to account for the surviving partner of an individual for purposes of any unpaid compensation at the time of death of an individual. (Sec. 604) Adds \"domestic partner\" to the definition of \"dependent\" for purposes of augmented compensation. (Sec. 605) Limits a domestic partner of an employee to exclusive remedies provided in the case of the death or injury of the employee if: (1) he or she is a member of the same household as the employee; (2) he or she is receiving regular contributions from the employee for his or her support; or (3) the employee has been ordered by a court to contribute to his or her support. (Sec. 606) Modifies the order of precedence to account for the surviving partner of an individual for purposes of any compensation payable upon the death of an employee if the death results from an injury sustained in the performance of duty. (Sec. 607) Requires a surviving partner to be considered as a surviving spouse for purposes of a lump sum payment. (Sec. 608) Grants the Secretary of Labor authority to issue regulations to carry out this title. Requires the Secretary to consult with the Director of OPM and the heads of other affected agencies to standardize the process for establishing the existence of a domestic partnership. (Sec. 609) Makes this title generally effective on enactment of this Act and applicable to any injury or death occurring before, on, or after that date. Makes compensation payable, retroactive to the date of enactment, only with respect to any period commencing on or after the date of enactment. Provides that no recovery shall be made of compensation paid to an individual whose entitlement to compensation is terminated or reduced as a result of this title's enactment. Title VII: Provisions Relating to Employment of Relatives and Other Matters - (Sec. 701) Adds \"domestic partner\" to the list of relatives that full under restrictions on federal employment of relatives and related prohibitions. (Sec. 702) Provides that a surviving partner shall be considered as a surviving spouse for purposes of the order of precedence with respect to settlement of accounts of deceased federal employees. (Sec. 703) Requires regulations regarding benefits for captives to ensure that a domestic partner is afforded the same status as a spouse. (Sec. 704) Requires that regulations regarding compensation for disability or death ensure parity of treatment between a domestic partner and a spouse. (Sec. 705) Includes a biological, adopted, or foster child of a domestic partner as a \"son or daughter\" for purposes of federal employee family and medical leave provisions. Allows an employee a total of 12 administrative workweeks of leave during any 12-month period to care for a domestic partner. Title VIII: Additional Provisions - (Sec. 801) Requires the President to prescribe regulations necessary to ensure that specified provisions relating to the following are administered in a manner consistent with the purposes of this Act: (1) the Family and Medical Leave Act of 1993; (2) travel, transportation, and related payments and benefits under the Foreign Service Act of 1980 and for civilian employees of the Department of Defense (DOD); (3) certain benefits for members of the commissioned officer corps of the National Oceanic and Atmospheric Administration (NOAA); and (4) benefits related to federal employees or annuitants and benefits necessary to carry out the purposes of this Act. Title IX: Amendment to the Ethics in Government Act of 1978 - (Sec. 901) Amends the Ethics in Government Act of 1978 to make an employee, former employee, or annuitant and the domestic partner of such employee, former employee, or annuitantsubject to specified legal provisions to the same extent as a married employee and his or her spouse, including provisions relating to financial disclosure requirements of federal personnel, government-wide limitations on outside earned income and employment, regulations for the conduct of executive branch employees, gifts to superiors and to federal employees, bribery, acceptance of travel expenses from nonfederal sources, taxes on self-dealing, and disqualification of a justice, judge, or magistrate judge. Title X: Reporting Requirements - (Sec. 1001) Directs the President to transmit to specified congressional committees a report on this Act's implementation and a a description of any further measures that should be taken to carry out this Act, including recommended legislative or administrative action. (Sec. 1002) Requires the Government Accountability Office (GAO) to report to such committees on: (1) the effects of this Act on premiums or other periodic charges under the Federal Employees Health Benefits Program; and (2) the impact of extending benefits to domestic partners on federal employee retention and recruitment efforts.",
                "summary_short": "Domestic Partnership Benefits and Obligations Act of 2009 - Extends specified federal employee benefits to domestic partners of federal employees. Title I: Domestic Partnerships - (Sec. 101) Amends federal civil service law to provide that, in order to establish a domestic partnership with an individual for purposes of receiving federal employment benefits, an employee, former employee, or annuitant (employee) must file an affidavit attesting that: (1) both individuals are members of the same...",
                "latest_major_action_date": "2010-01-29",
                "latest_major_action": "Placed on the Union Calendar, Calendar No. 239."
              },
                           {
                "congress": "111",
                "bill_id": "hr2751-111",
                "bill_type": "hr",
                "number": "H.R.2751",
                "bill_uri": "https://api.propublica.org/congress/v1/111/bills/hr2751.json",
                "title": "An act to amend the Federal Food, Drug, and Cosmetic Act with respect to the safety of the food supply.",
                "short_title": "FDA Food Safety Modernization Act",
                "sponsor_title": "Rep.",
                "sponsor_id": "S001174",
                "sponsor_name": "Betty Sutton",
                "sponsor_state": "OH",
                "sponsor_party": "D",
                "sponsor_uri": "https://api.propublica.org/congress/v1/members/S001174.json",
                "gpo_pdf_uri": null,
                "congressdotgov_url": "https://www.congress.gov/bill/111th-congress/house-bill/2751",
                "govtrack_url": "https://www.govtrack.us/congress/bills/111/hr2751",
                "introduced_date": "2009-06-08",
                "active": null,
                "last_vote": "2010-12-21",
                "house_passage": "2009-06-09",
                "senate_passage": null,
                "enacted": null,
                "vetoed": null,
                "cosponsors": 59,
                "cosponsors_by_party": {"D":51,"R":9},
                "committees": "House Energy and Commerce; House Ways and Means",
                "primary_subject": "Transportation and public works",
                "summary": "FDA Food Safety Modernization Act - Title I: Improving Capacity to Prevent Food Safety Problems - Amends the Federal Food, Drug, and Cosmetic Act (FFDCA) to expand the food safety activities of the Secretary of Health and Human Services (HHS), including to authorize the Secretary to inspect records related to food. Exempts certain establishments that sell food directly to consumers, such as roadside stands, farmers markets or participants in a community supported agriculture program, from specified requirements of this Act. Requires each owner, operator, or agent in charge of a food facility to identify and implement preventive controls to significantly minimize or prevent hazards that could affect food manufactured, processed, packed, or held by such facility. Sets forth provisions governing exemptions from such requirements for certain facilities. Requires the Secretary to: (1) issue guidance documents to reduce the risk from the most significant foodborne contaminants; and (2) establish minimum standards for the safe production and harvesting of fruits and vegetables based on known safety risks. Authorizes the Secretary to issue exemptions and variances from such standards. Directs the Secretary to assess and collect fees related to: (1) food facility reinspection; (2) food recalls; (3) the voluntary qualified importer program; and (4) importer reinspection. Directs the Secretary to develop voluntary food allergy and anaphylaxis management guidelines for schools and early childhood education programs. Title II: Improving Capacity to Detect and Respond to Food Safety Problems - Requires the Secretary to: (1) allocate resources to inspect facilities and imported food according to the known safety risks of the facilities or food; and (2) establish a product tracing system to track and trace food that is in the United States or offered for import into the United States. Requires the Secretary, acting through the Director of the Centers for Disease Control and Prevention (CDC), to enhance foodborne illness surveillance systems to improve the collection, analysis, reporting, and usefulness of data on foodborne illnesses. Gives the Secretary the authority to order a recall of an article of food. Title III: Improving the Safety of Imported Food - Requires U.S. importers to perform risk-based foreign supplier verification activities to verify that imported food is produced in compliance with applicable requirements related to hazard analysis and standards for produce safety and is not adulterated or misbranded. Requires the Secretary to establish a program to expedite review and importation of food offered for importation by U.S. importers who have voluntarily agreed to participate in such program. Authorizes the Secretary to: (1) require a certification that an article of food imported or offered for import complies with applicable requirements of this Act; and (2) enter into arrangements and agreements with foreign governments to facilitate the inspection of registered foreign facilities. Requires food to be refused admission into the United States if permission to inspect the food facility is denied by the facility owner, operator, or agent or the foreign country. Sets forth provisions governing the establishment of a system to recognize bodies that accredit third-party auditors and audit agents to certify that foreign entities meet applicable FFDCA requirements for importation of food into the United States. Title IV: Miscellaneous Provisions - Authorizes appropriations for FY2011-FY2015 for the activities of the Center for Food Safety and Applied Nutrition, the Center for Veterinary Medicine, and related field activities in the Office of Regulatory Affairs of the Food and Drug Administration (FDA). Directs the Secretary to increase the field staff of such Centers and Office. Establishes whistleblower's protections for employees of entities involved in the manufacturing, processing, packing, transporting, distribution, reception, holding, or importation of food who provide information relating to any FFDCA violation.",
                "summary_short": "FDA Food Safety Modernization Act - Title I: Improving Capacity to Prevent Food Safety Problems - Amends the Federal Food, Drug, and Cosmetic Act (FFDCA) to expand the food safety activities of the Secretary of Health and Human Services (HHS), including to authorize the Secretary to inspect records related to food. Exempts certain establishments that sell food directly to consumers, such as roadside stands, farmers markets or participants in a community supported agriculture program, from spe...",
                "latest_major_action_date": "2011-01-04",
                "latest_major_action": "Became Public Law No: 111-353."
              },
                           {
                "congress": "111",
                "bill_id": "hr1545-111",
                "bill_type": "hr",
                "number": "H.R.1545",
                "bill_uri": "https://api.propublica.org/congress/v1/111/bills/hr1545.json",
                "title": "To amend the Internal Revenue Code of 1986 to make the credit for research activities permanent and to provide an increase in such credit for taxpayers whose gross receipts are predominantly from domestic production activities.",
                "short_title": null,
                "sponsor_title": "Rep.",
                "sponsor_id": "B001263",
                "sponsor_name": "John Boccieri",
                "sponsor_state": "OH",
                "sponsor_party": "D",
                "sponsor_uri": "https://api.propublica.org/congress/v1/members/B001263.json",
                "gpo_pdf_uri": null,
                "congressdotgov_url": "https://www.congress.gov/bill/111th-congress/house-bill/1545",
                "govtrack_url": "https://www.govtrack.us/congress/bills/111/hr1545",
                "introduced_date": "2009-03-17",
                "active": null,
                "last_vote": null,
                "house_passage": null,
                "senate_passage": null,
                "enacted": null,
                "vetoed": null,
                "cosponsors": 37,
                "cosponsors_by_party": {"R":19,"D":18},
                "committees": "House Ways and Means",
                "primary_subject": "Taxation",
                "summary": "Amends the Internal Revenue Code to: (1) make permanent the tax credit for increasing research activities; and (2) increase the amount of such credit for taxpayers who earn more than 50% of their gross receipts from domestic production activities.",
                "summary_short": "Amends the Internal Revenue Code to: (1) make permanent the tax credit for increasing research activities; and (2) increase the amount of such credit for taxpayers who earn more than 50% of their gross receipts from domestic production activities.",
                "latest_major_action_date": "2009-03-17",
                "latest_major_action": "Referred to the House Committee on Ways and Means."
              },
                           {
                "congress": "111",
                "bill_id": "hconres109-111",
                "bill_type": "hconres",
                "number": "H.CON.RES.109",
                "bill_uri": "https://api.propublica.org/congress/v1/111/bills/hconres109.json",
                "title": "Honoring the 20th anniversary of the Susan G. Komen Race for the Cure in the Nation's Capital and its transition to the Susan G. Komen Global Race for the Cure on June 6, 2009, and for other purposes.",
                "short_title": null,
                "sponsor_title": "Rep.",
                "sponsor_id": "C001078",
                "sponsor_name": "Gerald E. Connolly",
                "sponsor_state": "VA",
                "sponsor_party": "D",
                "sponsor_uri": "https://api.propublica.org/congress/v1/members/C001078.json",
                "gpo_pdf_uri": null,
                "congressdotgov_url": "https://www.congress.gov/bill/111th-congress/house-concurrent-resolution/109",
                "govtrack_url": "https://www.govtrack.us/congress/bills/111/hconres109",
                "introduced_date": "2009-04-27",
                "active": null,
                "last_vote": "2009-06-03",
                "house_passage": "2009-06-03",
                "senate_passage": null,
                "enacted": null,
                "vetoed": null,
                "cosponsors": 145,
                "cosponsors_by_party": {"I":1,"R":21,"D":124},
                "committees": "House Energy and Commerce",
                "primary_subject": "Health",
                "summary": "Remembers the lives of the women and men who have lost their fight with breast cancer and expresses support and admiration for those who have survived. Congratulates participants in the Global Race for the Cure to raise money for research and education. Urges Americans to walk this year and support their family and friends who participate. Honors the Susan G. Komen Global Race for the Cure.",
                "summary_short": "Remembers the lives of the women and men who have lost their fight with breast cancer and expresses support and admiration for those who have survived. Congratulates participants in the Global Race for the Cure to raise money for research and education. Urges Americans to walk this year and support their family and friends who participate. Honors the Susan G. Komen Global Race for the Cure.",
                "latest_major_action_date": "2009-06-09",
                "latest_major_action": "Message on Senate action sent to the House."
              },
                           {
                "congress": "111",
                "bill_id": "hr2404-111",
                "bill_type": "hr",
                "number": "H.R.2404",
                "bill_uri": "https://api.propublica.org/congress/v1/111/bills/hr2404.json",
                "title": "To require the Secretary of Defense to submit a report to Congress outlining the United States exit strategy for United States military forces in Afghanistan participating in Operation Enduring Freedom.",
                "short_title": null,
                "sponsor_title": "Rep.",
                "sponsor_id": "M000312",
                "sponsor_name": "Jim McGovern",
                "sponsor_state": "MA",
                "sponsor_party": "D",
                "sponsor_uri": "https://api.propublica.org/congress/v1/members/M000312.json",
                "gpo_pdf_uri": null,
                "congressdotgov_url": "https://www.congress.gov/bill/111th-congress/house-bill/2404",
                "govtrack_url": "https://www.govtrack.us/congress/bills/111/hr2404",
                "introduced_date": "2009-05-14",
                "active": null,
                "last_vote": null,
                "house_passage": null,
                "senate_passage": null,
                "enacted": null,
                "vetoed": null,
                "cosponsors": 101,
                "cosponsors_by_party": {"R":7,"D":94},
                "committees": "House Armed Services",
                "primary_subject": "Armed forces and national security",
                "summary": "Directs the Secretary of Defense to submit a report to Congress, by December 31, 2009, outlining the exit strategy for U.S. military forces in Afghanistan participating in Operation Enduring Freedom.",
                "summary_short": "Directs the Secretary of Defense to submit a report to Congress, by December 31, 2009, outlining the exit strategy for U.S. military forces in Afghanistan participating in Operation Enduring Freedom.",
                "latest_major_action_date": "2009-05-14",
                "latest_major_action": "Referred to the House Committee on Armed Services."
              },
                           {
                "congress": "111",
                "bill_id": "hr2349-111",
                "bill_type": "hr",
                "number": "H.R.2349",
                "bill_uri": "https://api.propublica.org/congress/v1/111/bills/hr2349.json",
                "title": "To provide in personam jurisdiction in civil actions against contractors of the United States Government performing contracts abroad with respect to serious bodily injuries of members of the Armed Forces, civilian employees of the United States Government, and United States citizen employees of companies performing work for the United States Government in connection with contractor activities, and for other purposes.",
                "short_title": "Lieutenant Colonel Dominic \"Rocky\" Baragona Justice for American Heroes Harmed by Contractors Act",
                "sponsor_title": "Rep.",
                "sponsor_id": "R000577",
                "sponsor_name": "Tim Ryan",
                "sponsor_state": "OH",
                "sponsor_party": "D",
                "sponsor_uri": "https://api.propublica.org/congress/v1/members/R000577.json",
                "gpo_pdf_uri": null,
                "congressdotgov_url": "https://www.congress.gov/bill/111th-congress/house-bill/2349",
                "govtrack_url": "https://www.govtrack.us/congress/bills/111/hr2349",
                "introduced_date": "2009-05-12",
                "active": null,
                "last_vote": null,
                "house_passage": null,
                "senate_passage": null,
                "enacted": null,
                "vetoed": null,
                "cosponsors": 12,
                "cosponsors_by_party": {"D":12},
                "committees": "House Oversight and Government Reform",
                "primary_subject": "Government operations and politics",
                "summary": "Lieutenant Colonel Dominic \"Rocky\" Baragona Justice for American Heroes Harmed by Contractors Act - Requires the Director of the Office of Management and Budget (OMB) to amend the Federal Acquisition Regulation (FAR) to include, with respect to any contract for work to be performed outside the United States that is approved and financed by the U.S. government, requirements that: (1) the contractor consent to in personam jurisdiction over the contractor by the federal courts with respect to any suit alleging serious bodily injury of a member of the Armed Forces, civilian government employee, or U.S. citizen employee of a company performing work for the government, or any civil or criminal suit brought by the government alleging wrongdoing associated with the performance of the contract; and (2) a contractor awarded a contract with a value of $5 million or more that does not maintain a U.S. office designate an agent in the United States for service of process in such a suit. Requires a contractor to consent to federal court jurisdiction in any civil or criminal action commenced between September 11, 2001, and the date of enactment of this Act as a condition of entering into any contract with the U.S. government, or receiving payment for performing any activity under such a contract, on or after the date of enactment of this Act. Requires the Director to amend FAR to provide that a U.S. government contractor may be debarred or suspended from contracting for: (1) evading service of process in such a suit; or (2) refusing or failing to appear before a federal court in a matter brought against the contractor by the U.S. government or a U.S. citizen or national in connection with contract performance.",
                "summary_short": "Lieutenant Colonel Dominic &quot;Rocky&quot; Baragona Justice for American Heroes Harmed by Contractors Act - Requires the Director of the Office of Management and Budget (OMB) to amend the Federal Acquisition Regulation (FAR) to include, with respect to any contract for work to be performed outside the United States that is approved and financed by the U.S. government, requirements that: (1) the contractor consent to in personam jurisdiction over the contractor by the federal courts with respect to an...",
                "latest_major_action_date": "2009-06-26",
                "latest_major_action": "Referred to the Subcommittee on Government Management, Organization, and Procurement."
              },
                           {
                "congress": "111",
                "bill_id": "hr2350-111",
                "bill_type": "hr",
                "number": "H.R.2350",
                "bill_uri": "https://api.propublica.org/congress/v1/111/bills/hr2350.json",
                "title": "To amend the Public Health Service Act and the Social Security Act to increase the number of primary care physicians and primary care providers and to improve patient access to primary care services, and for other purposes.",
                "short_title": "Preserving Patient Access to Primary Care Act of 2009",
                "sponsor_title": "Rep.",
                "sponsor_id": "S001162",
                "sponsor_name": "Allyson Y. Schwartz",
                "sponsor_state": "PA",
                "sponsor_party": "D",
                "sponsor_uri": "https://api.propublica.org/congress/v1/members/S001162.json",
                "gpo_pdf_uri": null,
                "congressdotgov_url": "https://www.congress.gov/bill/111th-congress/house-bill/2350",
                "govtrack_url": "https://www.govtrack.us/congress/bills/111/hr2350",
                "introduced_date": "2009-05-12",
                "active": null,
                "last_vote": null,
                "house_passage": null,
                "senate_passage": null,
                "enacted": null,
                "vetoed": null,
                "cosponsors": 134,
                "cosponsors_by_party": {"D":130,"R":5},
                "committees": "House Energy and Commerce; House Ways and Means; House Education and Labor",
                "primary_subject": "Health",
                "summary": "Preserving Patient Access to Primary Care Act of 2009 - Amends the Higher Education Act of 1965 to authorize the Secretary of Education to award recruitment incentive grants or contracts to graduate medical schools to enable them to improve primary care education and training for medical students. Amends the Public Health Service Act (PHSA) to direct the Secretary of Health and Human Services, acting through the Administrator of the Health Resources and Services Administration, to: (1) award grants to critical shortage health facilities to enable them to provide scholarships to individuals who agree to serve as physicians at such facilities after completing a residency in a primary care field; (2) establish an educational loan repayment program for individuals who agree to serve as primary care physicians or primary care providers (including nurse practitioners) in an area that is not a health professional shortage area but has a critical shortage of such physicians or providers; and (3) establish an educational loan repayment program for individuals who agree to serve as physicians in the field of obstetrics and gynecology or as certified nurse midwives in an area that is not a health professional shortage area. Amends the Higher Education Act of 1965 to provide for deferment of education loans during medical residency and internships in a primary care field. Amends the PHSA to direct the Secretary to award grants to eligible state and local government entities for the development of informational materials that promote careers in primary care. Amends the PHSA to extend the authorization of appropriations for training in a family medicine, general internal medicine, general geriatrics, general pediatrics, physician assistance, general dentistry, and pediatric dentistry Authorizes increased appropriations for the national health service corps scholarships and loan repayment programs. Amends title XIX (Medicaid) of the Social Security Act (SSA) to allow the use of Medicaid transformation payments for methods for improving medical assistance under Medicaid and SSA title XXI (Children's Health Insurance Program) (CHIP, formerly known as SCHIP) by encouraging certain medical practices to qualify as patient centered medical homes. Amends SSA title XVIII (Medicare) to: (1) increase budget neutrality limits under the physician fee schedule to account for anticipated savings resulting from payments for certain services and the coordination of beneficiary care; and (2) require a separate Medicare payment for designated primary care services and comprehensive care coordination services. Amends SSA title XVIII to cover patient-centered medical home services. Directs the Secretary to develop a methodology to increase payments for designated evaluation and management services provided by primary and principal care providers. Requires: (1) additional incentive payments for primary care services furnished in health professional shortage areas; (2) permanent extension of the floor on the Medicare work geographic adjustment under the physician fee schedule; and (3) permanent extension of the Medicare incentive payment program for physician scarcity areas. Directs the Secretary to study and report to Congress on the process for determining relative value under the Medicare physician fee schedule. Eliminates cost sharing for preventive benefits and the time restriction for initial preventive physical examination. Directs the Secretary to study and report to Congress on: (1) facilitating the receipt of Medicare preventive services by Medicare beneficiaries; (2) increasing the ability of physicians and primary care providers to assist Medicare beneficiaries in obtaining needed prescriptions under Medicare part D (Voluntary Prescription Drug Benefit Program); and (3) developing and implementing mechanisms to promote and increase interaction between physicians or primary care providers and the families of Medicare beneficiaries, as well as other caregivers who support such beneficiaries, for the purpose of improving patient care under the Medicare program. Requires additional payments to physicians for services to individuals with limited English proficiency (LEP). Requires various specified studies. Directs the Medicare Payment Advisory Commission (MEDPAC) to provide an ongoing assessment of the impact of changes in Medicare payment policies in improving access to and equity of payments to primary care physicians and primary care providers. Authorizes distribution of additional residency positions and the counting of resident time in certain outpatient settings. Establishes rules for counting resident time in a nonhospital setting primarily engaged in furnishing patient care in non-patient care activities, such as didactic and scholarly activities and other activities (but not research not associated with the treatment or diagnosis of a particular patient). Authorizes redistribution of residency slots after a hospital closes or is acquired by another entity with the approval of a bankruptcy court. Directs the Secretary to revise the 9th Statement of Work under the Quality Improvement Program to include a requirement that, in order to be an eligible Quality Improvement Organization (QIO) for the 9th Statement of Work contract cycle, a QIO provide assistance, including technical assistance, to physicians under the Medicare program that seek to acquire the elements necessary to be recognized as a patient centered medical home practice under the National Committee for Quality Assurance's Physician Practice Connections -- PCMH module.",
                "summary_short": "Preserving Patient Access to Primary Care Act of 2009 - Amends the Higher Education Act of 1965 to authorize the Secretary of Education to award recruitment incentive grants or contracts to graduate medical schools to enable them to improve primary care education and training for medical students. Amends the Public Health Service Act (PHSA) to direct the Secretary of Health and Human Services, acting through the Administrator of the Health Resources and Services Administration, to: (1) award ...",
                "latest_major_action_date": "2009-06-11",
                "latest_major_action": "Referred to the Subcommittee on Higher Education, Lifelong Learning, and Competitiveness."
              },
                           {
                "congress": "111",
                "bill_id": "hres422-111",
                "bill_type": "hres",
                "number": "H.RES.422",
                "bill_uri": "https://api.propublica.org/congress/v1/111/bills/hres422.json",
                "title": "Congratulating LeBron James for being named the 2009 Most Valuable Player in the National Basketball Association.",
                "short_title": null,
                "sponsor_title": "Rep.",
                "sponsor_id": "S001174",
                "sponsor_name": "Betty Sutton",
                "sponsor_state": "OH",
                "sponsor_party": "D",
                "sponsor_uri": "https://api.propublica.org/congress/v1/members/S001174.json",
                "gpo_pdf_uri": null,
                "congressdotgov_url": "https://www.congress.gov/bill/111th-congress/house-resolution/422",
                "govtrack_url": "https://www.govtrack.us/congress/bills/111/hres422",
                "introduced_date": "2009-05-07",
                "active": null,
                "last_vote": null,
                "house_passage": null,
                "senate_passage": null,
                "enacted": null,
                "vetoed": null,
                "cosponsors": 8,
                "cosponsors_by_party": {"D":8},
                "committees": "House Oversight and Government Reform",
                "primary_subject": "Sports and recreation",
                "summary": "Congratulates LeBron James for: (1) being named the 2008-2009 National Basketball Association's Most Valuable Player; and (2) being the first Cleveland Cavaliers player, and the youngest player since 1979, to be named Most Valuable Player. Recognizes his contributions to the cities of Akron and Cleveland.",
                "summary_short": "Congratulates LeBron James for: (1) being named the 2008-2009 National Basketball Association&#39;s Most Valuable Player; and (2) being the first Cleveland Cavaliers player, and the youngest player since 1979, to be named Most Valuable Player. Recognizes his contributions to the cities of Akron and Cleveland.",
                "latest_major_action_date": "2009-05-07",
                "latest_major_action": "Referred to the House Committee on Oversight and Government Reform."
              },
                           {
                "congress": "111",
                "bill_id": "hconres120-111",
                "bill_type": "hconres",
                "number": "H.CON.RES.120",
                "bill_uri": "https://api.propublica.org/congress/v1/111/bills/hconres120.json",
                "title": "Supporting the goals and ideals of National Women's Health Week, and for other purposes.",
                "short_title": null,
                "sponsor_title": "Rep.",
                "sponsor_id": "H000627",
                "sponsor_name": "Maurice D. Hinchey",
                "sponsor_state": "NY",
                "sponsor_party": "D",
                "sponsor_uri": "https://api.propublica.org/congress/v1/members/H000627.json",
                "gpo_pdf_uri": null,
                "congressdotgov_url": "https://www.congress.gov/bill/111th-congress/house-concurrent-resolution/120",
                "govtrack_url": "https://www.govtrack.us/congress/bills/111/hconres120",
                "introduced_date": "2009-05-06",
                "active": null,
                "last_vote": null,
                "house_passage": "2009-05-19",
                "senate_passage": null,
                "enacted": null,
                "vetoed": null,
                "cosponsors": 118,
                "cosponsors_by_party": {"D":112,"R":6},
                "committees": "House Energy and Commerce; Senate Health, Education, Labor, and Pensions",
                "primary_subject": "Health",
                "summary": "Expresses support for the goals and ideals of National Women's Health Week. Recognizes the importance of: (1) preventing diseases that commonly affect women; and (2) federal, state, and private programs that provide research and collect data on common diseases in women. Calls on women to observe National Women's Check-Up Day by receiving preventive screenings.",
                "summary_short": "Expresses support for the goals and ideals of National Women&#39;s Health Week. Recognizes the importance of: (1) preventing diseases that commonly affect women; and (2) federal, state, and private programs that provide research and collect data on common diseases in women. Calls on women to observe National Women&#39;s Check-Up Day by receiving preventive screenings.",
                "latest_major_action_date": "2009-05-20",
                "latest_major_action": "Received in the Senate and referred to the Committee on Health, Education, Labor, and Pensions."
              },
                           {
                "congress": "111",
                "bill_id": "hr1881-111",
                "bill_type": "hr",
                "number": "H.R.1881",
                "bill_uri": "https://api.propublica.org/congress/v1/111/bills/hr1881.json",
                "title": "To enhance the transportation security functions of the Department of Homeland Security by providing for an enhanced personnel system for employees of the Transportation Security Administration, and for other purposes.",
                "short_title": "Transportation Security Workforce Enhancement Act of 2009",
                "sponsor_title": "Rep.",
                "sponsor_id": "L000480",
                "sponsor_name": "Nita M. Lowey",
                "sponsor_state": "NY",
                "sponsor_party": "D",
                "sponsor_uri": "https://api.propublica.org/congress/v1/members/L000480.json",
                "gpo_pdf_uri": null,
                "congressdotgov_url": "https://www.congress.gov/bill/111th-congress/house-bill/1881",
                "govtrack_url": "https://www.govtrack.us/congress/bills/111/hr1881",
                "introduced_date": "2009-04-02",
                "active": null,
                "last_vote": null,
                "house_passage": null,
                "senate_passage": null,
                "enacted": null,
                "vetoed": null,
                "cosponsors": 147,
                "cosponsors_by_party": {"D":146,"R":1},
                "committees": "House Homeland Security; House Oversight and Government Reform",
                "primary_subject": "Transportation and public works",
                "summary": "Transportation Security Workforce Enhancement Act of 2009 - Terminates certain authorities under the Transportation Security Administration (TSA) personnel management system with respect to TSA employees under the Aviation and Transportation Security Act and related law, including all authority to establish or adjust a human resources management system. Subjects TSA employees (including screeners) to the protections of the federal civil service system, including the right to collective bargaining, compensation, leave, health, and other employee rights. Prohibits any reduction in rate of pay or certain other rights of TSA employees upon conversion from the TSA personnel system to the federal civil service system. Requires the Secretary of Homeland Security, within 14 days after enactment of this Act, to: (1) inform the TSA employees' qualified labor organization in writing of the conversion plans; and (2) afford the organization a reasonable opportunity to present its views and recommendations. Requires the Secretary to consider such views or recommendations before taking final action and give the organization a written statement of the reasons for such final actions. Declares that nothing in this Act shall be considered to repeal or otherwise affect specified federal laws prohibiting strikes against the U.S. Government. Authorizes appropriations.",
                "summary_short": "Transportation Security Workforce Enhancement Act of 2009 - Terminates certain authorities under the Transportation Security Administration (TSA) personnel management system with respect to TSA employees under the Aviation and Transportation Security Act and related law, including all authority to establish or adjust a human resources management system. Subjects TSA employees (including screeners) to the protections of the federal civil service system, including the right to collective bargai...",
                "latest_major_action_date": "2009-09-29",
                "latest_major_action": "Placed on the Union Calendar, Calendar No. 154."
              },
                           {
                "congress": "111",
                "bill_id": "hr22-111",
                "bill_type": "hr",
                "number": "H.R.22",
                "bill_uri": "https://api.propublica.org/congress/v1/111/bills/hr22.json",
                "title": "To amend title 5, United States Code, to reduce the amount that the United States Postal Service is required to pay into the Postal Service Retiree Health Benefits Fund by the end of fiscal year 2009.",
                "short_title": "United States Postal Service Financial Relief Act of 2009",
                "sponsor_title": "Rep.",
                "sponsor_id": "M000472",
                "sponsor_name": "John M. McHugh",
                "sponsor_state": "NY",
                "sponsor_party": "R",
                "sponsor_uri": "https://api.propublica.org/congress/v1/members/M000472.json",
                "gpo_pdf_uri": null,
                "congressdotgov_url": "https://www.congress.gov/bill/111th-congress/house-bill/22",
                "govtrack_url": "https://www.govtrack.us/congress/bills/111/hr22",
                "introduced_date": "2009-01-06",
                "active": null,
                "last_vote": "2009-09-15",
                "house_passage": "2009-09-15",
                "senate_passage": null,
                "enacted": null,
                "vetoed": null,
                "cosponsors": 339,
                "cosponsors_by_party": {"D":237,"R":102},
                "committees": "House Oversight and Government Reform; Senate Homeland Security and Governmental Affairs",
                "primary_subject": "Government operations and politics",
                "summary": "United States Postal Service Financial Relief Act of 2009 - Reduces the amount the United States Postal Service must pay into the Postal Service Retiree Health Benefits Fund by September 30, 2009, from $5.4 billion to $1.4 billion.",
                "summary_short": "United States Postal Service Financial Relief Act of 2009 - Reduces the amount the United States Postal Service must pay into the Postal Service Retiree Health Benefits Fund by September 30, 2009, from $5.4 billion to $1.4 billion.",
                "latest_major_action_date": "2009-12-07",
                "latest_major_action": "Committee on Homeland Security and Governmental Affairs referred to Subcommittee on Federal Financial Management, Government Information, Federal Services, and International Security."
              },
                           {
                "congress": "111",
                "bill_id": "hr2160-111",
                "bill_type": "hr",
                "number": "H.R.2160",
                "bill_uri": "https://api.propublica.org/congress/v1/111/bills/hr2160.json",
                "title": "To promote and encourage the valuable public service, disaster relief, and emergency communications provided on a volunteer basis by licensees of the Federal Communications Commission in the Amateur Radio Service, by undertaking a study of the uses of amateur radio for emergency and disaster relief communications, by identifying unnecessary or unreasonable impediments to the deployment of Amateur Radio emergency and disaster relief communications, and by making recommendations for relief of such unreasonable restrictions so as to expand the uses of amateur radio communications in Homeland Security planning and response.",
                "short_title": "Amateur Radio Emergency Communications Enhancement Act of 2009",
                "sponsor_title": "Rep.",
                "sponsor_id": "J000032",
                "sponsor_name": "Sheila Jackson Lee",
                "sponsor_state": "TX",
                "sponsor_party": "D",
                "sponsor_uri": "https://api.propublica.org/congress/v1/members/J000032.json",
                "gpo_pdf_uri": null,
                "congressdotgov_url": "https://www.congress.gov/bill/111th-congress/house-bill/2160",
                "govtrack_url": "https://www.govtrack.us/congress/bills/111/hr2160",
                "introduced_date": "2009-04-29",
                "active": null,
                "last_vote": null,
                "house_passage": null,
                "senate_passage": null,
                "enacted": null,
                "vetoed": null,
                "cosponsors": 41,
                "cosponsors_by_party": {"D":20,"R":21},
                "committees": "House Energy and Commerce",
                "primary_subject": "Emergency management",
                "summary": "Amateur Radio Emergency Communications Enhancement Act of 2009 - Directs the Secretary of Homeland Security to: (1) study the uses and capabilities of amateur radio communications in emergencies and disaster relief; (2) use the expertise of the American Radio Relay League in the study; and (3) report to Congress.",
                "summary_short": "Amateur Radio Emergency Communications Enhancement Act of 2009 - Directs the Secretary of Homeland Security to: (1) study the uses and capabilities of amateur radio communications in emergencies and disaster relief; (2) use the expertise of the American Radio Relay League in the study; and (3) report to Congress.",
                "latest_major_action_date": "2009-05-01",
                "latest_major_action": "Referred to the Subcommittee on Communications, Technology, and the Internet."
              },
                           {
                "congress": "111",
                "bill_id": "hr2150-111",
                "bill_type": "hr",
                "number": "H.R.2150",
                "bill_uri": "https://api.propublica.org/congress/v1/111/bills/hr2150.json",
                "title": "To increase the amount of direct loans that may be provided by the Secretary of Energy to improve facilities for advanced technology vehicles manufacturing.",
                "short_title": null,
                "sponsor_title": "Rep.",
                "sponsor_id": "L000263",
                "sponsor_name": "Sander M. Levin",
                "sponsor_state": "MI",
                "sponsor_party": "D",
                "sponsor_uri": "https://api.propublica.org/congress/v1/members/L000263.json",
                "gpo_pdf_uri": null,
                "congressdotgov_url": "https://www.congress.gov/bill/111th-congress/house-bill/2150",
                "govtrack_url": "https://www.govtrack.us/congress/bills/111/hr2150",
                "introduced_date": "2009-04-28",
                "active": null,
                "last_vote": null,
                "house_passage": null,
                "senate_passage": null,
                "enacted": null,
                "vetoed": null,
                "cosponsors": 31,
                "cosponsors_by_party": {"D":22,"R":9},
                "committees": "House Energy and Commerce",
                "primary_subject": "Energy",
                "summary": "Amends the Energy Independence and Security Act of 2007 to increase the amount of loans the Secretary of Energy may provide for facility funding under the advanced technology vehicles manufacturing incentive program from $25 billion to $50 billion.",
                "summary_short": "Amends the Energy Independence and Security Act of 2007 to increase the amount of loans the Secretary of Energy may provide for facility funding under the advanced technology vehicles manufacturing incentive program from $25 billion to $50 billion.",
                "latest_major_action_date": "2009-04-29",
                "latest_major_action": "Referred to the Subcommittee on Energy and Environment."
              },
                           {
                "congress": "111",
                "bill_id": "hr235-111",
                "bill_type": "hr",
                "number": "H.R.235",
                "bill_uri": "https://api.propublica.org/congress/v1/111/bills/hr235.json",
                "title": "To amend title II of the Social Security Act to repeal the Government pension offset and windfall elimination provisions.",
                "short_title": "Social Security Fairness Act of 2009",
                "sponsor_title": "Rep.",
                "sponsor_id": "B000410",
                "sponsor_name": "Howard L. Berman",
                "sponsor_state": "CA",
                "sponsor_party": "D",
                "sponsor_uri": "https://api.propublica.org/congress/v1/members/B000410.json",
                "gpo_pdf_uri": null,
                "congressdotgov_url": "https://www.congress.gov/bill/111th-congress/house-bill/235",
                "govtrack_url": "https://www.govtrack.us/congress/bills/111/hr235",
                "introduced_date": "2009-01-07",
                "active": null,
                "last_vote": null,
                "house_passage": null,
                "senate_passage": null,
                "enacted": null,
                "vetoed": null,
                "cosponsors": 334,
                "cosponsors_by_party": {"D":224,"R":110,"I":1},
                "committees": "House Ways and Means",
                "primary_subject": "Social welfare",
                "summary": "Social Security Fairness Act of 2009 - Amends title II (Old Age, Survivors and Disability Insurance) (OASDI) of the Social Security Act to repeal: (1) government pension offset requirements applicable to husband's and wife's insurance benefits, widow's and widower's insurance benefits, and mother's and father's insurance benefits with respect to OASDI payments; and (2) windfall elimination requirements with respect to computation of an individual's primary insurance amount.",
                "summary_short": "Social Security Fairness Act of 2009 - Amends title II (Old Age, Survivors and Disability Insurance) (OASDI) of the Social Security Act to repeal: (1) government pension offset requirements applicable to husband&#39;s and wife&#39;s insurance benefits, widow&#39;s and widower&#39;s insurance benefits, and mother&#39;s and father&#39;s insurance benefits with respect to OASDI payments; and (2) windfall elimination requirements with respect to computation of an individual&#39;s primary insurance amount.",
                "latest_major_action_date": "2009-01-07",
                "latest_major_action": "Referred to the House Committee on Ways and Means."
              },
                           {
                "congress": "111",
                "bill_id": "hres369-111",
                "bill_type": "hres",
                "number": "H.RES.369",
                "bill_uri": "https://api.propublica.org/congress/v1/111/bills/hres369.json",
                "title": "Congratulating the Columbus Crew on winning the 2008 Major League Soccer Cup.",
                "short_title": null,
                "sponsor_title": "Rep.",
                "sponsor_id": "T000462",
                "sponsor_name": "Pat Tiberi",
                "sponsor_state": "OH",
                "sponsor_party": "R",
                "sponsor_uri": "https://api.propublica.org/congress/v1/members/T000462.json",
                "gpo_pdf_uri": null,
                "congressdotgov_url": "https://www.congress.gov/bill/111th-congress/house-resolution/369",
                "govtrack_url": "https://www.govtrack.us/congress/bills/111/hres369",
                "introduced_date": "2009-04-27",
                "active": null,
                "last_vote": null,
                "house_passage": null,
                "senate_passage": null,
                "enacted": null,
                "vetoed": null,
                "cosponsors": 1,
                "cosponsors_by_party": {"D":1},
                "committees": "House Oversight and Government Reform",
                "primary_subject": "Sports and recreation",
                "summary": "Congratulates the Columbus Crew for winning the 2008 Major League Soccer Cup.",
                "summary_short": "Congratulates the Columbus Crew for winning the 2008 Major League Soccer Cup.",
                "latest_major_action_date": "2009-04-27",
                "latest_major_action": "Referred to the House Committee on Oversight and Government Reform."
              }
             ]
      }
   ]
}
