{
   "status":"OK",
   "copyright":"Copyright (c) 2020 Pro Publica Inc. All Rights Reserved.",
   "results":[
      {
         "id": "K000372",
         "member_uri": "https://api.propublica.org/congress/v1/members/K000372.json",
         "name": "Mary Jo Kilroy",
         "num_results": 338,
         "offset": 120,
         "bills": [
              {
                "congress": "111",
                "bill_id": "hres996-111",
                "bill_type": "hres",
                "number": "H.RES.996",
                "bill_uri": "https://api.propublica.org/congress/v1/111/bills/hres996.json",
                "title": "Expressing support for the designation of September as National Childhood Obesity Awareness Month.",
                "short_title": null,
                "sponsor_title": "Rep.",
                "sponsor_id": "F000455",
                "sponsor_name": "Marcia L. Fudge",
                "sponsor_state": "OH",
                "sponsor_party": "D",
                "sponsor_uri": "https://api.propublica.org/congress/v1/members/F000455.json",
                "gpo_pdf_uri": null,
                "congressdotgov_url": "https://www.congress.gov/bill/111th-congress/house-resolution/996",
                "govtrack_url": "https://www.govtrack.us/congress/bills/111/hres996",
                "introduced_date": "2009-12-19",
                "active": null,
                "last_vote": null,
                "house_passage": null,
                "senate_passage": null,
                "enacted": null,
                "vetoed": null,
                "cosponsors": 110,
                "cosponsors_by_party": {"R":17,"D":93},
                "committees": "House Energy and Commerce",
                "primary_subject": "Health",
                "summary": "Expresses support for the designation of National Childhood Obesity Awareness Month. Recognizes the importance of preventing childhood obesity and decreasing its prevalence in the United States.",
                "summary_short": "Expresses support for the designation of National Childhood Obesity Awareness Month. Recognizes the importance of preventing childhood obesity and decreasing its prevalence in the United States.",
                "latest_major_action_date": "2010-05-20",
                "latest_major_action": "The title of the measure was amended. Agreed to without objection."
              },
                           {
                "congress": "111",
                "bill_id": "hr2378-111",
                "bill_type": "hr",
                "number": "H.R.2378",
                "bill_uri": "https://api.propublica.org/congress/v1/111/bills/hr2378.json",
                "title": "To amend title VII of the Tariff Act of 1930 to clarify that countervailing duties may be imposed to address subsidies relating to a fundamentally undervalued currency of any foreign country.",
                "short_title": "Currency Reform for Fair Trade Act",
                "sponsor_title": "Rep.",
                "sponsor_id": "R000577",
                "sponsor_name": "Tim Ryan",
                "sponsor_state": "OH",
                "sponsor_party": "D",
                "sponsor_uri": "https://api.propublica.org/congress/v1/members/R000577.json",
                "gpo_pdf_uri": null,
                "congressdotgov_url": "https://www.congress.gov/bill/111th-congress/house-bill/2378",
                "govtrack_url": "https://www.govtrack.us/congress/bills/111/hr2378",
                "introduced_date": "2009-05-13",
                "active": null,
                "last_vote": "2010-09-29",
                "house_passage": "2010-09-29",
                "senate_passage": null,
                "enacted": null,
                "vetoed": null,
                "cosponsors": 159,
                "cosponsors_by_party": {"R":46,"D":114},
                "committees": "House Ways and Means; Senate Finance",
                "primary_subject": "Foreign trade and international finance",
                "summary": "Currency Reform for Fair Trade Act - (Sec. 2) Amends the Tariff Act of 1930 to include as a \"countervailable subsidy\" requiring action under a countervailing duty or antidumping duty proceeding the benefit conferred on merchandise imported into the United States from foreign countries with fundamentally undervalued currency. Defines \"benefit conferred,\" in cases where the currency of a foreign country is exchanged for foreign currency (i.e., U.S. dollars) obtained from export transactions, as the difference between: (1) the amount of currency provided by a foreign country in which the subject merchandise is produced; and (2) the amount of currency such country would have provided if the real effective exchange rate of its currency were not fundamentally undervalued. Declares that the fact that such a subsidy is also provided in circumstances not involving export shall not, for that reason alone, mean it cannot be considered export contingent and actionable under a countervailing duty and antidumping duty proceeding. Requires the administering authority to determine that the currency of a foreign country is fundamentally undervalued if for an 18-month period: (1) the government of the country engages in protracted, large-scale intervention in one or more foreign exchange markets; (2) the country's real effective exchange rate is undervalued by at least 5%; (3) the country has experienced significant and persistent global current account surpluses; and (4) the country's government has foreign asset reserves exceeding the amount necessary to repay all its debt obligations falling due within the coming 12 months, 20% percent of the country's money supply, and the value of the country's imports during the previous 4 months. Requires the use, for calculating a country's \"real effective exchange rate undervaluation,\" of certain guidelines of the Consultative Group on Exchange Rate Issues of the International Monetary Fund (IMF) or, if those guidelines are not available, generally accepted economic and econometric techniques and methodologies. Requires the use, also, of inflation-adjusted, trade-weighted exchange rates. (Sec. 3) Directs the Comptroller General to report to Congress on the implementation of this Act.",
                "summary_short": "Currency Reform for Fair Trade Act - (Sec. 2) Amends the Tariff Act of 1930 to include as a &quot;countervailable subsidy&quot; requiring action under a countervailing duty or antidumping duty proceeding the benefit conferred on merchandise imported into the United States from foreign countries with fundamentally undervalued currency. Defines &quot;benefit conferred,&quot; in cases where the currency of a foreign country is exchanged for foreign currency (i.e., U.S. dollars) obtained from export transactions, as...",
                "latest_major_action_date": "2010-09-29",
                "latest_major_action": "Received in the Senate and Read twice and referred to the Committee on Finance."
              },
                           {
                "congress": "111",
                "bill_id": "hres1094-111",
                "bill_type": "hres",
                "number": "H.RES.1094",
                "bill_uri": "https://api.propublica.org/congress/v1/111/bills/hres1094.json",
                "title": "Commemorating the life of the late Cynthia DeLores Tucker.",
                "short_title": null,
                "sponsor_title": "Rep.",
                "sponsor_id": "W000794",
                "sponsor_name": "Diane Watson",
                "sponsor_state": "CA",
                "sponsor_party": "D",
                "sponsor_uri": "https://api.propublica.org/congress/v1/members/W000794.json",
                "gpo_pdf_uri": null,
                "congressdotgov_url": "https://www.congress.gov/bill/111th-congress/house-resolution/1094",
                "govtrack_url": "https://www.govtrack.us/congress/bills/111/hres1094",
                "introduced_date": "2010-02-22",
                "active": null,
                "last_vote": null,
                "house_passage": null,
                "senate_passage": null,
                "enacted": null,
                "vetoed": null,
                "cosponsors": 40,
                "cosponsors_by_party": {"D":38,"R":2},
                "committees": "House Judiciary",
                "primary_subject": "Civil rights and liberties, minority issues",
                "summary": "Commemorates the life and legacy of Cynthia DeLores Tucker and encourages the continued pursuit of her vision to eliminate racial and gender prejudice.",
                "summary_short": "Commemorates the life and legacy of Cynthia DeLores Tucker and encourages the continued pursuit of her vision to eliminate racial and gender prejudice.",
                "latest_major_action_date": "2010-05-11",
                "latest_major_action": "Motion to reconsider laid on the table Agreed to without objection."
              },
                           {
                "congress": "111",
                "bill_id": "hr4898-111",
                "bill_type": "hr",
                "number": "H.R.4898",
                "bill_uri": "https://api.propublica.org/congress/v1/111/bills/hr4898.json",
                "title": "To authorize the Secretary of Homeland Security to establish a competitive program to make emergency preparedness planning and implementation grants to local educational districts/agencies located in areas under a high threat of terrorist attacks, natural disasters, or public health emergencies.",
                "short_title": "Elementary and Secondary School Emergency Preparedness Planning Act",
                "sponsor_title": "Rep.",
                "sponsor_id": "R000581",
                "sponsor_name": "Laura Richardson",
                "sponsor_state": "CA",
                "sponsor_party": "D",
                "sponsor_uri": "https://api.propublica.org/congress/v1/members/R000581.json",
                "gpo_pdf_uri": null,
                "congressdotgov_url": "https://www.congress.gov/bill/111th-congress/house-bill/4898",
                "govtrack_url": "https://www.govtrack.us/congress/bills/111/hr4898",
                "introduced_date": "2010-03-21",
                "active": null,
                "last_vote": null,
                "house_passage": null,
                "senate_passage": null,
                "enacted": null,
                "vetoed": null,
                "cosponsors": 8,
                "cosponsors_by_party": {"D":6,"R":1,"I":1},
                "committees": "House Transportation and Infrastructure; House Homeland Security; House Energy and Commerce",
                "primary_subject": "Emergency management",
                "summary": "Elementary and Secondary School Emergency Preparedness Planning Act - Requires the Secretary of Homeland Security (DHS) to establish a competitive program to make grants for emergency preparedness planning and implementation to local educational agencies and districts located in areas under a high threat of terrorist attacks, natural disasters, or public health emergencies. Directs the Secretary, in awarding grants, to give priority to: (1) local educational agencies and districts located in areas with higher population densities that are under a higher threat of terrorist attacks, natural disasters, or public health emergencies; and (2) such agencies and districts that have demonstrated the ability to formulate and implement effective emergency preparedness plans. Requires a local educational agency or district receiving a grant to use such funds to formulate and implement an emergency preparedness plan, which shall provide for: (1) the creation in the office of the superintendent or other chief executive officer of the local educational agency or district of a School Emergency Response Center; (2) the creation of a Regional Advisory Council; and (3) the development of a plan specific to each school under the local educational agency's or district's authority for each type of emergency likely to occur in the area. Permits remaining funds to be used for any purpose relating to emergency preparedness planning or implementation.",
                "summary_short": "Elementary and Secondary School Emergency Preparedness Planning Act - Requires the Secretary of Homeland Security (DHS) to establish a competitive program to make grants for emergency preparedness planning and implementation to local educational agencies and districts located in areas under a high threat of terrorist attacks, natural disasters, or public health emergencies. Directs the Secretary, in awarding grants, to give priority to: (1) local educational agencies and districts located in ...",
                "latest_major_action_date": "2010-04-05",
                "latest_major_action": "Referred to the Subcommittee on Emergency Communications, Preparedness, and Response."
              },
                           {
                "congress": "111",
                "bill_id": "hr4868-111",
                "bill_type": "hr",
                "number": "H.R.4868",
                "bill_uri": "https://api.propublica.org/congress/v1/111/bills/hr4868.json",
                "title": "To prevent the loss of affordable housing dwelling units in the United States.",
                "short_title": "Housing Preservation and Tenant Protection Act of 2010",
                "sponsor_title": "Rep.",
                "sponsor_id": "F000339",
                "sponsor_name": "Barney Frank",
                "sponsor_state": "MA",
                "sponsor_party": "D",
                "sponsor_uri": "https://api.propublica.org/congress/v1/members/F000339.json",
                "gpo_pdf_uri": null,
                "congressdotgov_url": "https://www.congress.gov/bill/111th-congress/house-bill/4868",
                "govtrack_url": "https://www.govtrack.us/congress/bills/111/hr4868",
                "introduced_date": "2010-03-17",
                "active": null,
                "last_vote": null,
                "house_passage": null,
                "senate_passage": null,
                "enacted": null,
                "vetoed": null,
                "cosponsors": 31,
                "cosponsors_by_party": {"D":31},
                "committees": "House Financial Services; House Budget; House Ways and Means",
                "primary_subject": "Housing and community development",
                "summary": "Housing Preservation and Tenant Protection Act of 2010 - Requires the Secretary of Housing and Urban Development (HUD), upon request of a project owner with a rental supplement contract or a rental assistance program (RAP) contract, to convert such contract to a section 8 project-based assistance contract. Prohibits an owner of specified covered housing from selling such property before notifying the required parties and giving HUD an opportunity to purchase it. (Thus grants HUD the first right of refusal.) Prescribes requirements for: (1) preservation of HUD-owned and HUD-held buildings; (2) HUD authority to assign flexible subsidy loans; and (3) the use of existing section 8 funds to preserve and revitalize affordable housing. Amends the Housing and Community Development Act of 1992 to authorize the Government National Mortgage Association (Ginnie Mae) to securitize any Federal Housing Administration (FHA) risk-share multifamily loan under the same terms and conditions as if the loan were insured under the National Housing Act. Revises or prescribes requirements for: (1) restoring housing at risk of loss due to deterioration; (2) protecting residents in HUD assisted projects; (3) preserving troubled projects facing foreclosure; (4) providing incentives under the Multifamily Assisted Housing Reform and Affordability Act of 1997; and (5) establishing a publicly available preservation data base composed of each covered multifamily property. Section 202 Supportive Housing for the Elderly Act of 2010 - Amends the Housing Act of 1959 regarding project rental assistance for supportive housing for the elderly. Amends the American Homeownership and Economic Opportunity Act of 2000 with respect to project-based rental housing assistance programs and senior preservation rental assistance contracts Requires HUD to establish and operate a national senior housing clearinghouse. Rural Housing Preservation Act of 2010 - Amends the Housing Act of 1949 to require the Secretary of Agriculture to carry out a preservation program to provide financial incentives and other assistance to owners of Section 515 rural multifamily housing projects through long-term use agreements entered into between the project owners and the Secretary. (A Section 515 project is one involving housing and related facilities for elderly persons and families or other persons and families of low income.)",
                "summary_short": "Housing Preservation and Tenant Protection Act of 2010 - Requires the Secretary of Housing and Urban Development (HUD), upon request of a project owner with a rental supplement contract or a rental assistance program (RAP) contract, to convert such contract to a section 8 project-based assistance contract. Prohibits an owner of specified covered housing from selling such property before notifying the required parties and giving HUD an opportunity to purchase it. (Thus grants HUD the first rig...",
                "latest_major_action_date": "2010-07-27",
                "latest_major_action": "Ordered to be Reported (Amended) by the Yeas and Nays: 42 - 27."
              },
                           {
                "congress": "111",
                "bill_id": "hr3315-111",
                "bill_type": "hr",
                "number": "H.R.3315",
                "bill_uri": "https://api.propublica.org/congress/v1/111/bills/hr3315.json",
                "title": "To amend the Child Care and Development Block Grant Act of 1990 to require criminal background checks of child care providers.",
                "short_title": "Child Care Criminal Background Check Act of 2009",
                "sponsor_title": "Rep.",
                "sponsor_id": "C001072",
                "sponsor_name": "André Carson",
                "sponsor_state": "IN",
                "sponsor_party": "D",
                "sponsor_uri": "https://api.propublica.org/congress/v1/members/C001072.json",
                "gpo_pdf_uri": null,
                "congressdotgov_url": "https://www.congress.gov/bill/111th-congress/house-bill/3315",
                "govtrack_url": "https://www.govtrack.us/congress/bills/111/hr3315",
                "introduced_date": "2009-07-23",
                "active": null,
                "last_vote": null,
                "house_passage": null,
                "senate_passage": null,
                "enacted": null,
                "vetoed": null,
                "cosponsors": 26,
                "cosponsors_by_party": {"D":24,"R":1,"I":1},
                "committees": "House Education and Labor",
                "primary_subject": "Families",
                "summary": "Child Care Criminal Background Check Act of 2009 - Amends the Child Care and Development Block Grant Act of 1990 to require child care providers that are licensed by a state or receive funds under the Child Care and Development Block Grant Program to: (1) obtain a comprehensive criminal background check of each employee who provides child care services, each applicant for employment, and each family child care provider who provides or applies to provide such services; and (2) refuse to employ individuals convicted of crimes of violence or crimes against children. Reduces by 10% allotments to states that fail to comply with the requirements of this Act.",
                "summary_short": "Child Care Criminal Background Check Act of 2009 - Amends the Child Care and Development Block Grant Act of 1990 to require child care providers that are licensed by a state or receive funds under the Child Care and Development Block Grant Program to: (1) obtain a comprehensive criminal background check of each employee who provides child care services, each applicant for employment, and each family child care provider who provides or applies to provide such services; and (2) refuse to employ...",
                "latest_major_action_date": "2009-10-22",
                "latest_major_action": "Referred to the Subcommittee on Healthy Families and Communities."
              },
                           {
                "congress": "111",
                "bill_id": "hr3321-111",
                "bill_type": "hr",
                "number": "H.R.3321",
                "bill_uri": "https://api.propublica.org/congress/v1/111/bills/hr3321.json",
                "title": "To amend the Richard B. Russell National School Lunch Act to expand access to healthy afterschool meals for school children in working families.",
                "short_title": "Afterschool Flexibility to Expand Reimbursement for School Meals Act of 2009",
                "sponsor_title": "Rep.",
                "sponsor_id": "M001160",
                "sponsor_name": "Gwen Moore",
                "sponsor_state": "WI",
                "sponsor_party": "D",
                "sponsor_uri": "https://api.propublica.org/congress/v1/members/M001160.json",
                "gpo_pdf_uri": null,
                "congressdotgov_url": "https://www.congress.gov/bill/111th-congress/house-bill/3321",
                "govtrack_url": "https://www.govtrack.us/congress/bills/111/hr3321",
                "introduced_date": "2009-07-23",
                "active": null,
                "last_vote": null,
                "house_passage": null,
                "senate_passage": null,
                "enacted": null,
                "vetoed": null,
                "cosponsors": 32,
                "cosponsors_by_party": {"D":31,"I":1},
                "committees": "House Education and Labor",
                "primary_subject": "Education",
                "summary": "Afterschool Flexibility to Expand Reimbursement for School Meals Act of 2009 or the AFTERSchool Meals Act of 2009 - Amends the Richard B. Russell National School Lunch Act to make institutions in any state eligible for reimbursement for meals provided to at-risk school children under programs organized primarily to provide care to at-risk school children during after-school hours, weekends, or holidays during the regular school year. (Currently, reimbursement is limited to institutions in 10 states.) Assists states in providing meals and meal supplements to children participating in after-school programs in elementary and secondary schools. (Currently, assistance is provided for meal supplements.) Directs the Secretary of Agriculture to award grants to states to encourage institutions and schools to participate in these expanded programs.",
                "summary_short": "Afterschool Flexibility to Expand Reimbursement for School Meals Act of 2009 or the AFTERSchool Meals Act of 2009 - Amends the Richard B. Russell National School Lunch Act to make institutions in any state eligible for reimbursement for meals provided to at-risk school children under programs organized primarily to provide care to at-risk school children during after-school hours, weekends, or holidays during the regular school year. (Currently, reimbursement is limited to institutions in 10 ...",
                "latest_major_action_date": "2009-10-22",
                "latest_major_action": "Referred to the Subcommittee on Healthy Families and Communities."
              },
                           {
                "congress": "111",
                "bill_id": "hr4148-111",
                "bill_type": "hr",
                "number": "H.R.4148",
                "bill_uri": "https://api.propublica.org/congress/v1/111/bills/hr4148.json",
                "title": "To amend the Richard B. Russell National School Lunch Act to improve and expand direct certification procedures for the national school lunch and school breakfast programs, and for other purposes.",
                "short_title": "Hunger Free Schools Act",
                "sponsor_title": "Rep.",
                "sponsor_id": "L000565",
                "sponsor_name": "Dave Loebsack",
                "sponsor_state": "IA",
                "sponsor_party": "D",
                "sponsor_uri": "https://api.propublica.org/congress/v1/members/L000565.json",
                "gpo_pdf_uri": null,
                "congressdotgov_url": "https://www.congress.gov/bill/111th-congress/house-bill/4148",
                "govtrack_url": "https://www.govtrack.us/congress/bills/111/hr4148",
                "introduced_date": "2009-11-19",
                "active": null,
                "last_vote": null,
                "house_passage": null,
                "senate_passage": null,
                "enacted": null,
                "vetoed": null,
                "cosponsors": 29,
                "cosponsors_by_party": {"R":1,"D":28},
                "committees": "House Education and Labor; House Energy and Commerce",
                "primary_subject": "Education",
                "summary": "Hunger Free Schools Act - Amends the Richard B. Russell National School Lunch Act to direct the Secretary of Agriculture to make performance awards to states that demonstrate outstanding performance or show substantial improvement in directly certifying as eligible for free meals under the school lunch and breakfast programs any children whose families are eligible for supplemental nutrition assistance under the Food and Nutrition Act of 2008. (Direct certification eliminates the need for such families to submit applications for participation in the school lunch and breakfast programs.) Requires each state that directly certifies less than 95% of their children who are eligible for direct certification to implement: (1) a corrective action plan for the current school year; and (2) a direct certification improvement plan, approved by the Secretary, for the following school year. Requires direct certification of children who are members of a household that includes a child: (1) who is eligible for and receiving assistance under title XIX (Medicaid) or title XXI (Children's Health Insurance Program [CHIP, formerly known as SCHIP]) of the Social Security Act; and (2) whose income does not exceed 133% of the federal poverty level. Directs the Secretary to award grants to states to assist them in implementing such certification program. Allows local educational agencies (LEAs) to directly certify children whose household is eligible for a supplemental subsistence allowance for low-income members of the Armed Forces with dependents. Permits schools and LEAs to receive special assistance payments for free or reduced price meals under the school lunch or breakfast programs that are based not on applications for such meals, but on: (1) estimates, made from recent socioeconomic data, of the number of children eligible for such meals; or (2) if the school or LEA is from a high poverty area, the direct certification of a specified minimum percentage of their students as eligible for free meals due to their eligibility for certain other public assistance. Requires such schools and LEAs to provide free meals to all their students under the school lunch and breakfast programs and cover, from nonfederal sources, the costs of serving such meals that exceed the assistance received under such programs.",
                "summary_short": "Hunger Free Schools Act - Amends the Richard B. Russell National School Lunch Act to direct the Secretary of Agriculture to make performance awards to states that demonstrate outstanding performance or show substantial improvement in directly certifying as eligible for free meals under the school lunch and breakfast programs any children whose families are eligible for supplemental nutrition assistance under the Food and Nutrition Act of 2008. (Direct certification eliminates the need for suc...",
                "latest_major_action_date": "2010-01-04",
                "latest_major_action": "Referred to the Subcommittee on Healthy Families and Communities."
              },
                           {
                "congress": "111",
                "bill_id": "hr4790-111",
                "bill_type": "hr",
                "number": "H.R.4790",
                "bill_uri": "https://api.propublica.org/congress/v1/111/bills/hr4790.json",
                "title": "To amend the Securities Exchange Act of 1934 to require shareholder authorization before a public company may make certain political expenditures, and for other purposes.",
                "short_title": "Shareholder Protection Act of 2010",
                "sponsor_title": "Rep.",
                "sponsor_id": "C001037",
                "sponsor_name": "Michael E. Capuano",
                "sponsor_state": "MA",
                "sponsor_party": "D",
                "sponsor_uri": "https://api.propublica.org/congress/v1/members/C001037.json",
                "gpo_pdf_uri": null,
                "congressdotgov_url": "https://www.congress.gov/bill/111th-congress/house-bill/4790",
                "govtrack_url": "https://www.govtrack.us/congress/bills/111/hr4790",
                "introduced_date": "2010-03-09",
                "active": null,
                "last_vote": null,
                "house_passage": null,
                "senate_passage": null,
                "enacted": null,
                "vetoed": null,
                "cosponsors": 49,
                "cosponsors_by_party": {"D":49},
                "committees": "House Financial Services; House Administration",
                "primary_subject": "Finance and financial sector",
                "summary": "Shareholder Protection Act of 2010 - (Sec. 3) Amends the Securities Exchange Act of 1934 to require that any solicitation of a proxy, consent, or authorization with respect to any security of an issuer: (1) describe the specific nature and total amount of expenditures proposed for political activities for the forthcoming fiscal year; and (2) provide for a separate shareholder vote to authorize such proposed expenditures. Prohibits an issuer from making an expenditure for political activities in any fiscal year unless: (1) such expenditure meets the requirements of this Act; and (2) authorization for such expenditure has been granted by votes representing a majority of outstanding shares. Deems a violation of such prohibition a breach of the fiduciary duty of the officers and directors who authorized the expenditure. Subjects officers and directors who authorize the expenditure without prior shareholder authorization to joint and several liability to any individual shareholder or class of individuals who held shares at the time of such expenditure for three times the expenditure's amount. Requires institutional investment managers to disclose annually in mandatory reports how they voted on corporate political expenditures. Requires the Securities and Exchange Commission (SEC) to promulgate regulations requiring: (1) investment managers to report how they voted within 30 days after the vote; and (2) the report to be made available to the public through the EDGAR system. Prohibits any person from bringing any civil, criminal, or administrative action against an institutional investment manager, or any of its employees, officers, or directors, based solely upon the investment manager's decision to either divest from, or not to invest in, the securities of an issuer based upon political expenditures made by that issuer. Applies this prohibition only to an institutional investment manager, or its employees, officers, or directors, that makes such disclosures in accordance with SEC regulations. (Sec. 4) Requires the SEC to direct the national securities exchanges and national securities associations to prohibit the listing of any class of equity security of an issuer whose corporate bylaws do not expressly provide for a vote by its board of directors on any individual expenditure: (1) for political activities in excess of $50,000; or (2) that makes the total expenditures by the issuer for a particular election $50,000 or more. Requires an issuer to make the individual votes of the directors regarding any such expenditure publicly available within 48 hours. (Sec. 5) Directs the SEC to: (1) require issuers to disclose expenditures for political activities made during the preceding quarter, along with specified details, and the individual votes by board members authorizing such expenditures; (2) make such reports publicly available on its SEC website and through the EDGAR system; and (3) require each issuer to include in its annual report to shareholders a summary of all expenditures for political activities made during the preceding year in excess of $10,000. Directs the SEC to require each issuer to: (1) obtain and disclose in its mandatory reports any materials created with or purchased by any expenditure for political activities; and (2) disclose such materials in a clear and conspicuous location on its Internet website within 48 hours of obtaining the materials. (Sec. 6) Directs the SEC to assess and report to Congress annually on the compliance of public corporations and their management with the requirements of this Act. Requires the Comptroller General to evaluate and report periodically to Congress on the effectiveness of the SEC's oversight of its reporting and disclosure requirements.",
                "summary_short": "Shareholder Protection Act of 2010 - (Sec. 3) Amends the Securities Exchange Act of 1934 to require that any solicitation of a proxy, consent, or authorization with respect to any security of an issuer: (1) describe the specific nature and total amount of expenditures proposed for political activities for the forthcoming fiscal year; and (2) provide for a separate shareholder vote to authorize such proposed expenditures. Prohibits an issuer from making an expenditure for political activities ...",
                "latest_major_action_date": "2010-09-22",
                "latest_major_action": "Placed on the Union Calendar, Calendar No. 362."
              },
                           {
                "congress": "111",
                "bill_id": "hres1171-111",
                "bill_type": "hres",
                "number": "H.RES.1171",
                "bill_uri": "https://api.propublica.org/congress/v1/111/bills/hres1171.json",
                "title": "Expressing support for the designation of March 2010 as Irish American Heritage Month and honoring the significance of Irish Americans in the history and progress of the United States.",
                "short_title": null,
                "sponsor_title": "Rep.",
                "sponsor_id": "M000309",
                "sponsor_name": "Carolyn McCarthy",
                "sponsor_state": "NY",
                "sponsor_party": "D",
                "sponsor_uri": "https://api.propublica.org/congress/v1/members/M000309.json",
                "gpo_pdf_uri": null,
                "congressdotgov_url": "https://www.congress.gov/bill/111th-congress/house-resolution/1171",
                "govtrack_url": "https://www.govtrack.us/congress/bills/111/hres1171",
                "introduced_date": "2010-03-11",
                "active": null,
                "last_vote": null,
                "house_passage": null,
                "senate_passage": null,
                "enacted": null,
                "vetoed": null,
                "cosponsors": 56,
                "cosponsors_by_party": {"D":50,"R":6},
                "committees": "House Oversight and Government Reform",
                "primary_subject": "Social sciences and history",
                "summary": "Recognizes the significant contributions of Irish-Americans in the history and progress of the United States. Supports the designation of Irish-American History Month.",
                "summary_short": "Recognizes the significant contributions of Irish-Americans in the history and progress of the United States. Supports the designation of Irish-American History Month.",
                "latest_major_action_date": "2010-03-11",
                "latest_major_action": "Referred to the House Committee on Oversight and Government Reform."
              },
                           {
                "congress": "111",
                "bill_id": "hres22-111",
                "bill_type": "hres",
                "number": "H.RES.22",
                "bill_uri": "https://api.propublica.org/congress/v1/111/bills/hres22.json",
                "title": "Expressing the sense of the House of Representatives that the Senate should ratify the Convention on the Elimination of All Forms of Discrimination Against Women (CEDAW).",
                "short_title": null,
                "sponsor_title": "Rep.",
                "sponsor_id": "W000738",
                "sponsor_name": "Lynn Woolsey",
                "sponsor_state": "CA",
                "sponsor_party": "D",
                "sponsor_uri": "https://api.propublica.org/congress/v1/members/W000738.json",
                "gpo_pdf_uri": null,
                "congressdotgov_url": "https://www.congress.gov/bill/111th-congress/house-resolution/22",
                "govtrack_url": "https://www.govtrack.us/congress/bills/111/hres22",
                "introduced_date": "2009-01-06",
                "active": null,
                "last_vote": null,
                "house_passage": null,
                "senate_passage": null,
                "enacted": null,
                "vetoed": null,
                "cosponsors": 136,
                "cosponsors_by_party": {"D":135,"R":1},
                "committees": "House Foreign Affairs",
                "primary_subject": "International affairs",
                "summary": "Expresses the sense of the House of Representatives that: (1) the full realization of the rights of women is vital to the development and well-being of people of all nations; and (2) the Senate should, therefore, give its advice and consent to the ratification of the Convention on the Elimination of All Forms of Discrimination Against Women.",
                "summary_short": "Expresses the sense of the House of Representatives that: (1) the full realization of the rights of women is vital to the development and well-being of people of all nations; and (2) the Senate should, therefore, give its advice and consent to the ratification of the Convention on the Elimination of All Forms of Discrimination Against Women.",
                "latest_major_action_date": "2009-01-06",
                "latest_major_action": "Referred to the House Committee on Foreign Affairs."
              },
                           {
                "congress": "111",
                "bill_id": "hres947-111",
                "bill_type": "hres",
                "number": "H.RES.947",
                "bill_uri": "https://api.propublica.org/congress/v1/111/bills/hres947.json",
                "title": "Expressing commitment to the objectives of the Program of Action of the International Conference on Population and Development.",
                "short_title": null,
                "sponsor_title": "Rep.",
                "sponsor_id": "L000551",
                "sponsor_name": "Barbara Lee",
                "sponsor_state": "CA",
                "sponsor_party": "D",
                "sponsor_uri": "https://api.propublica.org/congress/v1/members/L000551.json",
                "gpo_pdf_uri": null,
                "congressdotgov_url": "https://www.congress.gov/bill/111th-congress/house-resolution/947",
                "govtrack_url": "https://www.govtrack.us/congress/bills/111/hres947",
                "introduced_date": "2009-12-03",
                "active": null,
                "last_vote": null,
                "house_passage": null,
                "senate_passage": null,
                "enacted": null,
                "vetoed": null,
                "cosponsors": 31,
                "cosponsors_by_party": {"D":31},
                "committees": "House Foreign Affairs",
                "primary_subject": "International affairs",
                "summary": "Expresses commitment to the objectives of the Cairo Consensus as set forth at the International Conference on Population and Development. Encourages nongovernmental organizations, faith based organizations, community organizations, and private citizens to act to improve gender equality, end violence against women, expand access to reproductive, maternal, and other health services, lower childhood and maternal mortality rates, and eradicate world poverty.",
                "summary_short": "Expresses commitment to the objectives of the Cairo Consensus as set forth at the International Conference on Population and Development. Encourages nongovernmental organizations, faith based organizations, community organizations, and private citizens to act to improve gender equality, end violence against women, expand access to reproductive, maternal, and other health services, lower childhood and maternal mortality rates, and eradicate world poverty.",
                "latest_major_action_date": "2009-12-03",
                "latest_major_action": "Referred to the House Committee on Foreign Affairs."
              },
                           {
                "congress": "111",
                "bill_id": "hr4840-111",
                "bill_type": "hr",
                "number": "H.R.4840",
                "bill_uri": "https://api.propublica.org/congress/v1/111/bills/hr4840.json",
                "title": "An act to designate the facility of the United States Postal Service located at 1981 Cleveland Avenue in Columbus, Ohio, as the 'Clarence D. Lumpkin Post Office'.",
                "short_title": null,
                "sponsor_title": "Rep.",
                "sponsor_id": "T000462",
                "sponsor_name": "Pat Tiberi",
                "sponsor_state": "OH",
                "sponsor_party": "R",
                "sponsor_uri": "https://api.propublica.org/congress/v1/members/T000462.json",
                "gpo_pdf_uri": null,
                "congressdotgov_url": "https://www.congress.gov/bill/111th-congress/house-bill/4840",
                "govtrack_url": "https://www.govtrack.us/congress/bills/111/hr4840",
                "introduced_date": "2010-03-12",
                "active": null,
                "last_vote": "2010-03-21",
                "house_passage": "2010-03-21",
                "senate_passage": null,
                "enacted": null,
                "vetoed": null,
                "cosponsors": 16,
                "cosponsors_by_party": {"D":10,"R":6},
                "committees": "House Oversight and Government Reform; Senate Homeland Security and Governmental Affairs",
                "primary_subject": "Government operations and politics",
                "summary": "Designates the facility of the United States Postal Service located at 1981 Cleveland Avenue in Columbus, Ohio, as the \"Clarence D. Lumpkin Post Office.\"",
                "summary_short": "Designates the facility of the United States Postal Service located at 1981 Cleveland Avenue in Columbus, Ohio, as the &quot;Clarence D. Lumpkin Post Office.&quot;",
                "latest_major_action_date": "2010-07-27",
                "latest_major_action": "Became Public Law No: 111-208."
              },
                           {
                "congress": "111",
                "bill_id": "hr1352-111",
                "bill_type": "hr",
                "number": "H.R.1352",
                "bill_uri": "https://api.propublica.org/congress/v1/111/bills/hr1352.json",
                "title": "To amend title XVI of the Social Security Act to clarify that the value of certain funeral and burial arrangements are not to be considered available resources under the supplemental security income program.",
                "short_title": null,
                "sponsor_title": "Rep.",
                "sponsor_id": "P000422",
                "sponsor_name": "Earl Pomeroy",
                "sponsor_state": "ND",
                "sponsor_party": "D",
                "sponsor_uri": "https://api.propublica.org/congress/v1/members/P000422.json",
                "gpo_pdf_uri": null,
                "congressdotgov_url": "https://www.congress.gov/bill/111th-congress/house-bill/1352",
                "govtrack_url": "https://www.govtrack.us/congress/bills/111/hr1352",
                "introduced_date": "2009-03-05",
                "active": null,
                "last_vote": null,
                "house_passage": null,
                "senate_passage": null,
                "enacted": null,
                "vetoed": null,
                "cosponsors": 47,
                "cosponsors_by_party": {"D":20,"R":28},
                "committees": "House Ways and Means",
                "primary_subject": "Social welfare",
                "summary": "Amends title XVI (Supplemental Security Income) (SSI) of the Social Security Act to provide that the value of certain funeral and burial arrangements involving an irrevocable trust whose named beneficiary is the funeral provider are not to be considered, under the SSI program, as resources available to the individual.",
                "summary_short": "Amends title XVI (Supplemental Security Income) (SSI) of the Social Security Act to provide that the value of certain funeral and burial arrangements involving an irrevocable trust whose named beneficiary is the funeral provider are not to be considered, under the SSI program, as resources available to the individual.",
                "latest_major_action_date": "2009-03-05",
                "latest_major_action": "Referred to the House Committee on Ways and Means."
              },
                           {
                "congress": "111",
                "bill_id": "hr2421-111",
                "bill_type": "hr",
                "number": "H.R.2421",
                "bill_uri": "https://api.propublica.org/congress/v1/111/bills/hr2421.json",
                "title": "To require the Secretary of the Treasury to mint coins in commemoration of the centennial of the establishment of Mother's Day.",
                "short_title": "Mother's Day Centennial Commemorative Coin Act",
                "sponsor_title": "Rep.",
                "sponsor_id": "C001047",
                "sponsor_name": "Shelley Moore Capito",
                "sponsor_state": "WV",
                "sponsor_party": "R",
                "sponsor_uri": "https://api.propublica.org/congress/v1/members/C001047.json",
                "gpo_pdf_uri": null,
                "congressdotgov_url": "https://www.congress.gov/bill/111th-congress/house-bill/2421",
                "govtrack_url": "https://www.govtrack.us/congress/bills/111/hr2421",
                "introduced_date": "2009-05-14",
                "active": null,
                "last_vote": null,
                "house_passage": "2010-05-05",
                "senate_passage": null,
                "enacted": null,
                "vetoed": null,
                "cosponsors": 291,
                "cosponsors_by_party": {"R":169,"D":122,"I":1},
                "committees": "House Financial Services; Senate Banking, Housing, and Urban Affairs",
                "primary_subject": "Finance and financial sector",
                "summary": "Mother's Day Centennial Commemorative Coin Act - Instructs the Secretary of the Treasury to mint and issue not more than 400,000 $1 coins emblematic of the 100th anniversary of President Wilson's proclamation designating the second Sunday in May as Mother's Day. Authorizes the Secretary to issue such coins beginning January 1, 2014, except that the Secretary may initiate sales of such coins, without issuance, before such date. Terminates such minting authority after December 31, 2014. Requires coin sales to include a $10 surcharge per coin, with distribution of such surcharges to the Susan G. Komen for the Cure and the National Osteoporosis Foundation for the purpose of furthering research. States that, for the purposes of complying with the Statutory Pay-As-You-Go Act of 2010, the budgetary effects of this Act shall be determined by reference to the latest statement titled \"Budgetary Effects of PAYGO Legislation\" for this Act, if it has been submitted for printing in the Congressional Record before the vote on passage.",
                "summary_short": "Mother&#39;s Day Centennial Commemorative Coin Act - Instructs the Secretary of the Treasury to mint and issue not more than 400,000 $1 coins emblematic of the 100th anniversary of President Wilson&#39;s proclamation designating the second Sunday in May as Mother&#39;s Day. Authorizes the Secretary to issue such coins beginning January 1, 2014, except that the Secretary may initiate sales of such coins, without issuance, before such date. Terminates such minting authority after December 31, 2014. Require...",
                "latest_major_action_date": "2010-05-06",
                "latest_major_action": "Received in the Senate and Read twice and referred to the Committee on Banking, Housing, and Urban Affairs."
              },
                           {
                "congress": "111",
                "bill_id": "hres1053-111",
                "bill_type": "hres",
                "number": "H.RES.1053",
                "bill_uri": "https://api.propublica.org/congress/v1/111/bills/hres1053.json",
                "title": "Recognizing that women are equally affected by colon cancer.",
                "short_title": null,
                "sponsor_title": "Rep.",
                "sponsor_id": "D000608",
                "sponsor_name": "Kathy Dahlkemper",
                "sponsor_state": "PA",
                "sponsor_party": "D",
                "sponsor_uri": "https://api.propublica.org/congress/v1/members/D000608.json",
                "gpo_pdf_uri": null,
                "congressdotgov_url": "https://www.congress.gov/bill/111th-congress/house-resolution/1053",
                "govtrack_url": "https://www.govtrack.us/congress/bills/111/hres1053",
                "introduced_date": "2010-02-02",
                "active": null,
                "last_vote": null,
                "house_passage": null,
                "senate_passage": null,
                "enacted": null,
                "vetoed": null,
                "cosponsors": 41,
                "cosponsors_by_party": {"D":34,"R":7},
                "committees": "House Energy and Commerce",
                "primary_subject": "Health",
                "summary": "Recognizes: (1) that women are equally affected by colon cancer; and (2) the importance of colon health in women and of detecting colon cancer in its earliest stages. Urges women to: (1) regularly undergo diagnostic screening for colon cancer as recommended by their doctors; and (2) exercise regularly and eat a healthy and well-balanced diet to reduce the risk of colon cancer.",
                "summary_short": "Recognizes: (1) that women are equally affected by colon cancer; and (2) the importance of colon health in women and of detecting colon cancer in its earliest stages. Urges women to: (1) regularly undergo diagnostic screening for colon cancer as recommended by their doctors; and (2) exercise regularly and eat a healthy and well-balanced diet to reduce the risk of colon cancer.",
                "latest_major_action_date": "2010-02-03",
                "latest_major_action": "Referred to the Subcommittee on Health."
              },
                           {
                "congress": "111",
                "bill_id": "hr4594-111",
                "bill_type": "hr",
                "number": "H.R.4594",
                "bill_uri": "https://api.propublica.org/congress/v1/111/bills/hr4594.json",
                "title": "To combat international violence against women and girls.",
                "short_title": "International Violence Against Women Act of 2010",
                "sponsor_title": "Rep.",
                "sponsor_id": "D000210",
                "sponsor_name": "Bill Delahunt",
                "sponsor_state": "MA",
                "sponsor_party": "D",
                "sponsor_uri": "https://api.propublica.org/congress/v1/members/D000210.json",
                "gpo_pdf_uri": null,
                "congressdotgov_url": "https://www.congress.gov/bill/111th-congress/house-bill/4594",
                "govtrack_url": "https://www.govtrack.us/congress/bills/111/hr4594",
                "introduced_date": "2010-02-04",
                "active": null,
                "last_vote": null,
                "house_passage": null,
                "senate_passage": null,
                "enacted": null,
                "vetoed": null,
                "cosponsors": 134,
                "cosponsors_by_party": {"R":7,"D":127},
                "committees": "House Foreign Affairs; House Armed Services",
                "primary_subject": "International affairs",
                "summary": "International Violence Against Women Act of 2010 - Directs the Secretary of State to establish the Office for Global Women's Issues, to be headed by the Ambassador-at-Large for Global Women's Issues, to coordinate efforts regarding gender integration and empowerment of women in U.S. foreign policy. Establishes an Office for Women's Global Development (intended to replace the Office of Women in Development) in the United States Agency for International Development (USAID), to be headed by the Director of Women's Global Development, to coordinate USAID efforts to integrate gender in U.S. foreign assistance programs and policies. Directs the Secretary and the Administrator of USAID to develop a comprehensive five-year strategy for programs to prevent and respond to violence against women and girls in countries with severe levels of such violence. Directs the Ambassador-at-Large and the Director to seek to coordinate efforts to prevent and respond to violence against women and girls internationally into existing foreign assistance programs. Authorizes funds to be awarded to community-based women's nongovernmental organizations and community-based organizations in recipient countries to carry out such efforts. Authorizes the Secretary to provide guidance to the Secretary of Defense (DOD) to: (1) incorporate training on prevention and response into the basic training curricula of foreign military and police forces and judicial officials; and (2) ensure that U.S. assistance to units involved in regional or multilateral peacekeeping operations includes such training. Authorizes the Ambassador-at-Large to provide guidance to the Administrator and the Assistant Secretary for Population, Refugees, and Migration on preventing and responding to violence against women and girls in humanitarian relief, conflict, and post-conflict settings. Authorizes the Secretary to provide guidance on preventing and responding to violence against women and girls to the Secretary of DOD when U.S. military personnel, military contractors, and military observers are to be deployed in humanitarian relief, conflict, and post-conflict settings. Authorizes the Secretary and the Secretary of DOD to: (1) provide training in prevention and response to violence against women and girls internationally to U.S. military forces; (2) establish mechanisms for reporting incidences of violence against civilian women and girls committed by U.S. military forces; and (3) establish related public outreach efforts. Urges the Secretary to make U.S. financial, material, human, and other resources available to assist U.N. efforts to: (1) implement training programs in prevention and response to violence against women and girls for peacekeeping and humanitarian personnel; (2) enhance the deployment of military and civilian women in peacekeeping missions; and (3) improve protection mechanisms at U.N. managed refugee and internally displaced persons camps. Urges the Secretary to identify and take emergency measures to respond to critical outbreaks of violence against women and girls in situations of armed conflict.",
                "summary_short": "International Violence Against Women Act of 2010 - Directs the Secretary of State to establish the Office for Global Women&#39;s Issues, to be headed by the Ambassador-at-Large for Global Women&#39;s Issues, to coordinate efforts regarding gender integration and empowerment of women in U.S. foreign policy. Establishes an Office for Women&#39;s Global Development (intended to replace the Office of Women in Development) in the United States Agency for International Development (USAID), to be headed by the ...",
                "latest_major_action_date": "2010-02-04",
                "latest_major_action": "Referred to House Armed Services"
              },
                           {
                "congress": "111",
                "bill_id": "hres1174-111",
                "bill_type": "hres",
                "number": "H.RES.1174",
                "bill_uri": "https://api.propublica.org/congress/v1/111/bills/hres1174.json",
                "title": "Supporting the goals and ideals of National Women's History Month.",
                "short_title": null,
                "sponsor_title": "Rep.",
                "sponsor_id": "W000738",
                "sponsor_name": "Lynn Woolsey",
                "sponsor_state": "CA",
                "sponsor_party": "D",
                "sponsor_uri": "https://api.propublica.org/congress/v1/members/W000738.json",
                "gpo_pdf_uri": null,
                "congressdotgov_url": "https://www.congress.gov/bill/111th-congress/house-resolution/1174",
                "govtrack_url": "https://www.govtrack.us/congress/bills/111/hres1174",
                "introduced_date": "2010-03-11",
                "active": null,
                "last_vote": "2010-03-21",
                "house_passage": null,
                "senate_passage": null,
                "enacted": null,
                "vetoed": null,
                "cosponsors": 123,
                "cosponsors_by_party": {"D":118,"R":5},
                "committees": "House Oversight and Government Reform",
                "primary_subject": "Education",
                "summary": "Expresses support for the goals and ideals of National Women's History Month.Recognizes and honors the women and organizations in the United States that have fought for and continue to promote the teaching of women's history.",
                "summary_short": "Expresses support for the goals and ideals of National Women&#39;s History Month.Recognizes and honors the women and organizations in the United States that have fought for and continue to promote the teaching of women&#39;s history.",
                "latest_major_action_date": "2010-03-21",
                "latest_major_action": "Motion to reconsider laid on the table Agreed to without objection."
              },
                           {
                "congress": "111",
                "bill_id": "hr2089-111",
                "bill_type": "hr",
                "number": "H.R.2089",
                "bill_uri": "https://api.propublica.org/congress/v1/111/bills/hr2089.json",
                "title": "To authorize the Secretary of Education to award grants to educational organizations to carry out educational programs about the Holocaust.",
                "short_title": null,
                "sponsor_title": "Rep.",
                "sponsor_id": "M000087",
                "sponsor_name": "Carolyn B. Maloney",
                "sponsor_state": "NY",
                "sponsor_party": "D",
                "sponsor_uri": "https://api.propublica.org/congress/v1/members/M000087.json",
                "gpo_pdf_uri": null,
                "congressdotgov_url": "https://www.congress.gov/bill/111th-congress/house-bill/2089",
                "govtrack_url": "https://www.govtrack.us/congress/bills/111/hr2089",
                "introduced_date": "2009-04-23",
                "active": null,
                "last_vote": null,
                "house_passage": null,
                "senate_passage": null,
                "enacted": null,
                "vetoed": null,
                "cosponsors": 26,
                "cosponsors_by_party": {"D":26},
                "committees": "House Education and Labor",
                "primary_subject": "Education",
                "summary": "Amends the Elementary and Secondary Education Act of 1965 to authorize the Secretary of Education to award competitive grants to educational organizations to carry out proposed or existing Holocaust education programs. Prohibits such grants from being used to supplant nonfederal funds the grantees would otherwise have used for Holocaust education programs.",
                "summary_short": "Amends the Elementary and Secondary Education Act of 1965 to authorize the Secretary of Education to award competitive grants to educational organizations to carry out proposed or existing Holocaust education programs. Prohibits such grants from being used to supplant nonfederal funds the grantees would otherwise have used for Holocaust education programs.",
                "latest_major_action_date": "2009-06-04",
                "latest_major_action": "Referred to the Subcommittee on Early Childhood, Elementary, and Secondary Education."
              },
                           {
                "congress": "111",
                "bill_id": "hr3101-111",
                "bill_type": "hr",
                "number": "H.R.3101",
                "bill_uri": "https://api.propublica.org/congress/v1/111/bills/hr3101.json",
                "title": "To ensure that individuals with disabilities have access to emerging Internet Protocol-based communication and video programming technologies in the 21st Century.",
                "short_title": "Twenty-First Century Communications and Video Accessibility Act of 2010",
                "sponsor_title": "Rep.",
                "sponsor_id": "M000133",
                "sponsor_name": "Edward J. Markey",
                "sponsor_state": "MA",
                "sponsor_party": "D",
                "sponsor_uri": "https://api.propublica.org/congress/v1/members/M000133.json",
                "gpo_pdf_uri": null,
                "congressdotgov_url": "https://www.congress.gov/bill/111th-congress/house-bill/3101",
                "govtrack_url": "https://www.govtrack.us/congress/bills/111/hr3101",
                "introduced_date": "2009-06-26",
                "active": null,
                "last_vote": "2010-07-26",
                "house_passage": "2010-07-26",
                "senate_passage": null,
                "enacted": null,
                "vetoed": null,
                "cosponsors": 53,
                "cosponsors_by_party": {"D":52,"R":2},
                "committees": "House Energy and Commerce",
                "primary_subject": "Science, technology, communications",
                "summary": "Twenty-First Century Communications and Video Accessibility Act of 2010 - (Sec. 2) States that no person shall be liable for a violation of this Act with respect to video programming, online content, applications, services, advanced communications services, or equipment used to provide or access advanced communications services to the extent such person: (1) transmits, routes, or stores in intermediate or transient storage the communications made available through the provision of advanced communications services by a third party; or (2) provides an information location tool through which an end user obtains access to such video programming, online content, applications, services, advanced communications services, or equipment used to provide or access advanced communications services. Makes such limitation on liability inapplicable to any person to the extent such person relies on third party applications, services, software, hardware, or equipment to comply with the requirements of this Act. (Sec. 3) States that no action taken by the Federal Communications Commission (FCC) to implement this Act shall mandate the use or incorporation of proprietary technology. Title I: Communications Access - (Sec. 102) Amends the Communications Act of 1934 (the Act) to direct the FCC to require that customer premises equipment provide internal means for effective use with hearing aids that are designed to be compatible with telephones which meet established technical standards for hearing aid compatibility. Describes \"customer premises equipment\" as: (1) all essential telephones (coin-operated telephones, telephones provided for emergency use, and other telephones frequently needed for use by persons using such hearing aids); (2) all U.S telephones (other than for export) manufactured more than one year after the date of enactment of the Hearing Aid Compatibility Act of 1988 or imported for use in the United States more than one year after such date; and (3) all customer premises equipment used with advanced communications services that is designed to provide two-way voice communication via a built-in speaker intended to be held to the ear in a manner functionally equivalent to a telephone. (Sec. 103) Defines \"telecommunications relay services\" as telephone transmission services that provide the ability for an individual who is deaf, hard of hearing, deaf-blind, or who has a speech disability to engage in communication by wire or radio with one or more individuals in a manner that is functionally equivalent to the ability of a hearing individual who does not have a speech disability to communicate using voice communication services by wire or radio. Requires each interconnected Voice over Internet Protocol (VoIP) service provider and each provider of non-interconnected VoIP service to participate in and contribute to the Telecommunications Relay Services Fund. Directs the Chairman of the FCC to establish the Telecommunications Relay Services Policy Advisory Council. (Sec. 104) Requires, with respect to equipment manufactured after the effective date of the regulations required under this section: (1) a manufacturer of equipment used for advanced communications services, including end user equipment, network equipment, and software, to ensure that the equipment and software that such manufacturer offers for sale or otherwise distributes in interstate commerce will be accessible to and usable by individuals with disabilities, unless such requirements are not achievable; and (2) a provider of advanced communications services to ensure that such services offered by such provider in or affecting interstate commerce are accessible to and usable by individuals with disabilities, unless such requirements of this subsection are not achievable. Requires, whenever the preceding requirements are not achievable, a manufacturer or provider to ensure that its equipment or service is compatible with existing peripheral devices or specialized customer premises equipment commonly used by individuals with disabilities to achieve access, unless such requirement is not achievable. Requires the FCC to promulgate specified implementing regulations. Authorizes the FCC to waive the requirements of this section for: (1) any feature or function of equipment used to provide or access advanced communications services, or for any class of such equipment, for any provider of advanced communications services, or for any class of such services, that is capable of accessing an advanced communications service and is designed for multiple purposes, but is designed primarily for purposes other than using advanced communications services; or (2) small entities. Makes the requirements of this section inapplicable to customized equipment or services that are not offered directly to the public, or to such classes of users as to be effectively available directly to the public, regardless of the facilities used. Prohibits construing this section so as to require a manufacturer of equipment used for advanced communications or a provider of advanced communications services to make every feature and function of every device or service accessible for every disability. Requires the FCC to establish regulations that facilitate the filing of formal and informal complaints that allege a violation of the Act concerning access by persons with disabilities or other provisions of this section, establish procedures for FCC enforcement actions with respect to such violations, and implement specified recordkeeping obligations for manufacturers and providers. Requires the FCC to report to Congress every two years concerning compliance, accessibility barriers, the number and nature of complaints, and an assessment of the requirements of this section on the development and deployment of new communications technologies. Requires the Comptroller General (CG) to report on the FCC's compliance with the deadlines of this section, the appropriateness of the FCC's enforcement actions, and whether, and to what extent (if any), the requirements of this section have an effect on the development and deployment of new communications technologies. Requires the FCC to establish a clearinghouse of information on the availability of accessible products and services and accessibility solutions required for persons with disabilities under this section. Requires the FCC, upon the establishment of the clearinghouse, to conduct an informational and educational program designed to inform the public about the availability of the clearinghouse and the protections and remedies available under this section. Requires that when a manufacturer of a telephone used with public mobile services includes an Internet browser in such telephone or when the provider of mobile service arranges for the inclusion of a browser in telephones to sell to customers, the manufacturer or provider must ensure that the functions of the included browser (including the ability to launch the browser) are accessible to and usable by individuals who are blind or have a visual impairment, unless doing so is not achievable, subject to exception. Makes the provisions of the preceding sentence effective three years following the enactment of this Act. Subjects a manufacturer or service provider determined by the FCC to have violated any of this section's requirements, to a forfeiture penalty of not more than $100,000 for each violation or each day of a continuing violation, except that the amount assessed for any continuing violation shall not exceed a total of $1 million for any single act or failure to act. (Sec. 105) Requires the FCC to establish the Emergency Access Advisory Committee for the purpose of achieving equal access to emergency services by individuals with disabilities as a part of the migration to a national Internet protocol-enabled emergency network. (Sec. 106) Requires the FCC to establish rules that define as eligible for relay service support those programs that are FCC approved for the distribution of specialized customer premises equipment designed to make telecommunications service, Internet access service, and advanced communications, including interexchange services and advanced telecommunications and information services, accessible by low-income individuals who are deaf-blind. Authorizes the FCC to provide up to $10 million support annually from its interstate relay fund. Title II: Video Programming - (Sec. 201) Requires the FCC to establish the Video Programming and Emergency Access Advisory Committee to make recommendations regarding closed captioning, video description, accessible emergency information, user interfaces, and video programming guides. (Sec. 202) Requires the FCC to reinstate (modified, as specified) the video description regulations contained in the Implementation of Video Description of Video Programming Report and Order. Requires the FCC to commence specified inquiries after the phase-in of the reinstated regulations. Prohibits the FCC from issuing additional regulations unless it determines, at least two years after completing the inquiries, that the need for and benefits of providing video description for video programming, insofar as such programming is transmitted for display on television, are greater than the technical and economic costs of providing such additional programming. Sets a schedule for the phase-in of video description regulations. Requires the FCC to submit a specified report assessing video programming. Requires the FCC to identify methods to convey accessible emergency information to blind or visually impaired individuals and promulgate regulations that require video programming providers and video programming distributors and program owners to convey such emergency information in a manner accessible to individuals who are blind or visually impaired. Sets a deadline for the FCC to revise regulations requiring the provision of closed captioning on video programming delivered using Internet protocol. (Sec. 203) Revises provisions concerning closed caption decoder circuitry and video description capability. Requires, generally, that, if technically feasible, apparatus designed to receive or play back video programming transmitted simultaneously with sound, if such apparatus is manufactured in the United States or imported for use in the United States and uses a picture screen of any size: (1) be equipped with built-in closed caption decoder circuitry or capability designed to display closed-captioned video programming; (2) have the capability to decode and make available the transmission and delivery of video description services; and (3) have the capability to decode and make available emergency information in a manner that is accessible to individuals who are blind or visually impaired. Sets forth provisions concerning picture screens less than 13 inches and waivers and exemptions form the preceding requirements. Requires the FCC to require that: (1) if achievable, apparatus designed to record video programming transmitted simultaneously with sound, if such apparatus is manufactured in the United States or imported for use in the United States, enable the rendering or the pass through of closed captions, video description signals, and emergency information such that viewers are able to activate and deactivate the closed captions and video description as the video programming is played back on a picture screen of any size; and (2) interconnection mechanisms and standards for digital video source devices are available to carry from the source device to the consumer equipment the information necessary to permit or render the display of closed captions and to make encoded video description and emergency information audible. (Sec. 204) Directs the FCC to require that: (1) if achievable, digital apparatus designed to receive or play back video programming transmitted in digital format simultaneously with sound, including apparatus designed to receive or display video programming transmitted in digital format using Internet protocol, be designed, developed, and fabricated so that control of appropriate built-in apparatus functions are accessible to and usable by individuals with disabilities; (2) if on-screen text menus or other visual indicators built in to the digital apparatus are used to access the functions of the apparatus described in clause (1), such functions shall be accompanied by audio output that is either integrated or peripheral to the apparatus, so that such menus or indicators are accessible to and usable by individuals who are blind or visually impaired in real-time; (3) built-in user controls shall be capable of accessing closed captioning; and (4) in applying this section the term \"apparatus\" does not include a navigation device. (Sec. 205) Requires the FCC to require that: (1) if achievable, the on-screen text menus and guides provided by navigation devices for the display or selection of multichannel video programming are audibly accessible in real-time upon request by individuals who are blind or visually impaired, except that the FCC may not specify the technical standards, protocols, procedures, and other technical requirements for meeting this requirement; and (2) for navigation devices with built-in closed captioning capability, access to that capability through a mechanism is reasonably comparable to a button, key, or icon designated for activating the closed captioning, or accessibility features. (Sec. 206) Defines specified terms. Title III: PAYGO Compliance - (Sec. 301) Requires the budgetary effects of this Act to be determined by reference to the latest statement titled \"Budgetary Effects of PAYGO Legislation\" for this Act, provided such statement has been submitted prior to the vote on passage.",
                "summary_short": "Twenty-First Century Communications and Video Accessibility Act of 2010 - (Sec. 2) States that no person shall be liable for a violation of this Act with respect to video programming, online content, applications, services, advanced communications services, or equipment used to provide or access advanced communications services to the extent such person: (1) transmits, routes, or stores in intermediate or transient storage the communications made available through the provision of advanced co...",
                "latest_major_action_date": "2010-08-05",
                "latest_major_action": "Read twice. Placed on Senate Legislative Calendar under General Orders. Calendar No. 513."
              }
             ]
      }
   ]
}
