{
   "status":"OK",
   "copyright":"Copyright (c) 2020 Pro Publica Inc. All Rights Reserved.",
   "results":[
      {
         "id": "K000372",
         "member_uri": "https://api.propublica.org/congress/v1/members/K000372.json",
         "name": "Mary Jo Kilroy",
         "num_results": 338,
         "offset": 100,
         "bills": [
              {
                "congress": "111",
                "bill_id": "hconres260-111",
                "bill_type": "hconres",
                "number": "H.CON.RES.260",
                "bill_uri": "https://api.propublica.org/congress/v1/111/bills/hconres260.json",
                "title": "Recognizing the 62nd anniversary of the independence of the State of Israel, and reaffirming unequivocal support for the alliance and friendship between the United States and Israel.",
                "short_title": null,
                "sponsor_title": "Rep.",
                "sponsor_id": "R000435",
                "sponsor_name": "Ileana Ros-Lehtinen",
                "sponsor_state": "FL",
                "sponsor_party": "R",
                "sponsor_uri": "https://api.propublica.org/congress/v1/members/R000435.json",
                "gpo_pdf_uri": null,
                "congressdotgov_url": "https://www.congress.gov/bill/111th-congress/house-concurrent-resolution/260",
                "govtrack_url": "https://www.govtrack.us/congress/bills/111/hconres260",
                "introduced_date": "2010-04-13",
                "active": null,
                "last_vote": null,
                "house_passage": null,
                "senate_passage": null,
                "enacted": null,
                "vetoed": null,
                "cosponsors": 191,
                "cosponsors_by_party": {"D":66,"R":126},
                "committees": "House Foreign Affairs",
                "primary_subject": "International affairs",
                "summary": "Recognizes the 62nd anniversary of the establishment of the State of Israel as a place of refuge and national homeland for the Jewish people. Reaffirms bipartisan support for the alliance and friendship between the governments and peoples of the United States and Israel, for Israel's security and right to exist as a democratic, Jewish state, and for its right to defend itself. Commends the people of Israel for their achievements in the face of adversity. Extends congratulations and best wishes to the people of Israel as they celebrate the 62nd anniversary of Israel's independence.",
                "summary_short": "Recognizes the 62nd anniversary of the establishment of the State of Israel as a place of refuge and national homeland for the Jewish people. Reaffirms bipartisan support for the alliance and friendship between the governments and peoples of the United States and Israel, for Israel&#39;s security and right to exist as a democratic, Jewish state, and for its right to defend itself. Commends the people of Israel for their achievements in the face of adversity. Extends congratulations and best wishe...",
                "latest_major_action_date": "2010-04-13",
                "latest_major_action": "Referred to the House Committee on Foreign Affairs."
              },
                           {
                "congress": "111",
                "bill_id": "hres1277-111",
                "bill_type": "hres",
                "number": "H.RES.1277",
                "bill_uri": "https://api.propublica.org/congress/v1/111/bills/hres1277.json",
                "title": "Commending the efforts and honoring the work of the State of Israel, the Israel Defense Forces, and the Israeli people for their coordinated efforts to save lives and provide relief to the people of Haiti in the aftermath of the devastating earthquake that struck the island nation on January 12, 2010.",
                "short_title": null,
                "sponsor_title": "Rep.",
                "sponsor_id": "J000288",
                "sponsor_name": "Hank Johnson",
                "sponsor_state": "GA",
                "sponsor_party": "D",
                "sponsor_uri": "https://api.propublica.org/congress/v1/members/J000288.json",
                "gpo_pdf_uri": null,
                "congressdotgov_url": "https://www.congress.gov/bill/111th-congress/house-resolution/1277",
                "govtrack_url": "https://www.govtrack.us/congress/bills/111/hres1277",
                "introduced_date": "2010-04-20",
                "active": null,
                "last_vote": null,
                "house_passage": null,
                "senate_passage": null,
                "enacted": null,
                "vetoed": null,
                "cosponsors": 86,
                "cosponsors_by_party": {"D":74,"R":12},
                "committees": "House Foreign Affairs",
                "primary_subject": "International affairs",
                "summary": "Expresses: (1) deepest condolences for the horrific loss of life and the physical and psychological damage caused by the January 12, 2010, earthquake that struck Haiti; and (2) solidarity with Haitians, Haitian-Americans, and all those who lost loved ones or have otherwise been affected by the tragedy. Commends and honors the efforts of the Israelis who worked on the ground in Haiti, the State of Israel, the Israel Defense Forces (IDF), and the Israeli people for their contributions to earthquake relief in Haiti.",
                "summary_short": "Expresses: (1) deepest condolences for the horrific loss of life and the physical and psychological damage caused by the January 12, 2010, earthquake that struck Haiti; and (2) solidarity with Haitians, Haitian-Americans, and all those who lost loved ones or have otherwise been affected by the tragedy. Commends and honors the efforts of the Israelis who worked on the ground in Haiti, the State of Israel, the Israel Defense Forces (IDF), and the Israeli people for their contributions to earthq...",
                "latest_major_action_date": "2010-04-20",
                "latest_major_action": "Referred to the House Committee on Foreign Affairs."
              },
                           {
                "congress": "111",
                "bill_id": "hr4806-111",
                "bill_type": "hr",
                "number": "H.R.4806",
                "bill_uri": "https://api.propublica.org/congress/v1/111/bills/hr4806.json",
                "title": "To prohibit discrimination in adoption or foster care placements based on the sexual orientation, gender identity, or marital status of any prospective adoptive or foster parent, or the sexual orientation or gender identity of the child involved.",
                "short_title": "Every Child Deserves a Family Act",
                "sponsor_title": "Rep.",
                "sponsor_id": "S000810",
                "sponsor_name": "Pete Stark",
                "sponsor_state": "CA",
                "sponsor_party": "D",
                "sponsor_uri": "https://api.propublica.org/congress/v1/members/S000810.json",
                "gpo_pdf_uri": null,
                "congressdotgov_url": "https://www.congress.gov/bill/111th-congress/house-bill/4806",
                "govtrack_url": "https://www.govtrack.us/congress/bills/111/hr4806",
                "introduced_date": "2010-03-10",
                "active": null,
                "last_vote": null,
                "house_passage": null,
                "senate_passage": null,
                "enacted": null,
                "vetoed": null,
                "cosponsors": 40,
                "cosponsors_by_party": {"D":39,"I":1},
                "committees": "House Ways and Means",
                "primary_subject": "Families",
                "summary": "Every Child Deserves a Family Act - Prohibits an entity that receives federal assistance and is involved in adoption or foster care placements from discriminating against prospective adoptive or foster parents solely on the basis of their sexual orientation, gender identification, or marital status or on the basis of the sexual orientation or gender identity of the child involved. Requires the Secretary of Health and Human Services (HHS), in order to ensure compliance with, and ensure understanding of the legal, practice, and culture changes required by this Act in making foster care and adoption placement decisions, to provide specified technical assistance to all entities covered by this Act. Requires a Government Accountability Office study whether states have substantially complied with this Act in eliminating policies, practices, or statutes that deny adoption rights on the basis of these criteria.",
                "summary_short": "Every Child Deserves a Family Act - Prohibits an entity that receives federal assistance and is involved in adoption or foster care placements from discriminating against prospective adoptive or foster parents solely on the basis of their sexual orientation, gender identification, or marital status or on the basis of the sexual orientation or gender identity of the child involved. Requires the Secretary of Health and Human Services (HHS), in order to ensure compliance with, and ensure underst...",
                "latest_major_action_date": "2010-03-18",
                "latest_major_action": "Referred to the Subcommittee on Income Security and Family Support."
              },
                           {
                "congress": "111",
                "bill_id": "hres1172-111",
                "bill_type": "hres",
                "number": "H.RES.1172",
                "bill_uri": "https://api.propublica.org/congress/v1/111/bills/hres1172.json",
                "title": "Recognizing the life and achievements of Will Keith Kellogg.",
                "short_title": null,
                "sponsor_title": "Rep.",
                "sponsor_id": "S001178",
                "sponsor_name": "Mark Schauer",
                "sponsor_state": "MI",
                "sponsor_party": "D",
                "sponsor_uri": "https://api.propublica.org/congress/v1/members/S001178.json",
                "gpo_pdf_uri": null,
                "congressdotgov_url": "https://www.congress.gov/bill/111th-congress/house-resolution/1172",
                "govtrack_url": "https://www.govtrack.us/congress/bills/111/hres1172",
                "introduced_date": "2010-03-11",
                "active": null,
                "last_vote": "2010-05-25",
                "house_passage": null,
                "senate_passage": null,
                "enacted": null,
                "vetoed": null,
                "cosponsors": 51,
                "cosponsors_by_party": {"D":47,"R":4},
                "committees": "House Oversight and Government Reform",
                "primary_subject": "Agriculture and food",
                "summary": "Recognizes the 150th anniversary of the birth of Will Keith Kellogg and his contributions to the citizens of the United States and the people of the world.",
                "summary_short": "Recognizes the 150th anniversary of the birth of Will Keith Kellogg and his contributions to the citizens of the United States and the people of the world.",
                "latest_major_action_date": "2010-05-25",
                "latest_major_action": "Motion to reconsider laid on the table Agreed to without objection."
              },
                           {
                "congress": "111",
                "bill_id": "hr4842-111",
                "bill_type": "hr",
                "number": "H.R.4842",
                "bill_uri": "https://api.propublica.org/congress/v1/111/bills/hr4842.json",
                "title": "To authorize appropriations for the Directorate of Science and Technology of the Department of Homeland Security for fiscal years 2011 and 2012, and for other purposes.",
                "short_title": "Homeland Security Science and Technology Authorization Act of 2010",
                "sponsor_title": "Rep.",
                "sponsor_id": "C001067",
                "sponsor_name": "Yvette D. Clarke",
                "sponsor_state": "NY",
                "sponsor_party": "D",
                "sponsor_uri": "https://api.propublica.org/congress/v1/members/C001067.json",
                "gpo_pdf_uri": null,
                "congressdotgov_url": "https://www.congress.gov/bill/111th-congress/house-bill/4842",
                "govtrack_url": "https://www.govtrack.us/congress/bills/111/hr4842",
                "introduced_date": "2010-03-15",
                "active": null,
                "last_vote": null,
                "house_passage": "2010-07-20",
                "senate_passage": null,
                "enacted": null,
                "vetoed": null,
                "cosponsors": 8,
                "cosponsors_by_party": {"D":6,"R":2},
                "committees": "House Homeland Security; House Science and Technology; Senate Homeland Security and Governmental Affairs",
                "primary_subject": "Emergency management",
                "summary": "Homeland Security Science and Technology Authorization Act of 2010 - Title I: Authorization of Appropriations - (Sec. 101) Authorizes appropriations to the Under Secretary for Science and Technology of the Department of Homeland Security (DHS) for the Directorate of Science and Technology for FY2011-FY2012. Title II: Management and Administration - (Sec. 201) Directs the Secretary of DHS (the Secretary) to: (1) establish requirements for how basic and applied homeland security research shall be identified, prioritized, funded, tasked, and evaluated by the Directorate; (2) seek to publicize the requirements for the purpose of informing the federal government, state and local governments, first responders, and the private sector; (3) establish, through the Under Secretary for Science and Technology and the Under Secretary for Management, a mandatory workforce program for the Directorate's customers in DHS to better identify and prioritize homeland security capability gaps that may be addressed by a technological solution; and (4) establish a system to collect feedback from customers of the Directorate on its performance. Requires the Inspector General of DHS to submit a biannual update to the appropriate congressional committees on the status of the implementation of research prioritization, requirements, and activities. Directs the Secretary to: (1) submit specified information annually, including a national-level risk assessment and a report on Homeland Security Advanced Research Projects Agency activities; (2) report specified information regarding professional development; (3) establish a system to create a formal process for collecting feedback from customers on the effectiveness of the technology or services delivered by the Directorate, develop metrics for measuring customer satisfaction and the usefulness of any technology or service provided by the Directorate, and establish standards and performance measures to be met by the Directorate; and (4) establish a system to monitor the Directorate's progress for research, development, testing, and evaluation activities, including the establishment of initial and subsequent research milestones. Directs the Under Secretary for Science and Technology to report to the appropriate congressional committees, within a year, regarding actions taken and, annually thereafter, describing: (1) research milestones for each large project with a federal cost share greater than $80 million that have been met or missed; and (2) customer feedback and the Directorate's success in meeting customer service performance measures and standards. (Sec. 202) Establishes within the Directorate a Testing, Evaluation, and Standards Division. Provides for: (1) a Director of Test, Evaluation, and Standards to be the principal advisor to the Secretary, the Under Secretary of Management, and the Under Secretary for Science and Technology on all test and evaluation or standards activities in DHS; (2) a Deputy Director of Operational Test and Evaluation; and (3) a Standards Executive. (Sec. 203) Requires: (1) the Under Secretary for Science and Technology to develop and oversee the administration of guidelines for periodic external review of research and development projects or activities; and (2) the Secretary to report to Congress on such review. (Sec. 204) Establishes in the Directorate an Office of Public-Private Partnerships, headed by a Director, who shall report to the Under Secretary for Science and Technology. Requires the Director, in coordination with DHS's Private Sector Office, to: (1) engage and initiate proactive outreach efforts and provide guidance on how to pursue proposals to develop or deploy homeland security technologies; (2) coordinate with components of DHS to issue announcements seeking unique and innovative homeland security technologies to address homeland security capability gaps; (3) promote interaction between homeland security researchers and private sector companies to accelerate transition research or a prototype into a commercial product and streamline the handling of intellectual property; and (4) conduct technology research assessment and marketplace analysis for the purpose of identifying, leveraging, and integrating best-of-breed technologies and capabilities from industry, academia, and other federal government agencies and disseminate findings to federal, state, and local governments. Establishes within the Office a Rapid Review Division, which shall: (1) be responsible for maintaining a capability to perform business and technical reviews to assist in screening unsolicited homeland security technology proposals submitted to the Secretary; and (2) assess the feasibility, scientific and technical merits, and estimated cost of such proposals. Requires the Division to: (1) maintain awareness of the technological requirements of the Directorate's customers; (2) establish and publicize accessible, streamlined procedures allowing a participant to have its technology assessed by the Division; (3) make knowledgeable assessments of a participant's technology after receiving a business plan, a technology proposal, and a list of corporate officers, directors, and employees with technical knowledge of the proposal, within 60 days of submission; (4) review proposals submitted by components of DHS to the Division; and (5) in reviewing proposals submitted tot he Secretary, give priority to any proposal submitted by a small business concern. Prohibits the Office from considering or evaluating homeland security technology proposals submitted in response to a solicitation for offers for a pending procurement or for a specific agency requirement. Authorizes the Under Secretary for Science and Technology, acting through the Director, to establish up to three satellite offices across the country to enhance DHS's outreach efforts. Directs the Secretary to establish rules to prevent the Director or any other Office employee from acting on matters where a conflict of interest may exist. Authorizes appropriations for the Office for FY2011-FY2012. Title III: Reports - (Sec. 301) Directs the Under Secretary for Science and Technology to prepare a strategic plan for the activities of the Directorate. (Sec. 302) Requires the Under Secretary to report within 90 days for each current project conducted by the Directorate having a federal cost share greater than $80 million, and on an ongoing basis thereafter for any new project conducted by the Directorate having a federal cost share greater than $80 million, providing the appropriate committees a description of: (1) DHS components and customers consulted during the development of the operational and technical requirements associated with the project; and (2) the extent to which the requirements incorporate the input of those components or customers. Directs the Under Secretary to report within 90 days of enactment for each current project conducted by a DHS component besides the Directorate having a lifecycle cost greater than $1 trillion, and on an ongoing basis thereafter for any new project conducted by a DHS component besides the Directorate having a lifecycle cost greater than $1 trillion, providing the appropriate committees detailed operational and technical requirements associated with the project. (Sec. 303) Directs the Secretary to report on the current role of the venture capital community in funding advanced homeland security technologies and to provide recommendations about creating a nonprofit organization for purposes of delivering advanced homeland security technologies to the homeland security community to further its missions. Encourages the Secretary to use a federally funded research and development center to produce the report. Authorizes appropriations for the report. Title IV: Directorate of Science and Technology Programs - (Sec. 401) Limits research relevant to DHS to that which directly addresses a prioritized risk to the homeland as identified by a risk analysis. (Sec. 402) Authorizes appropriations for FY2011-FY2012 to carry out the university based centers program of DHS. Includes within criteria for designation of a college or university as a center for homeland security demonstrated expertise in: (1) medical readiness training and research; (2) community resiliency for public health and healthcare critical infrastructure; and (3) explosive countermeasures or detection. (Sec. 403) Directs the Comptroller General to initiate a study to assess the university-based Centers for Homeland Security program. Prohibits the Secretary from designating any new university-based centers prior to the completion of the review. (Sec. 404) Directs the Under Secretary to: (1) support research, development, testing, evaluation, and transition of cybersecurity technology, including fundamental, long-term research to improve the ability of the United States to prevent, protect against, detect, respond to, and recover from acts of terrorism and cyber attacks, with an emphasis on research and development relevant to large-scale, high-impact attacks; and (2) coordinate activities with the Under Secretary for National Protection and Programs, and the heads of other relevant federal agencies. Amends the Homeland Security Act of 2002 (HSA) to authorize the Secretary to establish a Cybersecurity Preparedness Consortium to: (1) provide training to state and local first responders and officials specifically for preparing and responding to cybersecurity attacks; (2) develop and update a curriculum and training model for state and local first responders and officials; (3) provide technical assistance services to build and sustain capabilities in support of cybersecurity preparedness and response; (4) conduct cybersecurity training and simulation exercises to defend from and respond to cyber attacks; and (5) coordinate all cybersecurity preparedness training activities conducted by DHS. Authorizes the Secretary to establish a Cybersecurity Training Center to provide training courses and other resources for state and local first responders and officials to improve preparedness and response capabilities. Authorizes appropriations to DHS for FY2011-FY2012 for the cybersecurity research and development activities of the Directorate to prevent, detect, and respond to acts of terrorism and other large-scale disruptions to information infrastructure. (Sec. 405) Directs the Under Secretary for Science and Technology and the Under Secretary for National Protection and Programs to seek to enter into an agreement with the National Academy of Sciences' National Research Council to conduct a study to assess methods that might be used to promote market mechanisms that further cybersecurity. Authorizes appropriations to DHS for FY2011. (Sec. 406) Directs the Secretary: (1) working with the heads of other national security and intelligence agencies, to conduct research and determine if the security of federally owned programmable electronic devices and communication networks essential to the reliable operation of critical electric infrastructure has been compromised; and (2) report to Congress. (Sec. 407) Directs the Under Secretary for Science and Technology to report on the homeland security implications of the dual-use nature of synthetic genomics. Authorizes research in that area. (Sec. 408) Directs the Under Secretary to: (1) conduct a demonstration project to test and assess the feasibility and effectiveness of certain technologies to enhance the security of underwater public transportation tunnels against terrorist attacks involving the use of improvised explosive devices, including testing of inflatable plugs that may be rapidly deployed to prevent flooding of an underwater public transportation tunnel; and (2) report to Congress. (Sec. 409) Authorizes the Under Secretary to support research, development, testing, evaluation, and transition of technology: (1) that increases the nation's preparedness against chemical and biological threats and strengthens the nation's preparedness and collective response against those threats through improved threat awareness and advanced surveillance, detection, and protective countermeasures; and (2) to enhance the development of border security technology. Authorizes the Under Secretary to: (1) conduct research to develop understanding, technologies, and systems needed to protect against biological attacks on the nation's population or infrastructure; (2) conduct research and development to enhance the protection of the nation's agriculture and food system against terrorist attacks and other emergency events through enhancement of current agricultural countermeasures, development of new agricultural countermeasures, and provision of safe, secure, state-of-the-art biocontainment laboratories for researching foreign animal and zoonotic diseases; and (3) develop technology to reduce the nation's vulnerability to chemical warfare agents and commonly used toxic industrial chemicals. Directs the Under Secretary to produce risk assessments for biological and chemical threats and to coordinate with the Director of the Domestic Nuclear Detection Office, the Assistant Secretary of the Office of Health Affairs, and the Assistant Secretary of Infrastructure Protection on an integrated risk assessment, including regarding chemical, biological, radiological, nuclear, and explosive threats. Requires the assessments to be used to inform and guide the threat assessments and determinations by the Secretary regarding agents and toxins that shall be listed as \"select agents\" and to guide prioritization of other homeland defense activities. Directs the Under Secretary to convene an interagency task force of relevant subject matter experts to assess the proposed methodology to be used for each assessment and to provide recommendations as to the adequacy of such methodology. Authorizes the Under Secretary to develop technology, in coordination with the Commissioner of Customs and Border Protection (CBP), to gain effective control of the international land borders of the United States within five years of this Act's enactment, ensuring coordination and integration between new technologies and those already utilized by CBP. (Sec. 410) Directs the Secretary to establish capabilities for conducting global marine domain awareness and maritime security technology, test, evaluation, and transition, to: (1) direct activities in furtherance of border and maritime security; and (2) evaluate such technology in diverse environments. (Sec. 411) Directs the Secretary: (1) to require the Under Secretary to assess whether the development of screening capabilities for pandemic influenza and other infectious diseases should be undertaken by the Directorate to support entry and exit screening at ports of entry; and (2) if the Under Secretary determines that development should be undertaken, to initiate development of safe and effective screening methods. (Sec. 412) Directs the Secretary to develop: (1) a public awareness campaign to enhance preparedness and collective response to a radiological attack; and (2) a plan for post-event recovery from such an attack. (Sec. 413) Directs the Under Secretary to conduct research intended to assist state, local, and tribal leaders and the private sector in developing the tools and methods to enhance preparation for, and response and resilience to, terrorist events and other incidents. (Sec. 414) Expresses the sense of Congress that: (1) video surveillance systems that operate over the Internet are an emerging homeland security technology that has the potential of significantly improving homeland security forensic and analytical capability; (2) there should be interoperability standards for such technology; (3) the Directorate should encourage the private sector to develop such standards; and (4) such efforts will help the federal government in detecting, deterring, preventing, and responding to terrorist attacks. (Sec. 415) Amends HSA to direct the Secretary, acting through the Under Secretary, to establish a Homeland Security Science and Technology Fellows Program, under which the Under Secretary shall facilitate the temporary placement of scientists in relevant scientific or technological fields for up to two years in components of DHS with a need for scientific and technological expertise. (Sec. 416) Authorizes the Under Secretary to implement an assay equivalency program for biological threat assays. (Sec. 417) Directs the Secretary: (1) in coordination with the National Science Foundation (NSF), to commission a study by a nonprofit research institution to determine the feasibility and potential benefit of expanding the Federal Cyber Service Scholarship for Service Program or establishing a parallel program as methods to create a new cybersecurity or information assurance capacity building track at institutions of higher education that are not currently designated as a National Center of Academic Excellence in Information Assurance Education or a National Center of Academic Excellence in Research; and (2) report to Congress. (Sec. 418) Expresses the sense of Congress that centers of excellence have the potential to: (1) be a very useful tool in developing defensive countermeasures to secure critical infrastructure and prevent terrorism; and (2) play a key role in DHS's efforts to research and develop new technologies to secure the homeland. (Sec. 419) Authorizes the Under Secretary to: (1) assess what technologies are available to mitigate the threat of small vessel attack in secure zones of ports; and (2) conduct research, testing, and evaluation of new technologies that might be capable of tracking small vessels. (Sec. 420) Extends through September 30, 2012 the Secretary's authority to make expenditures to carry out basic, applied, and advanced research and development projects through nonstandard acquisitions procedures, as opposed to procedures under the Federal Acquisition Regulation (other transaction authority). Requires an annual report to Congress regarding the exercise of other transaction authority. Directs the Secretary to develop a training program for acquisitions staff to ensure the appropriate use of other transaction authority. (Sec. 421) Authorizes the National Urban Security Technology Laboratory (formerly the Environmental Measurements Laboratory) within the Directorate for FY2011-FY2012. (Sec. 422) Amends HSA to establish a science and technology advisory committee within DHS to make recommendations regarding activities of the Under Secretary. Title V: Domestic Nuclear Detection Office - (Sec. 501) Authorizes appropriations for the Domestic Nuclear Detection Office of DHS for FY2011-FY2012. (Sec. 502) Expresses the sense of Congress that the Directorate should conduct basic and innovative research and nondevelopmental testing on behalf of the Office to advance next generation nuclear detection technologies. Requires the Director of the Office, the Under Secretary for Science and Technology, and the heads of all operational components of DHS that own, operate, or maintain nuclear or radiological detection equipment to: (1) begin an internal review of the methodology by which research, development, testing, and evaluation is identified, prioritized, and funded within DHS; and (2) report to Congress. Directs the DHS Inspector General to submit annual updates on the status of this section's implementation and activities in support of such implementation. (Sec. 503) Directs the Secretary to submit to the appropriate committees a report containing: (1) a strategic plan for the global nuclear detection architecture to deter and detect the transport of nuclear or radioactive materials by all means possible, with specific focus on establishing the goals, objectives, and cost projections for the next five years; and (2) an analysis of overall budget allocations that determines whether government-wide nuclear detection resources clearly align with identified priorities to maximize results and minimize duplication of efforts. (Sec. 504) Expresses the sense of Congress that the Director must attempt to identify viable alternatives to the use of advanced spectroscopic portal monitors for primary screening and report to Congress. (Sec. 505) Authorizes appropriations to the Director for the Securing the Cities Initiative for FY2011-FY2012. Title VI: Clarifying Amendments - (Sec. 601) Authorizes a federally funded research development center to perform independent analysis of homeland security issues and reports its findings to the appropriate committees and the Secretary, at the request of the chairman and ranking minority member of an appropriate congressional committee. Encourages such centers, upon such a request, to provide to the committee a copy of any report it produces for DHS or any of its components. Directs: (1) the Secretary to review and revise DHS policies relating to personnel conflicts of interest to ensure that such policies specifically address employees of federally funded research and development centers who are in a position to make or materially influence research findings or agency decisionmaking; and (2) each such center to transmit to the Secretary and appropriate congressional committees an annual report on the center's activities. (Sec. 602) Repeals provisions regarding the establishment of a Homeland Security Institute. (Sec. 603) Directs the Comptroller of the United States to: (1) conduct a study to assess the implementation of the statutory relationship between DHS and the Department of Energy (DOE) national laboratories, as established under HSA; and (2) submit recommendations to the appropriate committees for improvements to that relationship. (Sec. 604) Amends HSA to repeal a provision that includes within the mission of the Domestic Nuclear Detection Office to conduct a transformational research and development program to generate and improve technologies to detect and prevent the illicit entry or potential use within the United States of a nuclear explosive device or fissile or radiological material and to coordinate with the Under Secretary for Science and Technology on research and development efforts relevant to the mission of both organizations. Title VII: Commission on the Protection of Critical Electric and Electronic Infrastructures - (Sec. 701) Establishes the Commission on the Protection of Critical Electric and Electronic Infrastructures to: (1) assess vulnerabilities of electric and electronic infrastructures; (2) provide a clear and comprehensive strategy and specific recommendations for protecting such infrastructures; and (3) test, evaluate, and report on specific mitigation protection and recovery devices or methods. Directs the Commission to give particular attention to threats that can disrupt or damage critical electric and electronic infrastructures. Requires the Commission to address: (1) the quantification of specified threats (i.e., cyber attacks or unintentional cyber disruption, electromagnetic phenomena such as geomagnetically induced currents, intentional electromagnetic interference, and electromagnetic pulses caused by nuclear weapons, and other physical attacks, acts of nature, or accidents) to the U.S. electric and electronic infrastructure; (2) the roles, missions, and structure of all relevant federal, state, and local government agencies with responsibilities for ensuring protection and reliability for electric and electronic infrastructures; (3) the roles, missions, and structure of all relevant private sector entities with responsibilities for ensuring protection and reliability for such infrastructures; (4) interagency coordination between and among those government and private sector entities; and (5) recommendations for protections and recovery devices and measures. Requires the Commission to report annually to the President and Congress on its findings, conclusions, and recommendations for protection and recovery measures for electric and electronic infrastructures as agreed to by a majority of Commission members. Authorizes appropriations for Commission activities for FY2011-FY2012. Title VIII: Border Security Technology Innovation - (Sec. 801) Directs the Under Secretary for Science and Technology to ensure that any federal interagency or intra-agency agreement entered into by the Under Secretary to develop and transition new technology explicitly characterizes the requirements, expected use, and concept of operations for that technology. (Sec. 802) Directs the Under Secretary to enter into an arrangement with the National Research Council for a one-year assessment of the basic science research needs in the border and maritime security domain. (Sec. 803) Requires the Secretary and the Director of the Joint Planning and Development Office to research and develop technologies to permit routine operation of unmanned aerial vehicles, including autonomously piloted drones, within the national airspace for border and maritime security missions without any degradation of existing levels of safety for all national airspace system users. Directs the Secretary to coordinate with the Administrator of the Federal Aviation Administration (FAA) and the Director of the Joint Planning Office to enter into pilot projects in sparsely populated, low-density Class G air traffic airspace to conduct experiments and collect data in order to accelerate the safe integration of unmanned aircraft systems into the national airspace system as part of research activities of the Joint Planning and Development Office. (Sec. 804) Directs: (1) the Under Secretary to research and develop technologies to permit detection of near surface voids, such as tunnels, with an emphasis on technologies with real time capability; and (2) the Secretary to coordinate with other appropriate federal agencies and ensure the integration of such activities with relevant efforts of such other agencies and DHS's Centers of Excellence Program. (Sec. 805) Requires the Under Secretary: (1) in coordination with the Director of the National Institute of Standards and Technology (NIST), to conduct a research and development program on document security, validation, and authentication technologies and standards; and (2) in carrying out the program, to coordinate with other federal agencies engaged in similar activities. Directs the Under Secretary and the Director of NIST to report to specified committees detailing their actions under this section. (Sec. 806) Directs the Under Secretary to study and report to Congress on the need for next generation global position system technology as it relates to border security. (Sec. 807) Requires: (1) the Under Secretary, in coordination with the Commissioner of CBP, to establish a research program on the use of mobile biometric technology at the nation's borders between the ports of entry and report to Congress; and (2) the Secretary to ensure that the research program is coordinated with other biometric identification programs within DHS. (Sec. 808) Authorizes appropriations.",
                "summary_short": "Homeland Security Science and Technology Authorization Act of 2010 - Title I: Authorization of Appropriations - (Sec. 101) Authorizes appropriations to the Under Secretary for Science and Technology of the Department of Homeland Security (DHS) for the Directorate of Science and Technology for FY2011-FY2012. Title II: Management and Administration - (Sec. 201) Directs the Secretary of DHS (the Secretary) to: (1) establish requirements for how basic and applied homeland security research shall ...",
                "latest_major_action_date": "2010-07-21",
                "latest_major_action": "Received in the Senate and Read twice and referred to the Committee on Homeland Security and Governmental Affairs."
              },
                           {
                "congress": "111",
                "bill_id": "hr4962-111",
                "bill_type": "hr",
                "number": "H.R.4962",
                "bill_uri": "https://api.propublica.org/congress/v1/111/bills/hr4962.json",
                "title": "To require reporting on certain information and communications technologies of foreign countries, to develop action plans to improve the capacity of certain countries to combat cybercrime, and for other purposes.",
                "short_title": "International Cybercrime Reporting and Cooperation Act",
                "sponsor_title": "Rep.",
                "sponsor_id": "C001067",
                "sponsor_name": "Yvette D. Clarke",
                "sponsor_state": "NY",
                "sponsor_party": "D",
                "sponsor_uri": "https://api.propublica.org/congress/v1/members/C001067.json",
                "gpo_pdf_uri": null,
                "congressdotgov_url": "https://www.congress.gov/bill/111th-congress/house-bill/4962",
                "govtrack_url": "https://www.govtrack.us/congress/bills/111/hr4962",
                "introduced_date": "2010-03-25",
                "active": null,
                "last_vote": null,
                "house_passage": null,
                "senate_passage": null,
                "enacted": null,
                "vetoed": null,
                "cosponsors": 7,
                "cosponsors_by_party": {"D":6,"R":1},
                "committees": "House Foreign Affairs; House Ways and Means; House Financial Services",
                "primary_subject": "International affairs",
                "summary": "International Cybercrime Reporting and Cooperation Act - Directs the President to report annually to Congress regarding: (1) foreign countries use of information and communications technologies (ICT) in critical infrastructure, cybercrime based in each country, the adequacy of each countrys legal and law enforcement systems addressing cybercrime, and online protection of consumers and commerce; (2) multilateral efforts to prevent and investigate cybercrime, including U.S. actions to promote such multilateral efforts; and (3) countries for which action plans have been developed. Directs the President to give priority for assistance to improve legal, judicial, and enforcement capabilities with respect to cybercrime to countries with low ICT levels of development or utilization in their critical infrastructure, telecommunications systems, and financial industries. Directs the President to develop an action plan (with legislative, institutional, or enforcement benchmarks) and annual compliance assessment for each country determined to be a country of cyber concern: (1) from which there is a pattern of cybercrime incidents against the U.S. government, private U.S. entities, or other U.S. persons; and (2) whose government is uncooperative with efforts to combat cybercrime. Urges the President to take restrictive actions against a country that has not complied with the appropriate benchmarks with respect to: (1) the Overseas Private Investment Corporation (OPIC); (2) the Export-Import Bank of the United States; (3) multilateral development financing; (4) the Trade and Development Agency; (5) preferential trade programs; and (6) foreign assistance. Authorizes the President to waive the requirements to develop an action plan or make a determination of cyber concern if in U.S. national interest. Directs the Secretary of State to: (1) designate a high-level Department of State employee to coordinate anti-cybercrime activities; and (2) assign an employee to have primary responsibility for cybercrime policy in each country or region significant to U.S. anti-cybercrime efforts.",
                "summary_short": "International Cybercrime Reporting and Cooperation Act - Directs the President to report annually to Congress regarding: (1) foreign countries use of information and communications technologies (ICT) in critical infrastructure, cybercrime based in each country, the adequacy of each countrys legal and law enforcement systems addressing cybercrime, and online protection of consumers and commerce; (2) multilateral efforts to prevent and investigate cybercrime, including U.S. actions to promote...",
                "latest_major_action_date": "2010-04-09",
                "latest_major_action": "Referred to the Subcommittee on Trade."
              },
                           {
                "congress": "111",
                "bill_id": "hres1259-111",
                "bill_type": "hres",
                "number": "H.RES.1259",
                "bill_uri": "https://api.propublica.org/congress/v1/111/bills/hres1259.json",
                "title": "Recognizing and supporting the goals and ideals of Sexual Assault Awareness Month.",
                "short_title": null,
                "sponsor_title": "Rep.",
                "sponsor_id": "B001230",
                "sponsor_name": "Tammy Baldwin",
                "sponsor_state": "WI",
                "sponsor_party": "D",
                "sponsor_uri": "https://api.propublica.org/congress/v1/members/B001230.json",
                "gpo_pdf_uri": null,
                "congressdotgov_url": "https://www.congress.gov/bill/111th-congress/house-resolution/1259",
                "govtrack_url": "https://www.govtrack.us/congress/bills/111/hres1259",
                "introduced_date": "2010-04-15",
                "active": null,
                "last_vote": null,
                "house_passage": null,
                "senate_passage": null,
                "enacted": null,
                "vetoed": null,
                "cosponsors": 18,
                "cosponsors_by_party": {"R":1,"D":17},
                "committees": "House Judiciary",
                "primary_subject": "Crime and law enforcement",
                "summary": "Expresses support for the goals and ideals of National Sexual Assault Awareness and Prevention Month. Calls for recognition of: (1) national and community organizations and private sector supporters for their work in promoting awareness about sexual assault, providing information and treatment to its survivors, and increasing the number of successful prosecutions of its perpetrators; and (2) public safety, law enforcement, and health professionals for their hard work and innovative strategies to increase the percentage of sexual assault cases that result in the prosecution and incarceration of the offenders. Urges national and community organizations, private businesses, colleges and universities, and the media to promote, through such Month, awareness of sexual violence and strategies to decrease the incidence of sexual assault.",
                "summary_short": "Expresses support for the goals and ideals of National Sexual Assault Awareness and Prevention Month. Calls for recognition of: (1) national and community organizations and private sector supporters for their work in promoting awareness about sexual assault, providing information and treatment to its survivors, and increasing the number of successful prosecutions of its perpetrators; and (2) public safety, law enforcement, and health professionals for their hard work and innovative strategies...",
                "latest_major_action_date": "2010-04-27",
                "latest_major_action": "Motion to reconsider laid on the table Agreed to without objection."
              },
                           {
                "congress": "111",
                "bill_id": "hr5041-111",
                "bill_type": "hr",
                "number": "H.R.5041",
                "bill_uri": "https://api.propublica.org/congress/v1/111/bills/hr5041.json",
                "title": "To amend the Internal Revenue Code of 1986 to extend the qualifying advanced energy project credit.",
                "short_title": "SEAM Act of 2010",
                "sponsor_title": "Rep.",
                "sponsor_id": "H001040",
                "sponsor_name": "Phil Hare",
                "sponsor_state": "IL",
                "sponsor_party": "D",
                "sponsor_uri": "https://api.propublica.org/congress/v1/members/H001040.json",
                "gpo_pdf_uri": null,
                "congressdotgov_url": "https://www.congress.gov/bill/111th-congress/house-bill/5041",
                "govtrack_url": "https://www.govtrack.us/congress/bills/111/hr5041",
                "introduced_date": "2010-04-15",
                "active": null,
                "last_vote": null,
                "house_passage": null,
                "senate_passage": null,
                "enacted": null,
                "vetoed": null,
                "cosponsors": 99,
                "cosponsors_by_party": {"D":99},
                "committees": "House Ways and Means",
                "primary_subject": "Taxation",
                "summary": "Security in Energy and Manufacturing Act of 2010 or the SEAM Act of 2010 - Amends the Internal Revenue Code to expand the qualifying advanced energy project credit by allocating in 2010 $5 billion of grants or tax credit amounts to manufacturers of goods and components (other than for assembly of components) in the United States that are used in alternative energy projects.",
                "summary_short": "Security in Energy and Manufacturing Act of 2010 or the SEAM Act of 2010 - Amends the Internal Revenue Code to expand the qualifying advanced energy project credit by allocating in 2010 $5 billion of grants or tax credit amounts to manufacturers of goods and components (other than for assembly of components) in the United States that are used in alternative energy projects.",
                "latest_major_action_date": "2010-04-15",
                "latest_major_action": "Referred to the House Committee on Ways and Means."
              },
                           {
                "congress": "111",
                "bill_id": "hr2054-111",
                "bill_type": "hr",
                "number": "H.R.2054",
                "bill_uri": "https://api.propublica.org/congress/v1/111/bills/hr2054.json",
                "title": "To amend the Elementary and Secondary Education Act of 1965 regarding environmental education, and for other purposes.",
                "short_title": "No Child Left Inside Act of 2009",
                "sponsor_title": "Rep.",
                "sponsor_id": "S001168",
                "sponsor_name": "John Sarbanes",
                "sponsor_state": "MD",
                "sponsor_party": "D",
                "sponsor_uri": "https://api.propublica.org/congress/v1/members/S001168.json",
                "gpo_pdf_uri": null,
                "congressdotgov_url": "https://www.congress.gov/bill/111th-congress/house-bill/2054",
                "govtrack_url": "https://www.govtrack.us/congress/bills/111/hr2054",
                "introduced_date": "2009-04-22",
                "active": null,
                "last_vote": null,
                "house_passage": null,
                "senate_passage": null,
                "enacted": null,
                "vetoed": null,
                "cosponsors": 123,
                "cosponsors_by_party": {"D":119,"R":3,"I":1},
                "committees": "House Education and Labor",
                "primary_subject": "Education",
                "summary": "No Child Left Inside Act of 2009 - Amends the Elementary and Secondary Education Act of 1965 to require states, as a prerequisite to receiving implementation grants, to develop environmental literacy plans, approved by the Secretary of Education, for pre-kindergarten through grade 12 that include environmental education standards and teacher training. Directs the Secretary to award Environmental Education Professional Development Grants to states and, through them, competitive subgrants to partnerships that include an LEA and, permissibly, institutions of higher education (IHE), other educational entities, or federal, state, regional, or local natural resource or environmental agencies, for activities involving, among other things, teacher training and the development of more rigorous environmental education curricula that advance the teaching of interdisciplinary courses. Authorizes the Secretary to award competitive matching grants to partnerships that include an LEA and, permissibly, IHEs, other educational entities, federal, state, regional, or local natural resource or environmental agencies, or park and recreation departments, for activities to improve and support environmental education that include: (1) advancing content and achievement standards; (2) developing or disseminating innovations or model programs; and (3) research.",
                "summary_short": "No Child Left Inside Act of 2009 - Amends the Elementary and Secondary Education Act of 1965 to require states, as a prerequisite to receiving implementation grants, to develop environmental literacy plans, approved by the Secretary of Education, for pre-kindergarten through grade 12 that include environmental education standards and teacher training. Directs the Secretary to award Environmental Education Professional Development Grants to states and, through them, competitive subgrants to pa...",
                "latest_major_action_date": "2009-06-04",
                "latest_major_action": "Referred to the Subcommittee on Early Childhood, Elementary, and Secondary Education."
              },
                           {
                "congress": "111",
                "bill_id": "hr2583-111",
                "bill_type": "hr",
                "number": "H.R.2583",
                "bill_uri": "https://api.propublica.org/congress/v1/111/bills/hr2583.json",
                "title": "To direct the Secretary of Veterans Affairs to improve health care for women veterans, and for other purposes.",
                "short_title": "Women Veterans Access to Care Act",
                "sponsor_title": "Rep.",
                "sponsor_id": "B000652",
                "sponsor_name": "Leonard L. Boswell",
                "sponsor_state": "IA",
                "sponsor_party": "D",
                "sponsor_uri": "https://api.propublica.org/congress/v1/members/B000652.json",
                "gpo_pdf_uri": null,
                "congressdotgov_url": "https://www.congress.gov/bill/111th-congress/house-bill/2583",
                "govtrack_url": "https://www.govtrack.us/congress/bills/111/hr2583",
                "introduced_date": "2009-05-21",
                "active": null,
                "last_vote": null,
                "house_passage": null,
                "senate_passage": null,
                "enacted": null,
                "vetoed": null,
                "cosponsors": 9,
                "cosponsors_by_party": {"R":1,"D":8},
                "committees": "House Veterans&#39; Affairs",
                "primary_subject": "Armed forces and national security",
                "summary": "Women Veterans Access to Care Act - Directs the Secretary of Veterans Affairs (VA), in providing health care services to women veterans, to emphasize: (1) with respect to physical health, conditions including reproductive health, preventive medicine and early detection, sexual trauma, special needs of women with prosthetics, and rehabilitation; (2) with respect to mental health, issues including stress reduction, services for depression, anxiety, post-traumatic-stress-disorder (PTSD), and substance abuse, and conflict resolution; (3) improving health-related telecommunications technologies; (4) providing care to women veterans who served in Operations Enduring Freedom or Iraqi Freedom, live in a rural area, or are homebound or elderly; and (5) with respect to health professionals employed by the VA, hiring health professionals who are specialist in fields related to women's health, and offering additional training on special issues regarding women veterans. Requires the Secretary to: (1) conduct a study on health care for women veterans; and (2) carry out an information outreach program for women veterans and their families.",
                "summary_short": "Women Veterans Access to Care Act - Directs the Secretary of Veterans Affairs (VA), in providing health care services to women veterans, to emphasize: (1) with respect to physical health, conditions including reproductive health, preventive medicine and early detection, sexual trauma, special needs of women with prosthetics, and rehabilitation; (2) with respect to mental health, issues including stress reduction, services for depression, anxiety, post-traumatic-stress-disorder (PTSD), and sub...",
                "latest_major_action_date": "2009-05-22",
                "latest_major_action": "Referred to the Subcommittee on Health."
              },
                           {
                "congress": "111",
                "bill_id": "hr3790-111",
                "bill_type": "hr",
                "number": "H.R.3790",
                "bill_uri": "https://api.propublica.org/congress/v1/111/bills/hr3790.json",
                "title": "To amend title XVIII of the Social Security Act to repeal the Medicare competitive acquisition program for durable medical equipment and prosthetics, orthotics, and supplies (DMEPOS) in a budget neutral manner.",
                "short_title": null,
                "sponsor_title": "Rep.",
                "sponsor_id": "M001148",
                "sponsor_name": "Kendrick B. Meek",
                "sponsor_state": "FL",
                "sponsor_party": "D",
                "sponsor_uri": "https://api.propublica.org/congress/v1/members/M001148.json",
                "gpo_pdf_uri": null,
                "congressdotgov_url": "https://www.congress.gov/bill/111th-congress/house-bill/3790",
                "govtrack_url": "https://www.govtrack.us/congress/bills/111/hr3790",
                "introduced_date": "2009-10-13",
                "active": null,
                "last_vote": null,
                "house_passage": null,
                "senate_passage": null,
                "enacted": null,
                "vetoed": null,
                "cosponsors": 259,
                "cosponsors_by_party": {"D":155,"R":105},
                "committees": "House Energy and Commerce; House Ways and Means",
                "primary_subject": "Health",
                "summary": "Amends part B (Supplementary Medical Insurance Benefits for Aged and Disabled) of title XVIII (Medicare) of the Social Security Act to repeal the Medicare competitive acquisition program for durable medical equipment and prosthetics, orthotics, and supplies (DMEPOS).",
                "summary_short": "Amends part B (Supplementary Medical Insurance Benefits for Aged and Disabled) of title XVIII (Medicare) of the Social Security Act to repeal the Medicare competitive acquisition program for durable medical equipment and prosthetics, orthotics, and supplies (DMEPOS).",
                "latest_major_action_date": "2009-10-14",
                "latest_major_action": "Referred to the Subcommittee on Health."
              },
                           {
                "congress": "111",
                "bill_id": "hr4925-111",
                "bill_type": "hr",
                "number": "H.R.4925",
                "bill_uri": "https://api.propublica.org/congress/v1/111/bills/hr4925.json",
                "title": "To authorize grants to promote media literacy and youth empowerment programs, to authorize research on the role and impact of depictions of girls and women in the media, to provide for the establishment of a National Task Force on Girls and Women in the Media, and for other purposes.",
                "short_title": "Healthy Media for Youth Act",
                "sponsor_title": "Rep.",
                "sponsor_id": "B001230",
                "sponsor_name": "Tammy Baldwin",
                "sponsor_state": "WI",
                "sponsor_party": "D",
                "sponsor_uri": "https://api.propublica.org/congress/v1/members/B001230.json",
                "gpo_pdf_uri": null,
                "congressdotgov_url": "https://www.congress.gov/bill/111th-congress/house-bill/4925",
                "govtrack_url": "https://www.govtrack.us/congress/bills/111/hr4925",
                "introduced_date": "2010-03-24",
                "active": null,
                "last_vote": null,
                "house_passage": null,
                "senate_passage": null,
                "enacted": null,
                "vetoed": null,
                "cosponsors": 52,
                "cosponsors_by_party": {"R":1,"D":51},
                "committees": "House Energy and Commerce",
                "primary_subject": "Science, technology, communications",
                "summary": "Healthy Media for Youth Act - Directs the Secretary of Health and Human Services (HHS) to award grants to nonprofit organizations to provide for the establishment, operation, coordination, and evaluation of programs to: (1) increase the media literacy of girls and boys, and (2) support the empowerment of girls or boys in a variety of ways. Permits giving priority to grant applicants providing non-federal matching funds. Directs the Secretary, acting through the Director of the Centers for Disease Control and Prevention (CDC) and in coordination with the Director of the National Institutes of Health (NIH) and the Director of the Eunice Kennedy Shriver National Institute of Child Health and Human Development, to review, synthesize, and conduct or support research on the role and impact of depictions of girls and women in the media on the psychological, sexual, physical, and interpersonal development of youth. Directs the Federal Communications Commission (FCC) to convene a task force, to be known as the National Task Force on Girls and Women in the Media, to develop voluntary steps and goals for promoting healthy and positive depictions of girls and women in the media for the benefit of all youth.",
                "summary_short": "Healthy Media for Youth Act - Directs the Secretary of Health and Human Services (HHS) to award grants to nonprofit organizations to provide for the establishment, operation, coordination, and evaluation of programs to: (1) increase the media literacy of girls and boys, and (2) support the empowerment of girls or boys in a variety of ways. Permits giving priority to grant applicants providing non-federal matching funds. Directs the Secretary, acting through the Director of the Centers for Dis...",
                "latest_major_action_date": "2010-03-24",
                "latest_major_action": "Referred to the House Committee on Energy and Commerce."
              },
                           {
                "congress": "111",
                "bill_id": "hres1250-111",
                "bill_type": "hres",
                "number": "H.RES.1250",
                "bill_uri": "https://api.propublica.org/congress/v1/111/bills/hres1250.json",
                "title": "Supporting the goals and ideals of 'National STD Awareness Month'.",
                "short_title": null,
                "sponsor_title": "Rep.",
                "sponsor_id": "L000551",
                "sponsor_name": "Barbara Lee",
                "sponsor_state": "CA",
                "sponsor_party": "D",
                "sponsor_uri": "https://api.propublica.org/congress/v1/members/L000551.json",
                "gpo_pdf_uri": null,
                "congressdotgov_url": "https://www.congress.gov/bill/111th-congress/house-resolution/1250",
                "govtrack_url": "https://www.govtrack.us/congress/bills/111/hres1250",
                "introduced_date": "2010-04-14",
                "active": null,
                "last_vote": null,
                "house_passage": null,
                "senate_passage": null,
                "enacted": null,
                "vetoed": null,
                "cosponsors": 13,
                "cosponsors_by_party": {"D":13},
                "committees": "House Energy and Commerce",
                "primary_subject": "Health",
                "summary": "Expresses support for the goals and ideals of National STD Awareness Month. Recognizes the human toll of sexually transmitted infections and the importance of making the prevention, diagnosis, and treatment of such infections an urgent public health priority. Urges all sexually active individuals to get tested for such infections and seek appropriate care.",
                "summary_short": "Expresses support for the goals and ideals of National STD Awareness Month. Recognizes the human toll of sexually transmitted infections and the importance of making the prevention, diagnosis, and treatment of such infections an urgent public health priority. Urges all sexually active individuals to get tested for such infections and seek appropriate care.",
                "latest_major_action_date": "2010-04-14",
                "latest_major_action": "Referred to the House Committee on Energy and Commerce."
              },
                           {
                "congress": "111",
                "bill_id": "hr4274-111",
                "bill_type": "hr",
                "number": "H.R.4274",
                "bill_uri": "https://api.propublica.org/congress/v1/111/bills/hr4274.json",
                "title": "To amend section 13(a) of the Richard B. Russell National School Lunch Act (42 U.S.C. 1761(a)) to permit certain service institutions in all States to provide year-round services.",
                "short_title": "Ensuring All Students Year-round (EASY) Access to Meals and Snacks Act",
                "sponsor_title": "Rep.",
                "sponsor_id": "L000560",
                "sponsor_name": "Rick Larsen",
                "sponsor_state": "WA",
                "sponsor_party": "D",
                "sponsor_uri": "https://api.propublica.org/congress/v1/members/L000560.json",
                "gpo_pdf_uri": null,
                "congressdotgov_url": "https://www.congress.gov/bill/111th-congress/house-bill/4274",
                "govtrack_url": "https://www.govtrack.us/congress/bills/111/hr4274",
                "introduced_date": "2009-12-10",
                "active": null,
                "last_vote": null,
                "house_passage": null,
                "senate_passage": null,
                "enacted": null,
                "vetoed": null,
                "cosponsors": 30,
                "cosponsors_by_party": {"R":1,"D":29},
                "committees": "House Education and Labor",
                "primary_subject": "Education",
                "summary": "Ensuring All Students Year-round (EASY) Access to Meals and Snacks Act - Amends the Richard B. Russell National School Lunch Act to reimburse private nonprofit and local government service institutions (other than public schools) under the school lunch program for up to one meal and one snack per child each day during after-school hours, weekends, and school holidays during the regular school calendar. (Currently, such institutions are reimbursed for meals and snacks served to children over the summer months or to children who are on vacation under a continuous school calendar.)",
                "summary_short": "Ensuring All Students Year-round (EASY) Access to Meals and Snacks Act - Amends the Richard B. Russell National School Lunch Act to reimburse private nonprofit and local government service institutions (other than public schools) under the school lunch program for up to one meal and one snack per child each day during after-school hours, weekends, and school holidays during the regular school calendar. (Currently, such institutions are reimbursed for meals and snacks served to children over t...",
                "latest_major_action_date": "2010-01-04",
                "latest_major_action": "Referred to the Subcommittee on Healthy Families and Communities."
              },
                           {
                "congress": "111",
                "bill_id": "hr4640-111",
                "bill_type": "hr",
                "number": "H.R.4640",
                "bill_uri": "https://api.propublica.org/congress/v1/111/bills/hr4640.json",
                "title": "To amend title 44, United States Code, to eliminate the mandatory printing of bills and resolutions by the Government Printing Office for the use of the House of Representatives and Senate.",
                "short_title": null,
                "sponsor_title": "Rep.",
                "sponsor_id": "L000568",
                "sponsor_name": "Christopher Lee",
                "sponsor_state": "NY",
                "sponsor_party": "R",
                "sponsor_uri": "https://api.propublica.org/congress/v1/members/L000568.json",
                "gpo_pdf_uri": null,
                "congressdotgov_url": "https://www.congress.gov/bill/111th-congress/house-bill/4640",
                "govtrack_url": "https://www.govtrack.us/congress/bills/111/hr4640",
                "introduced_date": "2010-02-22",
                "active": null,
                "last_vote": null,
                "house_passage": null,
                "senate_passage": null,
                "enacted": null,
                "vetoed": null,
                "cosponsors": 41,
                "cosponsors_by_party": {"R":32,"D":9},
                "committees": "House Administration; House Rules",
                "primary_subject": "Congress",
                "summary": "Eliminates the mandatory printing of bills and resolutions by the Government Printing Office (GPO) for the use of Congress. Requires the Public Printer to make bills and resolutions available for the use of Congress only in an electronic format accessible through the Internet. Requires the Public Printer, at the request of a Member or a congressional committee (including a joint committee), to provide the Member or committee with a printed copy of a bill or resolution. Directs the Joint Committee on Printing to study and report to Congress on the effect of this Act on the rules and regulations of the House of Representatives and Senate.",
                "summary_short": "Eliminates the mandatory printing of bills and resolutions by the Government Printing Office (GPO) for the use of Congress. Requires the Public Printer to make bills and resolutions available for the use of Congress only in an electronic format accessible through the Internet. Requires the Public Printer, at the request of a Member or a congressional committee (including a joint committee), to provide the Member or committee with a printed copy of a bill or resolution. Directs the Joint Commi...",
                "latest_major_action_date": "2010-02-22",
                "latest_major_action": "Referred to House Rules"
              },
                           {
                "congress": "111",
                "bill_id": "hr4701-111",
                "bill_type": "hr",
                "number": "H.R.4701",
                "bill_uri": "https://api.propublica.org/congress/v1/111/bills/hr4701.json",
                "title": "To amend the Internal Revenue Code of 1986 to provide relief to certain married couples who would otherwise be ineligible for the first-time homebuyer credit.",
                "short_title": null,
                "sponsor_title": "Rep.",
                "sponsor_id": "E000179",
                "sponsor_name": "Eliot L. Engel",
                "sponsor_state": "NY",
                "sponsor_party": "D",
                "sponsor_uri": "https://api.propublica.org/congress/v1/members/E000179.json",
                "gpo_pdf_uri": null,
                "congressdotgov_url": "https://www.congress.gov/bill/111th-congress/house-bill/4701",
                "govtrack_url": "https://www.govtrack.us/congress/bills/111/hr4701",
                "introduced_date": "2010-02-25",
                "active": null,
                "last_vote": null,
                "house_passage": null,
                "senate_passage": null,
                "enacted": null,
                "vetoed": null,
                "cosponsors": 4,
                "cosponsors_by_party": {"D":4},
                "committees": "House Ways and Means",
                "primary_subject": "Taxation",
                "summary": "Amends the Internal Revenue Code to allow married couples filing a joint tax return who would otherwise be ineligible for the first-time homebuyer tax credit due to the ineligibility of one spouse for such credit a partial tax credit for the purchase of a principal residence.",
                "summary_short": "Amends the Internal Revenue Code to allow married couples filing a joint tax return who would otherwise be ineligible for the first-time homebuyer tax credit due to the ineligibility of one spouse for such credit a partial tax credit for the purchase of a principal residence.",
                "latest_major_action_date": "2010-02-25",
                "latest_major_action": "Referred to the House Committee on Ways and Means."
              },
                           {
                "congress": "111",
                "bill_id": "hr4734-111",
                "bill_type": "hr",
                "number": "H.R.4734",
                "bill_uri": "https://api.propublica.org/congress/v1/111/bills/hr4734.json",
                "title": "To amend the Richard B. Russell National School Lunch Act to provide children from underserved areas with better access to meals served through the summer food service program for children and certain child care programs.",
                "short_title": "Increased Program Access Act",
                "sponsor_title": "Rep.",
                "sponsor_id": "W000738",
                "sponsor_name": "Lynn Woolsey",
                "sponsor_state": "CA",
                "sponsor_party": "D",
                "sponsor_uri": "https://api.propublica.org/congress/v1/members/W000738.json",
                "gpo_pdf_uri": null,
                "congressdotgov_url": "https://www.congress.gov/bill/111th-congress/house-bill/4734",
                "govtrack_url": "https://www.govtrack.us/congress/bills/111/hr4734",
                "introduced_date": "2010-03-02",
                "active": null,
                "last_vote": null,
                "house_passage": null,
                "senate_passage": null,
                "enacted": null,
                "vetoed": null,
                "cosponsors": 18,
                "cosponsors_by_party": {"R":2,"D":16},
                "committees": "House Education and Labor",
                "primary_subject": "Agriculture and food",
                "summary": "Increased Program Access Act - Amends the Richard B. Russell National School Lunch Act to reimburse summer food service programs for children in service institutions and food programs for children in afterschool care for free meals or snacks served to children in areas where at least 40% (currently, 50%) of the children meet the income eligibility criteria for free or reduced price meals under the school lunch and breakfast programs. Directs the Secretary of Agriculture to award competitive grants to service institutions to increase participation at congregate feeding sites in summer food service programs for children through innovative approaches to limited transportation in underserved areas.",
                "summary_short": "Increased Program Access Act - Amends the Richard B. Russell National School Lunch Act to reimburse summer food service programs for children in service institutions and food programs for children in afterschool care for free meals or snacks served to children in areas where at least 40% (currently, 50%) of the children meet the income eligibility criteria for free or reduced price meals under the school lunch and breakfast programs. Directs the Secretary of Agriculture to award competitive g...",
                "latest_major_action_date": "2010-03-22",
                "latest_major_action": "Referred to the Subcommittee on Healthy Families and Communities."
              },
                           {
                "congress": "111",
                "bill_id": "hres1162-111",
                "bill_type": "hres",
                "number": "H.RES.1162",
                "bill_uri": "https://api.propublica.org/congress/v1/111/bills/hres1162.json",
                "title": "Recognizing National Public Health Week.",
                "short_title": null,
                "sponsor_title": "Rep.",
                "sponsor_id": "R000486",
                "sponsor_name": "Lucille Roybal-Allard",
                "sponsor_state": "CA",
                "sponsor_party": "D",
                "sponsor_uri": "https://api.propublica.org/congress/v1/members/R000486.json",
                "gpo_pdf_uri": null,
                "congressdotgov_url": "https://www.congress.gov/bill/111th-congress/house-resolution/1162",
                "govtrack_url": "https://www.govtrack.us/congress/bills/111/hres1162",
                "introduced_date": "2010-03-11",
                "active": null,
                "last_vote": null,
                "house_passage": null,
                "senate_passage": null,
                "enacted": null,
                "vetoed": null,
                "cosponsors": 83,
                "cosponsors_by_party": {"D":82,"R":1},
                "committees": "House Energy and Commerce",
                "primary_subject": "Health",
                "summary": "Recognizes: (1) National Public Health Week; (2) the efforts of public health professionals, the federal government, states, municipalities, local communities, and every person in the United States in improving the health of the nation; and (3) the role of public health in preventing disease and promoting the health of people in the United States. Encourages: (1) efforts to increase access to clinical and community-based preventive services and to strengthen the nation's public health system; (2) community designers to take into consideration health implications of planning decisions and to build communities and transportation systems that enable all residents access to safe, affordable housing, nutritious foods, clean air and water, public transportation, safe sidewalks and streets, and health services; and (3) the people of the United States to learn about the role of public health in improving the nation's health.",
                "summary_short": "Recognizes: (1) National Public Health Week; (2) the efforts of public health professionals, the federal government, states, municipalities, local communities, and every person in the United States in improving the health of the nation; and (3) the role of public health in preventing disease and promoting the health of people in the United States. Encourages: (1) efforts to increase access to clinical and community-based preventive services and to strengthen the nation&#39;s public health system;...",
                "latest_major_action_date": "2010-03-11",
                "latest_major_action": "Referred to the House Committee on Energy and Commerce."
              },
                           {
                "congress": "111",
                "bill_id": "hres1229-111",
                "bill_type": "hres",
                "number": "H.RES.1229",
                "bill_uri": "https://api.propublica.org/congress/v1/111/bills/hres1229.json",
                "title": "Expressing the sense of the House of Representatives that the President should overturn the policy that prohibits sending a presidential letter of condolence to the family of a member of the Armed Forces who has died by suicide.",
                "short_title": null,
                "sponsor_title": "Rep.",
                "sponsor_id": "B001149",
                "sponsor_name": "Dan Burton",
                "sponsor_state": "IN",
                "sponsor_party": "R",
                "sponsor_uri": "https://api.propublica.org/congress/v1/members/B001149.json",
                "gpo_pdf_uri": null,
                "congressdotgov_url": "https://www.congress.gov/bill/111th-congress/house-resolution/1229",
                "govtrack_url": "https://www.govtrack.us/congress/bills/111/hres1229",
                "introduced_date": "2010-03-25",
                "active": null,
                "last_vote": null,
                "house_passage": null,
                "senate_passage": null,
                "enacted": null,
                "vetoed": null,
                "cosponsors": 57,
                "cosponsors_by_party": {"D":37,"R":20,"I":1},
                "committees": "House Armed Services",
                "primary_subject": "Armed forces and national security",
                "summary": "Expresses the sense of the House of Representatives that: (1) the current policy that prohibits sending a presidential letter of condolence to the family of a member of the Armed Forces who has died by suicide only serves to perpetuate the stigma of mental illness that pervades the Armed Forces; and (2) the President, as Commander-in-Chief, should overturn the policy and treat all military families equally.",
                "summary_short": "Expresses the sense of the House of Representatives that: (1) the current policy that prohibits sending a presidential letter of condolence to the family of a member of the Armed Forces who has died by suicide only serves to perpetuate the stigma of mental illness that pervades the Armed Forces; and (2) the President, as Commander-in-Chief, should overturn the policy and treat all military families equally.",
                "latest_major_action_date": "2010-04-23",
                "latest_major_action": "Referred to the Subcommittee on Military Personnel."
              },
                           {
                "congress": "111",
                "bill_id": "hres173-111",
                "bill_type": "hres",
                "number": "H.RES.173",
                "bill_uri": "https://api.propublica.org/congress/v1/111/bills/hres173.json",
                "title": "Expressing the sense of the House of Representatives that the United States Postal Service should take all appropriate measures to ensure the continuation of its 6-day mail delivery service.",
                "short_title": null,
                "sponsor_title": "Rep.",
                "sponsor_id": "G000546",
                "sponsor_name": "Sam Graves",
                "sponsor_state": "MO",
                "sponsor_party": "R",
                "sponsor_uri": "https://api.propublica.org/congress/v1/members/G000546.json",
                "gpo_pdf_uri": null,
                "congressdotgov_url": "https://www.congress.gov/bill/111th-congress/house-resolution/173",
                "govtrack_url": "https://www.govtrack.us/congress/bills/111/hres173",
                "introduced_date": "2009-02-13",
                "active": null,
                "last_vote": null,
                "house_passage": null,
                "senate_passage": null,
                "enacted": null,
                "vetoed": null,
                "cosponsors": 247,
                "cosponsors_by_party": {"D":204,"R":43},
                "committees": "House Oversight and Government Reform",
                "primary_subject": "Government operations and politics",
                "summary": "Urges the U.S. Postal Service to take all appropriate measures to ensure the continuation of its six-day mail delivery service.",
                "summary_short": "Urges the U.S. Postal Service to take all appropriate measures to ensure the continuation of its six-day mail delivery service.",
                "latest_major_action_date": "2009-02-13",
                "latest_major_action": "Referred to the House Committee on Oversight and Government Reform."
              }
             ]
      }
   ]
}
